dataset,seed,displacement,protocol,metric,method,n_queries,coverage,conditional_cost
breast_cancer,7,0.0,free,weighted_l1,metric_projection,83,1.0,1.4886555633254221
breast_cancer,7,0.0,free,weighted_l1,metric_repair,83,1.0,1.4886555633254221
breast_cancer,7,0.0,free,weighted_l1,fixed_support_exact,83,1.0,1.4886555633254221
breast_cancer,7,0.0,free,weighted_l1,native_exact_sparse,83,1.0,1.4886555633254221
breast_cancer,7,0.0,free,scaled_l2,metric_projection,83,1.0,1.181656749767527
breast_cancer,7,0.0,free,scaled_l2,metric_repair,83,1.0,1.181656749767527
breast_cancer,7,0.0,free,scaled_l2,fixed_support_exact,83,1.0,1.181656749767527
breast_cancer,7,0.0,free,scaled_l2,native_exact_sparse,83,1.0,1.181656749767527
breast_cancer,7,0.0,immutable,weighted_l1,metric_projection,83,1.0,1.4886555633254221
breast_cancer,7,0.0,immutable,weighted_l1,metric_repair,83,1.0,1.4886555633254221
breast_cancer,7,0.0,immutable,weighted_l1,fixed_support_exact,83,1.0,1.4886555633254221
breast_cancer,7,0.0,immutable,weighted_l1,native_exact_sparse,83,1.0,1.4886555633254221
breast_cancer,7,0.0,immutable,scaled_l2,metric_projection,83,1.0,1.181656749767527
breast_cancer,7,0.0,immutable,scaled_l2,metric_repair,83,1.0,1.181656749767527
breast_cancer,7,0.0,immutable,scaled_l2,fixed_support_exact,83,1.0,1.181656749767527
breast_cancer,7,0.0,immutable,scaled_l2,native_exact_sparse,83,1.0,1.181656749767527
breast_cancer,7,0.0,immutable_top3,weighted_l1,metric_projection,83,0.25301204819277107,0.7449191263467678
breast_cancer,7,0.0,immutable_top3,weighted_l1,metric_repair,83,0.30120481927710846,0.8208745311284658
breast_cancer,7,0.0,immutable_top3,weighted_l1,fixed_support_exact,83,0.3493975903614458,0.8259794841391499
breast_cancer,7,0.0,immutable_top3,weighted_l1,native_exact_sparse,83,1.0,1.4886555633254221
breast_cancer,7,0.0,immutable_top3,scaled_l2,metric_projection,83,0.25301204819277107,0.7367696068845949
breast_cancer,7,0.0,immutable_top3,scaled_l2,metric_repair,83,0.30120481927710846,0.7899244483300436
breast_cancer,7,0.0,immutable_top3,scaled_l2,fixed_support_exact,83,0.3493975903614458,0.813784287629103
breast_cancer,7,0.0,immutable_top3,scaled_l2,native_exact_sparse,83,1.0,1.181656749767527
breast_cancer,7,1.0,free,weighted_l1,metric_projection,83,1.0,1.4886555633254221
breast_cancer,7,1.0,free,weighted_l1,metric_repair,83,1.0,1.4886555633254221
breast_cancer,7,1.0,free,weighted_l1,fixed_support_exact,83,1.0,1.4886555633254221
breast_cancer,7,1.0,free,weighted_l1,native_exact_sparse,83,1.0,1.4886555633254221
breast_cancer,7,1.0,free,scaled_l2,metric_projection,83,1.0,1.181656749767527
breast_cancer,7,1.0,free,scaled_l2,metric_repair,83,1.0,1.181656749767527
breast_cancer,7,1.0,free,scaled_l2,fixed_support_exact,83,1.0,1.181656749767527
breast_cancer,7,1.0,free,scaled_l2,native_exact_sparse,83,1.0,1.181656749767527
breast_cancer,7,1.0,immutable,weighted_l1,metric_projection,83,1.0,1.4886555633254221
breast_cancer,7,1.0,immutable,weighted_l1,metric_repair,83,1.0,1.4886555633254221
breast_cancer,7,1.0,immutable,weighted_l1,fixed_support_exact,83,1.0,1.4886555633254221
breast_cancer,7,1.0,immutable,weighted_l1,native_exact_sparse,83,1.0,1.4886555633254221
breast_cancer,7,1.0,immutable,scaled_l2,metric_projection,83,1.0,1.181656749767527
breast_cancer,7,1.0,immutable,scaled_l2,metric_repair,83,1.0,1.181656749767527
breast_cancer,7,1.0,immutable,scaled_l2,fixed_support_exact,83,1.0,1.181656749767527
breast_cancer,7,1.0,immutable,scaled_l2,native_exact_sparse,83,1.0,1.181656749767527
breast_cancer,7,1.0,immutable_top3,weighted_l1,metric_projection,83,0.25301204819277107,0.7449191263467678
breast_cancer,7,1.0,immutable_top3,weighted_l1,metric_repair,83,0.30120481927710846,0.8208745311284658
breast_cancer,7,1.0,immutable_top3,weighted_l1,fixed_support_exact,83,0.3493975903614458,0.8259794841391499
breast_cancer,7,1.0,immutable_top3,weighted_l1,native_exact_sparse,83,1.0,1.4886555633254221
breast_cancer,7,1.0,immutable_top3,scaled_l2,metric_projection,83,0.25301204819277107,0.7367696068845949
breast_cancer,7,1.0,immutable_top3,scaled_l2,metric_repair,83,0.30120481927710846,0.7899244483300436
breast_cancer,7,1.0,immutable_top3,scaled_l2,fixed_support_exact,83,0.3493975903614458,0.813784287629103
breast_cancer,7,1.0,immutable_top3,scaled_l2,native_exact_sparse,83,1.0,1.181656749767527
breast_cancer,13,0.0,free,weighted_l1,metric_projection,73,1.0,1.6399670473624983
breast_cancer,13,0.0,free,weighted_l1,metric_repair,73,1.0,1.6399670473624983
breast_cancer,13,0.0,free,weighted_l1,fixed_support_exact,73,1.0,1.6399670473624983
breast_cancer,13,0.0,free,weighted_l1,native_exact_sparse,73,1.0,1.6399670473624983
breast_cancer,13,0.0,free,scaled_l2,metric_projection,73,1.0,1.3103136903668997
breast_cancer,13,0.0,free,scaled_l2,metric_repair,73,1.0,1.3103136903668997
breast_cancer,13,0.0,free,scaled_l2,fixed_support_exact,73,1.0,1.3103136903668997
breast_cancer,13,0.0,free,scaled_l2,native_exact_sparse,73,1.0,1.3103136903668997
breast_cancer,13,0.0,immutable,weighted_l1,metric_projection,73,1.0,1.6399670473624983
breast_cancer,13,0.0,immutable,weighted_l1,metric_repair,73,1.0,1.6399670473624983
breast_cancer,13,0.0,immutable,weighted_l1,fixed_support_exact,73,1.0,1.6399670473624983
breast_cancer,13,0.0,immutable,weighted_l1,native_exact_sparse,73,1.0,1.6399670473624983
breast_cancer,13,0.0,immutable,scaled_l2,metric_projection,73,1.0,1.3103136903668997
breast_cancer,13,0.0,immutable,scaled_l2,metric_repair,73,1.0,1.3103136903668997
breast_cancer,13,0.0,immutable,scaled_l2,fixed_support_exact,73,1.0,1.3103136903668997
breast_cancer,13,0.0,immutable,scaled_l2,native_exact_sparse,73,1.0,1.3103136903668997
breast_cancer,13,0.0,immutable_top3,weighted_l1,metric_projection,73,0.2876712328767123,0.7018517587196682
breast_cancer,13,0.0,immutable_top3,weighted_l1,metric_repair,73,0.2876712328767123,0.7018517587196682
breast_cancer,13,0.0,immutable_top3,weighted_l1,fixed_support_exact,73,0.2876712328767123,0.7018517587196682
breast_cancer,13,0.0,immutable_top3,weighted_l1,native_exact_sparse,73,1.0,1.6399670473624983
breast_cancer,13,0.0,immutable_top3,scaled_l2,metric_projection,73,0.2876712328767123,0.6984613520895744
breast_cancer,13,0.0,immutable_top3,scaled_l2,metric_repair,73,0.2876712328767123,0.6984613520895744
breast_cancer,13,0.0,immutable_top3,scaled_l2,fixed_support_exact,73,0.2876712328767123,0.6984613520895744
breast_cancer,13,0.0,immutable_top3,scaled_l2,native_exact_sparse,73,1.0,1.3103136903668997
breast_cancer,13,1.0,free,weighted_l1,metric_projection,73,1.0,1.6399670473624983
breast_cancer,13,1.0,free,weighted_l1,metric_repair,73,1.0,1.6399670473624983
breast_cancer,13,1.0,free,weighted_l1,fixed_support_exact,73,1.0,1.6399670473624983
breast_cancer,13,1.0,free,weighted_l1,native_exact_sparse,73,1.0,1.6399670473624983
breast_cancer,13,1.0,free,scaled_l2,metric_projection,73,1.0,1.3103136903668997
breast_cancer,13,1.0,free,scaled_l2,metric_repair,73,1.0,1.3103136903668997
breast_cancer,13,1.0,free,scaled_l2,fixed_support_exact,73,1.0,1.3103136903668997
breast_cancer,13,1.0,free,scaled_l2,native_exact_sparse,73,1.0,1.3103136903668997
breast_cancer,13,1.0,immutable,weighted_l1,metric_projection,73,1.0,1.6399670473624983
breast_cancer,13,1.0,immutable,weighted_l1,metric_repair,73,1.0,1.6399670473624983
breast_cancer,13,1.0,immutable,weighted_l1,fixed_support_exact,73,1.0,1.6399670473624983
breast_cancer,13,1.0,immutable,weighted_l1,native_exact_sparse,73,1.0,1.6399670473624983
breast_cancer,13,1.0,immutable,scaled_l2,metric_projection,73,1.0,1.3103136903668997
breast_cancer,13,1.0,immutable,scaled_l2,metric_repair,73,1.0,1.3103136903668997
breast_cancer,13,1.0,immutable,scaled_l2,fixed_support_exact,73,1.0,1.3103136903668997
breast_cancer,13,1.0,immutable,scaled_l2,native_exact_sparse,73,1.0,1.3103136903668997
breast_cancer,13,1.0,immutable_top3,weighted_l1,metric_projection,73,0.2876712328767123,0.7018517587196682
breast_cancer,13,1.0,immutable_top3,weighted_l1,metric_repair,73,0.2876712328767123,0.7018517587196682
breast_cancer,13,1.0,immutable_top3,weighted_l1,fixed_support_exact,73,0.2876712328767123,0.7018517587196682
breast_cancer,13,1.0,immutable_top3,weighted_l1,native_exact_sparse,73,1.0,1.6399670473624983
breast_cancer,13,1.0,immutable_top3,scaled_l2,metric_projection,73,0.2876712328767123,0.6984613520895744
breast_cancer,13,1.0,immutable_top3,scaled_l2,metric_repair,73,0.2876712328767123,0.6984613520895744
breast_cancer,13,1.0,immutable_top3,scaled_l2,fixed_support_exact,73,0.2876712328767123,0.6984613520895744
breast_cancer,13,1.0,immutable_top3,scaled_l2,native_exact_sparse,73,1.0,1.3103136903668997
breast_cancer,19,0.0,free,weighted_l1,metric_projection,73,1.0,1.0082337816127802
breast_cancer,19,0.0,free,weighted_l1,metric_repair,73,1.0,1.0082337816127802
breast_cancer,19,0.0,free,weighted_l1,fixed_support_exact,73,1.0,1.0082337816127802
breast_cancer,19,0.0,free,weighted_l1,native_exact_sparse,73,1.0,1.0082337816127802
breast_cancer,19,0.0,free,scaled_l2,metric_projection,73,1.0,0.8930076754047325
breast_cancer,19,0.0,free,scaled_l2,metric_repair,73,1.0,0.8930076754047325
breast_cancer,19,0.0,free,scaled_l2,fixed_support_exact,73,1.0,0.8930076754047325
breast_cancer,19,0.0,free,scaled_l2,native_exact_sparse,73,1.0,0.8930076754047325
breast_cancer,19,0.0,immutable,weighted_l1,metric_projection,73,0.6164383561643836,0.8717314157680126
breast_cancer,19,0.0,immutable,weighted_l1,metric_repair,73,0.6164383561643836,0.8717314157680126
breast_cancer,19,0.0,immutable,weighted_l1,fixed_support_exact,73,1.0,1.3373435617526253
breast_cancer,19,0.0,immutable,weighted_l1,native_exact_sparse,73,1.0,1.3373435617526253
breast_cancer,19,0.0,immutable,scaled_l2,metric_projection,73,0.6986301369863014,0.8464729329267914
breast_cancer,19,0.0,immutable,scaled_l2,metric_repair,73,0.7123287671232876,0.9420788662512769
breast_cancer,19,0.0,immutable,scaled_l2,fixed_support_exact,73,1.0,1.1297510255346601
breast_cancer,19,0.0,immutable,scaled_l2,native_exact_sparse,73,1.0,1.1297510255346601
breast_cancer,19,0.0,immutable_top3,weighted_l1,metric_projection,73,0.0136986301369863,0.3371112429893007
breast_cancer,19,0.0,immutable_top3,weighted_l1,metric_repair,73,0.0547945205479452,1.4107841514388226
breast_cancer,19,0.0,immutable_top3,weighted_l1,fixed_support_exact,73,0.0684931506849315,1.415541750204291
breast_cancer,19,0.0,immutable_top3,weighted_l1,native_exact_sparse,73,1.0,1.3373435617526253
breast_cancer,19,0.0,immutable_top3,scaled_l2,metric_projection,73,0.0136986301369863,0.3371112429893007
breast_cancer,19,0.0,immutable_top3,scaled_l2,metric_repair,73,0.0547945205479452,1.3009737614667556
breast_cancer,19,0.0,immutable_top3,scaled_l2,fixed_support_exact,73,0.0684931506849315,1.415541750204291
breast_cancer,19,0.0,immutable_top3,scaled_l2,native_exact_sparse,73,1.0,1.1297510255346601
breast_cancer,19,1.0,free,weighted_l1,metric_projection,77,1.0,1.1915796319870091
breast_cancer,19,1.0,free,weighted_l1,metric_repair,77,1.0,1.1915796319870091
breast_cancer,19,1.0,free,weighted_l1,fixed_support_exact,77,1.0,1.1915796319870091
breast_cancer,19,1.0,free,weighted_l1,native_exact_sparse,77,1.0,1.1915796319870091
breast_cancer,19,1.0,free,scaled_l2,metric_projection,77,1.0,1.039111652170963
breast_cancer,19,1.0,free,scaled_l2,metric_repair,77,1.0,1.039111652170963
breast_cancer,19,1.0,free,scaled_l2,fixed_support_exact,77,1.0,1.039111652170963
breast_cancer,19,1.0,free,scaled_l2,native_exact_sparse,77,1.0,1.039111652170963
breast_cancer,19,1.0,immutable,weighted_l1,metric_projection,77,0.8441558441558441,1.0283422640318658
breast_cancer,19,1.0,immutable,weighted_l1,metric_repair,77,0.8441558441558441,1.0283422640318658
breast_cancer,19,1.0,immutable,weighted_l1,fixed_support_exact,77,1.0,1.2892595144233199
breast_cancer,19,1.0,immutable,weighted_l1,native_exact_sparse,77,1.0,1.2892595144233199
breast_cancer,19,1.0,immutable,scaled_l2,metric_projection,77,0.8961038961038961,0.9333028132341342
breast_cancer,19,1.0,immutable,scaled_l2,metric_repair,77,0.8961038961038961,0.9333028132341342
breast_cancer,19,1.0,immutable,scaled_l2,fixed_support_exact,77,1.0,1.0924510060608337
breast_cancer,19,1.0,immutable,scaled_l2,native_exact_sparse,77,1.0,1.0924510060608337
breast_cancer,19,1.0,immutable_top3,weighted_l1,metric_projection,77,0.012987012987012988,0.3371112429893007
breast_cancer,19,1.0,immutable_top3,weighted_l1,metric_repair,77,0.05194805194805195,1.4107841514388226
breast_cancer,19,1.0,immutable_top3,weighted_l1,fixed_support_exact,77,0.06493506493506493,1.415541750204291
breast_cancer,19,1.0,immutable_top3,weighted_l1,native_exact_sparse,77,1.0,1.2892595144233199
breast_cancer,19,1.0,immutable_top3,scaled_l2,metric_projection,77,0.012987012987012988,0.3371112429893007
breast_cancer,19,1.0,immutable_top3,scaled_l2,metric_repair,77,0.05194805194805195,1.3009737614667556
breast_cancer,19,1.0,immutable_top3,scaled_l2,fixed_support_exact,77,0.06493506493506493,1.415541750204291
breast_cancer,19,1.0,immutable_top3,scaled_l2,native_exact_sparse,77,1.0,1.0924510060608337
breast_cancer,29,0.0,free,weighted_l1,metric_projection,89,1.0,1.1150423430876677
breast_cancer,29,0.0,free,weighted_l1,metric_repair,89,1.0,1.1150423430876677
breast_cancer,29,0.0,free,weighted_l1,fixed_support_exact,89,1.0,1.1150423430876677
breast_cancer,29,0.0,free,weighted_l1,native_exact_sparse,89,1.0,1.1150423430876677
breast_cancer,29,0.0,free,scaled_l2,metric_projection,89,1.0,0.9227950965720401
breast_cancer,29,0.0,free,scaled_l2,metric_repair,89,1.0,0.9227950965720401
breast_cancer,29,0.0,free,scaled_l2,fixed_support_exact,89,1.0,0.9227950965720401
breast_cancer,29,0.0,free,scaled_l2,native_exact_sparse,89,1.0,0.9227950965720401
breast_cancer,29,0.0,immutable,weighted_l1,metric_projection,89,1.0,1.1150423430876677
breast_cancer,29,0.0,immutable,weighted_l1,metric_repair,89,1.0,1.1150423430876677
breast_cancer,29,0.0,immutable,weighted_l1,fixed_support_exact,89,1.0,1.1150423430876677
breast_cancer,29,0.0,immutable,weighted_l1,native_exact_sparse,89,1.0,1.1150423430876677
breast_cancer,29,0.0,immutable,scaled_l2,metric_projection,89,1.0,0.9227950965720401
breast_cancer,29,0.0,immutable,scaled_l2,metric_repair,89,1.0,0.9227950965720401
breast_cancer,29,0.0,immutable,scaled_l2,fixed_support_exact,89,1.0,0.9227950965720401
breast_cancer,29,0.0,immutable,scaled_l2,native_exact_sparse,89,1.0,0.9227950965720401
breast_cancer,29,0.0,immutable_top3,weighted_l1,metric_projection,89,0.10112359550561797,0.6878656602811488
breast_cancer,29,0.0,immutable_top3,weighted_l1,metric_repair,89,0.19101123595505617,0.6876167481641392
breast_cancer,29,0.0,immutable_top3,weighted_l1,fixed_support_exact,89,0.29213483146067415,0.9351492580592881
breast_cancer,29,0.0,immutable_top3,weighted_l1,native_exact_sparse,89,1.0,1.1150423430876677
breast_cancer,29,0.0,immutable_top3,scaled_l2,metric_projection,89,0.11235955056179775,0.7183500702546304
breast_cancer,29,0.0,immutable_top3,scaled_l2,metric_repair,89,0.20224719101123595,0.671158195741996
breast_cancer,29,0.0,immutable_top3,scaled_l2,fixed_support_exact,89,0.29213483146067415,0.8962236979320076
breast_cancer,29,0.0,immutable_top3,scaled_l2,native_exact_sparse,89,1.0,0.9227950965720401
breast_cancer,29,1.0,free,weighted_l1,metric_projection,89,1.0,1.1150423430876677
breast_cancer,29,1.0,free,weighted_l1,metric_repair,89,1.0,1.1150423430876677
breast_cancer,29,1.0,free,weighted_l1,fixed_support_exact,89,1.0,1.1150423430876677
breast_cancer,29,1.0,free,weighted_l1,native_exact_sparse,89,1.0,1.1150423430876677
breast_cancer,29,1.0,free,scaled_l2,metric_projection,89,1.0,0.9227950965720401
breast_cancer,29,1.0,free,scaled_l2,metric_repair,89,1.0,0.9227950965720401
breast_cancer,29,1.0,free,scaled_l2,fixed_support_exact,89,1.0,0.9227950965720401
breast_cancer,29,1.0,free,scaled_l2,native_exact_sparse,89,1.0,0.9227950965720401
breast_cancer,29,1.0,immutable,weighted_l1,metric_projection,89,1.0,1.1150423430876677
breast_cancer,29,1.0,immutable,weighted_l1,metric_repair,89,1.0,1.1150423430876677
breast_cancer,29,1.0,immutable,weighted_l1,fixed_support_exact,89,1.0,1.1150423430876677
breast_cancer,29,1.0,immutable,weighted_l1,native_exact_sparse,89,1.0,1.1150423430876677
breast_cancer,29,1.0,immutable,scaled_l2,metric_projection,89,1.0,0.9227950965720401
breast_cancer,29,1.0,immutable,scaled_l2,metric_repair,89,1.0,0.9227950965720401
breast_cancer,29,1.0,immutable,scaled_l2,fixed_support_exact,89,1.0,0.9227950965720401
breast_cancer,29,1.0,immutable,scaled_l2,native_exact_sparse,89,1.0,0.9227950965720401
breast_cancer,29,1.0,immutable_top3,weighted_l1,metric_projection,89,0.10112359550561797,0.6878656602811488
breast_cancer,29,1.0,immutable_top3,weighted_l1,metric_repair,89,0.20224719101123595,0.6594639968108882
breast_cancer,29,1.0,immutable_top3,weighted_l1,fixed_support_exact,89,0.29213483146067415,0.8824283697709604
breast_cancer,29,1.0,immutable_top3,weighted_l1,native_exact_sparse,89,1.0,1.1150423430876677
breast_cancer,29,1.0,immutable_top3,scaled_l2,metric_projection,89,0.11235955056179775,0.7183500702546304
breast_cancer,29,1.0,immutable_top3,scaled_l2,metric_repair,89,0.21348314606741572,0.6453248694121264
breast_cancer,29,1.0,immutable_top3,scaled_l2,fixed_support_exact,89,0.29213483146067415,0.8597554602126128
breast_cancer,29,1.0,immutable_top3,scaled_l2,native_exact_sparse,89,1.0,0.9227950965720401
breast_cancer,37,0.0,free,weighted_l1,metric_projection,74,1.0,0.9909745968761559
breast_cancer,37,0.0,free,weighted_l1,metric_repair,74,1.0,0.9909745968761559
breast_cancer,37,0.0,free,weighted_l1,fixed_support_exact,74,1.0,0.9909745968761559
breast_cancer,37,0.0,free,weighted_l1,native_exact_sparse,74,1.0,0.9909745968761559
breast_cancer,37,0.0,free,scaled_l2,metric_projection,74,1.0,0.8461263562089794
breast_cancer,37,0.0,free,scaled_l2,metric_repair,74,1.0,0.8461263562089794
breast_cancer,37,0.0,free,scaled_l2,fixed_support_exact,74,1.0,0.8461263562089794
breast_cancer,37,0.0,free,scaled_l2,native_exact_sparse,74,1.0,0.8461263562089794
breast_cancer,37,0.0,immutable,weighted_l1,metric_projection,74,0.6216216216216216,0.8154870249218477
breast_cancer,37,0.0,immutable,weighted_l1,metric_repair,74,0.6621621621621622,2.8728929411709263
breast_cancer,37,0.0,immutable,weighted_l1,fixed_support_exact,74,1.0,1.4559743424284664
breast_cancer,37,0.0,immutable,weighted_l1,native_exact_sparse,74,1.0,1.4559743424284664
breast_cancer,37,0.0,immutable,scaled_l2,metric_projection,74,0.7567567567567568,0.7712114160286453
breast_cancer,37,0.0,immutable,scaled_l2,metric_repair,74,0.7837837837837838,1.0513390264538214
breast_cancer,37,0.0,immutable,scaled_l2,fixed_support_exact,74,1.0,1.074615378615568
breast_cancer,37,0.0,immutable,scaled_l2,native_exact_sparse,74,1.0,1.074615378615568
breast_cancer,37,0.0,immutable_top3,weighted_l1,metric_projection,74,0.06756756756756757,0.25313330469709816
breast_cancer,37,0.0,immutable_top3,weighted_l1,metric_repair,74,0.06756756756756757,0.25313330469709816
breast_cancer,37,0.0,immutable_top3,weighted_l1,fixed_support_exact,74,0.06756756756756757,0.25313330469709816
breast_cancer,37,0.0,immutable_top3,weighted_l1,native_exact_sparse,74,1.0,1.4559743424284664
breast_cancer,37,0.0,immutable_top3,scaled_l2,metric_projection,74,0.06756756756756757,0.25313330469709816
breast_cancer,37,0.0,immutable_top3,scaled_l2,metric_repair,74,0.06756756756756757,0.25313330469709816
breast_cancer,37,0.0,immutable_top3,scaled_l2,fixed_support_exact,74,0.06756756756756757,0.25313330469709816
breast_cancer,37,0.0,immutable_top3,scaled_l2,native_exact_sparse,74,1.0,1.074615378615568
breast_cancer,37,1.0,free,weighted_l1,metric_projection,78,1.0,1.199964533168304
breast_cancer,37,1.0,free,weighted_l1,metric_repair,78,1.0,1.199964533168304
breast_cancer,37,1.0,free,weighted_l1,fixed_support_exact,78,1.0,1.199964533168304
breast_cancer,37,1.0,free,weighted_l1,native_exact_sparse,78,1.0,1.199964533168304
breast_cancer,37,1.0,free,scaled_l2,metric_projection,78,1.0,0.9767002336877306
breast_cancer,37,1.0,free,scaled_l2,metric_repair,78,1.0,0.9767002336877306
breast_cancer,37,1.0,free,scaled_l2,fixed_support_exact,78,1.0,0.9767002336877306
breast_cancer,37,1.0,free,scaled_l2,native_exact_sparse,78,1.0,0.9767002336877306
breast_cancer,37,1.0,immutable,weighted_l1,metric_projection,78,0.8076923076923077,1.0298400022471212
breast_cancer,37,1.0,immutable,weighted_l1,metric_repair,78,0.8461538461538461,2.120431409920143
breast_cancer,37,1.0,immutable,weighted_l1,fixed_support_exact,78,1.0,1.4167737649902616
breast_cancer,37,1.0,immutable,weighted_l1,native_exact_sparse,78,1.0,1.4167737649902616
breast_cancer,37,1.0,immutable,scaled_l2,metric_projection,78,0.8846153846153846,0.9194787407004693
breast_cancer,37,1.0,immutable,scaled_l2,metric_repair,78,0.9230769230769231,1.1271179024343452
breast_cancer,37,1.0,immutable,scaled_l2,fixed_support_exact,78,1.0,1.0461099544648702
breast_cancer,37,1.0,immutable,scaled_l2,native_exact_sparse,78,1.0,1.0461099544648702
breast_cancer,37,1.0,immutable_top3,weighted_l1,metric_projection,78,0.07692307692307693,0.22167887606558292
breast_cancer,37,1.0,immutable_top3,weighted_l1,metric_repair,78,0.07692307692307693,0.22167887606558292
breast_cancer,37,1.0,immutable_top3,weighted_l1,fixed_support_exact,78,0.07692307692307693,0.22167887606558292
breast_cancer,37,1.0,immutable_top3,weighted_l1,native_exact_sparse,78,1.0,1.4167737649902616
breast_cancer,37,1.0,immutable_top3,scaled_l2,metric_projection,78,0.07692307692307693,0.22167887606558292
breast_cancer,37,1.0,immutable_top3,scaled_l2,metric_repair,78,0.07692307692307693,0.22167887606558292
breast_cancer,37,1.0,immutable_top3,scaled_l2,fixed_support_exact,78,0.07692307692307693,0.22167887606558292
breast_cancer,37,1.0,immutable_top3,scaled_l2,native_exact_sparse,78,1.0,1.0461099544648702
breast_cancer,41,0.0,free,weighted_l1,metric_projection,82,1.0,1.2553402112017733
breast_cancer,41,0.0,free,weighted_l1,metric_repair,82,1.0,1.2553402112017733
breast_cancer,41,0.0,free,weighted_l1,fixed_support_exact,82,1.0,1.2553402112017733
breast_cancer,41,0.0,free,weighted_l1,native_exact_sparse,82,1.0,1.2553402112017733
breast_cancer,41,0.0,free,scaled_l2,metric_projection,82,1.0,1.215227437736161
breast_cancer,41,0.0,free,scaled_l2,metric_repair,82,1.0,1.215227437736161
breast_cancer,41,0.0,free,scaled_l2,fixed_support_exact,82,1.0,1.215227437736161
breast_cancer,41,0.0,free,scaled_l2,native_exact_sparse,82,1.0,1.215227437736161
breast_cancer,41,0.0,immutable,weighted_l1,metric_projection,82,1.0,1.2553402112017733
breast_cancer,41,0.0,immutable,weighted_l1,metric_repair,82,1.0,1.2553402112017733
breast_cancer,41,0.0,immutable,weighted_l1,fixed_support_exact,82,1.0,1.2553402112017733
breast_cancer,41,0.0,immutable,weighted_l1,native_exact_sparse,82,1.0,1.2553402112017733
breast_cancer,41,0.0,immutable,scaled_l2,metric_projection,82,1.0,1.215227437736161
breast_cancer,41,0.0,immutable,scaled_l2,metric_repair,82,1.0,1.215227437736161
breast_cancer,41,0.0,immutable,scaled_l2,fixed_support_exact,82,1.0,1.215227437736161
breast_cancer,41,0.0,immutable,scaled_l2,native_exact_sparse,82,1.0,1.215227437736161
breast_cancer,41,0.0,immutable_top3,weighted_l1,metric_projection,82,0.23170731707317074,0.6243505942807078
breast_cancer,41,0.0,immutable_top3,weighted_l1,metric_repair,82,0.23170731707317074,0.6243505942807078
breast_cancer,41,0.0,immutable_top3,weighted_l1,fixed_support_exact,82,0.3048780487804878,0.6797677987231885
breast_cancer,41,0.0,immutable_top3,weighted_l1,native_exact_sparse,82,1.0,1.2553402112017733
breast_cancer,41,0.0,immutable_top3,scaled_l2,metric_projection,82,0.23170731707317074,0.6243505942807078
breast_cancer,41,0.0,immutable_top3,scaled_l2,metric_repair,82,0.23170731707317074,0.6243505942807078
breast_cancer,41,0.0,immutable_top3,scaled_l2,fixed_support_exact,82,0.3048780487804878,0.6797677987231885
breast_cancer,41,0.0,immutable_top3,scaled_l2,native_exact_sparse,82,1.0,1.215227437736161
breast_cancer,41,1.0,free,weighted_l1,metric_projection,82,1.0,1.2553402112017733
breast_cancer,41,1.0,free,weighted_l1,metric_repair,82,1.0,1.2553402112017733
breast_cancer,41,1.0,free,weighted_l1,fixed_support_exact,82,1.0,1.2553402112017733
breast_cancer,41,1.0,free,weighted_l1,native_exact_sparse,82,1.0,1.2553402112017733
breast_cancer,41,1.0,free,scaled_l2,metric_projection,82,1.0,1.215227437736161
breast_cancer,41,1.0,free,scaled_l2,metric_repair,82,1.0,1.215227437736161
breast_cancer,41,1.0,free,scaled_l2,fixed_support_exact,82,1.0,1.215227437736161
breast_cancer,41,1.0,free,scaled_l2,native_exact_sparse,82,1.0,1.215227437736161
breast_cancer,41,1.0,immutable,weighted_l1,metric_projection,82,1.0,1.2553402112017733
breast_cancer,41,1.0,immutable,weighted_l1,metric_repair,82,1.0,1.2553402112017733
breast_cancer,41,1.0,immutable,weighted_l1,fixed_support_exact,82,1.0,1.2553402112017733
breast_cancer,41,1.0,immutable,weighted_l1,native_exact_sparse,82,1.0,1.2553402112017733
breast_cancer,41,1.0,immutable,scaled_l2,metric_projection,82,1.0,1.215227437736161
breast_cancer,41,1.0,immutable,scaled_l2,metric_repair,82,1.0,1.215227437736161
breast_cancer,41,1.0,immutable,scaled_l2,fixed_support_exact,82,1.0,1.215227437736161
breast_cancer,41,1.0,immutable,scaled_l2,native_exact_sparse,82,1.0,1.215227437736161
breast_cancer,41,1.0,immutable_top3,weighted_l1,metric_projection,82,0.23170731707317074,0.6243505942807078
breast_cancer,41,1.0,immutable_top3,weighted_l1,metric_repair,82,0.23170731707317074,0.6243505942807078
breast_cancer,41,1.0,immutable_top3,weighted_l1,fixed_support_exact,82,0.3048780487804878,0.6797677987231885
breast_cancer,41,1.0,immutable_top3,weighted_l1,native_exact_sparse,82,1.0,1.2553402112017733
breast_cancer,41,1.0,immutable_top3,scaled_l2,metric_projection,82,0.23170731707317074,0.6243505942807078
breast_cancer,41,1.0,immutable_top3,scaled_l2,metric_repair,82,0.23170731707317074,0.6243505942807078
breast_cancer,41,1.0,immutable_top3,scaled_l2,fixed_support_exact,82,0.3048780487804878,0.6797677987231885
breast_cancer,41,1.0,immutable_top3,scaled_l2,native_exact_sparse,82,1.0,1.215227437736161
breast_cancer,53,0.0,free,weighted_l1,metric_projection,83,1.0,1.2691233911689994
breast_cancer,53,0.0,free,weighted_l1,metric_repair,83,1.0,1.2691233911689994
breast_cancer,53,0.0,free,weighted_l1,fixed_support_exact,83,1.0,1.2691233911689994
breast_cancer,53,0.0,free,weighted_l1,native_exact_sparse,83,1.0,1.2691233911689994
breast_cancer,53,0.0,free,scaled_l2,metric_projection,83,1.0,0.9629099752767167
breast_cancer,53,0.0,free,scaled_l2,metric_repair,83,1.0,0.9629099752767167
breast_cancer,53,0.0,free,scaled_l2,fixed_support_exact,83,1.0,0.9629099752767167
breast_cancer,53,0.0,free,scaled_l2,native_exact_sparse,83,1.0,0.9629099752767167
breast_cancer,53,0.0,immutable,weighted_l1,metric_projection,83,1.0,1.2691233911689994
breast_cancer,53,0.0,immutable,weighted_l1,metric_repair,83,1.0,1.2691233911689994
breast_cancer,53,0.0,immutable,weighted_l1,fixed_support_exact,83,1.0,1.2691233911689994
breast_cancer,53,0.0,immutable,weighted_l1,native_exact_sparse,83,1.0,1.2691233911689994
breast_cancer,53,0.0,immutable,scaled_l2,metric_projection,83,1.0,0.9629099752767167
breast_cancer,53,0.0,immutable,scaled_l2,metric_repair,83,1.0,0.9629099752767167
breast_cancer,53,0.0,immutable,scaled_l2,fixed_support_exact,83,1.0,0.9629099752767167
breast_cancer,53,0.0,immutable,scaled_l2,native_exact_sparse,83,1.0,0.9629099752767167
breast_cancer,53,0.0,immutable_top3,weighted_l1,metric_projection,83,0.13253012048192772,0.2600699310552267
breast_cancer,53,0.0,immutable_top3,weighted_l1,metric_repair,83,0.1686746987951807,0.6205389211323721
breast_cancer,53,0.0,immutable_top3,weighted_l1,fixed_support_exact,83,0.1927710843373494,0.7510668101888041
breast_cancer,53,0.0,immutable_top3,weighted_l1,native_exact_sparse,83,1.0,1.2691233911689994
breast_cancer,53,0.0,immutable_top3,scaled_l2,metric_projection,83,0.13253012048192772,0.25374578009222454
breast_cancer,53,0.0,immutable_top3,scaled_l2,metric_repair,83,0.1686746987951807,0.5651910218903718
breast_cancer,53,0.0,immutable_top3,scaled_l2,fixed_support_exact,83,0.1927710843373494,0.74671895640174
breast_cancer,53,0.0,immutable_top3,scaled_l2,native_exact_sparse,83,1.0,0.9629099752767167
breast_cancer,53,1.0,free,weighted_l1,metric_projection,83,1.0,1.2691233911689994
breast_cancer,53,1.0,free,weighted_l1,metric_repair,83,1.0,1.2691233911689994
breast_cancer,53,1.0,free,weighted_l1,fixed_support_exact,83,1.0,1.2691233911689994
breast_cancer,53,1.0,free,weighted_l1,native_exact_sparse,83,1.0,1.2691233911689994
breast_cancer,53,1.0,free,scaled_l2,metric_projection,83,1.0,0.9629099752767167
breast_cancer,53,1.0,free,scaled_l2,metric_repair,83,1.0,0.9629099752767167
breast_cancer,53,1.0,free,scaled_l2,fixed_support_exact,83,1.0,0.9629099752767167
breast_cancer,53,1.0,free,scaled_l2,native_exact_sparse,83,1.0,0.9629099752767167
breast_cancer,53,1.0,immutable,weighted_l1,metric_projection,83,1.0,1.2691233911689994
breast_cancer,53,1.0,immutable,weighted_l1,metric_repair,83,1.0,1.2691233911689994
breast_cancer,53,1.0,immutable,weighted_l1,fixed_support_exact,83,1.0,1.2691233911689994
breast_cancer,53,1.0,immutable,weighted_l1,native_exact_sparse,83,1.0,1.2691233911689994
breast_cancer,53,1.0,immutable,scaled_l2,metric_projection,83,1.0,0.9629099752767167
breast_cancer,53,1.0,immutable,scaled_l2,metric_repair,83,1.0,0.9629099752767167
breast_cancer,53,1.0,immutable,scaled_l2,fixed_support_exact,83,1.0,0.9629099752767167
breast_cancer,53,1.0,immutable,scaled_l2,native_exact_sparse,83,1.0,0.9629099752767167
breast_cancer,53,1.0,immutable_top3,weighted_l1,metric_projection,83,0.13253012048192772,0.2600699310552267
breast_cancer,53,1.0,immutable_top3,weighted_l1,metric_repair,83,0.1686746987951807,0.6205389211323721
breast_cancer,53,1.0,immutable_top3,weighted_l1,fixed_support_exact,83,0.1927710843373494,0.7510668101888041
breast_cancer,53,1.0,immutable_top3,weighted_l1,native_exact_sparse,83,1.0,1.2691233911689994
breast_cancer,53,1.0,immutable_top3,scaled_l2,metric_projection,83,0.13253012048192772,0.25374578009222454
breast_cancer,53,1.0,immutable_top3,scaled_l2,metric_repair,83,0.1686746987951807,0.5651910218903718
breast_cancer,53,1.0,immutable_top3,scaled_l2,fixed_support_exact,83,0.1927710843373494,0.74671895640174
breast_cancer,53,1.0,immutable_top3,scaled_l2,native_exact_sparse,83,1.0,0.9629099752767167
breast_cancer,61,0.0,free,weighted_l1,metric_projection,77,1.0,0.9186115434878185
breast_cancer,61,0.0,free,weighted_l1,metric_repair,77,1.0,0.9186115434878185
breast_cancer,61,0.0,free,weighted_l1,fixed_support_exact,77,1.0,0.9186115434878185
breast_cancer,61,0.0,free,weighted_l1,native_exact_sparse,77,1.0,0.9186115434878185
breast_cancer,61,0.0,free,scaled_l2,metric_projection,77,1.0,0.8936025707399937
breast_cancer,61,0.0,free,scaled_l2,metric_repair,77,1.0,0.8936025707399937
breast_cancer,61,0.0,free,scaled_l2,fixed_support_exact,77,1.0,0.8936025707399937
breast_cancer,61,0.0,free,scaled_l2,native_exact_sparse,77,1.0,0.8936025707399937
breast_cancer,61,0.0,immutable,weighted_l1,metric_projection,77,1.0,0.9186115434878185
breast_cancer,61,0.0,immutable,weighted_l1,metric_repair,77,1.0,0.9186115434878185
breast_cancer,61,0.0,immutable,weighted_l1,fixed_support_exact,77,1.0,0.9186115434878185
breast_cancer,61,0.0,immutable,weighted_l1,native_exact_sparse,77,1.0,0.9186115434878185
breast_cancer,61,0.0,immutable,scaled_l2,metric_projection,77,0.948051948051948,0.8246573677142739
breast_cancer,61,0.0,immutable,scaled_l2,metric_repair,77,0.948051948051948,0.8246573677142739
breast_cancer,61,0.0,immutable,scaled_l2,fixed_support_exact,77,1.0,0.8975472963137153
breast_cancer,61,0.0,immutable,scaled_l2,native_exact_sparse,77,1.0,0.8975472963137153
breast_cancer,61,0.0,immutable_top3,weighted_l1,metric_projection,77,0.5714285714285714,1.0741313433895898
breast_cancer,61,0.0,immutable_top3,weighted_l1,metric_repair,77,0.5714285714285714,1.0741313433895898
breast_cancer,61,0.0,immutable_top3,weighted_l1,fixed_support_exact,77,0.8961038961038961,1.09487318948143
breast_cancer,61,0.0,immutable_top3,weighted_l1,native_exact_sparse,77,1.0,0.9186115434878185
breast_cancer,61,0.0,immutable_top3,scaled_l2,metric_projection,77,0.4675324675324675,0.9452302045329323
breast_cancer,61,0.0,immutable_top3,scaled_l2,metric_repair,77,0.4675324675324675,0.9452302045329323
breast_cancer,61,0.0,immutable_top3,scaled_l2,fixed_support_exact,77,0.8961038961038961,1.09487318948143
breast_cancer,61,0.0,immutable_top3,scaled_l2,native_exact_sparse,77,1.0,0.8975472963137153
breast_cancer,61,1.0,free,weighted_l1,metric_projection,83,1.0,0.883498881305101
breast_cancer,61,1.0,free,weighted_l1,metric_repair,83,1.0,0.883498881305101
breast_cancer,61,1.0,free,weighted_l1,fixed_support_exact,83,1.0,0.883498881305101
breast_cancer,61,1.0,free,weighted_l1,native_exact_sparse,83,1.0,0.883498881305101
breast_cancer,61,1.0,free,scaled_l2,metric_projection,83,1.0,0.8588464038465445
breast_cancer,61,1.0,free,scaled_l2,metric_repair,83,1.0,0.8588464038465445
breast_cancer,61,1.0,free,scaled_l2,fixed_support_exact,83,1.0,0.8588464038465445
breast_cancer,61,1.0,free,scaled_l2,native_exact_sparse,83,1.0,0.8588464038465445
breast_cancer,61,1.0,immutable,weighted_l1,metric_projection,83,1.0,0.883498881305101
breast_cancer,61,1.0,immutable,weighted_l1,metric_repair,83,1.0,0.883498881305101
breast_cancer,61,1.0,immutable,weighted_l1,fixed_support_exact,83,1.0,0.883498881305101
breast_cancer,61,1.0,immutable,weighted_l1,native_exact_sparse,83,1.0,0.883498881305101
breast_cancer,61,1.0,immutable,scaled_l2,metric_projection,83,0.963855421686747,0.8456349578344664
breast_cancer,61,1.0,immutable,scaled_l2,metric_repair,83,0.963855421686747,0.8456349578344664
breast_cancer,61,1.0,immutable,scaled_l2,fixed_support_exact,83,1.0,0.8654401293077357
breast_cancer,61,1.0,immutable,scaled_l2,native_exact_sparse,83,1.0,0.8654401293077357
breast_cancer,61,1.0,immutable_top3,weighted_l1,metric_projection,83,0.6506024096385542,1.0270750061331293
breast_cancer,61,1.0,immutable_top3,weighted_l1,metric_repair,83,0.6506024096385542,1.0270750061331293
breast_cancer,61,1.0,immutable_top3,weighted_l1,fixed_support_exact,83,0.891566265060241,1.0652848311101373
breast_cancer,61,1.0,immutable_top3,weighted_l1,native_exact_sparse,83,1.0,0.883498881305101
breast_cancer,61,1.0,immutable_top3,scaled_l2,metric_projection,83,0.5421686746987951,0.9867405948490434
breast_cancer,61,1.0,immutable_top3,scaled_l2,metric_repair,83,0.5421686746987951,0.9867405948490434
breast_cancer,61,1.0,immutable_top3,scaled_l2,fixed_support_exact,83,0.891566265060241,1.0652650080927626
breast_cancer,61,1.0,immutable_top3,scaled_l2,native_exact_sparse,83,1.0,0.8654401293077357
breast_cancer,73,0.0,free,weighted_l1,metric_projection,83,1.0,1.024031370500212
breast_cancer,73,0.0,free,weighted_l1,metric_repair,83,1.0,1.024031370500212
breast_cancer,73,0.0,free,weighted_l1,fixed_support_exact,83,1.0,1.024031370500212
breast_cancer,73,0.0,free,weighted_l1,native_exact_sparse,83,1.0,1.024031370500212
breast_cancer,73,0.0,free,scaled_l2,metric_projection,83,1.0,1.0146922885566902
breast_cancer,73,0.0,free,scaled_l2,metric_repair,83,1.0,1.0146922885566902
breast_cancer,73,0.0,free,scaled_l2,fixed_support_exact,83,1.0,1.0146922885566902
breast_cancer,73,0.0,free,scaled_l2,native_exact_sparse,83,1.0,1.0146922885566902
breast_cancer,73,0.0,immutable,weighted_l1,metric_projection,83,1.0,1.024031370500212
breast_cancer,73,0.0,immutable,weighted_l1,metric_repair,83,1.0,1.024031370500212
breast_cancer,73,0.0,immutable,weighted_l1,fixed_support_exact,83,1.0,1.024031370500212
breast_cancer,73,0.0,immutable,weighted_l1,native_exact_sparse,83,1.0,1.024031370500212
breast_cancer,73,0.0,immutable,scaled_l2,metric_projection,83,1.0,1.0146922885566902
breast_cancer,73,0.0,immutable,scaled_l2,metric_repair,83,1.0,1.0146922885566902
breast_cancer,73,0.0,immutable,scaled_l2,fixed_support_exact,83,1.0,1.0146922885566902
breast_cancer,73,0.0,immutable,scaled_l2,native_exact_sparse,83,1.0,1.0146922885566902
breast_cancer,73,0.0,immutable_top3,weighted_l1,metric_projection,83,0.21686746987951808,1.0104140515930817
breast_cancer,73,0.0,immutable_top3,weighted_l1,metric_repair,83,0.24096385542168675,0.9734525305776701
breast_cancer,73,0.0,immutable_top3,weighted_l1,fixed_support_exact,83,0.26506024096385544,0.9149258547427469
breast_cancer,73,0.0,immutable_top3,weighted_l1,native_exact_sparse,83,1.0,1.024031370500212
breast_cancer,73,0.0,immutable_top3,scaled_l2,metric_projection,83,0.18072289156626506,0.9796630564692229
breast_cancer,73,0.0,immutable_top3,scaled_l2,metric_repair,83,0.20481927710843373,0.9169818618291506
breast_cancer,73,0.0,immutable_top3,scaled_l2,fixed_support_exact,83,0.26506024096385544,0.9149258547427469
breast_cancer,73,0.0,immutable_top3,scaled_l2,native_exact_sparse,83,1.0,1.0146922885566902
breast_cancer,73,1.0,free,weighted_l1,metric_projection,83,1.0,1.024031370500212
breast_cancer,73,1.0,free,weighted_l1,metric_repair,83,1.0,1.024031370500212
breast_cancer,73,1.0,free,weighted_l1,fixed_support_exact,83,1.0,1.024031370500212
breast_cancer,73,1.0,free,weighted_l1,native_exact_sparse,83,1.0,1.024031370500212
breast_cancer,73,1.0,free,scaled_l2,metric_projection,83,1.0,1.0146922885566902
breast_cancer,73,1.0,free,scaled_l2,metric_repair,83,1.0,1.0146922885566902
breast_cancer,73,1.0,free,scaled_l2,fixed_support_exact,83,1.0,1.0146922885566902
breast_cancer,73,1.0,free,scaled_l2,native_exact_sparse,83,1.0,1.0146922885566902
breast_cancer,73,1.0,immutable,weighted_l1,metric_projection,83,1.0,1.024031370500212
breast_cancer,73,1.0,immutable,weighted_l1,metric_repair,83,1.0,1.024031370500212
breast_cancer,73,1.0,immutable,weighted_l1,fixed_support_exact,83,1.0,1.024031370500212
breast_cancer,73,1.0,immutable,weighted_l1,native_exact_sparse,83,1.0,1.024031370500212
breast_cancer,73,1.0,immutable,scaled_l2,metric_projection,83,1.0,1.0146922885566902
breast_cancer,73,1.0,immutable,scaled_l2,metric_repair,83,1.0,1.0146922885566902
breast_cancer,73,1.0,immutable,scaled_l2,fixed_support_exact,83,1.0,1.0146922885566902
breast_cancer,73,1.0,immutable,scaled_l2,native_exact_sparse,83,1.0,1.0146922885566902
breast_cancer,73,1.0,immutable_top3,weighted_l1,metric_projection,83,0.21686746987951808,1.0104140515930817
breast_cancer,73,1.0,immutable_top3,weighted_l1,metric_repair,83,0.24096385542168675,0.9734525305776701
breast_cancer,73,1.0,immutable_top3,weighted_l1,fixed_support_exact,83,0.26506024096385544,0.9149258547427469
breast_cancer,73,1.0,immutable_top3,weighted_l1,native_exact_sparse,83,1.0,1.024031370500212
breast_cancer,73,1.0,immutable_top3,scaled_l2,metric_projection,83,0.18072289156626506,0.9796630564692229
breast_cancer,73,1.0,immutable_top3,scaled_l2,metric_repair,83,0.20481927710843373,0.9169818618291506
breast_cancer,73,1.0,immutable_top3,scaled_l2,fixed_support_exact,83,0.26506024096385544,0.9149258547427469
breast_cancer,73,1.0,immutable_top3,scaled_l2,native_exact_sparse,83,1.0,1.0146922885566902
breast_cancer,89,0.0,free,weighted_l1,metric_projection,72,1.0,1.0270362658848597
breast_cancer,89,0.0,free,weighted_l1,metric_repair,72,1.0,1.0270362658848597
breast_cancer,89,0.0,free,weighted_l1,fixed_support_exact,72,1.0,1.0270362658848597
breast_cancer,89,0.0,free,weighted_l1,native_exact_sparse,72,1.0,1.0270362658848597
breast_cancer,89,0.0,free,scaled_l2,metric_projection,72,1.0,0.9328650910054334
breast_cancer,89,0.0,free,scaled_l2,metric_repair,72,1.0,0.9328650910054334
breast_cancer,89,0.0,free,scaled_l2,fixed_support_exact,72,1.0,0.9328650910054334
breast_cancer,89,0.0,free,scaled_l2,native_exact_sparse,72,1.0,0.9328650910054334
breast_cancer,89,0.0,immutable,weighted_l1,metric_projection,72,1.0,1.0270362658848597
breast_cancer,89,0.0,immutable,weighted_l1,metric_repair,72,1.0,1.0270362658848597
breast_cancer,89,0.0,immutable,weighted_l1,fixed_support_exact,72,1.0,1.0270362658848597
breast_cancer,89,0.0,immutable,weighted_l1,native_exact_sparse,72,1.0,1.0270362658848597
breast_cancer,89,0.0,immutable,scaled_l2,metric_projection,72,0.9861111111111112,0.9384956685885586
breast_cancer,89,0.0,immutable,scaled_l2,metric_repair,72,1.0,0.9677751794432585
breast_cancer,89,0.0,immutable,scaled_l2,fixed_support_exact,72,1.0,0.9331302635754187
breast_cancer,89,0.0,immutable,scaled_l2,native_exact_sparse,72,1.0,0.9331302635754187
breast_cancer,89,0.0,immutable_top3,weighted_l1,metric_projection,72,0.4027777777777778,0.5682168341224518
breast_cancer,89,0.0,immutable_top3,weighted_l1,metric_repair,72,0.5694444444444444,1.8006710641176429
breast_cancer,89,0.0,immutable_top3,weighted_l1,fixed_support_exact,72,0.625,1.2381181463286186
breast_cancer,89,0.0,immutable_top3,weighted_l1,native_exact_sparse,72,1.0,1.0270362658848597
breast_cancer,89,0.0,immutable_top3,scaled_l2,metric_projection,72,0.3194444444444444,0.3910965757399699
breast_cancer,89,0.0,immutable_top3,scaled_l2,metric_repair,72,0.5694444444444444,1.3804668438524421
breast_cancer,89,0.0,immutable_top3,scaled_l2,fixed_support_exact,72,0.625,1.2038476071143285
breast_cancer,89,0.0,immutable_top3,scaled_l2,native_exact_sparse,72,1.0,0.9331302635754187
breast_cancer,89,1.0,free,weighted_l1,metric_projection,77,1.0,0.9634608523326104
breast_cancer,89,1.0,free,weighted_l1,metric_repair,77,1.0,0.9634608523326104
breast_cancer,89,1.0,free,weighted_l1,fixed_support_exact,77,1.0,0.9634608523326104
breast_cancer,89,1.0,free,weighted_l1,native_exact_sparse,77,1.0,0.9634608523326104
breast_cancer,89,1.0,free,scaled_l2,metric_projection,77,1.0,0.8756526423809252
breast_cancer,89,1.0,free,scaled_l2,metric_repair,77,1.0,0.8756526423809252
breast_cancer,89,1.0,free,scaled_l2,fixed_support_exact,77,1.0,0.8756526423809252
breast_cancer,89,1.0,free,scaled_l2,native_exact_sparse,77,1.0,0.8756526423809252
breast_cancer,89,1.0,immutable,weighted_l1,metric_projection,77,1.0,0.9634608523326104
breast_cancer,89,1.0,immutable,weighted_l1,metric_repair,77,1.0,0.9634608523326104
breast_cancer,89,1.0,immutable,weighted_l1,fixed_support_exact,77,1.0,0.9634608523326104
breast_cancer,89,1.0,immutable,weighted_l1,native_exact_sparse,77,1.0,0.9634608523326104
breast_cancer,89,1.0,immutable,scaled_l2,metric_projection,77,1.0,0.8756526423809252
breast_cancer,89,1.0,immutable,scaled_l2,metric_repair,77,1.0,0.8756526423809252
breast_cancer,89,1.0,immutable,scaled_l2,fixed_support_exact,77,1.0,0.8756526423809252
breast_cancer,89,1.0,immutable,scaled_l2,native_exact_sparse,77,1.0,0.8756526423809252
breast_cancer,89,1.0,immutable_top3,weighted_l1,metric_projection,77,0.37662337662337664,0.566494750443525
breast_cancer,89,1.0,immutable_top3,weighted_l1,metric_repair,77,0.5324675324675324,1.7994530049301087
breast_cancer,89,1.0,immutable_top3,weighted_l1,fixed_support_exact,77,0.6103896103896104,1.2005683600720105
breast_cancer,89,1.0,immutable_top3,weighted_l1,native_exact_sparse,77,1.0,0.9634608523326104
breast_cancer,89,1.0,immutable_top3,scaled_l2,metric_projection,77,0.3116883116883117,0.3957278051238717
breast_cancer,89,1.0,immutable_top3,scaled_l2,metric_repair,77,0.5324675324675324,1.3781254084597516
breast_cancer,89,1.0,immutable_top3,scaled_l2,fixed_support_exact,77,0.6103896103896104,1.16775614167535
breast_cancer,89,1.0,immutable_top3,scaled_l2,native_exact_sparse,77,1.0,0.8756526423809252
wine_binary,7,0.0,free,weighted_l1,metric_projection,21,1.0,1.0771506754907751
wine_binary,7,0.0,free,weighted_l1,metric_repair,21,1.0,1.0771506754907751
wine_binary,7,0.0,free,weighted_l1,fixed_support_exact,21,1.0,1.0771506754907751
wine_binary,7,0.0,free,weighted_l1,native_exact_sparse,21,1.0,1.0771506754907751
wine_binary,7,0.0,free,scaled_l2,metric_projection,21,1.0,1.0128851526943157
wine_binary,7,0.0,free,scaled_l2,metric_repair,21,1.0,1.0128851526943157
wine_binary,7,0.0,free,scaled_l2,fixed_support_exact,21,1.0,1.0128851526943157
wine_binary,7,0.0,free,scaled_l2,native_exact_sparse,21,1.0,1.0128851526943157
wine_binary,7,0.0,immutable,weighted_l1,metric_projection,21,0.0,
wine_binary,7,0.0,immutable,weighted_l1,metric_repair,21,0.09523809523809523,7.809887918984572
wine_binary,7,0.0,immutable,weighted_l1,fixed_support_exact,21,0.09523809523809523,0.9460345117684656
wine_binary,7,0.0,immutable,weighted_l1,native_exact_sparse,21,0.09523809523809523,0.9460345117684656
wine_binary,7,0.0,immutable,scaled_l2,metric_projection,21,0.0,
wine_binary,7,0.0,immutable,scaled_l2,metric_repair,21,0.09523809523809523,2.534163834413336
wine_binary,7,0.0,immutable,scaled_l2,fixed_support_exact,21,0.09523809523809523,0.9460345117684656
wine_binary,7,0.0,immutable,scaled_l2,native_exact_sparse,21,0.09523809523809523,0.9460345117684656
wine_binary,7,0.0,immutable_top3,weighted_l1,metric_projection,21,0.0,
wine_binary,7,0.0,immutable_top3,weighted_l1,metric_repair,21,0.0,
wine_binary,7,0.0,immutable_top3,weighted_l1,fixed_support_exact,21,0.0,
wine_binary,7,0.0,immutable_top3,weighted_l1,native_exact_sparse,21,0.09523809523809523,0.9460345117684656
wine_binary,7,0.0,immutable_top3,scaled_l2,metric_projection,21,0.0,
wine_binary,7,0.0,immutable_top3,scaled_l2,metric_repair,21,0.0,
wine_binary,7,0.0,immutable_top3,scaled_l2,fixed_support_exact,21,0.0,
wine_binary,7,0.0,immutable_top3,scaled_l2,native_exact_sparse,21,0.09523809523809523,0.9460345117684656
wine_binary,7,1.0,free,weighted_l1,metric_projection,21,1.0,1.0771506754907751
wine_binary,7,1.0,free,weighted_l1,metric_repair,21,1.0,1.0771506754907751
wine_binary,7,1.0,free,weighted_l1,fixed_support_exact,21,1.0,1.0771506754907751
wine_binary,7,1.0,free,weighted_l1,native_exact_sparse,21,1.0,1.0771506754907751
wine_binary,7,1.0,free,scaled_l2,metric_projection,21,1.0,1.0128851526943157
wine_binary,7,1.0,free,scaled_l2,metric_repair,21,1.0,1.0128851526943157
wine_binary,7,1.0,free,scaled_l2,fixed_support_exact,21,1.0,1.0128851526943157
wine_binary,7,1.0,free,scaled_l2,native_exact_sparse,21,1.0,1.0128851526943157
wine_binary,7,1.0,immutable,weighted_l1,metric_projection,21,0.0,
wine_binary,7,1.0,immutable,weighted_l1,metric_repair,21,0.09523809523809523,8.344966342281564
wine_binary,7,1.0,immutable,weighted_l1,fixed_support_exact,21,0.09523809523809523,0.9460345117684656
wine_binary,7,1.0,immutable,weighted_l1,native_exact_sparse,21,0.09523809523809523,0.9460345117684656
wine_binary,7,1.0,immutable,scaled_l2,metric_projection,21,0.0,
wine_binary,7,1.0,immutable,scaled_l2,metric_repair,21,0.09523809523809523,2.7998610115513713
wine_binary,7,1.0,immutable,scaled_l2,fixed_support_exact,21,0.09523809523809523,0.9460345117684656
wine_binary,7,1.0,immutable,scaled_l2,native_exact_sparse,21,0.09523809523809523,0.9460345117684656
wine_binary,7,1.0,immutable_top3,weighted_l1,metric_projection,21,0.0,
wine_binary,7,1.0,immutable_top3,weighted_l1,metric_repair,21,0.0,
wine_binary,7,1.0,immutable_top3,weighted_l1,fixed_support_exact,21,0.0,
wine_binary,7,1.0,immutable_top3,weighted_l1,native_exact_sparse,21,0.09523809523809523,0.9460345117684656
wine_binary,7,1.0,immutable_top3,scaled_l2,metric_projection,21,0.0,
wine_binary,7,1.0,immutable_top3,scaled_l2,metric_repair,21,0.0,
wine_binary,7,1.0,immutable_top3,scaled_l2,fixed_support_exact,21,0.0,
wine_binary,7,1.0,immutable_top3,scaled_l2,native_exact_sparse,21,0.09523809523809523,0.9460345117684656
wine_binary,13,0.0,free,weighted_l1,metric_projection,22,1.0,0.7248164702488751
wine_binary,13,0.0,free,weighted_l1,metric_repair,22,1.0,0.7248164702488751
wine_binary,13,0.0,free,weighted_l1,fixed_support_exact,22,1.0,0.7248164702488751
wine_binary,13,0.0,free,weighted_l1,native_exact_sparse,22,1.0,0.7248164702488751
wine_binary,13,0.0,free,scaled_l2,metric_projection,22,1.0,0.7248164702488751
wine_binary,13,0.0,free,scaled_l2,metric_repair,22,1.0,0.7248164702488751
wine_binary,13,0.0,free,scaled_l2,fixed_support_exact,22,1.0,0.7248164702488751
wine_binary,13,0.0,free,scaled_l2,native_exact_sparse,22,1.0,0.7248164702488751
wine_binary,13,0.0,immutable,weighted_l1,metric_projection,22,0.5454545454545454,0.7256666613691078
wine_binary,13,0.0,immutable,weighted_l1,metric_repair,22,1.0,4.946695460149141
wine_binary,13,0.0,immutable,weighted_l1,fixed_support_exact,22,1.0,0.8698686399801784
wine_binary,13,0.0,immutable,weighted_l1,native_exact_sparse,22,1.0,0.8698686399801784
wine_binary,13,0.0,immutable,scaled_l2,metric_projection,22,0.5454545454545454,0.7256666613691078
wine_binary,13,0.0,immutable,scaled_l2,metric_repair,22,1.0,2.027727423417244
wine_binary,13,0.0,immutable,scaled_l2,fixed_support_exact,22,1.0,0.8698686399801784
wine_binary,13,0.0,immutable,scaled_l2,native_exact_sparse,22,1.0,0.8698686399801784
wine_binary,13,0.0,immutable_top3,weighted_l1,metric_projection,22,0.0,
wine_binary,13,0.0,immutable_top3,weighted_l1,metric_repair,22,0.0,
wine_binary,13,0.0,immutable_top3,weighted_l1,fixed_support_exact,22,0.0,
wine_binary,13,0.0,immutable_top3,weighted_l1,native_exact_sparse,22,1.0,0.8698686399801784
wine_binary,13,0.0,immutable_top3,scaled_l2,metric_projection,22,0.0,
wine_binary,13,0.0,immutable_top3,scaled_l2,metric_repair,22,0.0,
wine_binary,13,0.0,immutable_top3,scaled_l2,fixed_support_exact,22,0.0,
wine_binary,13,0.0,immutable_top3,scaled_l2,native_exact_sparse,22,1.0,0.8698686399801784
wine_binary,13,1.0,free,weighted_l1,metric_projection,22,1.0,0.7248164702488751
wine_binary,13,1.0,free,weighted_l1,metric_repair,22,1.0,0.7248164702488751
wine_binary,13,1.0,free,weighted_l1,fixed_support_exact,22,1.0,0.7248164702488751
wine_binary,13,1.0,free,weighted_l1,native_exact_sparse,22,1.0,0.7248164702488751
wine_binary,13,1.0,free,scaled_l2,metric_projection,22,1.0,0.7248164702488751
wine_binary,13,1.0,free,scaled_l2,metric_repair,22,1.0,0.7248164702488751
wine_binary,13,1.0,free,scaled_l2,fixed_support_exact,22,1.0,0.7248164702488751
wine_binary,13,1.0,free,scaled_l2,native_exact_sparse,22,1.0,0.7248164702488751
wine_binary,13,1.0,immutable,weighted_l1,metric_projection,22,0.5454545454545454,0.7256666613691078
wine_binary,13,1.0,immutable,weighted_l1,metric_repair,22,1.0,5.884478393785998
wine_binary,13,1.0,immutable,weighted_l1,fixed_support_exact,22,1.0,0.8698686399801784
wine_binary,13,1.0,immutable,weighted_l1,native_exact_sparse,22,1.0,0.8698686399801784
wine_binary,13,1.0,immutable,scaled_l2,metric_projection,22,0.5454545454545454,0.7256666613691078
wine_binary,13,1.0,immutable,scaled_l2,metric_repair,22,1.0,2.4019960482376876
wine_binary,13,1.0,immutable,scaled_l2,fixed_support_exact,22,1.0,0.8698686399801784
wine_binary,13,1.0,immutable,scaled_l2,native_exact_sparse,22,1.0,0.8698686399801784
wine_binary,13,1.0,immutable_top3,weighted_l1,metric_projection,22,0.0,
wine_binary,13,1.0,immutable_top3,weighted_l1,metric_repair,22,0.0,
wine_binary,13,1.0,immutable_top3,weighted_l1,fixed_support_exact,22,0.0,
wine_binary,13,1.0,immutable_top3,weighted_l1,native_exact_sparse,22,1.0,0.8698686399801784
wine_binary,13,1.0,immutable_top3,scaled_l2,metric_projection,22,0.0,
wine_binary,13,1.0,immutable_top3,scaled_l2,metric_repair,22,0.0,
wine_binary,13,1.0,immutable_top3,scaled_l2,fixed_support_exact,22,0.0,
wine_binary,13,1.0,immutable_top3,scaled_l2,native_exact_sparse,22,1.0,0.8698686399801784
wine_binary,19,0.0,free,weighted_l1,metric_projection,22,1.0,0.8270896706142626
wine_binary,19,0.0,free,weighted_l1,metric_repair,22,1.0,0.8270896706142626
wine_binary,19,0.0,free,weighted_l1,fixed_support_exact,22,1.0,0.8270896706142626
wine_binary,19,0.0,free,weighted_l1,native_exact_sparse,22,1.0,0.8270896706142626
wine_binary,19,0.0,free,scaled_l2,metric_projection,22,1.0,0.8270896706142626
wine_binary,19,0.0,free,scaled_l2,metric_repair,22,1.0,0.8270896706142626
wine_binary,19,0.0,free,scaled_l2,fixed_support_exact,22,1.0,0.8270896706142626
wine_binary,19,0.0,free,scaled_l2,native_exact_sparse,22,1.0,0.8270896706142626
wine_binary,19,0.0,immutable,weighted_l1,metric_projection,22,0.6818181818181818,0.9418035158757011
wine_binary,19,0.0,immutable,weighted_l1,metric_repair,22,0.9545454545454546,3.1498630508383734
wine_binary,19,0.0,immutable,weighted_l1,fixed_support_exact,22,1.0,1.0570903802514908
wine_binary,19,0.0,immutable,weighted_l1,native_exact_sparse,22,1.0,1.0570903802514908
wine_binary,19,0.0,immutable,scaled_l2,metric_projection,22,0.6818181818181818,0.9418035158757011
wine_binary,19,0.0,immutable,scaled_l2,metric_repair,22,0.9545454545454546,1.5243272659350529
wine_binary,19,0.0,immutable,scaled_l2,fixed_support_exact,22,1.0,1.0570903802514908
wine_binary,19,0.0,immutable,scaled_l2,native_exact_sparse,22,1.0,1.0570903802514908
wine_binary,19,0.0,immutable_top3,weighted_l1,metric_projection,22,0.2727272727272727,1.0134360040115757
wine_binary,19,0.0,immutable_top3,weighted_l1,metric_repair,22,0.36363636363636365,1.3083636917421917
wine_binary,19,0.0,immutable_top3,weighted_l1,fixed_support_exact,22,0.36363636363636365,1.0775388884598673
wine_binary,19,0.0,immutable_top3,weighted_l1,native_exact_sparse,22,1.0,1.0570903802514908
wine_binary,19,0.0,immutable_top3,scaled_l2,metric_projection,22,0.2727272727272727,1.0134360040115757
wine_binary,19,0.0,immutable_top3,scaled_l2,metric_repair,22,0.36363636363636365,1.1279983083155658
wine_binary,19,0.0,immutable_top3,scaled_l2,fixed_support_exact,22,0.36363636363636365,1.0775388884598673
wine_binary,19,0.0,immutable_top3,scaled_l2,native_exact_sparse,22,1.0,1.0570903802514908
wine_binary,19,1.0,free,weighted_l1,metric_projection,24,1.0,1.2157498846649253
wine_binary,19,1.0,free,weighted_l1,metric_repair,24,1.0,1.2157498846649253
wine_binary,19,1.0,free,weighted_l1,fixed_support_exact,24,1.0,1.2157498846649253
wine_binary,19,1.0,free,weighted_l1,native_exact_sparse,24,1.0,1.2157498846649253
wine_binary,19,1.0,free,scaled_l2,metric_projection,24,1.0,1.2029450281762069
wine_binary,19,1.0,free,scaled_l2,metric_repair,24,1.0,1.2029450281762069
wine_binary,19,1.0,free,scaled_l2,fixed_support_exact,24,1.0,1.2029450281762069
wine_binary,19,1.0,free,scaled_l2,native_exact_sparse,24,1.0,1.2029450281762069
wine_binary,19,1.0,immutable,weighted_l1,metric_projection,24,0.25,1.8791248607156443
wine_binary,19,1.0,immutable,weighted_l1,metric_repair,24,0.9166666666666666,7.205417092256462
wine_binary,19,1.0,immutable,weighted_l1,fixed_support_exact,24,1.0,1.767686414478406
wine_binary,19,1.0,immutable,weighted_l1,native_exact_sparse,24,1.0,1.767686414478406
wine_binary,19,1.0,immutable,scaled_l2,metric_projection,24,0.20833333333333334,1.7667923607579552
wine_binary,19,1.0,immutable,scaled_l2,metric_repair,24,0.9166666666666666,2.9547862030186307
wine_binary,19,1.0,immutable,scaled_l2,fixed_support_exact,24,1.0,1.767686414478406
wine_binary,19,1.0,immutable,scaled_l2,native_exact_sparse,24,1.0,1.767686414478406
wine_binary,19,1.0,immutable_top3,weighted_l1,metric_projection,24,0.16666666666666666,1.9157552051620497
wine_binary,19,1.0,immutable_top3,weighted_l1,metric_repair,24,0.5833333333333334,3.5612362021658415
wine_binary,19,1.0,immutable_top3,weighted_l1,fixed_support_exact,24,0.5833333333333334,2.077102441644699
wine_binary,19,1.0,immutable_top3,weighted_l1,native_exact_sparse,24,1.0,1.767686414478406
wine_binary,19,1.0,immutable_top3,scaled_l2,metric_projection,24,0.16666666666666666,1.9157552051620497
wine_binary,19,1.0,immutable_top3,scaled_l2,metric_repair,24,0.5833333333333334,2.484026403573149
wine_binary,19,1.0,immutable_top3,scaled_l2,fixed_support_exact,24,0.5833333333333334,2.077102441644699
wine_binary,19,1.0,immutable_top3,scaled_l2,native_exact_sparse,24,1.0,1.767686414478406
wine_binary,29,0.0,free,weighted_l1,metric_projection,17,1.0,0.9109691715891167
wine_binary,29,0.0,free,weighted_l1,metric_repair,17,1.0,0.9109691715891167
wine_binary,29,0.0,free,weighted_l1,fixed_support_exact,17,1.0,0.9109691715891167
wine_binary,29,0.0,free,weighted_l1,native_exact_sparse,17,1.0,0.9109691715891167
wine_binary,29,0.0,free,scaled_l2,metric_projection,17,1.0,0.9109691715891167
wine_binary,29,0.0,free,scaled_l2,metric_repair,17,1.0,0.9109691715891167
wine_binary,29,0.0,free,scaled_l2,fixed_support_exact,17,1.0,0.9109691715891167
wine_binary,29,0.0,free,scaled_l2,native_exact_sparse,17,1.0,0.9109691715891167
wine_binary,29,0.0,immutable,weighted_l1,metric_projection,17,0.058823529411764705,0.17062208192446077
wine_binary,29,0.0,immutable,weighted_l1,metric_repair,17,0.058823529411764705,0.17062208192446077
wine_binary,29,0.0,immutable,weighted_l1,fixed_support_exact,17,0.058823529411764705,0.17062208192446077
wine_binary,29,0.0,immutable,weighted_l1,native_exact_sparse,17,0.058823529411764705,0.17062208192446077
wine_binary,29,0.0,immutable,scaled_l2,metric_projection,17,0.058823529411764705,0.17062208192446077
wine_binary,29,0.0,immutable,scaled_l2,metric_repair,17,0.058823529411764705,0.17062208192446077
wine_binary,29,0.0,immutable,scaled_l2,fixed_support_exact,17,0.058823529411764705,0.17062208192446077
wine_binary,29,0.0,immutable,scaled_l2,native_exact_sparse,17,0.058823529411764705,0.17062208192446077
wine_binary,29,0.0,immutable_top3,weighted_l1,metric_projection,17,0.0,
wine_binary,29,0.0,immutable_top3,weighted_l1,metric_repair,17,0.0,
wine_binary,29,0.0,immutable_top3,weighted_l1,fixed_support_exact,17,0.0,
wine_binary,29,0.0,immutable_top3,weighted_l1,native_exact_sparse,17,0.058823529411764705,0.17062208192446077
wine_binary,29,0.0,immutable_top3,scaled_l2,metric_projection,17,0.0,
wine_binary,29,0.0,immutable_top3,scaled_l2,metric_repair,17,0.0,
wine_binary,29,0.0,immutable_top3,scaled_l2,fixed_support_exact,17,0.0,
wine_binary,29,0.0,immutable_top3,scaled_l2,native_exact_sparse,17,0.058823529411764705,0.17062208192446077
wine_binary,29,1.0,free,weighted_l1,metric_projection,26,1.0,0.8763363485044563
wine_binary,29,1.0,free,weighted_l1,metric_repair,26,1.0,0.8763363485044563
wine_binary,29,1.0,free,weighted_l1,fixed_support_exact,26,1.0,0.8763363485044563
wine_binary,29,1.0,free,weighted_l1,native_exact_sparse,26,1.0,0.8763363485044563
wine_binary,29,1.0,free,scaled_l2,metric_projection,26,1.0,0.8123243398377524
wine_binary,29,1.0,free,scaled_l2,metric_repair,26,1.0,0.8123243398377524
wine_binary,29,1.0,free,scaled_l2,fixed_support_exact,26,1.0,0.8123243398377524
wine_binary,29,1.0,free,scaled_l2,native_exact_sparse,26,1.0,0.8123243398377524
wine_binary,29,1.0,immutable,weighted_l1,metric_projection,26,0.38461538461538464,0.5188454671231789
wine_binary,29,1.0,immutable,weighted_l1,metric_repair,26,0.38461538461538464,0.5188454671231789
wine_binary,29,1.0,immutable,weighted_l1,fixed_support_exact,26,0.38461538461538464,0.5188454671231789
wine_binary,29,1.0,immutable,weighted_l1,native_exact_sparse,26,0.38461538461538464,0.5188454671231789
wine_binary,29,1.0,immutable,scaled_l2,metric_projection,26,0.38461538461538464,0.5188454671231789
wine_binary,29,1.0,immutable,scaled_l2,metric_repair,26,0.38461538461538464,0.5188454671231789
wine_binary,29,1.0,immutable,scaled_l2,fixed_support_exact,26,0.38461538461538464,0.5188454671231789
wine_binary,29,1.0,immutable,scaled_l2,native_exact_sparse,26,0.38461538461538464,0.5188454671231789
wine_binary,29,1.0,immutable_top3,weighted_l1,metric_projection,26,0.0,
wine_binary,29,1.0,immutable_top3,weighted_l1,metric_repair,26,0.0,
wine_binary,29,1.0,immutable_top3,weighted_l1,fixed_support_exact,26,0.0,
wine_binary,29,1.0,immutable_top3,weighted_l1,native_exact_sparse,26,0.38461538461538464,0.5188454671231789
wine_binary,29,1.0,immutable_top3,scaled_l2,metric_projection,26,0.0,
wine_binary,29,1.0,immutable_top3,scaled_l2,metric_repair,26,0.0,
wine_binary,29,1.0,immutable_top3,scaled_l2,fixed_support_exact,26,0.0,
wine_binary,29,1.0,immutable_top3,scaled_l2,native_exact_sparse,26,0.38461538461538464,0.5188454671231789
wine_binary,37,0.0,free,weighted_l1,metric_projection,25,1.0,0.9562634763757785
wine_binary,37,0.0,free,weighted_l1,metric_repair,25,1.0,0.9562634763757785
wine_binary,37,0.0,free,weighted_l1,fixed_support_exact,25,1.0,0.9562634763757785
wine_binary,37,0.0,free,weighted_l1,native_exact_sparse,25,1.0,0.9562634763757785
wine_binary,37,0.0,free,scaled_l2,metric_projection,25,1.0,0.7749911965401612
wine_binary,37,0.0,free,scaled_l2,metric_repair,25,1.0,0.7749911965401612
wine_binary,37,0.0,free,scaled_l2,fixed_support_exact,25,1.0,0.7749911965401612
wine_binary,37,0.0,free,scaled_l2,native_exact_sparse,25,1.0,0.7749911965401612
wine_binary,37,0.0,immutable,weighted_l1,metric_projection,25,0.0,
wine_binary,37,0.0,immutable,weighted_l1,metric_repair,25,0.16,4.485210898096925
wine_binary,37,0.0,immutable,weighted_l1,fixed_support_exact,25,0.16,0.5234144305243111
wine_binary,37,0.0,immutable,weighted_l1,native_exact_sparse,25,0.16,0.5234144305243111
wine_binary,37,0.0,immutable,scaled_l2,metric_projection,25,0.0,
wine_binary,37,0.0,immutable,scaled_l2,metric_repair,25,0.16,1.5830284798866414
wine_binary,37,0.0,immutable,scaled_l2,fixed_support_exact,25,0.16,0.5234144305243111
wine_binary,37,0.0,immutable,scaled_l2,native_exact_sparse,25,0.16,0.5234144305243111
wine_binary,37,0.0,immutable_top3,weighted_l1,metric_projection,25,0.0,
wine_binary,37,0.0,immutable_top3,weighted_l1,metric_repair,25,0.08,1.6820254571555262
wine_binary,37,0.0,immutable_top3,weighted_l1,fixed_support_exact,25,0.08,0.8564962974332693
wine_binary,37,0.0,immutable_top3,weighted_l1,native_exact_sparse,25,0.16,0.5234144305243111
wine_binary,37,0.0,immutable_top3,scaled_l2,metric_projection,25,0.0,
wine_binary,37,0.0,immutable_top3,scaled_l2,metric_repair,25,0.08,1.1039639494239777
wine_binary,37,0.0,immutable_top3,scaled_l2,fixed_support_exact,25,0.08,0.8564962974332693
wine_binary,37,0.0,immutable_top3,scaled_l2,native_exact_sparse,25,0.16,0.5234144305243111
wine_binary,37,1.0,free,weighted_l1,metric_projection,25,1.0,0.9562634763757785
wine_binary,37,1.0,free,weighted_l1,metric_repair,25,1.0,0.9562634763757785
wine_binary,37,1.0,free,weighted_l1,fixed_support_exact,25,1.0,0.9562634763757785
wine_binary,37,1.0,free,weighted_l1,native_exact_sparse,25,1.0,0.9562634763757785
wine_binary,37,1.0,free,scaled_l2,metric_projection,25,1.0,0.7749911965401612
wine_binary,37,1.0,free,scaled_l2,metric_repair,25,1.0,0.7749911965401612
wine_binary,37,1.0,free,scaled_l2,fixed_support_exact,25,1.0,0.7749911965401612
wine_binary,37,1.0,free,scaled_l2,native_exact_sparse,25,1.0,0.7749911965401612
wine_binary,37,1.0,immutable,weighted_l1,metric_projection,25,0.0,
wine_binary,37,1.0,immutable,weighted_l1,metric_repair,25,0.16,4.947887147829045
wine_binary,37,1.0,immutable,weighted_l1,fixed_support_exact,25,0.16,0.5234144305243111
wine_binary,37,1.0,immutable,weighted_l1,native_exact_sparse,25,0.16,0.5234144305243111
wine_binary,37,1.0,immutable,scaled_l2,metric_projection,25,0.0,
wine_binary,37,1.0,immutable,scaled_l2,metric_repair,25,0.16,1.711180766779133
wine_binary,37,1.0,immutable,scaled_l2,fixed_support_exact,25,0.16,0.5234144305243111
wine_binary,37,1.0,immutable,scaled_l2,native_exact_sparse,25,0.16,0.5234144305243111
wine_binary,37,1.0,immutable_top3,weighted_l1,metric_projection,25,0.0,
wine_binary,37,1.0,immutable_top3,weighted_l1,metric_repair,25,0.08,1.6820254571555262
wine_binary,37,1.0,immutable_top3,weighted_l1,fixed_support_exact,25,0.08,0.8564962974332693
wine_binary,37,1.0,immutable_top3,weighted_l1,native_exact_sparse,25,0.16,0.5234144305243111
wine_binary,37,1.0,immutable_top3,scaled_l2,metric_projection,25,0.0,
wine_binary,37,1.0,immutable_top3,scaled_l2,metric_repair,25,0.08,1.1039639494239777
wine_binary,37,1.0,immutable_top3,scaled_l2,fixed_support_exact,25,0.08,0.8564962974332693
wine_binary,37,1.0,immutable_top3,scaled_l2,native_exact_sparse,25,0.16,0.5234144305243111
wine_binary,41,0.0,free,weighted_l1,metric_projection,19,1.0,0.6201505537098916
wine_binary,41,0.0,free,weighted_l1,metric_repair,19,1.0,0.6201505537098916
wine_binary,41,0.0,free,weighted_l1,fixed_support_exact,19,1.0,0.6201505537098916
wine_binary,41,0.0,free,weighted_l1,native_exact_sparse,19,1.0,0.6201505537098916
wine_binary,41,0.0,free,scaled_l2,metric_projection,19,1.0,0.6201505537098916
wine_binary,41,0.0,free,scaled_l2,metric_repair,19,1.0,0.6201505537098916
wine_binary,41,0.0,free,scaled_l2,fixed_support_exact,19,1.0,0.6201505537098916
wine_binary,41,0.0,free,scaled_l2,native_exact_sparse,19,1.0,0.6201505537098916
wine_binary,41,0.0,immutable,weighted_l1,metric_projection,19,0.631578947368421,0.6869998294141876
wine_binary,41,0.0,immutable,weighted_l1,metric_repair,19,0.9473684210526315,2.3066608032119866
wine_binary,41,0.0,immutable,weighted_l1,fixed_support_exact,19,1.0,0.8093802233707988
wine_binary,41,0.0,immutable,weighted_l1,native_exact_sparse,19,1.0,0.8093802233707988
wine_binary,41,0.0,immutable,scaled_l2,metric_projection,19,0.631578947368421,0.6869998294141876
wine_binary,41,0.0,immutable,scaled_l2,metric_repair,19,0.9473684210526315,1.1319672550027189
wine_binary,41,0.0,immutable,scaled_l2,fixed_support_exact,19,1.0,0.8093802233707988
wine_binary,41,0.0,immutable,scaled_l2,native_exact_sparse,19,1.0,0.8093802233707988
wine_binary,41,0.0,immutable_top3,weighted_l1,metric_projection,19,0.631578947368421,0.6869998294141876
wine_binary,41,0.0,immutable_top3,weighted_l1,metric_repair,19,0.9473684210526315,1.1760477388363486
wine_binary,41,0.0,immutable_top3,weighted_l1,fixed_support_exact,19,0.9473684210526315,0.7942933810155188
wine_binary,41,0.0,immutable_top3,weighted_l1,native_exact_sparse,19,1.0,0.8093802233707988
wine_binary,41,0.0,immutable_top3,scaled_l2,metric_projection,19,0.631578947368421,0.6869998294141876
wine_binary,41,0.0,immutable_top3,scaled_l2,metric_repair,19,0.9473684210526315,0.9158870195847749
wine_binary,41,0.0,immutable_top3,scaled_l2,fixed_support_exact,19,0.9473684210526315,0.7942933810155188
wine_binary,41,0.0,immutable_top3,scaled_l2,native_exact_sparse,19,1.0,0.8093802233707988
wine_binary,41,1.0,free,weighted_l1,metric_projection,19,1.0,0.6201505537098916
wine_binary,41,1.0,free,weighted_l1,metric_repair,19,1.0,0.6201505537098916
wine_binary,41,1.0,free,weighted_l1,fixed_support_exact,19,1.0,0.6201505537098916
wine_binary,41,1.0,free,weighted_l1,native_exact_sparse,19,1.0,0.6201505537098916
wine_binary,41,1.0,free,scaled_l2,metric_projection,19,1.0,0.6201505537098916
wine_binary,41,1.0,free,scaled_l2,metric_repair,19,1.0,0.6201505537098916
wine_binary,41,1.0,free,scaled_l2,fixed_support_exact,19,1.0,0.6201505537098916
wine_binary,41,1.0,free,scaled_l2,native_exact_sparse,19,1.0,0.6201505537098916
wine_binary,41,1.0,immutable,weighted_l1,metric_projection,19,0.631578947368421,0.6869998294141876
wine_binary,41,1.0,immutable,weighted_l1,metric_repair,19,0.9473684210526315,2.4409963157891017
wine_binary,41,1.0,immutable,weighted_l1,fixed_support_exact,19,1.0,0.8093802233707988
wine_binary,41,1.0,immutable,weighted_l1,native_exact_sparse,19,1.0,0.8093802233707988
wine_binary,41,1.0,immutable,scaled_l2,metric_projection,19,0.631578947368421,0.6869998294141876
wine_binary,41,1.0,immutable,scaled_l2,metric_repair,19,0.9473684210526315,1.1861791171834095
wine_binary,41,1.0,immutable,scaled_l2,fixed_support_exact,19,1.0,0.8093802233707988
wine_binary,41,1.0,immutable,scaled_l2,native_exact_sparse,19,1.0,0.8093802233707988
wine_binary,41,1.0,immutable_top3,weighted_l1,metric_projection,19,0.631578947368421,0.6869998294141876
wine_binary,41,1.0,immutable_top3,weighted_l1,metric_repair,19,0.9473684210526315,1.2572383235533386
wine_binary,41,1.0,immutable_top3,weighted_l1,fixed_support_exact,19,0.9473684210526315,0.7942933810155188
wine_binary,41,1.0,immutable_top3,weighted_l1,native_exact_sparse,19,1.0,0.8093802233707988
wine_binary,41,1.0,immutable_top3,scaled_l2,metric_projection,19,0.631578947368421,0.6869998294141876
wine_binary,41,1.0,immutable_top3,scaled_l2,metric_repair,19,0.9473684210526315,0.9764874693091437
wine_binary,41,1.0,immutable_top3,scaled_l2,fixed_support_exact,19,0.9473684210526315,0.7942933810155188
wine_binary,41,1.0,immutable_top3,scaled_l2,native_exact_sparse,19,1.0,0.8093802233707988
wine_binary,53,0.0,free,weighted_l1,metric_projection,28,1.0,1.0404444490265223
wine_binary,53,0.0,free,weighted_l1,metric_repair,28,1.0,1.0404444490265223
wine_binary,53,0.0,free,weighted_l1,fixed_support_exact,28,1.0,1.0404444490265223
wine_binary,53,0.0,free,weighted_l1,native_exact_sparse,28,1.0,1.0404444490265223
wine_binary,53,0.0,free,scaled_l2,metric_projection,28,1.0,1.0404444490265223
wine_binary,53,0.0,free,scaled_l2,metric_repair,28,1.0,1.0404444490265223
wine_binary,53,0.0,free,scaled_l2,fixed_support_exact,28,1.0,1.0404444490265223
wine_binary,53,0.0,free,scaled_l2,native_exact_sparse,28,1.0,1.0404444490265223
wine_binary,53,0.0,immutable,weighted_l1,metric_projection,28,0.0,
wine_binary,53,0.0,immutable,weighted_l1,metric_repair,28,0.0,
wine_binary,53,0.0,immutable,weighted_l1,fixed_support_exact,28,0.0,
wine_binary,53,0.0,immutable,weighted_l1,native_exact_sparse,28,0.0,
wine_binary,53,0.0,immutable,scaled_l2,metric_projection,28,0.0,
wine_binary,53,0.0,immutable,scaled_l2,metric_repair,28,0.0,
wine_binary,53,0.0,immutable,scaled_l2,fixed_support_exact,28,0.0,
wine_binary,53,0.0,immutable,scaled_l2,native_exact_sparse,28,0.0,
wine_binary,53,0.0,immutable_top3,weighted_l1,metric_projection,28,0.0,
wine_binary,53,0.0,immutable_top3,weighted_l1,metric_repair,28,0.0,
wine_binary,53,0.0,immutable_top3,weighted_l1,fixed_support_exact,28,0.0,
wine_binary,53,0.0,immutable_top3,weighted_l1,native_exact_sparse,28,0.0,
wine_binary,53,0.0,immutable_top3,scaled_l2,metric_projection,28,0.0,
wine_binary,53,0.0,immutable_top3,scaled_l2,metric_repair,28,0.0,
wine_binary,53,0.0,immutable_top3,scaled_l2,fixed_support_exact,28,0.0,
wine_binary,53,0.0,immutable_top3,scaled_l2,native_exact_sparse,28,0.0,
wine_binary,53,1.0,free,weighted_l1,metric_projection,28,1.0,1.0404444490265223
wine_binary,53,1.0,free,weighted_l1,metric_repair,28,1.0,1.0404444490265223
wine_binary,53,1.0,free,weighted_l1,fixed_support_exact,28,1.0,1.0404444490265223
wine_binary,53,1.0,free,weighted_l1,native_exact_sparse,28,1.0,1.0404444490265223
wine_binary,53,1.0,free,scaled_l2,metric_projection,28,1.0,1.0404444490265223
wine_binary,53,1.0,free,scaled_l2,metric_repair,28,1.0,1.0404444490265223
wine_binary,53,1.0,free,scaled_l2,fixed_support_exact,28,1.0,1.0404444490265223
wine_binary,53,1.0,free,scaled_l2,native_exact_sparse,28,1.0,1.0404444490265223
wine_binary,53,1.0,immutable,weighted_l1,metric_projection,28,0.0,
wine_binary,53,1.0,immutable,weighted_l1,metric_repair,28,0.0,
wine_binary,53,1.0,immutable,weighted_l1,fixed_support_exact,28,0.0,
wine_binary,53,1.0,immutable,weighted_l1,native_exact_sparse,28,0.0,
wine_binary,53,1.0,immutable,scaled_l2,metric_projection,28,0.0,
wine_binary,53,1.0,immutable,scaled_l2,metric_repair,28,0.0,
wine_binary,53,1.0,immutable,scaled_l2,fixed_support_exact,28,0.0,
wine_binary,53,1.0,immutable,scaled_l2,native_exact_sparse,28,0.0,
wine_binary,53,1.0,immutable_top3,weighted_l1,metric_projection,28,0.0,
wine_binary,53,1.0,immutable_top3,weighted_l1,metric_repair,28,0.0,
wine_binary,53,1.0,immutable_top3,weighted_l1,fixed_support_exact,28,0.0,
wine_binary,53,1.0,immutable_top3,weighted_l1,native_exact_sparse,28,0.0,
wine_binary,53,1.0,immutable_top3,scaled_l2,metric_projection,28,0.0,
wine_binary,53,1.0,immutable_top3,scaled_l2,metric_repair,28,0.0,
wine_binary,53,1.0,immutable_top3,scaled_l2,fixed_support_exact,28,0.0,
wine_binary,53,1.0,immutable_top3,scaled_l2,native_exact_sparse,28,0.0,
wine_binary,61,0.0,free,weighted_l1,metric_projection,21,1.0,0.6899091114626134
wine_binary,61,0.0,free,weighted_l1,metric_repair,21,1.0,0.6899091114626134
wine_binary,61,0.0,free,weighted_l1,fixed_support_exact,21,1.0,0.6899091114626134
wine_binary,61,0.0,free,weighted_l1,native_exact_sparse,21,1.0,0.6899091114626134
wine_binary,61,0.0,free,scaled_l2,metric_projection,21,1.0,0.6899091114626134
wine_binary,61,0.0,free,scaled_l2,metric_repair,21,1.0,0.6899091114626134
wine_binary,61,0.0,free,scaled_l2,fixed_support_exact,21,1.0,0.6899091114626134
wine_binary,61,0.0,free,scaled_l2,native_exact_sparse,21,1.0,0.6899091114626134
wine_binary,61,0.0,immutable,weighted_l1,metric_projection,21,0.7142857142857143,0.7158452931162297
wine_binary,61,0.0,immutable,weighted_l1,metric_repair,21,1.0,3.5642815363429925
wine_binary,61,0.0,immutable,weighted_l1,fixed_support_exact,21,1.0,0.7602238321731998
wine_binary,61,0.0,immutable,weighted_l1,native_exact_sparse,21,1.0,0.7602238321731998
wine_binary,61,0.0,immutable,scaled_l2,metric_projection,21,0.7142857142857143,0.7158452931162297
wine_binary,61,0.0,immutable,scaled_l2,metric_repair,21,1.0,1.5515328240430912
wine_binary,61,0.0,immutable,scaled_l2,fixed_support_exact,21,1.0,0.7602238321731998
wine_binary,61,0.0,immutable,scaled_l2,native_exact_sparse,21,1.0,0.7602238321731998
wine_binary,61,0.0,immutable_top3,weighted_l1,metric_projection,21,0.2857142857142857,0.9066247843694342
wine_binary,61,0.0,immutable_top3,weighted_l1,metric_repair,21,0.3333333333333333,0.9606955130961499
wine_binary,61,0.0,immutable_top3,weighted_l1,fixed_support_exact,21,0.3333333333333333,0.8755115665369152
wine_binary,61,0.0,immutable_top3,weighted_l1,native_exact_sparse,21,1.0,0.7602238321731998
wine_binary,61,0.0,immutable_top3,scaled_l2,metric_projection,21,0.2857142857142857,0.9066247843694342
wine_binary,61,0.0,immutable_top3,scaled_l2,metric_repair,21,0.3333333333333333,0.9024507644128134
wine_binary,61,0.0,immutable_top3,scaled_l2,fixed_support_exact,21,0.3333333333333333,0.8755115665369152
wine_binary,61,0.0,immutable_top3,scaled_l2,native_exact_sparse,21,1.0,0.7602238321731998
wine_binary,61,1.0,free,weighted_l1,metric_projection,21,1.0,0.6899091114626134
wine_binary,61,1.0,free,weighted_l1,metric_repair,21,1.0,0.6899091114626134
wine_binary,61,1.0,free,weighted_l1,fixed_support_exact,21,1.0,0.6899091114626134
wine_binary,61,1.0,free,weighted_l1,native_exact_sparse,21,1.0,0.6899091114626134
wine_binary,61,1.0,free,scaled_l2,metric_projection,21,1.0,0.6899091114626134
wine_binary,61,1.0,free,scaled_l2,metric_repair,21,1.0,0.6899091114626134
wine_binary,61,1.0,free,scaled_l2,fixed_support_exact,21,1.0,0.6899091114626134
wine_binary,61,1.0,free,scaled_l2,native_exact_sparse,21,1.0,0.6899091114626134
wine_binary,61,1.0,immutable,weighted_l1,metric_projection,21,0.7142857142857143,0.7158452931162297
wine_binary,61,1.0,immutable,weighted_l1,metric_repair,21,1.0,3.976961589690424
wine_binary,61,1.0,immutable,weighted_l1,fixed_support_exact,21,1.0,0.7602238321731998
wine_binary,61,1.0,immutable,weighted_l1,native_exact_sparse,21,1.0,0.7602238321731998
wine_binary,61,1.0,immutable,scaled_l2,metric_projection,21,0.7142857142857143,0.7158452931162297
wine_binary,61,1.0,immutable,scaled_l2,metric_repair,21,1.0,1.6523407634484595
wine_binary,61,1.0,immutable,scaled_l2,fixed_support_exact,21,1.0,0.7602238321731998
wine_binary,61,1.0,immutable,scaled_l2,native_exact_sparse,21,1.0,0.7602238321731998
wine_binary,61,1.0,immutable_top3,weighted_l1,metric_projection,21,0.047619047619047616,1.651171399494338
wine_binary,61,1.0,immutable_top3,weighted_l1,metric_repair,21,0.09523809523809523,1.4681456424753911
wine_binary,61,1.0,immutable_top3,weighted_l1,fixed_support_exact,21,0.09523809523809523,1.1700018295180699
wine_binary,61,1.0,immutable_top3,weighted_l1,native_exact_sparse,21,1.0,0.7602238321731998
wine_binary,61,1.0,immutable_top3,scaled_l2,metric_projection,21,0.047619047619047616,1.651171399494338
wine_binary,61,1.0,immutable_top3,scaled_l2,metric_repair,21,0.09523809523809523,1.2642890220837133
wine_binary,61,1.0,immutable_top3,scaled_l2,fixed_support_exact,21,0.09523809523809523,1.1700018295180699
wine_binary,61,1.0,immutable_top3,scaled_l2,native_exact_sparse,21,1.0,0.7602238321731998
wine_binary,73,0.0,free,weighted_l1,metric_projection,20,1.0,0.739927502120683
wine_binary,73,0.0,free,weighted_l1,metric_repair,20,1.0,0.739927502120683
wine_binary,73,0.0,free,weighted_l1,fixed_support_exact,20,1.0,0.739927502120683
wine_binary,73,0.0,free,weighted_l1,native_exact_sparse,20,1.0,0.739927502120683
wine_binary,73,0.0,free,scaled_l2,metric_projection,20,1.0,0.739927502120683
wine_binary,73,0.0,free,scaled_l2,metric_repair,20,1.0,0.739927502120683
wine_binary,73,0.0,free,scaled_l2,fixed_support_exact,20,1.0,0.739927502120683
wine_binary,73,0.0,free,scaled_l2,native_exact_sparse,20,1.0,0.739927502120683
wine_binary,73,0.0,immutable,weighted_l1,metric_projection,20,0.9,0.7562458766634755
wine_binary,73,0.0,immutable,weighted_l1,metric_repair,20,1.0,1.6441010470890784
wine_binary,73,0.0,immutable,weighted_l1,fixed_support_exact,20,1.0,0.7486337726164418
wine_binary,73,0.0,immutable,weighted_l1,native_exact_sparse,20,1.0,0.7486337726164418
wine_binary,73,0.0,immutable,scaled_l2,metric_projection,20,0.9,0.7562458766634755
wine_binary,73,0.0,immutable,scaled_l2,metric_repair,20,1.0,1.0034357329393822
wine_binary,73,0.0,immutable,scaled_l2,fixed_support_exact,20,1.0,0.7486337726164418
wine_binary,73,0.0,immutable,scaled_l2,native_exact_sparse,20,1.0,0.7486337726164418
wine_binary,73,0.0,immutable_top3,weighted_l1,metric_projection,20,0.2,1.1368509409274894
wine_binary,73,0.0,immutable_top3,weighted_l1,metric_repair,20,0.2,1.1368509409274894
wine_binary,73,0.0,immutable_top3,weighted_l1,fixed_support_exact,20,0.2,1.1368509409274894
wine_binary,73,0.0,immutable_top3,weighted_l1,native_exact_sparse,20,1.0,0.7486337726164418
wine_binary,73,0.0,immutable_top3,scaled_l2,metric_projection,20,0.2,1.1368509409274894
wine_binary,73,0.0,immutable_top3,scaled_l2,metric_repair,20,0.2,1.1368509409274894
wine_binary,73,0.0,immutable_top3,scaled_l2,fixed_support_exact,20,0.2,1.1368509409274894
wine_binary,73,0.0,immutable_top3,scaled_l2,native_exact_sparse,20,1.0,0.7486337726164418
wine_binary,73,1.0,free,weighted_l1,metric_projection,20,1.0,0.739927502120683
wine_binary,73,1.0,free,weighted_l1,metric_repair,20,1.0,0.739927502120683
wine_binary,73,1.0,free,weighted_l1,fixed_support_exact,20,1.0,0.739927502120683
wine_binary,73,1.0,free,weighted_l1,native_exact_sparse,20,1.0,0.739927502120683
wine_binary,73,1.0,free,scaled_l2,metric_projection,20,1.0,0.739927502120683
wine_binary,73,1.0,free,scaled_l2,metric_repair,20,1.0,0.739927502120683
wine_binary,73,1.0,free,scaled_l2,fixed_support_exact,20,1.0,0.739927502120683
wine_binary,73,1.0,free,scaled_l2,native_exact_sparse,20,1.0,0.739927502120683
wine_binary,73,1.0,immutable,weighted_l1,metric_projection,20,0.9,0.7562458766634755
wine_binary,73,1.0,immutable,weighted_l1,metric_repair,20,1.0,1.7964713962480174
wine_binary,73,1.0,immutable,weighted_l1,fixed_support_exact,20,1.0,0.7486337726164418
wine_binary,73,1.0,immutable,weighted_l1,native_exact_sparse,20,1.0,0.7486337726164418
wine_binary,73,1.0,immutable,scaled_l2,metric_projection,20,0.9,0.7562458766634755
wine_binary,73,1.0,immutable,scaled_l2,metric_repair,20,1.0,1.041090967952751
wine_binary,73,1.0,immutable,scaled_l2,fixed_support_exact,20,1.0,0.7486337726164418
wine_binary,73,1.0,immutable,scaled_l2,native_exact_sparse,20,1.0,0.7486337726164418
wine_binary,73,1.0,immutable_top3,weighted_l1,metric_projection,20,0.05,1.6183992124178848
wine_binary,73,1.0,immutable_top3,weighted_l1,metric_repair,20,0.05,1.6183992124178848
wine_binary,73,1.0,immutable_top3,weighted_l1,fixed_support_exact,20,0.05,1.6183992124178848
wine_binary,73,1.0,immutable_top3,weighted_l1,native_exact_sparse,20,1.0,0.7486337726164418
wine_binary,73,1.0,immutable_top3,scaled_l2,metric_projection,20,0.05,1.6183992124178848
wine_binary,73,1.0,immutable_top3,scaled_l2,metric_repair,20,0.05,1.6183992124178848
wine_binary,73,1.0,immutable_top3,scaled_l2,fixed_support_exact,20,0.05,1.6183992124178848
wine_binary,73,1.0,immutable_top3,scaled_l2,native_exact_sparse,20,1.0,0.7486337726164418
wine_binary,89,0.0,free,weighted_l1,metric_projection,20,1.0,0.57023933286931
wine_binary,89,0.0,free,weighted_l1,metric_repair,20,1.0,0.57023933286931
wine_binary,89,0.0,free,weighted_l1,fixed_support_exact,20,1.0,0.57023933286931
wine_binary,89,0.0,free,weighted_l1,native_exact_sparse,20,1.0,0.57023933286931
wine_binary,89,0.0,free,scaled_l2,metric_projection,20,1.0,0.57023933286931
wine_binary,89,0.0,free,scaled_l2,metric_repair,20,1.0,0.57023933286931
wine_binary,89,0.0,free,scaled_l2,fixed_support_exact,20,1.0,0.57023933286931
wine_binary,89,0.0,free,scaled_l2,native_exact_sparse,20,1.0,0.57023933286931
wine_binary,89,0.0,immutable,weighted_l1,metric_projection,20,0.85,0.5708561004721667
wine_binary,89,0.0,immutable,weighted_l1,metric_repair,20,1.0,1.3915451438445343
wine_binary,89,0.0,immutable,weighted_l1,fixed_support_exact,20,1.0,0.6599096717890561
wine_binary,89,0.0,immutable,weighted_l1,native_exact_sparse,20,1.0,0.6599096717890561
wine_binary,89,0.0,immutable,scaled_l2,metric_projection,20,0.85,0.5708561004721667
wine_binary,89,0.0,immutable,scaled_l2,metric_repair,20,1.0,0.8079022280316923
wine_binary,89,0.0,immutable,scaled_l2,fixed_support_exact,20,1.0,0.6599096717890561
wine_binary,89,0.0,immutable,scaled_l2,native_exact_sparse,20,1.0,0.6599096717890561
wine_binary,89,0.0,immutable_top3,weighted_l1,metric_projection,20,0.1,0.5545459855343753
wine_binary,89,0.0,immutable_top3,weighted_l1,metric_repair,20,0.15,1.203988967486696
wine_binary,89,0.0,immutable_top3,weighted_l1,fixed_support_exact,20,0.15,0.9004770769852716
wine_binary,89,0.0,immutable_top3,weighted_l1,native_exact_sparse,20,1.0,0.6599096717890561
wine_binary,89,0.0,immutable_top3,scaled_l2,metric_projection,20,0.1,0.5545459855343753
wine_binary,89,0.0,immutable_top3,scaled_l2,metric_repair,20,0.15,0.9712808957327882
wine_binary,89,0.0,immutable_top3,scaled_l2,fixed_support_exact,20,0.15,0.9004770769852716
wine_binary,89,0.0,immutable_top3,scaled_l2,native_exact_sparse,20,1.0,0.6599096717890561
wine_binary,89,1.0,free,weighted_l1,metric_projection,20,1.0,0.57023933286931
wine_binary,89,1.0,free,weighted_l1,metric_repair,20,1.0,0.57023933286931
wine_binary,89,1.0,free,weighted_l1,fixed_support_exact,20,1.0,0.57023933286931
wine_binary,89,1.0,free,weighted_l1,native_exact_sparse,20,1.0,0.57023933286931
wine_binary,89,1.0,free,scaled_l2,metric_projection,20,1.0,0.57023933286931
wine_binary,89,1.0,free,scaled_l2,metric_repair,20,1.0,0.57023933286931
wine_binary,89,1.0,free,scaled_l2,fixed_support_exact,20,1.0,0.57023933286931
wine_binary,89,1.0,free,scaled_l2,native_exact_sparse,20,1.0,0.57023933286931
wine_binary,89,1.0,immutable,weighted_l1,metric_projection,20,0.85,0.5708561004721667
wine_binary,89,1.0,immutable,weighted_l1,metric_repair,20,1.0,1.5728204228973157
wine_binary,89,1.0,immutable,weighted_l1,fixed_support_exact,20,1.0,0.6599096717890561
wine_binary,89,1.0,immutable,weighted_l1,native_exact_sparse,20,1.0,0.6599096717890561
wine_binary,89,1.0,immutable,scaled_l2,metric_projection,20,0.85,0.5708561004721667
wine_binary,89,1.0,immutable,scaled_l2,metric_repair,20,1.0,0.8477755414094752
wine_binary,89,1.0,immutable,scaled_l2,fixed_support_exact,20,1.0,0.6599096717890561
wine_binary,89,1.0,immutable,scaled_l2,native_exact_sparse,20,1.0,0.6599096717890561
wine_binary,89,1.0,immutable_top3,weighted_l1,metric_projection,20,0.05,0.198052124199618
wine_binary,89,1.0,immutable_top3,weighted_l1,metric_repair,20,0.1,1.3504635277954777
wine_binary,89,1.0,immutable_top3,weighted_l1,fixed_support_exact,20,0.1,0.895195692043341
wine_binary,89,1.0,immutable_top3,weighted_l1,native_exact_sparse,20,1.0,0.6599096717890561
wine_binary,89,1.0,immutable_top3,scaled_l2,metric_projection,20,0.05,0.198052124199618
wine_binary,89,1.0,immutable_top3,scaled_l2,metric_repair,20,0.1,1.001401420164616
wine_binary,89,1.0,immutable_top3,scaled_l2,fixed_support_exact,20,0.1,0.895195692043341
wine_binary,89,1.0,immutable_top3,scaled_l2,native_exact_sparse,20,1.0,0.6599096717890561
credit_default,7,0.0,free,weighted_l1,metric_projection,200,1.0,0.30035834311422666
credit_default,7,0.0,free,weighted_l1,metric_repair,200,1.0,0.30035834311422666
credit_default,7,0.0,free,weighted_l1,fixed_support_exact,200,1.0,0.30035834311422666
credit_default,7,0.0,free,weighted_l1,native_exact_sparse,200,1.0,0.30035834311422666
credit_default,7,0.0,free,scaled_l2,metric_projection,200,1.0,0.27868201863056724
credit_default,7,0.0,free,scaled_l2,metric_repair,200,1.0,0.27868201863056724
credit_default,7,0.0,free,scaled_l2,fixed_support_exact,200,1.0,0.27868201863056724
credit_default,7,0.0,free,scaled_l2,native_exact_sparse,200,1.0,0.27868201863056724
credit_default,7,0.0,immutable,weighted_l1,metric_projection,200,0.97,0.3006190507594738
credit_default,7,0.0,immutable,weighted_l1,metric_repair,200,1.0,0.4248088667620083
credit_default,7,0.0,immutable,weighted_l1,fixed_support_exact,200,1.0,0.30503268798201966
credit_default,7,0.0,immutable,weighted_l1,native_exact_sparse,200,1.0,0.30503268798201966
credit_default,7,0.0,immutable,scaled_l2,metric_projection,200,0.97,0.27827232448766
credit_default,7,0.0,immutable,scaled_l2,metric_repair,200,1.0,0.3216729544367844
credit_default,7,0.0,immutable,scaled_l2,fixed_support_exact,200,1.0,0.2821162219700197
credit_default,7,0.0,immutable,scaled_l2,native_exact_sparse,200,1.0,0.2821162219700197
credit_default,7,0.0,immutable_top3,weighted_l1,metric_projection,200,0.09,0.21585329024953057
credit_default,7,0.0,immutable_top3,weighted_l1,metric_repair,200,0.095,0.22847984117741596
credit_default,7,0.0,immutable_top3,weighted_l1,fixed_support_exact,200,0.24,1.1038115143370186
credit_default,7,0.0,immutable_top3,weighted_l1,native_exact_sparse,200,1.0,0.30503268798201966
credit_default,7,0.0,immutable_top3,scaled_l2,metric_projection,200,0.08,0.19424834491617682
credit_default,7,0.0,immutable_top3,scaled_l2,metric_repair,200,0.085,0.2096312515610695
credit_default,7,0.0,immutable_top3,scaled_l2,fixed_support_exact,200,0.24,0.8803005551595985
credit_default,7,0.0,immutable_top3,scaled_l2,native_exact_sparse,200,1.0,0.2821162219700197
credit_default,7,1.0,free,weighted_l1,metric_projection,200,1.0,0.31622658689002514
credit_default,7,1.0,free,weighted_l1,metric_repair,200,1.0,0.31622658689002514
credit_default,7,1.0,free,weighted_l1,fixed_support_exact,200,1.0,0.31622658689002514
credit_default,7,1.0,free,weighted_l1,native_exact_sparse,200,1.0,0.31622658689002514
credit_default,7,1.0,free,scaled_l2,metric_projection,200,1.0,0.2923145893589071
credit_default,7,1.0,free,scaled_l2,metric_repair,200,1.0,0.2923145893589071
credit_default,7,1.0,free,scaled_l2,fixed_support_exact,200,1.0,0.2923145893589071
credit_default,7,1.0,free,scaled_l2,native_exact_sparse,200,1.0,0.2923145893589071
credit_default,7,1.0,immutable,weighted_l1,metric_projection,200,0.97,0.31810665405273647
credit_default,7,1.0,immutable,weighted_l1,metric_repair,200,1.0,0.40738456160817793
credit_default,7,1.0,immutable,weighted_l1,fixed_support_exact,200,1.0,0.32135453512180456
credit_default,7,1.0,immutable,weighted_l1,native_exact_sparse,200,1.0,0.32135453512180456
credit_default,7,1.0,immutable,scaled_l2,metric_projection,200,0.97,0.29345511020622295
credit_default,7,1.0,immutable,scaled_l2,metric_repair,200,1.0,0.3270524681535349
credit_default,7,1.0,immutable,scaled_l2,fixed_support_exact,200,1.0,0.29620239606234583
credit_default,7,1.0,immutable,scaled_l2,native_exact_sparse,200,1.0,0.29620239606234583
credit_default,7,1.0,immutable_top3,weighted_l1,metric_projection,200,0.105,0.19509142228919385
credit_default,7,1.0,immutable_top3,weighted_l1,metric_repair,200,0.105,0.19509142228919385
credit_default,7,1.0,immutable_top3,weighted_l1,fixed_support_exact,200,0.175,0.5279275466961227
credit_default,7,1.0,immutable_top3,weighted_l1,native_exact_sparse,200,1.0,0.32135453512180456
credit_default,7,1.0,immutable_top3,scaled_l2,metric_projection,200,0.105,0.1889626735065686
credit_default,7,1.0,immutable_top3,scaled_l2,metric_repair,200,0.105,0.1889626735065686
credit_default,7,1.0,immutable_top3,scaled_l2,fixed_support_exact,200,0.175,0.4650064220344458
credit_default,7,1.0,immutable_top3,scaled_l2,native_exact_sparse,200,1.0,0.29620239606234583
credit_default,13,0.0,free,weighted_l1,metric_projection,200,1.0,0.26448066159156197
credit_default,13,0.0,free,weighted_l1,metric_repair,200,1.0,0.26448066159156197
credit_default,13,0.0,free,weighted_l1,fixed_support_exact,200,1.0,0.26448066159156197
credit_default,13,0.0,free,weighted_l1,native_exact_sparse,200,1.0,0.26448066159156197
credit_default,13,0.0,free,scaled_l2,metric_projection,200,1.0,0.2559242838134148
credit_default,13,0.0,free,scaled_l2,metric_repair,200,1.0,0.2559242838134148
credit_default,13,0.0,free,scaled_l2,fixed_support_exact,200,1.0,0.2559242838134148
credit_default,13,0.0,free,scaled_l2,native_exact_sparse,200,1.0,0.2559242838134148
credit_default,13,0.0,immutable,weighted_l1,metric_projection,200,1.0,0.26448066159156197
credit_default,13,0.0,immutable,weighted_l1,metric_repair,200,1.0,0.26448066159156197
credit_default,13,0.0,immutable,weighted_l1,fixed_support_exact,200,1.0,0.26448066159156197
credit_default,13,0.0,immutable,weighted_l1,native_exact_sparse,200,1.0,0.26448066159156197
credit_default,13,0.0,immutable,scaled_l2,metric_projection,200,1.0,0.2559242838134148
credit_default,13,0.0,immutable,scaled_l2,metric_repair,200,1.0,0.2559242838134148
credit_default,13,0.0,immutable,scaled_l2,fixed_support_exact,200,1.0,0.2559242838134148
credit_default,13,0.0,immutable,scaled_l2,native_exact_sparse,200,1.0,0.2559242838134148
credit_default,13,0.0,immutable_top3,weighted_l1,metric_projection,200,0.215,0.18944627596778169
credit_default,13,0.0,immutable_top3,weighted_l1,metric_repair,200,0.22,0.20544253110578295
credit_default,13,0.0,immutable_top3,weighted_l1,fixed_support_exact,200,0.455,0.5172688806159486
credit_default,13,0.0,immutable_top3,weighted_l1,native_exact_sparse,200,1.0,0.26448066159156197
credit_default,13,0.0,immutable_top3,scaled_l2,metric_projection,200,0.215,0.18944627596778169
credit_default,13,0.0,immutable_top3,scaled_l2,metric_repair,200,0.22,0.19946934338107225
credit_default,13,0.0,immutable_top3,scaled_l2,fixed_support_exact,200,0.455,0.514422393912326
credit_default,13,0.0,immutable_top3,scaled_l2,native_exact_sparse,200,1.0,0.2559242838134148
credit_default,13,1.0,free,weighted_l1,metric_projection,200,1.0,0.2550180638231742
credit_default,13,1.0,free,weighted_l1,metric_repair,200,1.0,0.2550180638231742
credit_default,13,1.0,free,weighted_l1,fixed_support_exact,200,1.0,0.2550180638231742
credit_default,13,1.0,free,weighted_l1,native_exact_sparse,200,1.0,0.2550180638231742
credit_default,13,1.0,free,scaled_l2,metric_projection,200,1.0,0.24759916338903729
credit_default,13,1.0,free,scaled_l2,metric_repair,200,1.0,0.24759916338903729
credit_default,13,1.0,free,scaled_l2,fixed_support_exact,200,1.0,0.24759916338903729
credit_default,13,1.0,free,scaled_l2,native_exact_sparse,200,1.0,0.24759916338903729
credit_default,13,1.0,immutable,weighted_l1,metric_projection,200,1.0,0.2550180638231742
credit_default,13,1.0,immutable,weighted_l1,metric_repair,200,1.0,0.2550180638231742
credit_default,13,1.0,immutable,weighted_l1,fixed_support_exact,200,1.0,0.2550180638231742
credit_default,13,1.0,immutable,weighted_l1,native_exact_sparse,200,1.0,0.2550180638231742
credit_default,13,1.0,immutable,scaled_l2,metric_projection,200,1.0,0.24759916338903729
credit_default,13,1.0,immutable,scaled_l2,metric_repair,200,1.0,0.24759916338903729
credit_default,13,1.0,immutable,scaled_l2,fixed_support_exact,200,1.0,0.24759916338903729
credit_default,13,1.0,immutable,scaled_l2,native_exact_sparse,200,1.0,0.24759916338903729
credit_default,13,1.0,immutable_top3,weighted_l1,metric_projection,200,0.22,0.18424813802709503
credit_default,13,1.0,immutable_top3,weighted_l1,metric_repair,200,0.225,0.18476998029766295
credit_default,13,1.0,immutable_top3,weighted_l1,fixed_support_exact,200,0.46,0.5702900941354428
credit_default,13,1.0,immutable_top3,weighted_l1,native_exact_sparse,200,1.0,0.2550180638231742
credit_default,13,1.0,immutable_top3,scaled_l2,metric_projection,200,0.22,0.18424813802709503
credit_default,13,1.0,immutable_top3,scaled_l2,metric_repair,200,0.225,0.18306018224922005
credit_default,13,1.0,immutable_top3,scaled_l2,fixed_support_exact,200,0.46,0.5700511237218752
credit_default,13,1.0,immutable_top3,scaled_l2,native_exact_sparse,200,1.0,0.24759916338903729
credit_default,19,0.0,free,weighted_l1,metric_projection,200,1.0,0.13195198890787962
credit_default,19,0.0,free,weighted_l1,metric_repair,200,1.0,0.13195198890787962
credit_default,19,0.0,free,weighted_l1,fixed_support_exact,200,1.0,0.13195198890787962
credit_default,19,0.0,free,weighted_l1,native_exact_sparse,200,1.0,0.13195198890787962
credit_default,19,0.0,free,scaled_l2,metric_projection,200,1.0,0.12113026869130056
credit_default,19,0.0,free,scaled_l2,metric_repair,200,1.0,0.12113026869130056
credit_default,19,0.0,free,scaled_l2,fixed_support_exact,200,1.0,0.12113026869130056
credit_default,19,0.0,free,scaled_l2,native_exact_sparse,200,1.0,0.12113026869130056
credit_default,19,0.0,immutable,weighted_l1,metric_projection,200,1.0,0.13195198890787962
credit_default,19,0.0,immutable,weighted_l1,metric_repair,200,1.0,0.13195198890787962
credit_default,19,0.0,immutable,weighted_l1,fixed_support_exact,200,1.0,0.13195198890787962
credit_default,19,0.0,immutable,weighted_l1,native_exact_sparse,200,1.0,0.13195198890787962
credit_default,19,0.0,immutable,scaled_l2,metric_projection,200,1.0,0.12113026869130056
credit_default,19,0.0,immutable,scaled_l2,metric_repair,200,1.0,0.12113026869130056
credit_default,19,0.0,immutable,scaled_l2,fixed_support_exact,200,1.0,0.12113026869130056
credit_default,19,0.0,immutable,scaled_l2,native_exact_sparse,200,1.0,0.12113026869130056
credit_default,19,0.0,immutable_top3,weighted_l1,metric_projection,200,0.195,0.06856860136046576
credit_default,19,0.0,immutable_top3,weighted_l1,metric_repair,200,0.2,0.07076967972347678
credit_default,19,0.0,immutable_top3,weighted_l1,fixed_support_exact,200,0.49,0.5538405495875811
credit_default,19,0.0,immutable_top3,weighted_l1,native_exact_sparse,200,1.0,0.13195198890787962
credit_default,19,0.0,immutable_top3,scaled_l2,metric_projection,200,0.195,0.06856860136046576
credit_default,19,0.0,immutable_top3,scaled_l2,metric_repair,200,0.2,0.06937378041978089
credit_default,19,0.0,immutable_top3,scaled_l2,fixed_support_exact,200,0.49,0.5538405495875811
credit_default,19,0.0,immutable_top3,scaled_l2,native_exact_sparse,200,1.0,0.12113026869130056
credit_default,19,1.0,free,weighted_l1,metric_projection,200,1.0,0.13980597328601596
credit_default,19,1.0,free,weighted_l1,metric_repair,200,1.0,0.13980597328601596
credit_default,19,1.0,free,weighted_l1,fixed_support_exact,200,1.0,0.13980597328601596
credit_default,19,1.0,free,weighted_l1,native_exact_sparse,200,1.0,0.13980597328601596
credit_default,19,1.0,free,scaled_l2,metric_projection,200,1.0,0.12896872488936803
credit_default,19,1.0,free,scaled_l2,metric_repair,200,1.0,0.12896872488936803
credit_default,19,1.0,free,scaled_l2,fixed_support_exact,200,1.0,0.12896872488936803
credit_default,19,1.0,free,scaled_l2,native_exact_sparse,200,1.0,0.12896872488936803
credit_default,19,1.0,immutable,weighted_l1,metric_projection,200,1.0,0.13980597328601596
credit_default,19,1.0,immutable,weighted_l1,metric_repair,200,1.0,0.13980597328601596
credit_default,19,1.0,immutable,weighted_l1,fixed_support_exact,200,1.0,0.13980597328601596
credit_default,19,1.0,immutable,weighted_l1,native_exact_sparse,200,1.0,0.13980597328601596
credit_default,19,1.0,immutable,scaled_l2,metric_projection,200,0.995,0.12485830940260956
credit_default,19,1.0,immutable,scaled_l2,metric_repair,200,1.0,0.13638957184343145
credit_default,19,1.0,immutable,scaled_l2,fixed_support_exact,200,1.0,0.13090304770709477
credit_default,19,1.0,immutable,scaled_l2,native_exact_sparse,200,1.0,0.13090304770709477
credit_default,19,1.0,immutable_top3,weighted_l1,metric_projection,200,0.14,0.08598329893286948
credit_default,19,1.0,immutable_top3,weighted_l1,metric_repair,200,0.16,0.1098575723986337
credit_default,19,1.0,immutable_top3,weighted_l1,fixed_support_exact,200,0.45,0.6552916960372205
credit_default,19,1.0,immutable_top3,weighted_l1,native_exact_sparse,200,1.0,0.13980597328601596
credit_default,19,1.0,immutable_top3,scaled_l2,metric_projection,200,0.14,0.08598329893286948
credit_default,19,1.0,immutable_top3,scaled_l2,metric_repair,200,0.16,0.09866593480575808
credit_default,19,1.0,immutable_top3,scaled_l2,fixed_support_exact,200,0.45,0.6552916960372205
credit_default,19,1.0,immutable_top3,scaled_l2,native_exact_sparse,200,1.0,0.13090304770709477
credit_default,29,0.0,free,weighted_l1,metric_projection,200,1.0,0.4255600041787517
credit_default,29,0.0,free,weighted_l1,metric_repair,200,1.0,0.4255600041787517
credit_default,29,0.0,free,weighted_l1,fixed_support_exact,200,1.0,0.4255600041787517
credit_default,29,0.0,free,weighted_l1,native_exact_sparse,200,1.0,0.4255600041787517
credit_default,29,0.0,free,scaled_l2,metric_projection,200,1.0,0.42101699598550424
credit_default,29,0.0,free,scaled_l2,metric_repair,200,1.0,0.42101699598550424
credit_default,29,0.0,free,scaled_l2,fixed_support_exact,200,1.0,0.42101699598550424
credit_default,29,0.0,free,scaled_l2,native_exact_sparse,200,1.0,0.42101699598550424
credit_default,29,0.0,immutable,weighted_l1,metric_projection,200,0.88,0.4263006236269879
credit_default,29,0.0,immutable,weighted_l1,metric_repair,200,1.0,0.7505232070145553
credit_default,29,0.0,immutable,weighted_l1,fixed_support_exact,200,1.0,0.48821954189456385
credit_default,29,0.0,immutable,weighted_l1,native_exact_sparse,200,1.0,0.48821954189456385
credit_default,29,0.0,immutable,scaled_l2,metric_projection,200,0.875,0.41952317291239444
credit_default,29,0.0,immutable,scaled_l2,metric_repair,200,1.0,0.5702572491430696
credit_default,29,0.0,immutable,scaled_l2,fixed_support_exact,200,1.0,0.47110984154508984
credit_default,29,0.0,immutable,scaled_l2,native_exact_sparse,200,1.0,0.47110984154508984
credit_default,29,0.0,immutable_top3,weighted_l1,metric_projection,200,0.06,0.6028481050746827
credit_default,29,0.0,immutable_top3,weighted_l1,metric_repair,200,0.095,0.7380985290634542
credit_default,29,0.0,immutable_top3,weighted_l1,fixed_support_exact,200,0.135,0.6905004426188467
credit_default,29,0.0,immutable_top3,weighted_l1,native_exact_sparse,200,1.0,0.48821954189456385
credit_default,29,0.0,immutable_top3,scaled_l2,metric_projection,200,0.06,0.6028481050746827
credit_default,29,0.0,immutable_top3,scaled_l2,metric_repair,200,0.095,0.6592048381215752
credit_default,29,0.0,immutable_top3,scaled_l2,fixed_support_exact,200,0.135,0.6457273153162647
credit_default,29,0.0,immutable_top3,scaled_l2,native_exact_sparse,200,1.0,0.47110984154508984
credit_default,29,1.0,free,weighted_l1,metric_projection,200,1.0,0.44331882819530477
credit_default,29,1.0,free,weighted_l1,metric_repair,200,1.0,0.44331882819530477
credit_default,29,1.0,free,weighted_l1,fixed_support_exact,200,1.0,0.44331882819530477
credit_default,29,1.0,free,weighted_l1,native_exact_sparse,200,1.0,0.44331882819530477
credit_default,29,1.0,free,scaled_l2,metric_projection,200,1.0,0.43848300033283705
credit_default,29,1.0,free,scaled_l2,metric_repair,200,1.0,0.43848300033283705
credit_default,29,1.0,free,scaled_l2,fixed_support_exact,200,1.0,0.43848300033283705
credit_default,29,1.0,free,scaled_l2,native_exact_sparse,200,1.0,0.43848300033283705
credit_default,29,1.0,immutable,weighted_l1,metric_projection,200,0.915,0.443867625395457
credit_default,29,1.0,immutable,weighted_l1,metric_repair,200,1.0,0.7077175910787187
credit_default,29,1.0,immutable,weighted_l1,fixed_support_exact,200,1.0,0.4814742056426565
credit_default,29,1.0,immutable,weighted_l1,native_exact_sparse,200,1.0,0.4814742056426565
credit_default,29,1.0,immutable,scaled_l2,metric_projection,200,0.905,0.43375366419007094
credit_default,29,1.0,immutable,scaled_l2,metric_repair,200,1.0,0.567071697141807
credit_default,29,1.0,immutable,scaled_l2,fixed_support_exact,200,1.0,0.47000368901053874
credit_default,29,1.0,immutable,scaled_l2,native_exact_sparse,200,1.0,0.47000368901053874
credit_default,29,1.0,immutable_top3,weighted_l1,metric_projection,200,0.05,0.3804079220349995
credit_default,29,1.0,immutable_top3,weighted_l1,metric_repair,200,0.09,0.5109347872221188
credit_default,29,1.0,immutable_top3,weighted_l1,fixed_support_exact,200,0.1,0.5401427838978275
credit_default,29,1.0,immutable_top3,weighted_l1,native_exact_sparse,200,1.0,0.4814742056426565
credit_default,29,1.0,immutable_top3,scaled_l2,metric_projection,200,0.05,0.3804079220349995
credit_default,29,1.0,immutable_top3,scaled_l2,metric_repair,200,0.09,0.5063391372825852
credit_default,29,1.0,immutable_top3,scaled_l2,fixed_support_exact,200,0.1,0.5401427838978275
credit_default,29,1.0,immutable_top3,scaled_l2,native_exact_sparse,200,1.0,0.47000368901053874
credit_default,37,0.0,free,weighted_l1,metric_projection,200,1.0,0.33883159058659523
credit_default,37,0.0,free,weighted_l1,metric_repair,200,1.0,0.33883159058659523
credit_default,37,0.0,free,weighted_l1,fixed_support_exact,200,1.0,0.33883159058659523
credit_default,37,0.0,free,weighted_l1,native_exact_sparse,200,1.0,0.33883159058659523
credit_default,37,0.0,free,scaled_l2,metric_projection,200,1.0,0.3210935460396553
credit_default,37,0.0,free,scaled_l2,metric_repair,200,1.0,0.3210935460396553
credit_default,37,0.0,free,scaled_l2,fixed_support_exact,200,1.0,0.3210935460396553
credit_default,37,0.0,free,scaled_l2,native_exact_sparse,200,1.0,0.3210935460396553
credit_default,37,0.0,immutable,weighted_l1,metric_projection,200,0.99,0.34143788700834554
credit_default,37,0.0,immutable,weighted_l1,metric_repair,200,1.0,0.35013081273022906
credit_default,37,0.0,immutable,weighted_l1,fixed_support_exact,200,1.0,0.3393700204903057
credit_default,37,0.0,immutable,weighted_l1,native_exact_sparse,200,1.0,0.3393700204903057
credit_default,37,0.0,immutable,scaled_l2,metric_projection,200,0.99,0.3236952559429921
credit_default,37,0.0,immutable,scaled_l2,metric_repair,200,1.0,0.32686709630914135
credit_default,37,0.0,immutable,scaled_l2,fixed_support_exact,200,1.0,0.3218048157356058
credit_default,37,0.0,immutable,scaled_l2,native_exact_sparse,200,1.0,0.3218048157356058
credit_default,37,0.0,immutable_top3,weighted_l1,metric_projection,200,0.095,0.14697206524131276
credit_default,37,0.0,immutable_top3,weighted_l1,metric_repair,200,0.105,0.2100319702235642
credit_default,37,0.0,immutable_top3,weighted_l1,fixed_support_exact,200,0.175,0.2579438770466848
credit_default,37,0.0,immutable_top3,weighted_l1,native_exact_sparse,200,1.0,0.3393700204903057
credit_default,37,0.0,immutable_top3,scaled_l2,metric_projection,200,0.095,0.14697206524131276
credit_default,37,0.0,immutable_top3,scaled_l2,metric_repair,200,0.105,0.1831712882109237
credit_default,37,0.0,immutable_top3,scaled_l2,fixed_support_exact,200,0.175,0.24893204434763913
credit_default,37,0.0,immutable_top3,scaled_l2,native_exact_sparse,200,1.0,0.3218048157356058
credit_default,37,1.0,free,weighted_l1,metric_projection,200,1.0,0.35605395374051463
credit_default,37,1.0,free,weighted_l1,metric_repair,200,1.0,0.35605395374051463
credit_default,37,1.0,free,weighted_l1,fixed_support_exact,200,1.0,0.35605395374051463
credit_default,37,1.0,free,weighted_l1,native_exact_sparse,200,1.0,0.35605395374051463
credit_default,37,1.0,free,scaled_l2,metric_projection,200,1.0,0.33843124493279236
credit_default,37,1.0,free,scaled_l2,metric_repair,200,1.0,0.33843124493279236
credit_default,37,1.0,free,scaled_l2,fixed_support_exact,200,1.0,0.33843124493279236
credit_default,37,1.0,free,scaled_l2,native_exact_sparse,200,1.0,0.33843124493279236
credit_default,37,1.0,immutable,weighted_l1,metric_projection,200,0.995,0.3575444388555923
credit_default,37,1.0,immutable,weighted_l1,metric_repair,200,0.995,0.3575444388555923
credit_default,37,1.0,immutable,weighted_l1,fixed_support_exact,200,1.0,0.35653677698230263
credit_default,37,1.0,immutable,weighted_l1,native_exact_sparse,200,1.0,0.35653677698230263
credit_default,37,1.0,immutable,scaled_l2,metric_projection,200,0.995,0.3398572793752758
credit_default,37,1.0,immutable,scaled_l2,metric_repair,200,0.995,0.3398572793752758
credit_default,37,1.0,immutable,scaled_l2,fixed_support_exact,200,1.0,0.33893805329938764
credit_default,37,1.0,immutable,scaled_l2,native_exact_sparse,200,1.0,0.33893805329938764
credit_default,37,1.0,immutable_top3,weighted_l1,metric_projection,200,0.095,0.1367847949451636
credit_default,37,1.0,immutable_top3,weighted_l1,metric_repair,200,0.11,0.2817260677296553
credit_default,37,1.0,immutable_top3,weighted_l1,fixed_support_exact,200,0.185,0.35768639692914145
credit_default,37,1.0,immutable_top3,weighted_l1,native_exact_sparse,200,1.0,0.35653677698230263
credit_default,37,1.0,immutable_top3,scaled_l2,metric_projection,200,0.095,0.11800498267469943
credit_default,37,1.0,immutable_top3,scaled_l2,metric_repair,200,0.11,0.23957211832654413
credit_default,37,1.0,immutable_top3,scaled_l2,fixed_support_exact,200,0.185,0.3329388290151316
credit_default,37,1.0,immutable_top3,scaled_l2,native_exact_sparse,200,1.0,0.33893805329938764
credit_default,41,0.0,free,weighted_l1,metric_projection,200,1.0,0.19085346175915174
credit_default,41,0.0,free,weighted_l1,metric_repair,200,1.0,0.19085346175915174
credit_default,41,0.0,free,weighted_l1,fixed_support_exact,200,1.0,0.19085346175915174
credit_default,41,0.0,free,weighted_l1,native_exact_sparse,200,1.0,0.19085346175915174
credit_default,41,0.0,free,scaled_l2,metric_projection,200,1.0,0.18816770834368626
credit_default,41,0.0,free,scaled_l2,metric_repair,200,1.0,0.18816770834368626
credit_default,41,0.0,free,scaled_l2,fixed_support_exact,200,1.0,0.18816770834368626
credit_default,41,0.0,free,scaled_l2,native_exact_sparse,200,1.0,0.18816770834368626
credit_default,41,0.0,immutable,weighted_l1,metric_projection,200,1.0,0.19085346175915174
credit_default,41,0.0,immutable,weighted_l1,metric_repair,200,1.0,0.19085346175915174
credit_default,41,0.0,immutable,weighted_l1,fixed_support_exact,200,1.0,0.19085346175915174
credit_default,41,0.0,immutable,weighted_l1,native_exact_sparse,200,1.0,0.19085346175915174
credit_default,41,0.0,immutable,scaled_l2,metric_projection,200,1.0,0.18816770834368626
credit_default,41,0.0,immutable,scaled_l2,metric_repair,200,1.0,0.18816770834368626
credit_default,41,0.0,immutable,scaled_l2,fixed_support_exact,200,1.0,0.18816770834368626
credit_default,41,0.0,immutable,scaled_l2,native_exact_sparse,200,1.0,0.18816770834368626
credit_default,41,0.0,immutable_top3,weighted_l1,metric_projection,200,0.115,0.1522843105264576
credit_default,41,0.0,immutable_top3,weighted_l1,metric_repair,200,0.165,0.24088479341789215
credit_default,41,0.0,immutable_top3,weighted_l1,fixed_support_exact,200,0.405,0.6157104179578344
credit_default,41,0.0,immutable_top3,weighted_l1,native_exact_sparse,200,1.0,0.19085346175915174
credit_default,41,0.0,immutable_top3,scaled_l2,metric_projection,200,0.115,0.1522843105264576
credit_default,41,0.0,immutable_top3,scaled_l2,metric_repair,200,0.165,0.2020553039264515
credit_default,41,0.0,immutable_top3,scaled_l2,fixed_support_exact,200,0.405,0.6143210261561276
credit_default,41,0.0,immutable_top3,scaled_l2,native_exact_sparse,200,1.0,0.18816770834368626
credit_default,41,1.0,free,weighted_l1,metric_projection,200,1.0,0.1935539337443131
credit_default,41,1.0,free,weighted_l1,metric_repair,200,1.0,0.1935539337443131
credit_default,41,1.0,free,weighted_l1,fixed_support_exact,200,1.0,0.1935539337443131
credit_default,41,1.0,free,weighted_l1,native_exact_sparse,200,1.0,0.1935539337443131
credit_default,41,1.0,free,scaled_l2,metric_projection,200,1.0,0.1907742255539515
credit_default,41,1.0,free,scaled_l2,metric_repair,200,1.0,0.1907742255539515
credit_default,41,1.0,free,scaled_l2,fixed_support_exact,200,1.0,0.1907742255539515
credit_default,41,1.0,free,scaled_l2,native_exact_sparse,200,1.0,0.1907742255539515
credit_default,41,1.0,immutable,weighted_l1,metric_projection,200,1.0,0.1935539337443131
credit_default,41,1.0,immutable,weighted_l1,metric_repair,200,1.0,0.1935539337443131
credit_default,41,1.0,immutable,weighted_l1,fixed_support_exact,200,1.0,0.1935539337443131
credit_default,41,1.0,immutable,weighted_l1,native_exact_sparse,200,1.0,0.1935539337443131
credit_default,41,1.0,immutable,scaled_l2,metric_projection,200,1.0,0.1907742255539515
credit_default,41,1.0,immutable,scaled_l2,metric_repair,200,1.0,0.1907742255539515
credit_default,41,1.0,immutable,scaled_l2,fixed_support_exact,200,1.0,0.1907742255539515
credit_default,41,1.0,immutable,scaled_l2,native_exact_sparse,200,1.0,0.1907742255539515
credit_default,41,1.0,immutable_top3,weighted_l1,metric_projection,200,0.125,0.12945514544758238
credit_default,41,1.0,immutable_top3,weighted_l1,metric_repair,200,0.14,0.21518723820431362
credit_default,41,1.0,immutable_top3,weighted_l1,fixed_support_exact,200,0.37,0.7844331814829484
credit_default,41,1.0,immutable_top3,weighted_l1,native_exact_sparse,200,1.0,0.1935539337443131
credit_default,41,1.0,immutable_top3,scaled_l2,metric_projection,200,0.125,0.12945514544758238
credit_default,41,1.0,immutable_top3,scaled_l2,metric_repair,200,0.14,0.18367291141438277
credit_default,41,1.0,immutable_top3,scaled_l2,fixed_support_exact,200,0.37,0.7829123607270259
credit_default,41,1.0,immutable_top3,scaled_l2,native_exact_sparse,200,1.0,0.1907742255539515
credit_default,53,0.0,free,weighted_l1,metric_projection,200,1.0,0.1654248049234115
credit_default,53,0.0,free,weighted_l1,metric_repair,200,1.0,0.1654248049234115
credit_default,53,0.0,free,weighted_l1,fixed_support_exact,200,1.0,0.1654248049234115
credit_default,53,0.0,free,weighted_l1,native_exact_sparse,200,1.0,0.1654248049234115
credit_default,53,0.0,free,scaled_l2,metric_projection,200,1.0,0.16026010021089757
credit_default,53,0.0,free,scaled_l2,metric_repair,200,1.0,0.16026010021089757
credit_default,53,0.0,free,scaled_l2,fixed_support_exact,200,1.0,0.16026010021089757
credit_default,53,0.0,free,scaled_l2,native_exact_sparse,200,1.0,0.16026010021089757
credit_default,53,0.0,immutable,weighted_l1,metric_projection,200,0.945,0.16442694069508343
credit_default,53,0.0,immutable,weighted_l1,metric_repair,200,1.0,0.280676359428115
credit_default,53,0.0,immutable,weighted_l1,fixed_support_exact,200,1.0,0.16962775230156424
credit_default,53,0.0,immutable,weighted_l1,native_exact_sparse,200,1.0,0.16962775230156424
credit_default,53,0.0,immutable,scaled_l2,metric_projection,200,0.945,0.1589616447030052
credit_default,53,0.0,immutable,scaled_l2,metric_repair,200,1.0,0.2111841513301784
credit_default,53,0.0,immutable,scaled_l2,fixed_support_exact,200,1.0,0.16427415741034881
credit_default,53,0.0,immutable,scaled_l2,native_exact_sparse,200,1.0,0.16427415741034881
credit_default,53,0.0,immutable_top3,weighted_l1,metric_projection,200,0.145,0.16993470441170602
credit_default,53,0.0,immutable_top3,weighted_l1,metric_repair,200,0.175,0.4415095891770085
credit_default,53,0.0,immutable_top3,weighted_l1,fixed_support_exact,200,0.195,0.7573072439310717
credit_default,53,0.0,immutable_top3,weighted_l1,native_exact_sparse,200,1.0,0.16962775230156424
credit_default,53,0.0,immutable_top3,scaled_l2,metric_projection,200,0.145,0.1680644397468394
credit_default,53,0.0,immutable_top3,scaled_l2,metric_repair,200,0.175,0.3397623656475977
credit_default,53,0.0,immutable_top3,scaled_l2,fixed_support_exact,200,0.195,0.7559165343084785
credit_default,53,0.0,immutable_top3,scaled_l2,native_exact_sparse,200,1.0,0.16427415741034881
credit_default,53,1.0,free,weighted_l1,metric_projection,200,1.0,0.1673621031305933
credit_default,53,1.0,free,weighted_l1,metric_repair,200,1.0,0.1673621031305933
credit_default,53,1.0,free,weighted_l1,fixed_support_exact,200,1.0,0.1673621031305933
credit_default,53,1.0,free,weighted_l1,native_exact_sparse,200,1.0,0.1673621031305933
credit_default,53,1.0,free,scaled_l2,metric_projection,200,1.0,0.1617766288106888
credit_default,53,1.0,free,scaled_l2,metric_repair,200,1.0,0.1617766288106888
credit_default,53,1.0,free,scaled_l2,fixed_support_exact,200,1.0,0.1617766288106888
credit_default,53,1.0,free,scaled_l2,native_exact_sparse,200,1.0,0.1617766288106888
credit_default,53,1.0,immutable,weighted_l1,metric_projection,200,0.95,0.16560079810452344
credit_default,53,1.0,immutable,weighted_l1,metric_repair,200,1.0,0.25694484783504884
credit_default,53,1.0,immutable,weighted_l1,fixed_support_exact,200,1.0,0.16931126919059708
credit_default,53,1.0,immutable,weighted_l1,native_exact_sparse,200,1.0,0.16931126919059708
credit_default,53,1.0,immutable,scaled_l2,metric_projection,200,0.95,0.1597213514519924
credit_default,53,1.0,immutable,scaled_l2,metric_repair,200,1.0,0.20315101697127866
credit_default,53,1.0,immutable,scaled_l2,fixed_support_exact,200,1.0,0.16353690469199106
credit_default,53,1.0,immutable,scaled_l2,native_exact_sparse,200,1.0,0.16353690469199106
credit_default,53,1.0,immutable_top3,weighted_l1,metric_projection,200,0.055,0.19221011409140523
credit_default,53,1.0,immutable_top3,weighted_l1,metric_repair,200,0.075,0.8169267784584494
credit_default,53,1.0,immutable_top3,weighted_l1,fixed_support_exact,200,0.09,1.3715531582222038
credit_default,53,1.0,immutable_top3,weighted_l1,native_exact_sparse,200,1.0,0.16931126919059708
credit_default,53,1.0,immutable_top3,scaled_l2,metric_projection,200,0.055,0.19221011409140523
credit_default,53,1.0,immutable_top3,scaled_l2,metric_repair,200,0.075,0.6268310677406462
credit_default,53,1.0,immutable_top3,scaled_l2,fixed_support_exact,200,0.09,1.3715531582222038
credit_default,53,1.0,immutable_top3,scaled_l2,native_exact_sparse,200,1.0,0.16353690469199106
credit_default,61,0.0,free,weighted_l1,metric_projection,200,1.0,0.13968773348701355
credit_default,61,0.0,free,weighted_l1,metric_repair,200,1.0,0.13968773348701355
credit_default,61,0.0,free,weighted_l1,fixed_support_exact,200,1.0,0.13968773348701355
credit_default,61,0.0,free,weighted_l1,native_exact_sparse,200,1.0,0.13968773348701355
credit_default,61,0.0,free,scaled_l2,metric_projection,200,1.0,0.12275475314314413
credit_default,61,0.0,free,scaled_l2,metric_repair,200,1.0,0.12275475314314413
credit_default,61,0.0,free,scaled_l2,fixed_support_exact,200,1.0,0.12275475314314413
credit_default,61,0.0,free,scaled_l2,native_exact_sparse,200,1.0,0.12275475314314413
credit_default,61,0.0,immutable,weighted_l1,metric_projection,200,1.0,0.13968773348701355
credit_default,61,0.0,immutable,weighted_l1,metric_repair,200,1.0,0.13968773348701355
credit_default,61,0.0,immutable,weighted_l1,fixed_support_exact,200,1.0,0.13968773348701355
credit_default,61,0.0,immutable,weighted_l1,native_exact_sparse,200,1.0,0.13968773348701355
credit_default,61,0.0,immutable,scaled_l2,metric_projection,200,1.0,0.12275475314314413
credit_default,61,0.0,immutable,scaled_l2,metric_repair,200,1.0,0.12275475314314413
credit_default,61,0.0,immutable,scaled_l2,fixed_support_exact,200,1.0,0.12275475314314413
credit_default,61,0.0,immutable,scaled_l2,native_exact_sparse,200,1.0,0.12275475314314413
credit_default,61,0.0,immutable_top3,weighted_l1,metric_projection,200,0.06,0.09322995409967305
credit_default,61,0.0,immutable_top3,weighted_l1,metric_repair,200,0.075,0.24218795398690057
credit_default,61,0.0,immutable_top3,weighted_l1,fixed_support_exact,200,0.32,0.7019807058290901
credit_default,61,0.0,immutable_top3,weighted_l1,native_exact_sparse,200,1.0,0.13968773348701355
credit_default,61,0.0,immutable_top3,scaled_l2,metric_projection,200,0.06,0.08690324689530822
credit_default,61,0.0,immutable_top3,scaled_l2,metric_repair,200,0.075,0.20083929293420047
credit_default,61,0.0,immutable_top3,scaled_l2,fixed_support_exact,200,0.32,0.6972671087331922
credit_default,61,0.0,immutable_top3,scaled_l2,native_exact_sparse,200,1.0,0.12275475314314413
credit_default,61,1.0,free,weighted_l1,metric_projection,200,1.0,0.13503767110167597
credit_default,61,1.0,free,weighted_l1,metric_repair,200,1.0,0.13503767110167597
credit_default,61,1.0,free,weighted_l1,fixed_support_exact,200,1.0,0.13503767110167597
credit_default,61,1.0,free,weighted_l1,native_exact_sparse,200,1.0,0.13503767110167597
credit_default,61,1.0,free,scaled_l2,metric_projection,200,1.0,0.12011842469902063
credit_default,61,1.0,free,scaled_l2,metric_repair,200,1.0,0.12011842469902063
credit_default,61,1.0,free,scaled_l2,fixed_support_exact,200,1.0,0.12011842469902063
credit_default,61,1.0,free,scaled_l2,native_exact_sparse,200,1.0,0.12011842469902063
credit_default,61,1.0,immutable,weighted_l1,metric_projection,200,1.0,0.13503767110167597
credit_default,61,1.0,immutable,weighted_l1,metric_repair,200,1.0,0.13503767110167597
credit_default,61,1.0,immutable,weighted_l1,fixed_support_exact,200,1.0,0.13503767110167597
credit_default,61,1.0,immutable,weighted_l1,native_exact_sparse,200,1.0,0.13503767110167597
credit_default,61,1.0,immutable,scaled_l2,metric_projection,200,1.0,0.12011842469902063
credit_default,61,1.0,immutable,scaled_l2,metric_repair,200,1.0,0.12011842469902063
credit_default,61,1.0,immutable,scaled_l2,fixed_support_exact,200,1.0,0.12011842469902063
credit_default,61,1.0,immutable,scaled_l2,native_exact_sparse,200,1.0,0.12011842469902063
credit_default,61,1.0,immutable_top3,weighted_l1,metric_projection,200,0.035,0.08250333290819059
credit_default,61,1.0,immutable_top3,weighted_l1,metric_repair,200,0.045,0.184707231788422
credit_default,61,1.0,immutable_top3,weighted_l1,fixed_support_exact,200,0.325,0.8220585920254682
credit_default,61,1.0,immutable_top3,weighted_l1,native_exact_sparse,200,1.0,0.13503767110167597
credit_default,61,1.0,immutable_top3,scaled_l2,metric_projection,200,0.035,0.08165764040666335
credit_default,61,1.0,immutable_top3,scaled_l2,metric_repair,200,0.045,0.13528110650739794
credit_default,61,1.0,immutable_top3,scaled_l2,fixed_support_exact,200,0.325,0.8134145909804188
credit_default,61,1.0,immutable_top3,scaled_l2,native_exact_sparse,200,1.0,0.12011842469902063
credit_default,73,0.0,free,weighted_l1,metric_projection,200,1.0,0.31065611271988997
credit_default,73,0.0,free,weighted_l1,metric_repair,200,1.0,0.31065611271988997
credit_default,73,0.0,free,weighted_l1,fixed_support_exact,200,1.0,0.31065611271988997
credit_default,73,0.0,free,weighted_l1,native_exact_sparse,200,1.0,0.31065611271988997
credit_default,73,0.0,free,scaled_l2,metric_projection,200,1.0,0.303124409198427
credit_default,73,0.0,free,scaled_l2,metric_repair,200,1.0,0.303124409198427
credit_default,73,0.0,free,scaled_l2,fixed_support_exact,200,1.0,0.303124409198427
credit_default,73,0.0,free,scaled_l2,native_exact_sparse,200,1.0,0.303124409198427
credit_default,73,0.0,immutable,weighted_l1,metric_projection,200,1.0,0.31065611271988997
credit_default,73,0.0,immutable,weighted_l1,metric_repair,200,1.0,0.31065611271988997
credit_default,73,0.0,immutable,weighted_l1,fixed_support_exact,200,1.0,0.31065611271988997
credit_default,73,0.0,immutable,weighted_l1,native_exact_sparse,200,1.0,0.31065611271988997
credit_default,73,0.0,immutable,scaled_l2,metric_projection,200,1.0,0.303124409198427
credit_default,73,0.0,immutable,scaled_l2,metric_repair,200,1.0,0.303124409198427
credit_default,73,0.0,immutable,scaled_l2,fixed_support_exact,200,1.0,0.303124409198427
credit_default,73,0.0,immutable,scaled_l2,native_exact_sparse,200,1.0,0.303124409198427
credit_default,73,0.0,immutable_top3,weighted_l1,metric_projection,200,0.175,0.3032731408795121
credit_default,73,0.0,immutable_top3,weighted_l1,metric_repair,200,0.19,0.3291408549981423
credit_default,73,0.0,immutable_top3,weighted_l1,fixed_support_exact,200,0.33,0.5866604996233824
credit_default,73,0.0,immutable_top3,weighted_l1,native_exact_sparse,200,1.0,0.31065611271988997
credit_default,73,0.0,immutable_top3,scaled_l2,metric_projection,200,0.16,0.27846356603915035
credit_default,73,0.0,immutable_top3,scaled_l2,metric_repair,200,0.175,0.29335308071224253
credit_default,73,0.0,immutable_top3,scaled_l2,fixed_support_exact,200,0.33,0.5857523042399462
credit_default,73,0.0,immutable_top3,scaled_l2,native_exact_sparse,200,1.0,0.303124409198427
credit_default,73,1.0,free,weighted_l1,metric_projection,200,1.0,0.30135393836426877
credit_default,73,1.0,free,weighted_l1,metric_repair,200,1.0,0.30135393836426877
credit_default,73,1.0,free,weighted_l1,fixed_support_exact,200,1.0,0.30135393836426877
credit_default,73,1.0,free,weighted_l1,native_exact_sparse,200,1.0,0.30135393836426877
credit_default,73,1.0,free,scaled_l2,metric_projection,200,1.0,0.2949907999895113
credit_default,73,1.0,free,scaled_l2,metric_repair,200,1.0,0.2949907999895113
credit_default,73,1.0,free,scaled_l2,fixed_support_exact,200,1.0,0.2949907999895113
credit_default,73,1.0,free,scaled_l2,native_exact_sparse,200,1.0,0.2949907999895113
credit_default,73,1.0,immutable,weighted_l1,metric_projection,200,1.0,0.30135393836426877
credit_default,73,1.0,immutable,weighted_l1,metric_repair,200,1.0,0.30135393836426877
credit_default,73,1.0,immutable,weighted_l1,fixed_support_exact,200,1.0,0.30135393836426877
credit_default,73,1.0,immutable,weighted_l1,native_exact_sparse,200,1.0,0.30135393836426877
credit_default,73,1.0,immutable,scaled_l2,metric_projection,200,1.0,0.2949907999895113
credit_default,73,1.0,immutable,scaled_l2,metric_repair,200,1.0,0.2949907999895113
credit_default,73,1.0,immutable,scaled_l2,fixed_support_exact,200,1.0,0.2949907999895113
credit_default,73,1.0,immutable,scaled_l2,native_exact_sparse,200,1.0,0.2949907999895113
credit_default,73,1.0,immutable_top3,weighted_l1,metric_projection,200,0.11,0.23280924846253806
credit_default,73,1.0,immutable_top3,weighted_l1,metric_repair,200,0.11,0.23280924846253806
credit_default,73,1.0,immutable_top3,weighted_l1,fixed_support_exact,200,0.24,0.5133474373417736
credit_default,73,1.0,immutable_top3,weighted_l1,native_exact_sparse,200,1.0,0.30135393836426877
credit_default,73,1.0,immutable_top3,scaled_l2,metric_projection,200,0.11,0.23280924846253806
credit_default,73,1.0,immutable_top3,scaled_l2,metric_repair,200,0.11,0.23280924846253806
credit_default,73,1.0,immutable_top3,scaled_l2,fixed_support_exact,200,0.24,0.5126897532455378
credit_default,73,1.0,immutable_top3,scaled_l2,native_exact_sparse,200,1.0,0.2949907999895113
credit_default,89,0.0,free,weighted_l1,metric_projection,200,1.0,0.3111890942788948
credit_default,89,0.0,free,weighted_l1,metric_repair,200,1.0,0.3111890942788948
credit_default,89,0.0,free,weighted_l1,fixed_support_exact,200,1.0,0.3111890942788948
credit_default,89,0.0,free,weighted_l1,native_exact_sparse,200,1.0,0.3111890942788948
credit_default,89,0.0,free,scaled_l2,metric_projection,200,1.0,0.30151504227635645
credit_default,89,0.0,free,scaled_l2,metric_repair,200,1.0,0.30151504227635645
credit_default,89,0.0,free,scaled_l2,fixed_support_exact,200,1.0,0.30151504227635645
credit_default,89,0.0,free,scaled_l2,native_exact_sparse,200,1.0,0.30151504227635645
credit_default,89,0.0,immutable,weighted_l1,metric_projection,200,0.95,0.3103583396767036
credit_default,89,0.0,immutable,weighted_l1,metric_repair,200,0.995,0.539154729251744
credit_default,89,0.0,immutable,weighted_l1,fixed_support_exact,200,1.0,0.32996358856123864
credit_default,89,0.0,immutable,weighted_l1,native_exact_sparse,200,1.0,0.32996358856123864
credit_default,89,0.0,immutable,scaled_l2,metric_projection,200,0.945,0.3011919580168902
credit_default,89,0.0,immutable,scaled_l2,metric_repair,200,0.995,0.3942223164702988
credit_default,89,0.0,immutable,scaled_l2,fixed_support_exact,200,1.0,0.319056678995723
credit_default,89,0.0,immutable,scaled_l2,native_exact_sparse,200,1.0,0.319056678995723
credit_default,89,0.0,immutable_top3,weighted_l1,metric_projection,200,0.13,0.2608179173529706
credit_default,89,0.0,immutable_top3,weighted_l1,metric_repair,200,0.15,0.2454525597870139
credit_default,89,0.0,immutable_top3,weighted_l1,fixed_support_exact,200,0.375,1.0041026172024115
credit_default,89,0.0,immutable_top3,weighted_l1,native_exact_sparse,200,1.0,0.32996358856123864
credit_default,89,0.0,immutable_top3,scaled_l2,metric_projection,200,0.13,0.2608179173529706
credit_default,89,0.0,immutable_top3,scaled_l2,metric_repair,200,0.15,0.24013168191035525
credit_default,89,0.0,immutable_top3,scaled_l2,fixed_support_exact,200,0.375,1.0038551068104715
credit_default,89,0.0,immutable_top3,scaled_l2,native_exact_sparse,200,1.0,0.319056678995723
credit_default,89,1.0,free,weighted_l1,metric_projection,200,1.0,0.39700146380980766
credit_default,89,1.0,free,weighted_l1,metric_repair,200,1.0,0.39700146380980766
credit_default,89,1.0,free,weighted_l1,fixed_support_exact,200,1.0,0.39700146380980766
credit_default,89,1.0,free,weighted_l1,native_exact_sparse,200,1.0,0.39700146380980766
credit_default,89,1.0,free,scaled_l2,metric_projection,200,1.0,0.3809928118252104
credit_default,89,1.0,free,scaled_l2,metric_repair,200,1.0,0.3809928118252104
credit_default,89,1.0,free,scaled_l2,fixed_support_exact,200,1.0,0.3809928118252104
credit_default,89,1.0,free,scaled_l2,native_exact_sparse,200,1.0,0.3809928118252104
credit_default,89,1.0,immutable,weighted_l1,metric_projection,200,0.955,0.39484821670654385
credit_default,89,1.0,immutable,weighted_l1,metric_repair,200,1.0,0.621972817123673
credit_default,89,1.0,immutable,weighted_l1,fixed_support_exact,200,1.0,0.41383219001524124
credit_default,89,1.0,immutable,weighted_l1,native_exact_sparse,200,1.0,0.41383219001524124
credit_default,89,1.0,immutable,scaled_l2,metric_projection,200,0.95,0.3812839491817501
credit_default,89,1.0,immutable,scaled_l2,metric_repair,200,1.0,0.5018855791355092
credit_default,89,1.0,immutable,scaled_l2,fixed_support_exact,200,1.0,0.3955597493488179
credit_default,89,1.0,immutable,scaled_l2,native_exact_sparse,200,1.0,0.3955597493488179
credit_default,89,1.0,immutable_top3,weighted_l1,metric_projection,200,0.145,0.2714822335869588
credit_default,89,1.0,immutable_top3,weighted_l1,metric_repair,200,0.145,0.2714822335869588
credit_default,89,1.0,immutable_top3,weighted_l1,fixed_support_exact,200,0.43,1.1737848197826044
credit_default,89,1.0,immutable_top3,weighted_l1,native_exact_sparse,200,1.0,0.41383219001524124
credit_default,89,1.0,immutable_top3,scaled_l2,metric_projection,200,0.135,0.23491012634440625
credit_default,89,1.0,immutable_top3,scaled_l2,metric_repair,200,0.135,0.23491012634440625
credit_default,89,1.0,immutable_top3,scaled_l2,fixed_support_exact,200,0.43,1.1736148918879514
credit_default,89,1.0,immutable_top3,scaled_l2,native_exact_sparse,200,1.0,0.3955597493488179
adult_income,7,0.0,free,weighted_l1,metric_projection,200,1.0,0.7495537887728706
adult_income,7,0.0,free,weighted_l1,metric_repair,200,1.0,0.7495537887728706
adult_income,7,0.0,free,weighted_l1,fixed_support_exact,200,1.0,0.7495537887728706
adult_income,7,0.0,free,weighted_l1,native_exact_sparse,200,1.0,0.7495537887728706
adult_income,7,0.0,free,scaled_l2,metric_projection,200,1.0,0.7345312901360767
adult_income,7,0.0,free,scaled_l2,metric_repair,200,1.0,0.7345312901360767
adult_income,7,0.0,free,scaled_l2,fixed_support_exact,200,1.0,0.7345312901360767
adult_income,7,0.0,free,scaled_l2,native_exact_sparse,200,1.0,0.7345312901360767
adult_income,7,0.0,immutable,weighted_l1,metric_projection,200,0.965,0.7620505027049781
adult_income,7,0.0,immutable,weighted_l1,metric_repair,200,0.965,0.7620505027049781
adult_income,7,0.0,immutable,weighted_l1,fixed_support_exact,200,1.0,0.7635430634889481
adult_income,7,0.0,immutable,weighted_l1,native_exact_sparse,200,1.0,0.7635430634889481
adult_income,7,0.0,immutable,scaled_l2,metric_projection,200,0.935,0.7533328503629678
adult_income,7,0.0,immutable,scaled_l2,metric_repair,200,0.94,0.7732864309585147
adult_income,7,0.0,immutable,scaled_l2,fixed_support_exact,200,1.0,0.7566713963639999
adult_income,7,0.0,immutable,scaled_l2,native_exact_sparse,200,1.0,0.7566713963639999
adult_income,7,0.0,immutable_top3,weighted_l1,metric_projection,200,0.93,0.7628136385025415
adult_income,7,0.0,immutable_top3,weighted_l1,metric_repair,200,0.965,0.9480390719816799
adult_income,7,0.0,immutable_top3,weighted_l1,fixed_support_exact,200,1.0,0.8151046925333193
adult_income,7,0.0,immutable_top3,weighted_l1,native_exact_sparse,200,1.0,0.7635430634889481
adult_income,7,0.0,immutable_top3,scaled_l2,metric_projection,200,0.9,0.7537824042071498
adult_income,7,0.0,immutable_top3,scaled_l2,metric_repair,200,0.94,0.907403003656261
adult_income,7,0.0,immutable_top3,scaled_l2,fixed_support_exact,200,1.0,0.8036463912119476
adult_income,7,0.0,immutable_top3,scaled_l2,native_exact_sparse,200,1.0,0.7566713963639999
adult_income,7,1.0,free,weighted_l1,metric_projection,200,1.0,0.5916288752430201
adult_income,7,1.0,free,weighted_l1,metric_repair,200,1.0,0.5916288752430201
adult_income,7,1.0,free,weighted_l1,fixed_support_exact,200,1.0,0.5916288752430201
adult_income,7,1.0,free,weighted_l1,native_exact_sparse,200,1.0,0.5916288752430201
adult_income,7,1.0,free,scaled_l2,metric_projection,200,1.0,0.5551838919973443
adult_income,7,1.0,free,scaled_l2,metric_repair,200,1.0,0.5551838919973443
adult_income,7,1.0,free,scaled_l2,fixed_support_exact,200,1.0,0.5551838919973443
adult_income,7,1.0,free,scaled_l2,native_exact_sparse,200,1.0,0.5551838919973443
adult_income,7,1.0,immutable,weighted_l1,metric_projection,200,1.0,0.5916288752430201
adult_income,7,1.0,immutable,weighted_l1,metric_repair,200,1.0,0.5916288752430201
adult_income,7,1.0,immutable,weighted_l1,fixed_support_exact,200,1.0,0.5916288752430201
adult_income,7,1.0,immutable,weighted_l1,native_exact_sparse,200,1.0,0.5916288752430201
adult_income,7,1.0,immutable,scaled_l2,metric_projection,200,1.0,0.5551838919973443
adult_income,7,1.0,immutable,scaled_l2,metric_repair,200,1.0,0.5551838919973443
adult_income,7,1.0,immutable,scaled_l2,fixed_support_exact,200,1.0,0.5551838919973443
adult_income,7,1.0,immutable,scaled_l2,native_exact_sparse,200,1.0,0.5551838919973443
adult_income,7,1.0,immutable_top3,weighted_l1,metric_projection,200,0.945,0.5824674591860571
adult_income,7,1.0,immutable_top3,weighted_l1,metric_repair,200,1.0,0.9116547791031886
adult_income,7,1.0,immutable_top3,weighted_l1,fixed_support_exact,200,1.0,0.6515405878494144
adult_income,7,1.0,immutable_top3,weighted_l1,native_exact_sparse,200,1.0,0.5916288752430201
adult_income,7,1.0,immutable_top3,scaled_l2,metric_projection,200,0.95,0.5474896150901536
adult_income,7,1.0,immutable_top3,scaled_l2,metric_repair,200,1.0,0.7587882950006982
adult_income,7,1.0,immutable_top3,scaled_l2,fixed_support_exact,200,1.0,0.6085015940940693
adult_income,7,1.0,immutable_top3,scaled_l2,native_exact_sparse,200,1.0,0.5551838919973443
adult_income,13,0.0,free,weighted_l1,metric_projection,200,1.0,0.6291390159010696
adult_income,13,0.0,free,weighted_l1,metric_repair,200,1.0,0.6291390159010696
adult_income,13,0.0,free,weighted_l1,fixed_support_exact,200,1.0,0.6291390159010696
adult_income,13,0.0,free,weighted_l1,native_exact_sparse,200,1.0,0.6291390159010696
adult_income,13,0.0,free,scaled_l2,metric_projection,200,1.0,0.6264407399178069
adult_income,13,0.0,free,scaled_l2,metric_repair,200,1.0,0.6264407399178069
adult_income,13,0.0,free,scaled_l2,fixed_support_exact,200,1.0,0.6264407399178069
adult_income,13,0.0,free,scaled_l2,native_exact_sparse,200,1.0,0.6264407399178069
adult_income,13,0.0,immutable,weighted_l1,metric_projection,200,0.915,0.656219837099615
adult_income,13,0.0,immutable,weighted_l1,metric_repair,200,0.925,0.6612886419207021
adult_income,13,0.0,immutable,weighted_l1,fixed_support_exact,200,1.0,0.6589346736512945
adult_income,13,0.0,immutable,weighted_l1,native_exact_sparse,200,1.0,0.6589346736512945
adult_income,13,0.0,immutable,scaled_l2,metric_projection,200,0.91,0.6555112755210913
adult_income,13,0.0,immutable,scaled_l2,metric_repair,200,0.92,0.6587049299526242
adult_income,13,0.0,immutable,scaled_l2,fixed_support_exact,200,1.0,0.6581070656011957
adult_income,13,0.0,immutable,scaled_l2,native_exact_sparse,200,1.0,0.6581070656011957
adult_income,13,0.0,immutable_top3,weighted_l1,metric_projection,200,0.91,0.6559203678119487
adult_income,13,0.0,immutable_top3,weighted_l1,metric_repair,200,0.925,0.6894785844565325
adult_income,13,0.0,immutable_top3,weighted_l1,fixed_support_exact,200,1.0,0.6643313544004116
adult_income,13,0.0,immutable_top3,weighted_l1,native_exact_sparse,200,1.0,0.6589346736512945
adult_income,13,0.0,immutable_top3,scaled_l2,metric_projection,200,0.905,0.6552062370021203
adult_income,13,0.0,immutable_top3,scaled_l2,metric_repair,200,0.92,0.6795461837636175
adult_income,13,0.0,immutable_top3,scaled_l2,fixed_support_exact,200,1.0,0.6639590804157314
adult_income,13,0.0,immutable_top3,scaled_l2,native_exact_sparse,200,1.0,0.6581070656011957
adult_income,13,1.0,free,weighted_l1,metric_projection,200,1.0,0.496360942478445
adult_income,13,1.0,free,weighted_l1,metric_repair,200,1.0,0.496360942478445
adult_income,13,1.0,free,weighted_l1,fixed_support_exact,200,1.0,0.496360942478445
adult_income,13,1.0,free,weighted_l1,native_exact_sparse,200,1.0,0.496360942478445
adult_income,13,1.0,free,scaled_l2,metric_projection,200,1.0,0.49423346429099263
adult_income,13,1.0,free,scaled_l2,metric_repair,200,1.0,0.49423346429099263
adult_income,13,1.0,free,scaled_l2,fixed_support_exact,200,1.0,0.49423346429099263
adult_income,13,1.0,free,scaled_l2,native_exact_sparse,200,1.0,0.49423346429099263
adult_income,13,1.0,immutable,weighted_l1,metric_projection,200,0.99,0.4995568680173022
adult_income,13,1.0,immutable,weighted_l1,metric_repair,200,1.0,0.5323944456287235
adult_income,13,1.0,immutable,weighted_l1,fixed_support_exact,200,1.0,0.49947891283630574
adult_income,13,1.0,immutable,weighted_l1,native_exact_sparse,200,1.0,0.49947891283630574
adult_income,13,1.0,immutable,scaled_l2,metric_projection,200,0.99,0.49749189574101227
adult_income,13,1.0,immutable,scaled_l2,metric_repair,200,1.0,0.5199010401848996
adult_income,13,1.0,immutable,scaled_l2,fixed_support_exact,200,1.0,0.4974345902827788
adult_income,13,1.0,immutable,scaled_l2,native_exact_sparse,200,1.0,0.4974345902827788
adult_income,13,1.0,immutable_top3,weighted_l1,metric_projection,200,0.965,0.49408623642565547
adult_income,13,1.0,immutable_top3,weighted_l1,metric_repair,200,1.0,0.64856042075744
adult_income,13,1.0,immutable_top3,weighted_l1,fixed_support_exact,200,1.0,0.5301478168310326
adult_income,13,1.0,immutable_top3,weighted_l1,native_exact_sparse,200,1.0,0.49947891283630574
adult_income,13,1.0,immutable_top3,scaled_l2,metric_projection,200,0.965,0.49196776745827014
adult_income,13,1.0,immutable_top3,scaled_l2,metric_repair,200,1.0,0.59734992171999
adult_income,13,1.0,immutable_top3,scaled_l2,fixed_support_exact,200,1.0,0.5223894562717691
adult_income,13,1.0,immutable_top3,scaled_l2,native_exact_sparse,200,1.0,0.4974345902827788
adult_income,19,0.0,free,weighted_l1,metric_projection,200,1.0,0.5298467948137678
adult_income,19,0.0,free,weighted_l1,metric_repair,200,1.0,0.5298467948137678
adult_income,19,0.0,free,weighted_l1,fixed_support_exact,200,1.0,0.5298467948137678
adult_income,19,0.0,free,weighted_l1,native_exact_sparse,200,1.0,0.5298467948137678
adult_income,19,0.0,free,scaled_l2,metric_projection,200,1.0,0.5245554328651715
adult_income,19,0.0,free,scaled_l2,metric_repair,200,1.0,0.5245554328651715
adult_income,19,0.0,free,scaled_l2,fixed_support_exact,200,1.0,0.5245554328651715
adult_income,19,0.0,free,scaled_l2,native_exact_sparse,200,1.0,0.5245554328651715
adult_income,19,0.0,immutable,weighted_l1,metric_projection,200,0.955,0.5374113992855782
adult_income,19,0.0,immutable,weighted_l1,metric_repair,200,0.955,0.5374113992855782
adult_income,19,0.0,immutable,weighted_l1,fixed_support_exact,200,1.0,0.5391442013784041
adult_income,19,0.0,immutable,weighted_l1,native_exact_sparse,200,1.0,0.5391442013784041
adult_income,19,0.0,immutable,scaled_l2,metric_projection,200,0.955,0.5331210623424901
adult_income,19,0.0,immutable,scaled_l2,metric_repair,200,0.955,0.5331210623424901
adult_income,19,0.0,immutable,scaled_l2,fixed_support_exact,200,1.0,0.5366963899791375
adult_income,19,0.0,immutable,scaled_l2,native_exact_sparse,200,1.0,0.5366963899791375
adult_income,19,0.0,immutable_top3,weighted_l1,metric_projection,200,0.935,0.5358036690542254
adult_income,19,0.0,immutable_top3,weighted_l1,metric_repair,200,0.945,0.6002064898333652
adult_income,19,0.0,immutable_top3,weighted_l1,fixed_support_exact,200,1.0,0.5735944663626151
adult_income,19,0.0,immutable_top3,weighted_l1,native_exact_sparse,200,1.0,0.5391442013784041
adult_income,19,0.0,immutable_top3,scaled_l2,metric_projection,200,0.93,0.5331301915537124
adult_income,19,0.0,immutable_top3,scaled_l2,metric_repair,200,0.94,0.5695761099040554
adult_income,19,0.0,immutable_top3,scaled_l2,fixed_support_exact,200,1.0,0.569218356626315
adult_income,19,0.0,immutable_top3,scaled_l2,native_exact_sparse,200,1.0,0.5366963899791375
adult_income,19,1.0,free,weighted_l1,metric_projection,200,1.0,0.37720302828474744
adult_income,19,1.0,free,weighted_l1,metric_repair,200,1.0,0.37720302828474744
adult_income,19,1.0,free,weighted_l1,fixed_support_exact,200,1.0,0.37720302828474744
adult_income,19,1.0,free,weighted_l1,native_exact_sparse,200,1.0,0.37720302828474744
adult_income,19,1.0,free,scaled_l2,metric_projection,200,1.0,0.3626672104283933
adult_income,19,1.0,free,scaled_l2,metric_repair,200,1.0,0.3626672104283933
adult_income,19,1.0,free,scaled_l2,fixed_support_exact,200,1.0,0.3626672104283933
adult_income,19,1.0,free,scaled_l2,native_exact_sparse,200,1.0,0.3626672104283933
adult_income,19,1.0,immutable,weighted_l1,metric_projection,200,1.0,0.37720302828474744
adult_income,19,1.0,immutable,weighted_l1,metric_repair,200,1.0,0.37720302828474744
adult_income,19,1.0,immutable,weighted_l1,fixed_support_exact,200,1.0,0.37720302828474744
adult_income,19,1.0,immutable,weighted_l1,native_exact_sparse,200,1.0,0.37720302828474744
adult_income,19,1.0,immutable,scaled_l2,metric_projection,200,1.0,0.3626672104283933
adult_income,19,1.0,immutable,scaled_l2,metric_repair,200,1.0,0.3626672104283933
adult_income,19,1.0,immutable,scaled_l2,fixed_support_exact,200,1.0,0.3626672104283933
adult_income,19,1.0,immutable,scaled_l2,native_exact_sparse,200,1.0,0.3626672104283933
adult_income,19,1.0,immutable_top3,weighted_l1,metric_projection,200,0.94,0.36960127991161895
adult_income,19,1.0,immutable_top3,weighted_l1,metric_repair,200,0.985,0.5346307908126108
adult_income,19,1.0,immutable_top3,weighted_l1,fixed_support_exact,200,1.0,0.4354701688096581
adult_income,19,1.0,immutable_top3,weighted_l1,native_exact_sparse,200,1.0,0.37720302828474744
adult_income,19,1.0,immutable_top3,scaled_l2,metric_projection,200,0.94,0.35491724750465725
adult_income,19,1.0,immutable_top3,scaled_l2,metric_repair,200,0.985,0.46721794243538517
adult_income,19,1.0,immutable_top3,scaled_l2,fixed_support_exact,200,1.0,0.41173245390076696
adult_income,19,1.0,immutable_top3,scaled_l2,native_exact_sparse,200,1.0,0.3626672104283933
adult_income,29,0.0,free,weighted_l1,metric_projection,200,1.0,0.608007092366508
adult_income,29,0.0,free,weighted_l1,metric_repair,200,1.0,0.608007092366508
adult_income,29,0.0,free,weighted_l1,fixed_support_exact,200,1.0,0.608007092366508
adult_income,29,0.0,free,weighted_l1,native_exact_sparse,200,1.0,0.608007092366508
adult_income,29,0.0,free,scaled_l2,metric_projection,200,1.0,0.6028073240287496
adult_income,29,0.0,free,scaled_l2,metric_repair,200,1.0,0.6028073240287496
adult_income,29,0.0,free,scaled_l2,fixed_support_exact,200,1.0,0.6028073240287496
adult_income,29,0.0,free,scaled_l2,native_exact_sparse,200,1.0,0.6028073240287496
adult_income,29,0.0,immutable,weighted_l1,metric_projection,200,0.955,0.6158893562954824
adult_income,29,0.0,immutable,weighted_l1,metric_repair,200,0.955,0.6158893562954824
adult_income,29,0.0,immutable,weighted_l1,fixed_support_exact,200,1.0,0.619548235268215
adult_income,29,0.0,immutable,weighted_l1,native_exact_sparse,200,1.0,0.619548235268215
adult_income,29,0.0,immutable,scaled_l2,metric_projection,200,0.95,0.6139653265875937
adult_income,29,0.0,immutable,scaled_l2,metric_repair,200,0.95,0.6139653265875937
adult_income,29,0.0,immutable,scaled_l2,fixed_support_exact,200,1.0,0.6181269491538022
adult_income,29,0.0,immutable,scaled_l2,native_exact_sparse,200,1.0,0.6181269491538022
adult_income,29,0.0,immutable_top3,weighted_l1,metric_projection,200,0.895,0.6104385123882458
adult_income,29,0.0,immutable_top3,weighted_l1,metric_repair,200,0.92,0.7441620579972094
adult_income,29,0.0,immutable_top3,weighted_l1,fixed_support_exact,200,0.96,0.6348830485855491
adult_income,29,0.0,immutable_top3,weighted_l1,native_exact_sparse,200,1.0,0.619548235268215
adult_income,29,0.0,immutable_top3,scaled_l2,metric_projection,200,0.89,0.6083541500938296
adult_income,29,0.0,immutable_top3,scaled_l2,metric_repair,200,0.915,0.7056294288004269
adult_income,29,0.0,immutable_top3,scaled_l2,fixed_support_exact,200,0.96,0.6314215504121446
adult_income,29,0.0,immutable_top3,scaled_l2,native_exact_sparse,200,1.0,0.6181269491538022
adult_income,29,1.0,free,weighted_l1,metric_projection,200,1.0,0.43232624874589765
adult_income,29,1.0,free,weighted_l1,metric_repair,200,1.0,0.43232624874589765
adult_income,29,1.0,free,weighted_l1,fixed_support_exact,200,1.0,0.43232624874589765
adult_income,29,1.0,free,weighted_l1,native_exact_sparse,200,1.0,0.43232624874589765
adult_income,29,1.0,free,scaled_l2,metric_projection,200,1.0,0.41602605919975844
adult_income,29,1.0,free,scaled_l2,metric_repair,200,1.0,0.41602605919975844
adult_income,29,1.0,free,scaled_l2,fixed_support_exact,200,1.0,0.41602605919975844
adult_income,29,1.0,free,scaled_l2,native_exact_sparse,200,1.0,0.41602605919975844
adult_income,29,1.0,immutable,weighted_l1,metric_projection,200,1.0,0.43232624874589765
adult_income,29,1.0,immutable,weighted_l1,metric_repair,200,1.0,0.43232624874589765
adult_income,29,1.0,immutable,weighted_l1,fixed_support_exact,200,1.0,0.43232624874589765
adult_income,29,1.0,immutable,weighted_l1,native_exact_sparse,200,1.0,0.43232624874589765
adult_income,29,1.0,immutable,scaled_l2,metric_projection,200,1.0,0.41602605919975844
adult_income,29,1.0,immutable,scaled_l2,metric_repair,200,1.0,0.41602605919975844
adult_income,29,1.0,immutable,scaled_l2,fixed_support_exact,200,1.0,0.41602605919975844
adult_income,29,1.0,immutable,scaled_l2,native_exact_sparse,200,1.0,0.41602605919975844
adult_income,29,1.0,immutable_top3,weighted_l1,metric_projection,200,0.91,0.42722191854335656
adult_income,29,1.0,immutable_top3,weighted_l1,metric_repair,200,1.0,0.8986036323177037
adult_income,29,1.0,immutable_top3,weighted_l1,fixed_support_exact,200,1.0,0.5108722601689797
adult_income,29,1.0,immutable_top3,weighted_l1,native_exact_sparse,200,1.0,0.43232624874589765
adult_income,29,1.0,immutable_top3,scaled_l2,metric_projection,200,0.91,0.41123143169601684
adult_income,29,1.0,immutable_top3,scaled_l2,metric_repair,200,1.0,0.7660405549949885
adult_income,29,1.0,immutable_top3,scaled_l2,fixed_support_exact,200,1.0,0.49015346608136395
adult_income,29,1.0,immutable_top3,scaled_l2,native_exact_sparse,200,1.0,0.41602605919975844
adult_income,37,0.0,free,weighted_l1,metric_projection,200,1.0,0.5840339333156637
adult_income,37,0.0,free,weighted_l1,metric_repair,200,1.0,0.5840339333156637
adult_income,37,0.0,free,weighted_l1,fixed_support_exact,200,1.0,0.5840339333156637
adult_income,37,0.0,free,weighted_l1,native_exact_sparse,200,1.0,0.5840339333156637
adult_income,37,0.0,free,scaled_l2,metric_projection,200,1.0,0.5750324377464294
adult_income,37,0.0,free,scaled_l2,metric_repair,200,1.0,0.5750324377464294
adult_income,37,0.0,free,scaled_l2,fixed_support_exact,200,1.0,0.5750324377464294
adult_income,37,0.0,free,scaled_l2,native_exact_sparse,200,1.0,0.5750324377464294
adult_income,37,0.0,immutable,weighted_l1,metric_projection,200,0.96,0.597347948025635
adult_income,37,0.0,immutable,weighted_l1,metric_repair,200,0.965,0.5957185444047498
adult_income,37,0.0,immutable,weighted_l1,fixed_support_exact,200,1.0,0.5961095587246743
adult_income,37,0.0,immutable,weighted_l1,native_exact_sparse,200,1.0,0.5961095587246743
adult_income,37,0.0,immutable,scaled_l2,metric_projection,200,0.94,0.5915972804478149
adult_income,37,0.0,immutable,scaled_l2,metric_repair,200,0.945,0.5895737723734964
adult_income,37,0.0,immutable,scaled_l2,fixed_support_exact,200,1.0,0.592055967152454
adult_income,37,0.0,immutable,scaled_l2,native_exact_sparse,200,1.0,0.592055967152454
adult_income,37,0.0,immutable_top3,weighted_l1,metric_projection,200,0.915,0.5940232694577723
adult_income,37,0.0,immutable_top3,weighted_l1,metric_repair,200,0.94,0.6696373346634996
adult_income,37,0.0,immutable_top3,weighted_l1,fixed_support_exact,200,0.98,0.614600384437587
adult_income,37,0.0,immutable_top3,weighted_l1,native_exact_sparse,200,1.0,0.5961095587246743
adult_income,37,0.0,immutable_top3,scaled_l2,metric_projection,200,0.9,0.5883371708867322
adult_income,37,0.0,immutable_top3,scaled_l2,metric_repair,200,0.92,0.6354043228463423
adult_income,37,0.0,immutable_top3,scaled_l2,fixed_support_exact,200,0.98,0.6058010889259929
adult_income,37,0.0,immutable_top3,scaled_l2,native_exact_sparse,200,1.0,0.592055967152454
adult_income,37,1.0,free,weighted_l1,metric_projection,200,1.0,0.5295671767293174
adult_income,37,1.0,free,weighted_l1,metric_repair,200,1.0,0.5295671767293174
adult_income,37,1.0,free,weighted_l1,fixed_support_exact,200,1.0,0.5295671767293174
adult_income,37,1.0,free,weighted_l1,native_exact_sparse,200,1.0,0.5295671767293174
adult_income,37,1.0,free,scaled_l2,metric_projection,200,1.0,0.4912994426223392
adult_income,37,1.0,free,scaled_l2,metric_repair,200,1.0,0.4912994426223392
adult_income,37,1.0,free,scaled_l2,fixed_support_exact,200,1.0,0.4912994426223392
adult_income,37,1.0,free,scaled_l2,native_exact_sparse,200,1.0,0.4912994426223392
adult_income,37,1.0,immutable,weighted_l1,metric_projection,200,1.0,0.5295671767293174
adult_income,37,1.0,immutable,weighted_l1,metric_repair,200,1.0,0.5295671767293174
adult_income,37,1.0,immutable,weighted_l1,fixed_support_exact,200,1.0,0.5295671767293174
adult_income,37,1.0,immutable,weighted_l1,native_exact_sparse,200,1.0,0.5295671767293174
adult_income,37,1.0,immutable,scaled_l2,metric_projection,200,1.0,0.4912994426223392
adult_income,37,1.0,immutable,scaled_l2,metric_repair,200,1.0,0.4912994426223392
adult_income,37,1.0,immutable,scaled_l2,fixed_support_exact,200,1.0,0.4912994426223392
adult_income,37,1.0,immutable,scaled_l2,native_exact_sparse,200,1.0,0.4912994426223392
adult_income,37,1.0,immutable_top3,weighted_l1,metric_projection,200,0.91,0.5202705378667135
adult_income,37,1.0,immutable_top3,weighted_l1,metric_repair,200,0.985,0.9176890609773475
adult_income,37,1.0,immutable_top3,weighted_l1,fixed_support_exact,200,1.0,0.6323990381042889
adult_income,37,1.0,immutable_top3,weighted_l1,native_exact_sparse,200,1.0,0.5295671767293174
adult_income,37,1.0,immutable_top3,scaled_l2,metric_projection,200,0.925,0.48124616382196084
adult_income,37,1.0,immutable_top3,scaled_l2,metric_repair,200,0.985,0.7344059902893971
adult_income,37,1.0,immutable_top3,scaled_l2,fixed_support_exact,200,1.0,0.5676972982506622
adult_income,37,1.0,immutable_top3,scaled_l2,native_exact_sparse,200,1.0,0.4912994426223392
adult_income,41,0.0,free,weighted_l1,metric_projection,200,1.0,0.5654388409055717
adult_income,41,0.0,free,weighted_l1,metric_repair,200,1.0,0.5654388409055717
adult_income,41,0.0,free,weighted_l1,fixed_support_exact,200,1.0,0.5654388409055717
adult_income,41,0.0,free,weighted_l1,native_exact_sparse,200,1.0,0.5654388409055717
adult_income,41,0.0,free,scaled_l2,metric_projection,200,1.0,0.562738106807687
adult_income,41,0.0,free,scaled_l2,metric_repair,200,1.0,0.562738106807687
adult_income,41,0.0,free,scaled_l2,fixed_support_exact,200,1.0,0.562738106807687
adult_income,41,0.0,free,scaled_l2,native_exact_sparse,200,1.0,0.562738106807687
adult_income,41,0.0,immutable,weighted_l1,metric_projection,200,0.945,0.5770264886398606
adult_income,41,0.0,immutable,weighted_l1,metric_repair,200,0.945,0.5770264886398606
adult_income,41,0.0,immutable,weighted_l1,fixed_support_exact,200,1.0,0.5799607944446489
adult_income,41,0.0,immutable,weighted_l1,native_exact_sparse,200,1.0,0.5799607944446489
adult_income,41,0.0,immutable,scaled_l2,metric_projection,200,0.94,0.574696376951683
adult_income,41,0.0,immutable,scaled_l2,metric_repair,200,0.94,0.574696376951683
adult_income,41,0.0,immutable,scaled_l2,fixed_support_exact,200,1.0,0.5780372445309244
adult_income,41,0.0,immutable,scaled_l2,native_exact_sparse,200,1.0,0.5780372445309244
adult_income,41,0.0,immutable_top3,weighted_l1,metric_projection,200,0.92,0.5760267664113362
adult_income,41,0.0,immutable_top3,weighted_l1,metric_repair,200,0.945,0.6729113049363475
adult_income,41,0.0,immutable_top3,weighted_l1,fixed_support_exact,200,1.0,0.6149476845288349
adult_income,41,0.0,immutable_top3,weighted_l1,native_exact_sparse,200,1.0,0.5799607944446489
adult_income,41,0.0,immutable_top3,scaled_l2,metric_projection,200,0.915,0.5745032386122597
adult_income,41,0.0,immutable_top3,scaled_l2,metric_repair,200,0.94,0.6421969850518903
adult_income,41,0.0,immutable_top3,scaled_l2,fixed_support_exact,200,1.0,0.6106269410808692
adult_income,41,0.0,immutable_top3,scaled_l2,native_exact_sparse,200,1.0,0.5780372445309244
adult_income,41,1.0,free,weighted_l1,metric_projection,200,1.0,0.4386912031112694
adult_income,41,1.0,free,weighted_l1,metric_repair,200,1.0,0.4386912031112694
adult_income,41,1.0,free,weighted_l1,fixed_support_exact,200,1.0,0.4386912031112694
adult_income,41,1.0,free,weighted_l1,native_exact_sparse,200,1.0,0.4386912031112694
adult_income,41,1.0,free,scaled_l2,metric_projection,200,1.0,0.43507754485266353
adult_income,41,1.0,free,scaled_l2,metric_repair,200,1.0,0.43507754485266353
adult_income,41,1.0,free,scaled_l2,fixed_support_exact,200,1.0,0.43507754485266353
adult_income,41,1.0,free,scaled_l2,native_exact_sparse,200,1.0,0.43507754485266353
adult_income,41,1.0,immutable,weighted_l1,metric_projection,200,1.0,0.4386912031112694
adult_income,41,1.0,immutable,weighted_l1,metric_repair,200,1.0,0.4386912031112694
adult_income,41,1.0,immutable,weighted_l1,fixed_support_exact,200,1.0,0.4386912031112694
adult_income,41,1.0,immutable,weighted_l1,native_exact_sparse,200,1.0,0.4386912031112694
adult_income,41,1.0,immutable,scaled_l2,metric_projection,200,1.0,0.43507754485266353
adult_income,41,1.0,immutable,scaled_l2,metric_repair,200,1.0,0.43507754485266353
adult_income,41,1.0,immutable,scaled_l2,fixed_support_exact,200,1.0,0.43507754485266353
adult_income,41,1.0,immutable,scaled_l2,native_exact_sparse,200,1.0,0.43507754485266353
adult_income,41,1.0,immutable_top3,weighted_l1,metric_projection,200,0.97,0.43636729775803357
adult_income,41,1.0,immutable_top3,weighted_l1,metric_repair,200,1.0,0.5703868145647406
adult_income,41,1.0,immutable_top3,weighted_l1,fixed_support_exact,200,1.0,0.4638303985795045
adult_income,41,1.0,immutable_top3,weighted_l1,native_exact_sparse,200,1.0,0.4386912031112694
adult_income,41,1.0,immutable_top3,scaled_l2,metric_projection,200,0.97,0.43264187687287287
adult_income,41,1.0,immutable_top3,scaled_l2,metric_repair,200,1.0,0.5242086629248358
adult_income,41,1.0,immutable_top3,scaled_l2,fixed_support_exact,200,1.0,0.45719411889910744
adult_income,41,1.0,immutable_top3,scaled_l2,native_exact_sparse,200,1.0,0.43507754485266353
adult_income,53,0.0,free,weighted_l1,metric_projection,200,1.0,0.5331063313362904
adult_income,53,0.0,free,weighted_l1,metric_repair,200,1.0,0.5331063313362904
adult_income,53,0.0,free,weighted_l1,fixed_support_exact,200,1.0,0.5331063313362904
adult_income,53,0.0,free,weighted_l1,native_exact_sparse,200,1.0,0.5331063313362904
adult_income,53,0.0,free,scaled_l2,metric_projection,200,1.0,0.5248335979179387
adult_income,53,0.0,free,scaled_l2,metric_repair,200,1.0,0.5248335979179387
adult_income,53,0.0,free,scaled_l2,fixed_support_exact,200,1.0,0.5248335979179387
adult_income,53,0.0,free,scaled_l2,native_exact_sparse,200,1.0,0.5248335979179387
adult_income,53,0.0,immutable,weighted_l1,metric_projection,200,0.93,0.5446393507098068
adult_income,53,0.0,immutable,weighted_l1,metric_repair,200,0.945,0.6232651619244609
adult_income,53,0.0,immutable,weighted_l1,fixed_support_exact,200,1.0,0.5491654418536257
adult_income,53,0.0,immutable,weighted_l1,native_exact_sparse,200,1.0,0.5491654418536257
adult_income,53,0.0,immutable,scaled_l2,metric_projection,200,0.925,0.5423926441498191
adult_income,53,0.0,immutable,scaled_l2,metric_repair,200,0.94,0.5891694603442411
adult_income,53,0.0,immutable,scaled_l2,fixed_support_exact,200,1.0,0.5474105305101955
adult_income,53,0.0,immutable,scaled_l2,native_exact_sparse,200,1.0,0.5474105305101955
adult_income,53,0.0,immutable_top3,weighted_l1,metric_projection,200,0.865,0.5421103057739541
adult_income,53,0.0,immutable_top3,weighted_l1,metric_repair,200,0.91,0.7799667668346354
adult_income,53,0.0,immutable_top3,weighted_l1,fixed_support_exact,200,0.975,0.6000443067317143
adult_income,53,0.0,immutable_top3,weighted_l1,native_exact_sparse,200,1.0,0.5491654418536257
adult_income,53,0.0,immutable_top3,scaled_l2,metric_projection,200,0.86,0.5396790862475962
adult_income,53,0.0,immutable_top3,scaled_l2,metric_repair,200,0.905,0.6995955716693733
adult_income,53,0.0,immutable_top3,scaled_l2,fixed_support_exact,200,0.975,0.5920601190839927
adult_income,53,0.0,immutable_top3,scaled_l2,native_exact_sparse,200,1.0,0.5474105305101955
adult_income,53,1.0,free,weighted_l1,metric_projection,200,1.0,0.4431798292936081
adult_income,53,1.0,free,weighted_l1,metric_repair,200,1.0,0.4431798292936081
adult_income,53,1.0,free,weighted_l1,fixed_support_exact,200,1.0,0.4431798292936081
adult_income,53,1.0,free,weighted_l1,native_exact_sparse,200,1.0,0.4431798292936081
adult_income,53,1.0,free,scaled_l2,metric_projection,200,1.0,0.41537025532348637
adult_income,53,1.0,free,scaled_l2,metric_repair,200,1.0,0.41537025532348637
adult_income,53,1.0,free,scaled_l2,fixed_support_exact,200,1.0,0.41537025532348637
adult_income,53,1.0,free,scaled_l2,native_exact_sparse,200,1.0,0.41537025532348637
adult_income,53,1.0,immutable,weighted_l1,metric_projection,200,1.0,0.4431798292936081
adult_income,53,1.0,immutable,weighted_l1,metric_repair,200,1.0,0.4431798292936081
adult_income,53,1.0,immutable,weighted_l1,fixed_support_exact,200,1.0,0.4431798292936081
adult_income,53,1.0,immutable,weighted_l1,native_exact_sparse,200,1.0,0.4431798292936081
adult_income,53,1.0,immutable,scaled_l2,metric_projection,200,1.0,0.41537025532348637
adult_income,53,1.0,immutable,scaled_l2,metric_repair,200,1.0,0.41537025532348637
adult_income,53,1.0,immutable,scaled_l2,fixed_support_exact,200,1.0,0.41537025532348637
adult_income,53,1.0,immutable,scaled_l2,native_exact_sparse,200,1.0,0.41537025532348637
adult_income,53,1.0,immutable_top3,weighted_l1,metric_projection,200,0.96,0.43625824736327906
adult_income,53,1.0,immutable_top3,weighted_l1,metric_repair,200,1.0,0.6232964221259781
adult_income,53,1.0,immutable_top3,weighted_l1,fixed_support_exact,200,1.0,0.48457553639654305
adult_income,53,1.0,immutable_top3,weighted_l1,native_exact_sparse,200,1.0,0.4431798292936081
adult_income,53,1.0,immutable_top3,scaled_l2,metric_projection,200,0.96,0.40728994114440226
adult_income,53,1.0,immutable_top3,scaled_l2,metric_repair,200,1.0,0.5303182496303074
adult_income,53,1.0,immutable_top3,scaled_l2,fixed_support_exact,200,1.0,0.44886549120503105
adult_income,53,1.0,immutable_top3,scaled_l2,native_exact_sparse,200,1.0,0.41537025532348637
adult_income,61,0.0,free,weighted_l1,metric_projection,200,1.0,0.7031856382282413
adult_income,61,0.0,free,weighted_l1,metric_repair,200,1.0,0.7031856382282413
adult_income,61,0.0,free,weighted_l1,fixed_support_exact,200,1.0,0.7031856382282413
adult_income,61,0.0,free,weighted_l1,native_exact_sparse,200,1.0,0.7031856382282413
adult_income,61,0.0,free,scaled_l2,metric_projection,200,1.0,0.6912979260799313
adult_income,61,0.0,free,scaled_l2,metric_repair,200,1.0,0.6912979260799313
adult_income,61,0.0,free,scaled_l2,fixed_support_exact,200,1.0,0.6912979260799313
adult_income,61,0.0,free,scaled_l2,native_exact_sparse,200,1.0,0.6912979260799313
adult_income,61,0.0,immutable,weighted_l1,metric_projection,200,0.935,0.7075417909403726
adult_income,61,0.0,immutable,weighted_l1,metric_repair,200,0.96,0.764606708431404
adult_income,61,0.0,immutable,weighted_l1,fixed_support_exact,200,1.0,0.7262288561480861
adult_income,61,0.0,immutable,weighted_l1,native_exact_sparse,200,1.0,0.7262288561480861
adult_income,61,0.0,immutable,scaled_l2,metric_projection,200,0.925,0.7008212247482509
adult_income,61,0.0,immutable,scaled_l2,metric_repair,200,0.95,0.7400221801226412
adult_income,61,0.0,immutable,scaled_l2,fixed_support_exact,200,1.0,0.7207674342832994
adult_income,61,0.0,immutable,scaled_l2,native_exact_sparse,200,1.0,0.7207674342832994
adult_income,61,0.0,immutable_top3,weighted_l1,metric_projection,200,0.9,0.7046052836956616
adult_income,61,0.0,immutable_top3,weighted_l1,metric_repair,200,0.94,0.8543216973120111
adult_income,61,0.0,immutable_top3,weighted_l1,fixed_support_exact,200,0.98,0.7647789385218204
adult_income,61,0.0,immutable_top3,weighted_l1,native_exact_sparse,200,1.0,0.7262288561480861
adult_income,61,0.0,immutable_top3,scaled_l2,metric_projection,200,0.89,0.6975874311112126
adult_income,61,0.0,immutable_top3,scaled_l2,metric_repair,200,0.93,0.7958876088639365
adult_income,61,0.0,immutable_top3,scaled_l2,fixed_support_exact,200,0.98,0.7543255862685716
adult_income,61,0.0,immutable_top3,scaled_l2,native_exact_sparse,200,1.0,0.7207674342832994
adult_income,61,1.0,free,weighted_l1,metric_projection,200,1.0,0.6036619053863642
adult_income,61,1.0,free,weighted_l1,metric_repair,200,1.0,0.6036619053863642
adult_income,61,1.0,free,weighted_l1,fixed_support_exact,200,1.0,0.6036619053863642
adult_income,61,1.0,free,weighted_l1,native_exact_sparse,200,1.0,0.6036619053863642
adult_income,61,1.0,free,scaled_l2,metric_projection,200,1.0,0.5461922968709692
adult_income,61,1.0,free,scaled_l2,metric_repair,200,1.0,0.5461922968709692
adult_income,61,1.0,free,scaled_l2,fixed_support_exact,200,1.0,0.5461922968709692
adult_income,61,1.0,free,scaled_l2,native_exact_sparse,200,1.0,0.5461922968709692
adult_income,61,1.0,immutable,weighted_l1,metric_projection,200,0.975,0.5978990721408047
adult_income,61,1.0,immutable,weighted_l1,metric_repair,200,0.995,0.6223653458881755
adult_income,61,1.0,immutable,weighted_l1,fixed_support_exact,200,1.0,0.6092975958026746
adult_income,61,1.0,immutable,weighted_l1,native_exact_sparse,200,1.0,0.6092975958026746
adult_income,61,1.0,immutable,scaled_l2,metric_projection,200,0.96,0.5338348589867254
adult_income,61,1.0,immutable,scaled_l2,metric_repair,200,0.995,0.5907864901099752
adult_income,61,1.0,immutable,scaled_l2,fixed_support_exact,200,1.0,0.5567246200981772
adult_income,61,1.0,immutable,scaled_l2,native_exact_sparse,200,1.0,0.5567246200981772
adult_income,61,1.0,immutable_top3,weighted_l1,metric_projection,200,0.925,0.5921941213674015
adult_income,61,1.0,immutable_top3,weighted_l1,metric_repair,200,0.995,0.869581115114502
adult_income,61,1.0,immutable_top3,weighted_l1,fixed_support_exact,200,1.0,0.6469669120500089
adult_income,61,1.0,immutable_top3,weighted_l1,native_exact_sparse,200,1.0,0.6092975958026746
adult_income,61,1.0,immutable_top3,scaled_l2,metric_projection,200,0.91,0.5256653719631991
adult_income,61,1.0,immutable_top3,scaled_l2,metric_repair,200,0.995,0.764935146740486
adult_income,61,1.0,immutable_top3,scaled_l2,fixed_support_exact,200,1.0,0.5889569953655007
adult_income,61,1.0,immutable_top3,scaled_l2,native_exact_sparse,200,1.0,0.5567246200981772
adult_income,73,0.0,free,weighted_l1,metric_projection,200,1.0,0.6187134068432413
adult_income,73,0.0,free,weighted_l1,metric_repair,200,1.0,0.6187134068432413
adult_income,73,0.0,free,weighted_l1,fixed_support_exact,200,1.0,0.6187134068432413
adult_income,73,0.0,free,weighted_l1,native_exact_sparse,200,1.0,0.6187134068432413
adult_income,73,0.0,free,scaled_l2,metric_projection,200,1.0,0.6183921973818675
adult_income,73,0.0,free,scaled_l2,metric_repair,200,1.0,0.6183921973818675
adult_income,73,0.0,free,scaled_l2,fixed_support_exact,200,1.0,0.6183921973818675
adult_income,73,0.0,free,scaled_l2,native_exact_sparse,200,1.0,0.6183921973818675
adult_income,73,0.0,immutable,weighted_l1,metric_projection,200,0.99,0.6242272960284326
adult_income,73,0.0,immutable,weighted_l1,metric_repair,200,0.99,0.6242272960284326
adult_income,73,0.0,immutable,weighted_l1,fixed_support_exact,200,1.0,0.6244422767331868
adult_income,73,0.0,immutable,weighted_l1,native_exact_sparse,200,1.0,0.6244422767331868
adult_income,73,0.0,immutable,scaled_l2,metric_projection,200,0.985,0.624118168767136
adult_income,73,0.0,immutable,scaled_l2,metric_repair,200,0.985,0.624118168767136
adult_income,73,0.0,immutable,scaled_l2,fixed_support_exact,200,1.0,0.6244422767331868
adult_income,73,0.0,immutable,scaled_l2,native_exact_sparse,200,1.0,0.6244422767331868
adult_income,73,0.0,immutable_top3,weighted_l1,metric_projection,200,0.935,0.6229627036475256
adult_income,73,0.0,immutable_top3,weighted_l1,metric_repair,200,0.965,0.8025807187473791
adult_income,73,0.0,immutable_top3,weighted_l1,fixed_support_exact,200,1.0,0.7594376329642131
adult_income,73,0.0,immutable_top3,weighted_l1,native_exact_sparse,200,1.0,0.6244422767331868
adult_income,73,0.0,immutable_top3,scaled_l2,metric_projection,200,0.93,0.6228403237396959
adult_income,73,0.0,immutable_top3,scaled_l2,metric_repair,200,0.96,0.740324639800607
adult_income,73,0.0,immutable_top3,scaled_l2,fixed_support_exact,200,1.0,0.748267543433405
adult_income,73,0.0,immutable_top3,scaled_l2,native_exact_sparse,200,1.0,0.6244422767331868
adult_income,73,1.0,free,weighted_l1,metric_projection,200,1.0,0.5844658033965712
adult_income,73,1.0,free,weighted_l1,metric_repair,200,1.0,0.5844658033965712
adult_income,73,1.0,free,weighted_l1,fixed_support_exact,200,1.0,0.5844658033965712
adult_income,73,1.0,free,weighted_l1,native_exact_sparse,200,1.0,0.5844658033965712
adult_income,73,1.0,free,scaled_l2,metric_projection,200,1.0,0.5805945373236786
adult_income,73,1.0,free,scaled_l2,metric_repair,200,1.0,0.5805945373236786
adult_income,73,1.0,free,scaled_l2,fixed_support_exact,200,1.0,0.5805945373236786
adult_income,73,1.0,free,scaled_l2,native_exact_sparse,200,1.0,0.5805945373236786
adult_income,73,1.0,immutable,weighted_l1,metric_projection,200,1.0,0.5844658033965712
adult_income,73,1.0,immutable,weighted_l1,metric_repair,200,1.0,0.5844658033965712
adult_income,73,1.0,immutable,weighted_l1,fixed_support_exact,200,1.0,0.5844658033965712
adult_income,73,1.0,immutable,weighted_l1,native_exact_sparse,200,1.0,0.5844658033965712
adult_income,73,1.0,immutable,scaled_l2,metric_projection,200,1.0,0.5805945373236786
adult_income,73,1.0,immutable,scaled_l2,metric_repair,200,1.0,0.5805945373236786
adult_income,73,1.0,immutable,scaled_l2,fixed_support_exact,200,1.0,0.5805945373236786
adult_income,73,1.0,immutable,scaled_l2,native_exact_sparse,200,1.0,0.5805945373236786
adult_income,73,1.0,immutable_top3,weighted_l1,metric_projection,200,0.91,0.5784071652870599
adult_income,73,1.0,immutable_top3,weighted_l1,metric_repair,200,1.0,1.0308022413600417
adult_income,73,1.0,immutable_top3,weighted_l1,fixed_support_exact,200,1.0,0.6417278667509284
adult_income,73,1.0,immutable_top3,weighted_l1,native_exact_sparse,200,1.0,0.5844658033965712
adult_income,73,1.0,immutable_top3,scaled_l2,metric_projection,200,0.91,0.5741530267454198
adult_income,73,1.0,immutable_top3,scaled_l2,metric_repair,200,1.0,0.8846777246816196
adult_income,73,1.0,immutable_top3,scaled_l2,fixed_support_exact,200,1.0,0.6213346337188793
adult_income,73,1.0,immutable_top3,scaled_l2,native_exact_sparse,200,1.0,0.5805945373236786
adult_income,89,0.0,free,weighted_l1,metric_projection,200,1.0,0.5343014769300327
adult_income,89,0.0,free,weighted_l1,metric_repair,200,1.0,0.5343014769300327
adult_income,89,0.0,free,weighted_l1,fixed_support_exact,200,1.0,0.5343014769300327
adult_income,89,0.0,free,weighted_l1,native_exact_sparse,200,1.0,0.5343014769300327
adult_income,89,0.0,free,scaled_l2,metric_projection,200,1.0,0.5290931209092018
adult_income,89,0.0,free,scaled_l2,metric_repair,200,1.0,0.5290931209092018
adult_income,89,0.0,free,scaled_l2,fixed_support_exact,200,1.0,0.5290931209092018
adult_income,89,0.0,free,scaled_l2,native_exact_sparse,200,1.0,0.5290931209092018
adult_income,89,0.0,immutable,weighted_l1,metric_projection,200,0.965,0.5437054512092888
adult_income,89,0.0,immutable,weighted_l1,metric_repair,200,0.965,0.5437054512092888
adult_income,89,0.0,immutable,weighted_l1,fixed_support_exact,200,1.0,0.5445694621481036
adult_income,89,0.0,immutable,weighted_l1,native_exact_sparse,200,1.0,0.5445694621481036
adult_income,89,0.0,immutable,scaled_l2,metric_projection,200,0.945,0.5392142386315473
adult_income,89,0.0,immutable,scaled_l2,metric_repair,200,0.945,0.5392142386315473
adult_income,89,0.0,immutable,scaled_l2,fixed_support_exact,200,1.0,0.541076841504971
adult_income,89,0.0,immutable,scaled_l2,native_exact_sparse,200,1.0,0.541076841504971
adult_income,89,0.0,immutable_top3,weighted_l1,metric_projection,200,0.94,0.5436189141348752
adult_income,89,0.0,immutable_top3,weighted_l1,metric_repair,200,0.965,0.7136848632495162
adult_income,89,0.0,immutable_top3,weighted_l1,fixed_support_exact,200,1.0,0.6059608473544097
adult_income,89,0.0,immutable_top3,weighted_l1,native_exact_sparse,200,1.0,0.5445694621481036
adult_income,89,0.0,immutable_top3,scaled_l2,metric_projection,200,0.92,0.5390037764963382
adult_income,89,0.0,immutable_top3,scaled_l2,metric_repair,200,0.945,0.6473440328553588
adult_income,89,0.0,immutable_top3,scaled_l2,fixed_support_exact,200,1.0,0.5961900880219416
adult_income,89,0.0,immutable_top3,scaled_l2,native_exact_sparse,200,1.0,0.541076841504971
adult_income,89,1.0,free,weighted_l1,metric_projection,200,1.0,0.41379229012634
adult_income,89,1.0,free,weighted_l1,metric_repair,200,1.0,0.41379229012634
adult_income,89,1.0,free,weighted_l1,fixed_support_exact,200,1.0,0.41379229012634
adult_income,89,1.0,free,weighted_l1,native_exact_sparse,200,1.0,0.41379229012634
adult_income,89,1.0,free,scaled_l2,metric_projection,200,1.0,0.40992283840225113
adult_income,89,1.0,free,scaled_l2,metric_repair,200,1.0,0.40992283840225113
adult_income,89,1.0,free,scaled_l2,fixed_support_exact,200,1.0,0.40992283840225113
adult_income,89,1.0,free,scaled_l2,native_exact_sparse,200,1.0,0.40992283840225113
adult_income,89,1.0,immutable,weighted_l1,metric_projection,200,1.0,0.41379229012634
adult_income,89,1.0,immutable,weighted_l1,metric_repair,200,1.0,0.41379229012634
adult_income,89,1.0,immutable,weighted_l1,fixed_support_exact,200,1.0,0.41379229012634
adult_income,89,1.0,immutable,weighted_l1,native_exact_sparse,200,1.0,0.41379229012634
adult_income,89,1.0,immutable,scaled_l2,metric_projection,200,1.0,0.40992283840225113
adult_income,89,1.0,immutable,scaled_l2,metric_repair,200,1.0,0.40992283840225113
adult_income,89,1.0,immutable,scaled_l2,fixed_support_exact,200,1.0,0.40992283840225113
adult_income,89,1.0,immutable,scaled_l2,native_exact_sparse,200,1.0,0.40992283840225113
adult_income,89,1.0,immutable_top3,weighted_l1,metric_projection,200,0.975,0.4103777528165732
adult_income,89,1.0,immutable_top3,weighted_l1,metric_repair,200,1.0,0.5249784420726096
adult_income,89,1.0,immutable_top3,weighted_l1,fixed_support_exact,200,1.0,0.4320441486797569
adult_income,89,1.0,immutable_top3,weighted_l1,native_exact_sparse,200,1.0,0.41379229012634
adult_income,89,1.0,immutable_top3,scaled_l2,metric_projection,200,0.975,0.40640908438161033
adult_income,89,1.0,immutable_top3,scaled_l2,metric_repair,200,1.0,0.4903899080715792
adult_income,89,1.0,immutable_top3,scaled_l2,fixed_support_exact,200,1.0,0.4236367947642574
adult_income,89,1.0,immutable_top3,scaled_l2,native_exact_sparse,200,1.0,0.40992283840225113
german_credit,7,0.0,free,weighted_l1,metric_projection,58,1.0,0.24869961258943268
german_credit,7,0.0,free,weighted_l1,metric_repair,58,1.0,0.24869961258943268
german_credit,7,0.0,free,weighted_l1,fixed_support_exact,58,1.0,0.24869961258943268
german_credit,7,0.0,free,weighted_l1,native_exact_sparse,58,1.0,0.24869961258943268
german_credit,7,0.0,free,scaled_l2,metric_projection,58,1.0,0.24076121116136992
german_credit,7,0.0,free,scaled_l2,metric_repair,58,1.0,0.24076121116136992
german_credit,7,0.0,free,scaled_l2,fixed_support_exact,58,1.0,0.24076121116136992
german_credit,7,0.0,free,scaled_l2,native_exact_sparse,58,1.0,0.24076121116136992
german_credit,7,0.0,immutable,weighted_l1,metric_projection,58,0.603448275862069,0.2845956422418425
german_credit,7,0.0,immutable,weighted_l1,metric_repair,58,0.8275862068965517,0.5573157056585142
german_credit,7,0.0,immutable,weighted_l1,fixed_support_exact,58,1.0,0.3869477072534952
german_credit,7,0.0,immutable,weighted_l1,native_exact_sparse,58,1.0,0.3869477072534952
german_credit,7,0.0,immutable,scaled_l2,metric_projection,58,0.5862068965517241,0.26098329701316975
german_credit,7,0.0,immutable,scaled_l2,metric_repair,58,0.8275862068965517,0.4609787735097533
german_credit,7,0.0,immutable,scaled_l2,fixed_support_exact,58,1.0,0.3739525384535326
german_credit,7,0.0,immutable,scaled_l2,native_exact_sparse,58,1.0,0.3739525384535326
german_credit,7,0.0,immutable_top3,weighted_l1,metric_projection,58,0.5862068965517241,0.2798274807135389
german_credit,7,0.0,immutable_top3,weighted_l1,metric_repair,58,0.8275862068965517,0.5343348950363463
german_credit,7,0.0,immutable_top3,weighted_l1,fixed_support_exact,58,1.0,0.3980008993345893
german_credit,7,0.0,immutable_top3,weighted_l1,native_exact_sparse,58,1.0,0.3869477072534952
german_credit,7,0.0,immutable_top3,scaled_l2,metric_projection,58,0.5689655172413793,0.255355120128594
german_credit,7,0.0,immutable_top3,scaled_l2,metric_repair,58,0.8275862068965517,0.46313987714978483
german_credit,7,0.0,immutable_top3,scaled_l2,fixed_support_exact,58,1.0,0.3850057305346266
german_credit,7,0.0,immutable_top3,scaled_l2,native_exact_sparse,58,1.0,0.3739525384535326
german_credit,7,1.0,free,weighted_l1,metric_projection,150,1.0,0.2678339409323829
german_credit,7,1.0,free,weighted_l1,metric_repair,150,1.0,0.2678339409323829
german_credit,7,1.0,free,weighted_l1,fixed_support_exact,150,1.0,0.2678339409323829
german_credit,7,1.0,free,weighted_l1,native_exact_sparse,150,1.0,0.2678339409323829
german_credit,7,1.0,free,scaled_l2,metric_projection,150,1.0,0.24819709701014497
german_credit,7,1.0,free,scaled_l2,metric_repair,150,1.0,0.24819709701014497
german_credit,7,1.0,free,scaled_l2,fixed_support_exact,150,1.0,0.24819709701014497
german_credit,7,1.0,free,scaled_l2,native_exact_sparse,150,1.0,0.24819709701014497
german_credit,7,1.0,immutable,weighted_l1,metric_projection,150,0.5133333333333333,0.22060363038978684
german_credit,7,1.0,immutable,weighted_l1,metric_repair,150,0.7733333333333333,0.9785943369290645
german_credit,7,1.0,immutable,weighted_l1,fixed_support_exact,150,1.0,0.5270719423180517
german_credit,7,1.0,immutable,weighted_l1,native_exact_sparse,150,1.0,0.5270719423180517
german_credit,7,1.0,immutable,scaled_l2,metric_projection,150,0.5266666666666666,0.21457374244711575
german_credit,7,1.0,immutable,scaled_l2,metric_repair,150,0.7733333333333333,0.6907284790745677
german_credit,7,1.0,immutable,scaled_l2,fixed_support_exact,150,1.0,0.48292499297946384
german_credit,7,1.0,immutable,scaled_l2,native_exact_sparse,150,1.0,0.48292499297946384
german_credit,7,1.0,immutable_top3,weighted_l1,metric_projection,150,0.4666666666666667,0.22058149356314757
german_credit,7,1.0,immutable_top3,weighted_l1,metric_repair,150,0.76,1.0326252340303677
german_credit,7,1.0,immutable_top3,weighted_l1,fixed_support_exact,150,1.0,0.626540457801104
german_credit,7,1.0,immutable_top3,weighted_l1,native_exact_sparse,150,1.0,0.5270719423180517
german_credit,7,1.0,immutable_top3,scaled_l2,metric_projection,150,0.47333333333333333,0.20020616552145362
german_credit,7,1.0,immutable_top3,scaled_l2,metric_repair,150,0.76,0.7736753953716269
german_credit,7,1.0,immutable_top3,scaled_l2,fixed_support_exact,150,1.0,0.5795930080614173
german_credit,7,1.0,immutable_top3,scaled_l2,native_exact_sparse,150,1.0,0.48292499297946384
german_credit,13,0.0,free,weighted_l1,metric_projection,65,1.0,0.19901036037087827
german_credit,13,0.0,free,weighted_l1,metric_repair,65,1.0,0.19901036037087827
german_credit,13,0.0,free,weighted_l1,fixed_support_exact,65,1.0,0.19901036037087827
german_credit,13,0.0,free,weighted_l1,native_exact_sparse,65,1.0,0.19901036037087827
german_credit,13,0.0,free,scaled_l2,metric_projection,65,1.0,0.19896943938023592
german_credit,13,0.0,free,scaled_l2,metric_repair,65,1.0,0.19896943938023592
german_credit,13,0.0,free,scaled_l2,fixed_support_exact,65,1.0,0.19896943938023592
german_credit,13,0.0,free,scaled_l2,native_exact_sparse,65,1.0,0.19896943938023592
german_credit,13,0.0,immutable,weighted_l1,metric_projection,65,0.7076923076923077,0.21109321928352112
german_credit,13,0.0,immutable,weighted_l1,metric_repair,65,0.8,0.4061410363517428
german_credit,13,0.0,immutable,weighted_l1,fixed_support_exact,65,1.0,0.28901985477374387
german_credit,13,0.0,immutable,weighted_l1,native_exact_sparse,65,1.0,0.28901985477374387
german_credit,13,0.0,immutable,scaled_l2,metric_projection,65,0.7230769230769231,0.2129503011158578
german_credit,13,0.0,immutable,scaled_l2,metric_repair,65,0.8153846153846154,0.32779523164081564
german_credit,13,0.0,immutable,scaled_l2,fixed_support_exact,65,1.0,0.2863184517842401
german_credit,13,0.0,immutable,scaled_l2,native_exact_sparse,65,1.0,0.2863184517842401
german_credit,13,0.0,immutable_top3,weighted_l1,metric_projection,65,0.7076923076923077,0.21109321928352112
german_credit,13,0.0,immutable_top3,weighted_l1,metric_repair,65,0.8,0.3420730105049229
german_credit,13,0.0,immutable_top3,weighted_l1,fixed_support_exact,65,1.0,0.29178577406477124
german_credit,13,0.0,immutable_top3,weighted_l1,native_exact_sparse,65,1.0,0.28901985477374387
german_credit,13,0.0,immutable_top3,scaled_l2,metric_projection,65,0.7230769230769231,0.2129503011158578
german_credit,13,0.0,immutable_top3,scaled_l2,metric_repair,65,0.8153846153846154,0.3020620445079545
german_credit,13,0.0,immutable_top3,scaled_l2,fixed_support_exact,65,1.0,0.28908437107526747
german_credit,13,0.0,immutable_top3,scaled_l2,native_exact_sparse,65,1.0,0.2863184517842401
german_credit,13,1.0,free,weighted_l1,metric_projection,109,1.0,0.23665631229380363
german_credit,13,1.0,free,weighted_l1,metric_repair,109,1.0,0.23665631229380363
german_credit,13,1.0,free,weighted_l1,fixed_support_exact,109,1.0,0.23665631229380363
german_credit,13,1.0,free,weighted_l1,native_exact_sparse,109,1.0,0.23665631229380363
german_credit,13,1.0,free,scaled_l2,metric_projection,109,1.0,0.2342371210961153
german_credit,13,1.0,free,scaled_l2,metric_repair,109,1.0,0.2342371210961153
german_credit,13,1.0,free,scaled_l2,fixed_support_exact,109,1.0,0.2342371210961153
german_credit,13,1.0,free,scaled_l2,native_exact_sparse,109,1.0,0.2342371210961153
german_credit,13,1.0,immutable,weighted_l1,metric_projection,109,0.5504587155963303,0.22714580261049788
german_credit,13,1.0,immutable,weighted_l1,metric_repair,109,0.6330275229357798,0.41530939931229793
german_credit,13,1.0,immutable,weighted_l1,fixed_support_exact,109,1.0,0.40924266910224477
german_credit,13,1.0,immutable,weighted_l1,native_exact_sparse,109,1.0,0.40924266910224477
german_credit,13,1.0,immutable,scaled_l2,metric_projection,109,0.5504587155963303,0.21045869901211167
german_credit,13,1.0,immutable,scaled_l2,metric_repair,109,0.6330275229357798,0.33804106757200947
german_credit,13,1.0,immutable,scaled_l2,fixed_support_exact,109,1.0,0.4026245207671304
german_credit,13,1.0,immutable,scaled_l2,native_exact_sparse,109,1.0,0.4026245207671304
german_credit,13,1.0,immutable_top3,weighted_l1,metric_projection,109,0.5045871559633027,0.2115646678226012
german_credit,13,1.0,immutable_top3,weighted_l1,metric_repair,109,0.5871559633027523,0.37654399962561735
german_credit,13,1.0,immutable_top3,weighted_l1,fixed_support_exact,109,0.9908256880733946,0.45701096135586095
german_credit,13,1.0,immutable_top3,weighted_l1,native_exact_sparse,109,1.0,0.40924266910224477
german_credit,13,1.0,immutable_top3,scaled_l2,metric_projection,109,0.5137614678899083,0.21226869784918365
german_credit,13,1.0,immutable_top3,scaled_l2,metric_repair,109,0.5963302752293578,0.32685003693616266
german_credit,13,1.0,immutable_top3,scaled_l2,fixed_support_exact,109,0.9908256880733946,0.4503315338694955
german_credit,13,1.0,immutable_top3,scaled_l2,native_exact_sparse,109,1.0,0.4026245207671304
german_credit,19,0.0,free,weighted_l1,metric_projection,59,1.0,0.16062733134321505
german_credit,19,0.0,free,weighted_l1,metric_repair,59,1.0,0.16062733134321505
german_credit,19,0.0,free,weighted_l1,fixed_support_exact,59,1.0,0.16062733134321505
german_credit,19,0.0,free,weighted_l1,native_exact_sparse,59,1.0,0.16062733134321505
german_credit,19,0.0,free,scaled_l2,metric_projection,59,1.0,0.15642756948630057
german_credit,19,0.0,free,scaled_l2,metric_repair,59,1.0,0.15642756948630057
german_credit,19,0.0,free,scaled_l2,fixed_support_exact,59,1.0,0.15642756948630057
german_credit,19,0.0,free,scaled_l2,native_exact_sparse,59,1.0,0.15642756948630057
german_credit,19,0.0,immutable,weighted_l1,metric_projection,59,0.7288135593220338,0.14849778803924693
german_credit,19,0.0,immutable,weighted_l1,metric_repair,59,0.8813559322033898,0.39058996138882623
german_credit,19,0.0,immutable,weighted_l1,fixed_support_exact,59,1.0,0.31643959037625957
german_credit,19,0.0,immutable,weighted_l1,native_exact_sparse,59,1.0,0.31643959037625957
german_credit,19,0.0,immutable,scaled_l2,metric_projection,59,0.7288135593220338,0.1435441986734938
german_credit,19,0.0,immutable,scaled_l2,metric_repair,59,0.8813559322033898,0.29959779200429276
german_credit,19,0.0,immutable,scaled_l2,fixed_support_exact,59,1.0,0.3128293472791852
german_credit,19,0.0,immutable,scaled_l2,native_exact_sparse,59,1.0,0.3128293472791852
german_credit,19,0.0,immutable_top3,weighted_l1,metric_projection,59,0.711864406779661,0.12497330216671487
german_credit,19,0.0,immutable_top3,weighted_l1,metric_repair,59,0.864406779661017,0.3272911443858748
german_credit,19,0.0,immutable_top3,weighted_l1,fixed_support_exact,59,0.9661016949152542,0.29789242346979794
german_credit,19,0.0,immutable_top3,weighted_l1,native_exact_sparse,59,1.0,0.31643959037625957
german_credit,19,0.0,immutable_top3,scaled_l2,metric_projection,59,0.711864406779661,0.12497330216671487
german_credit,19,0.0,immutable_top3,scaled_l2,metric_repair,59,0.864406779661017,0.2716725953274226
german_credit,19,0.0,immutable_top3,scaled_l2,fixed_support_exact,59,0.9661016949152542,0.29789242346979794
german_credit,19,0.0,immutable_top3,scaled_l2,native_exact_sparse,59,1.0,0.3128293472791852
german_credit,19,1.0,free,weighted_l1,metric_projection,72,1.0,0.2952912633206173
german_credit,19,1.0,free,weighted_l1,metric_repair,72,1.0,0.2952912633206173
german_credit,19,1.0,free,weighted_l1,fixed_support_exact,72,1.0,0.2952912633206173
german_credit,19,1.0,free,weighted_l1,native_exact_sparse,72,1.0,0.2952912633206173
german_credit,19,1.0,free,scaled_l2,metric_projection,72,1.0,0.28508234625744433
german_credit,19,1.0,free,scaled_l2,metric_repair,72,1.0,0.28508234625744433
german_credit,19,1.0,free,scaled_l2,fixed_support_exact,72,1.0,0.28508234625744433
german_credit,19,1.0,free,scaled_l2,native_exact_sparse,72,1.0,0.28508234625744433
german_credit,19,1.0,immutable,weighted_l1,metric_projection,72,0.5833333333333334,0.3551062699641422
german_credit,19,1.0,immutable,weighted_l1,metric_repair,72,0.7777777777777778,0.9285028090304474
german_credit,19,1.0,immutable,weighted_l1,fixed_support_exact,72,1.0,0.6445389867299889
german_credit,19,1.0,immutable,weighted_l1,native_exact_sparse,72,1.0,0.6445389867299889
german_credit,19,1.0,immutable,scaled_l2,metric_projection,72,0.5694444444444444,0.3438189251429659
german_credit,19,1.0,immutable,scaled_l2,metric_repair,72,0.7638888888888888,0.70422939543129
german_credit,19,1.0,immutable,scaled_l2,fixed_support_exact,72,1.0,0.6385088725751316
german_credit,19,1.0,immutable,scaled_l2,native_exact_sparse,72,1.0,0.6385088725751316
german_credit,19,1.0,immutable_top3,weighted_l1,metric_projection,72,0.5138888888888888,0.29921243760555266
german_credit,19,1.0,immutable_top3,weighted_l1,metric_repair,72,0.7222222222222222,0.8337528863275362
german_credit,19,1.0,immutable_top3,weighted_l1,fixed_support_exact,72,1.0,0.7337325294026705
german_credit,19,1.0,immutable_top3,weighted_l1,native_exact_sparse,72,1.0,0.6445389867299889
german_credit,19,1.0,immutable_top3,scaled_l2,metric_projection,72,0.5,0.29686502785896685
german_credit,19,1.0,immutable_top3,scaled_l2,metric_repair,72,0.7083333333333334,0.6778145754080438
german_credit,19,1.0,immutable_top3,scaled_l2,fixed_support_exact,72,1.0,0.7290900792057146
german_credit,19,1.0,immutable_top3,scaled_l2,native_exact_sparse,72,1.0,0.6385088725751316
german_credit,29,0.0,free,weighted_l1,metric_projection,42,1.0,0.29714188939193625
german_credit,29,0.0,free,weighted_l1,metric_repair,42,1.0,0.29714188939193625
german_credit,29,0.0,free,weighted_l1,fixed_support_exact,42,1.0,0.29714188939193625
german_credit,29,0.0,free,weighted_l1,native_exact_sparse,42,1.0,0.29714188939193625
german_credit,29,0.0,free,scaled_l2,metric_projection,42,1.0,0.2948556031968136
german_credit,29,0.0,free,scaled_l2,metric_repair,42,1.0,0.2948556031968136
german_credit,29,0.0,free,scaled_l2,fixed_support_exact,42,1.0,0.2948556031968136
german_credit,29,0.0,free,scaled_l2,native_exact_sparse,42,1.0,0.2948556031968136
german_credit,29,0.0,immutable,weighted_l1,metric_projection,42,0.7619047619047619,0.19725923205716017
german_credit,29,0.0,immutable,weighted_l1,metric_repair,42,0.8333333333333334,0.36771956887968543
german_credit,29,0.0,immutable,weighted_l1,fixed_support_exact,42,1.0,0.6107978328165563
german_credit,29,0.0,immutable,weighted_l1,native_exact_sparse,42,1.0,0.6107978328165563
german_credit,29,0.0,immutable,scaled_l2,metric_projection,42,0.7619047619047619,0.19425848142606167
german_credit,29,0.0,immutable,scaled_l2,metric_repair,42,0.8333333333333334,0.3422428263221678
german_credit,29,0.0,immutable,scaled_l2,fixed_support_exact,42,1.0,0.5328486178159708
german_credit,29,0.0,immutable,scaled_l2,native_exact_sparse,42,1.0,0.5328486178159708
german_credit,29,0.0,immutable_top3,weighted_l1,metric_projection,42,0.7619047619047619,0.19725923205716017
german_credit,29,0.0,immutable_top3,weighted_l1,metric_repair,42,0.8333333333333334,0.36771956887968543
german_credit,29,0.0,immutable_top3,weighted_l1,fixed_support_exact,42,1.0,0.6107978328165563
german_credit,29,0.0,immutable_top3,weighted_l1,native_exact_sparse,42,1.0,0.6107978328165563
german_credit,29,0.0,immutable_top3,scaled_l2,metric_projection,42,0.7619047619047619,0.19425848142606167
german_credit,29,0.0,immutable_top3,scaled_l2,metric_repair,42,0.8333333333333334,0.3422428263221678
german_credit,29,0.0,immutable_top3,scaled_l2,fixed_support_exact,42,1.0,0.5328486178159708
german_credit,29,0.0,immutable_top3,scaled_l2,native_exact_sparse,42,1.0,0.5328486178159708
german_credit,29,1.0,free,weighted_l1,metric_projection,53,1.0,0.5091126472170467
german_credit,29,1.0,free,weighted_l1,metric_repair,53,1.0,0.5091126472170467
german_credit,29,1.0,free,weighted_l1,fixed_support_exact,53,1.0,0.5091126472170467
german_credit,29,1.0,free,weighted_l1,native_exact_sparse,53,1.0,0.5091126472170467
german_credit,29,1.0,free,scaled_l2,metric_projection,53,1.0,0.4956395080734875
german_credit,29,1.0,free,scaled_l2,metric_repair,53,1.0,0.4956395080734875
german_credit,29,1.0,free,scaled_l2,fixed_support_exact,53,1.0,0.4956395080734875
german_credit,29,1.0,free,scaled_l2,native_exact_sparse,53,1.0,0.4956395080734875
german_credit,29,1.0,immutable,weighted_l1,metric_projection,53,0.4339622641509434,0.49305085226122897
german_credit,29,1.0,immutable,weighted_l1,metric_repair,53,0.6415094339622641,1.1234833058229463
german_credit,29,1.0,immutable,weighted_l1,fixed_support_exact,53,1.0,1.3388433974993754
german_credit,29,1.0,immutable,weighted_l1,native_exact_sparse,53,1.0,1.3388433974993754
german_credit,29,1.0,immutable,scaled_l2,metric_projection,53,0.4339622641509434,0.4620040533652014
german_credit,29,1.0,immutable,scaled_l2,metric_repair,53,0.6415094339622641,0.8443440619938187
german_credit,29,1.0,immutable,scaled_l2,fixed_support_exact,53,1.0,1.1457880134867586
german_credit,29,1.0,immutable,scaled_l2,native_exact_sparse,53,1.0,1.1457880134867586
german_credit,29,1.0,immutable_top3,weighted_l1,metric_projection,53,0.41509433962264153,0.480151944023692
german_credit,29,1.0,immutable_top3,weighted_l1,metric_repair,53,0.6226415094339622,1.0612257182391374
german_credit,29,1.0,immutable_top3,weighted_l1,fixed_support_exact,53,0.9622641509433962,1.3613314699837118
german_credit,29,1.0,immutable_top3,weighted_l1,native_exact_sparse,53,1.0,1.3388433974993754
german_credit,29,1.0,immutable_top3,scaled_l2,metric_projection,53,0.41509433962264153,0.4578702545746683
german_credit,29,1.0,immutable_top3,scaled_l2,metric_repair,53,0.6226415094339622,0.8383395028723708
german_credit,29,1.0,immutable_top3,scaled_l2,fixed_support_exact,53,0.9622641509433962,1.1693841453885414
german_credit,29,1.0,immutable_top3,scaled_l2,native_exact_sparse,53,1.0,1.1457880134867586
german_credit,37,0.0,free,weighted_l1,metric_projection,62,1.0,0.21140867829138157
german_credit,37,0.0,free,weighted_l1,metric_repair,62,1.0,0.21140867829138157
german_credit,37,0.0,free,weighted_l1,fixed_support_exact,62,1.0,0.21140867829138157
german_credit,37,0.0,free,weighted_l1,native_exact_sparse,62,1.0,0.21140867829138157
german_credit,37,0.0,free,scaled_l2,metric_projection,62,1.0,0.20916665863190168
german_credit,37,0.0,free,scaled_l2,metric_repair,62,1.0,0.20916665863190168
german_credit,37,0.0,free,scaled_l2,fixed_support_exact,62,1.0,0.20916665863190168
german_credit,37,0.0,free,scaled_l2,native_exact_sparse,62,1.0,0.20916665863190168
german_credit,37,0.0,immutable,weighted_l1,metric_projection,62,0.5161290322580645,0.23433104950288117
german_credit,37,0.0,immutable,weighted_l1,metric_repair,62,0.6451612903225806,0.3701295064579065
german_credit,37,0.0,immutable,weighted_l1,fixed_support_exact,62,1.0,0.6787590111548285
german_credit,37,0.0,immutable,weighted_l1,native_exact_sparse,62,1.0,0.6787590111548285
german_credit,37,0.0,immutable,scaled_l2,metric_projection,62,0.5161290322580645,0.23433104950288117
german_credit,37,0.0,immutable,scaled_l2,metric_repair,62,0.6451612903225806,0.32620150822301
german_credit,37,0.0,immutable,scaled_l2,fixed_support_exact,62,1.0,0.6471094288781567
german_credit,37,0.0,immutable,scaled_l2,native_exact_sparse,62,1.0,0.6471094288781567
german_credit,37,0.0,immutable_top3,weighted_l1,metric_projection,62,0.5,0.2352619032502946
german_credit,37,0.0,immutable_top3,weighted_l1,metric_repair,62,0.6290322580645161,0.37435142756367173
german_credit,37,0.0,immutable_top3,weighted_l1,fixed_support_exact,62,0.967741935483871,0.6863161754155648
german_credit,37,0.0,immutable_top3,weighted_l1,native_exact_sparse,62,1.0,0.6787590111548285
german_credit,37,0.0,immutable_top3,scaled_l2,metric_projection,62,0.5,0.2352619032502946
german_credit,37,0.0,immutable_top3,scaled_l2,metric_repair,62,0.6290322580645161,0.3292970703996754
german_credit,37,0.0,immutable_top3,scaled_l2,fixed_support_exact,62,0.967741935483871,0.6536116070630041
german_credit,37,0.0,immutable_top3,scaled_l2,native_exact_sparse,62,1.0,0.6471094288781567
german_credit,37,1.0,free,weighted_l1,metric_projection,83,1.0,0.3877907577653613
german_credit,37,1.0,free,weighted_l1,metric_repair,83,1.0,0.3877907577653613
german_credit,37,1.0,free,weighted_l1,fixed_support_exact,83,1.0,0.3877907577653613
german_credit,37,1.0,free,weighted_l1,native_exact_sparse,83,1.0,0.3877907577653613
german_credit,37,1.0,free,scaled_l2,metric_projection,83,1.0,0.3806669948583826
german_credit,37,1.0,free,scaled_l2,metric_repair,83,1.0,0.3806669948583826
german_credit,37,1.0,free,scaled_l2,fixed_support_exact,83,1.0,0.3806669948583826
german_credit,37,1.0,free,scaled_l2,native_exact_sparse,83,1.0,0.3806669948583826
german_credit,37,1.0,immutable,weighted_l1,metric_projection,83,0.2289156626506024,0.9550367865672944
german_credit,37,1.0,immutable,weighted_l1,metric_repair,83,0.27710843373493976,1.5714499405039613
german_credit,37,1.0,immutable,weighted_l1,fixed_support_exact,83,1.0,1.4410691433989802
german_credit,37,1.0,immutable,weighted_l1,native_exact_sparse,83,1.0,1.4410691433989802
german_credit,37,1.0,immutable,scaled_l2,metric_projection,83,0.2289156626506024,0.9550367865672944
german_credit,37,1.0,immutable,scaled_l2,metric_repair,83,0.27710843373493976,1.2950545949522705
german_credit,37,1.0,immutable,scaled_l2,fixed_support_exact,83,1.0,1.2873376984754858
german_credit,37,1.0,immutable,scaled_l2,native_exact_sparse,83,1.0,1.2873376984754858
german_credit,37,1.0,immutable_top3,weighted_l1,metric_projection,83,0.2289156626506024,0.9550367865672944
german_credit,37,1.0,immutable_top3,weighted_l1,metric_repair,83,0.27710843373493976,1.457978496090267
german_credit,37,1.0,immutable_top3,weighted_l1,fixed_support_exact,83,0.9518072289156626,1.4251994200594849
german_credit,37,1.0,immutable_top3,weighted_l1,native_exact_sparse,83,1.0,1.4410691433989802
german_credit,37,1.0,immutable_top3,scaled_l2,metric_projection,83,0.2289156626506024,0.9550367865672944
german_credit,37,1.0,immutable_top3,scaled_l2,metric_repair,83,0.27710843373493976,1.2663549187490406
german_credit,37,1.0,immutable_top3,scaled_l2,fixed_support_exact,83,0.9518072289156626,1.283231175830401
german_credit,37,1.0,immutable_top3,scaled_l2,native_exact_sparse,83,1.0,1.2873376984754858
german_credit,41,0.0,free,weighted_l1,metric_projection,45,1.0,0.3185237623268533
german_credit,41,0.0,free,weighted_l1,metric_repair,45,1.0,0.3185237623268533
german_credit,41,0.0,free,weighted_l1,fixed_support_exact,45,1.0,0.3185237623268533
german_credit,41,0.0,free,weighted_l1,native_exact_sparse,45,1.0,0.3185237623268533
german_credit,41,0.0,free,scaled_l2,metric_projection,45,1.0,0.3185237623268533
german_credit,41,0.0,free,scaled_l2,metric_repair,45,1.0,0.3185237623268533
german_credit,41,0.0,free,scaled_l2,fixed_support_exact,45,1.0,0.3185237623268533
german_credit,41,0.0,free,scaled_l2,native_exact_sparse,45,1.0,0.3185237623268533
german_credit,41,0.0,immutable,weighted_l1,metric_projection,45,0.8666666666666667,0.33324712780526
german_credit,41,0.0,immutable,weighted_l1,metric_repair,45,0.9111111111111111,0.3621240739441173
german_credit,41,0.0,immutable,weighted_l1,fixed_support_exact,45,1.0,0.37099480801489954
german_credit,41,0.0,immutable,weighted_l1,native_exact_sparse,45,1.0,0.37099480801489954
german_credit,41,0.0,immutable,scaled_l2,metric_projection,45,0.8666666666666667,0.33324712780526
german_credit,41,0.0,immutable,scaled_l2,metric_repair,45,0.9111111111111111,0.35079207091939624
german_credit,41,0.0,immutable,scaled_l2,fixed_support_exact,45,1.0,0.36315174029023584
german_credit,41,0.0,immutable,scaled_l2,native_exact_sparse,45,1.0,0.36315174029023584
german_credit,41,0.0,immutable_top3,weighted_l1,metric_projection,45,0.8444444444444444,0.33026791501425484
german_credit,41,0.0,immutable_top3,weighted_l1,metric_repair,45,0.9111111111111111,0.3730859730879327
german_credit,41,0.0,immutable_top3,weighted_l1,fixed_support_exact,45,1.0,0.43055115542486716
german_credit,41,0.0,immutable_top3,weighted_l1,native_exact_sparse,45,1.0,0.37099480801489954
german_credit,41,0.0,immutable_top3,scaled_l2,metric_projection,45,0.8444444444444444,0.33026791501425484
german_credit,41,0.0,immutable_top3,scaled_l2,metric_repair,45,0.9111111111111111,0.3583556830935597
german_credit,41,0.0,immutable_top3,scaled_l2,fixed_support_exact,45,1.0,0.4164641248594561
german_credit,41,0.0,immutable_top3,scaled_l2,native_exact_sparse,45,1.0,0.36315174029023584
german_credit,41,1.0,free,weighted_l1,metric_projection,171,1.0,0.34899275715366007
german_credit,41,1.0,free,weighted_l1,metric_repair,171,1.0,0.34899275715366007
german_credit,41,1.0,free,weighted_l1,fixed_support_exact,171,1.0,0.34899275715366007
german_credit,41,1.0,free,weighted_l1,native_exact_sparse,171,1.0,0.34899275715366007
german_credit,41,1.0,free,scaled_l2,metric_projection,171,1.0,0.34500211809731307
german_credit,41,1.0,free,scaled_l2,metric_repair,171,1.0,0.34500211809731307
german_credit,41,1.0,free,scaled_l2,fixed_support_exact,171,1.0,0.34500211809731307
german_credit,41,1.0,free,scaled_l2,native_exact_sparse,171,1.0,0.34500211809731307
german_credit,41,1.0,immutable,weighted_l1,metric_projection,171,0.9590643274853801,0.34124700421765647
german_credit,41,1.0,immutable,weighted_l1,metric_repair,171,0.9766081871345029,0.3919569997937411
german_credit,41,1.0,immutable,weighted_l1,fixed_support_exact,171,1.0,0.3901398811882346
german_credit,41,1.0,immutable,weighted_l1,native_exact_sparse,171,1.0,0.3901398811882346
german_credit,41,1.0,immutable,scaled_l2,metric_projection,171,0.9590643274853801,0.3407755036320552
german_credit,41,1.0,immutable,scaled_l2,metric_repair,171,0.9766081871345029,0.3672235592570784
german_credit,41,1.0,immutable,scaled_l2,fixed_support_exact,171,1.0,0.38273209832220595
german_credit,41,1.0,immutable,scaled_l2,native_exact_sparse,171,1.0,0.38273209832220595
german_credit,41,1.0,immutable_top3,weighted_l1,metric_projection,171,0.935672514619883,0.3408507495534797
german_credit,41,1.0,immutable_top3,weighted_l1,metric_repair,171,0.9649122807017544,0.3996663967910688
german_credit,41,1.0,immutable_top3,weighted_l1,fixed_support_exact,171,1.0,0.39932025790396963
german_credit,41,1.0,immutable_top3,weighted_l1,native_exact_sparse,171,1.0,0.3901398811882346
german_credit,41,1.0,immutable_top3,scaled_l2,metric_projection,171,0.935672514619883,0.34036746145323843
german_credit,41,1.0,immutable_top3,scaled_l2,metric_repair,171,0.9649122807017544,0.37757252705575783
german_credit,41,1.0,immutable_top3,scaled_l2,fixed_support_exact,171,1.0,0.39191247503794086
german_credit,41,1.0,immutable_top3,scaled_l2,native_exact_sparse,171,1.0,0.38273209832220595
german_credit,53,0.0,free,weighted_l1,metric_projection,48,1.0,0.4689407130554631
german_credit,53,0.0,free,weighted_l1,metric_repair,48,1.0,0.4689407130554631
german_credit,53,0.0,free,weighted_l1,fixed_support_exact,48,1.0,0.4689407130554631
german_credit,53,0.0,free,weighted_l1,native_exact_sparse,48,1.0,0.4689407130554631
german_credit,53,0.0,free,scaled_l2,metric_projection,48,1.0,0.4556117235423658
german_credit,53,0.0,free,scaled_l2,metric_repair,48,1.0,0.4556117235423658
german_credit,53,0.0,free,scaled_l2,fixed_support_exact,48,1.0,0.4556117235423658
german_credit,53,0.0,free,scaled_l2,native_exact_sparse,48,1.0,0.4556117235423658
german_credit,53,0.0,immutable,weighted_l1,metric_projection,48,0.5208333333333334,0.5407387107967908
german_credit,53,0.0,immutable,weighted_l1,metric_repair,48,0.7708333333333334,0.883545785621387
german_credit,53,0.0,immutable,weighted_l1,fixed_support_exact,48,1.0,0.9200032078968814
german_credit,53,0.0,immutable,weighted_l1,native_exact_sparse,48,1.0,0.9200032078968814
german_credit,53,0.0,immutable,scaled_l2,metric_projection,48,0.4583333333333333,0.5284245802398715
german_credit,53,0.0,immutable,scaled_l2,metric_repair,48,0.75,0.8142998121348584
german_credit,53,0.0,immutable,scaled_l2,fixed_support_exact,48,1.0,0.8196264144975497
german_credit,53,0.0,immutable,scaled_l2,native_exact_sparse,48,1.0,0.8196264144975497
german_credit,53,0.0,immutable_top3,weighted_l1,metric_projection,48,0.5,0.5279519930306623
german_credit,53,0.0,immutable_top3,weighted_l1,metric_repair,48,0.7708333333333334,0.8632611858516955
german_credit,53,0.0,immutable_top3,weighted_l1,fixed_support_exact,48,0.9791666666666666,0.9601335991681489
german_credit,53,0.0,immutable_top3,weighted_l1,native_exact_sparse,48,1.0,0.9200032078968814
german_credit,53,0.0,immutable_top3,scaled_l2,metric_projection,48,0.4375,0.5132248013377761
german_credit,53,0.0,immutable_top3,scaled_l2,metric_repair,48,0.75,0.8366417765578453
german_credit,53,0.0,immutable_top3,scaled_l2,fixed_support_exact,48,0.9791666666666666,0.8576211293135124
german_credit,53,0.0,immutable_top3,scaled_l2,native_exact_sparse,48,1.0,0.8196264144975497
german_credit,53,1.0,free,weighted_l1,metric_projection,112,1.0,0.3669759682993897
german_credit,53,1.0,free,weighted_l1,metric_repair,112,1.0,0.3669759682993897
german_credit,53,1.0,free,weighted_l1,fixed_support_exact,112,1.0,0.3669759682993897
german_credit,53,1.0,free,weighted_l1,native_exact_sparse,112,1.0,0.3669759682993897
german_credit,53,1.0,free,scaled_l2,metric_projection,112,1.0,0.3532685223069209
german_credit,53,1.0,free,scaled_l2,metric_repair,112,1.0,0.3532685223069209
german_credit,53,1.0,free,scaled_l2,fixed_support_exact,112,1.0,0.3532685223069209
german_credit,53,1.0,free,scaled_l2,native_exact_sparse,112,1.0,0.3532685223069209
german_credit,53,1.0,immutable,weighted_l1,metric_projection,112,0.5,0.34161636861426725
german_credit,53,1.0,immutable,weighted_l1,metric_repair,112,0.7410714285714286,1.0490352486294823
german_credit,53,1.0,immutable,weighted_l1,fixed_support_exact,112,1.0,0.954040608785611
german_credit,53,1.0,immutable,weighted_l1,native_exact_sparse,112,1.0,0.954040608785611
german_credit,53,1.0,immutable,scaled_l2,metric_projection,112,0.4732142857142857,0.3393827810069586
german_credit,53,1.0,immutable,scaled_l2,metric_repair,112,0.7410714285714286,0.8037838857517601
german_credit,53,1.0,immutable,scaled_l2,fixed_support_exact,112,1.0,0.8461635851568613
german_credit,53,1.0,immutable,scaled_l2,native_exact_sparse,112,1.0,0.8461635851568613
german_credit,53,1.0,immutable_top3,weighted_l1,metric_projection,112,0.4732142857142857,0.3308699201980334
german_credit,53,1.0,immutable_top3,weighted_l1,metric_repair,112,0.7232142857142857,0.9950206723007682
german_credit,53,1.0,immutable_top3,weighted_l1,fixed_support_exact,112,0.9821428571428571,0.9968650291491706
german_credit,53,1.0,immutable_top3,weighted_l1,native_exact_sparse,112,1.0,0.954040608785611
german_credit,53,1.0,immutable_top3,scaled_l2,metric_projection,112,0.45535714285714285,0.32875043115343666
german_credit,53,1.0,immutable_top3,scaled_l2,metric_repair,112,0.7232142857142857,0.7991487925335145
german_credit,53,1.0,immutable_top3,scaled_l2,fixed_support_exact,112,0.9821428571428571,0.8953376119554594
german_credit,53,1.0,immutable_top3,scaled_l2,native_exact_sparse,112,1.0,0.8461635851568613
german_credit,61,0.0,free,weighted_l1,metric_projection,35,1.0,0.5054974300821928
german_credit,61,0.0,free,weighted_l1,metric_repair,35,1.0,0.5054974300821928
german_credit,61,0.0,free,weighted_l1,fixed_support_exact,35,1.0,0.5054974300821928
german_credit,61,0.0,free,weighted_l1,native_exact_sparse,35,1.0,0.5054974300821928
german_credit,61,0.0,free,scaled_l2,metric_projection,35,1.0,0.4893974375912608
german_credit,61,0.0,free,scaled_l2,metric_repair,35,1.0,0.4893974375912608
german_credit,61,0.0,free,scaled_l2,fixed_support_exact,35,1.0,0.4893974375912608
german_credit,61,0.0,free,scaled_l2,native_exact_sparse,35,1.0,0.4893974375912608
german_credit,61,0.0,immutable,weighted_l1,metric_projection,35,0.8571428571428571,0.5709992037453223
german_credit,61,0.0,immutable,weighted_l1,metric_repair,35,0.9428571428571428,0.7486978551505452
german_credit,61,0.0,immutable,weighted_l1,fixed_support_exact,35,1.0,0.5308765375011528
german_credit,61,0.0,immutable,weighted_l1,native_exact_sparse,35,1.0,0.5308765375011528
german_credit,61,0.0,immutable,scaled_l2,metric_projection,35,0.8571428571428571,0.5522158791725683
german_credit,61,0.0,immutable,scaled_l2,metric_repair,35,0.9428571428571428,0.6520829988599075
german_credit,61,0.0,immutable,scaled_l2,fixed_support_exact,35,1.0,0.5147765450102207
german_credit,61,0.0,immutable,scaled_l2,native_exact_sparse,35,1.0,0.5147765450102207
german_credit,61,0.0,immutable_top3,weighted_l1,metric_projection,35,0.8571428571428571,0.5709992037453223
german_credit,61,0.0,immutable_top3,weighted_l1,metric_repair,35,0.9428571428571428,0.69717383715883
german_credit,61,0.0,immutable_top3,weighted_l1,fixed_support_exact,35,1.0,0.5308765375011528
german_credit,61,0.0,immutable_top3,weighted_l1,native_exact_sparse,35,1.0,0.5308765375011528
german_credit,61,0.0,immutable_top3,scaled_l2,metric_projection,35,0.8571428571428571,0.5522158791725683
german_credit,61,0.0,immutable_top3,scaled_l2,metric_repair,35,0.9428571428571428,0.6374606531994282
german_credit,61,0.0,immutable_top3,scaled_l2,fixed_support_exact,35,1.0,0.5147765450102207
german_credit,61,0.0,immutable_top3,scaled_l2,native_exact_sparse,35,1.0,0.5147765450102207
german_credit,61,1.0,free,weighted_l1,metric_projection,49,1.0,0.7121809558828895
german_credit,61,1.0,free,weighted_l1,metric_repair,49,1.0,0.7121809558828895
german_credit,61,1.0,free,weighted_l1,fixed_support_exact,49,1.0,0.7121809558828895
german_credit,61,1.0,free,weighted_l1,native_exact_sparse,49,1.0,0.7121809558828895
german_credit,61,1.0,free,scaled_l2,metric_projection,49,1.0,0.7121809558828895
german_credit,61,1.0,free,scaled_l2,metric_repair,49,1.0,0.7121809558828895
german_credit,61,1.0,free,scaled_l2,fixed_support_exact,49,1.0,0.7121809558828895
german_credit,61,1.0,free,scaled_l2,native_exact_sparse,49,1.0,0.7121809558828895
german_credit,61,1.0,immutable,weighted_l1,metric_projection,49,1.0,0.7121809558828895
german_credit,61,1.0,immutable,weighted_l1,metric_repair,49,1.0,0.7121809558828895
german_credit,61,1.0,immutable,weighted_l1,fixed_support_exact,49,1.0,0.7121809558828895
german_credit,61,1.0,immutable,weighted_l1,native_exact_sparse,49,1.0,0.7121809558828895
german_credit,61,1.0,immutable,scaled_l2,metric_projection,49,1.0,0.7121809558828895
german_credit,61,1.0,immutable,scaled_l2,metric_repair,49,1.0,0.7121809558828895
german_credit,61,1.0,immutable,scaled_l2,fixed_support_exact,49,1.0,0.7121809558828895
german_credit,61,1.0,immutable,scaled_l2,native_exact_sparse,49,1.0,0.7121809558828895
german_credit,61,1.0,immutable_top3,weighted_l1,metric_projection,49,1.0,0.7121809558828895
german_credit,61,1.0,immutable_top3,weighted_l1,metric_repair,49,1.0,0.7121809558828895
german_credit,61,1.0,immutable_top3,weighted_l1,fixed_support_exact,49,1.0,0.7121809558828895
german_credit,61,1.0,immutable_top3,weighted_l1,native_exact_sparse,49,1.0,0.7121809558828895
german_credit,61,1.0,immutable_top3,scaled_l2,metric_projection,49,1.0,0.7121809558828895
german_credit,61,1.0,immutable_top3,scaled_l2,metric_repair,49,1.0,0.7121809558828895
german_credit,61,1.0,immutable_top3,scaled_l2,fixed_support_exact,49,1.0,0.7121809558828895
german_credit,61,1.0,immutable_top3,scaled_l2,native_exact_sparse,49,1.0,0.7121809558828895
german_credit,73,0.0,free,weighted_l1,metric_projection,44,1.0,0.5837299810541365
german_credit,73,0.0,free,weighted_l1,metric_repair,44,1.0,0.5837299810541365
german_credit,73,0.0,free,weighted_l1,fixed_support_exact,44,1.0,0.5837299810541365
german_credit,73,0.0,free,weighted_l1,native_exact_sparse,44,1.0,0.5837299810541365
german_credit,73,0.0,free,scaled_l2,metric_projection,44,1.0,0.5438243319915274
german_credit,73,0.0,free,scaled_l2,metric_repair,44,1.0,0.5438243319915274
german_credit,73,0.0,free,scaled_l2,fixed_support_exact,44,1.0,0.5438243319915274
german_credit,73,0.0,free,scaled_l2,native_exact_sparse,44,1.0,0.5438243319915274
german_credit,73,0.0,immutable,weighted_l1,metric_projection,44,0.6363636363636364,0.5228414473080699
german_credit,73,0.0,immutable,weighted_l1,metric_repair,44,0.75,0.7103814780819323
german_credit,73,0.0,immutable,weighted_l1,fixed_support_exact,44,1.0,0.9646154566530687
german_credit,73,0.0,immutable,weighted_l1,native_exact_sparse,44,1.0,0.9646154566530687
german_credit,73,0.0,immutable,scaled_l2,metric_projection,44,0.6136363636363636,0.48206247071968167
german_credit,73,0.0,immutable,scaled_l2,metric_repair,44,0.7272727272727273,0.6096974530313695
german_credit,73,0.0,immutable,scaled_l2,fixed_support_exact,44,1.0,0.8333860130895313
german_credit,73,0.0,immutable,scaled_l2,native_exact_sparse,44,1.0,0.8333860130895313
german_credit,73,0.0,immutable_top3,weighted_l1,metric_projection,44,0.6363636363636364,0.5228414473080699
german_credit,73,0.0,immutable_top3,weighted_l1,metric_repair,44,0.75,0.7103814780819323
german_credit,73,0.0,immutable_top3,weighted_l1,fixed_support_exact,44,1.0,0.9646154566530687
german_credit,73,0.0,immutable_top3,weighted_l1,native_exact_sparse,44,1.0,0.9646154566530687
german_credit,73,0.0,immutable_top3,scaled_l2,metric_projection,44,0.6136363636363636,0.48206247071968167
german_credit,73,0.0,immutable_top3,scaled_l2,metric_repair,44,0.7272727272727273,0.6096974530313695
german_credit,73,0.0,immutable_top3,scaled_l2,fixed_support_exact,44,1.0,0.8333860130895313
german_credit,73,0.0,immutable_top3,scaled_l2,native_exact_sparse,44,1.0,0.8333860130895313
german_credit,73,1.0,free,weighted_l1,metric_projection,107,1.0,0.5651028090826439
german_credit,73,1.0,free,weighted_l1,metric_repair,107,1.0,0.5651028090826439
german_credit,73,1.0,free,weighted_l1,fixed_support_exact,107,1.0,0.5651028090826439
german_credit,73,1.0,free,weighted_l1,native_exact_sparse,107,1.0,0.5651028090826439
german_credit,73,1.0,free,scaled_l2,metric_projection,107,1.0,0.5360129930141856
german_credit,73,1.0,free,scaled_l2,metric_repair,107,1.0,0.5360129930141856
german_credit,73,1.0,free,scaled_l2,fixed_support_exact,107,1.0,0.5360129930141856
german_credit,73,1.0,free,scaled_l2,native_exact_sparse,107,1.0,0.5360129930141856
german_credit,73,1.0,immutable,weighted_l1,metric_projection,107,0.6448598130841121,0.42576029822479594
german_credit,73,1.0,immutable,weighted_l1,metric_repair,107,0.7476635514018691,0.7982859676932086
german_credit,73,1.0,immutable,weighted_l1,fixed_support_exact,107,1.0,1.055839450515721
german_credit,73,1.0,immutable,weighted_l1,native_exact_sparse,107,1.0,1.055839450515721
german_credit,73,1.0,immutable,scaled_l2,metric_projection,107,0.6261682242990654,0.3681640932792964
german_credit,73,1.0,immutable,scaled_l2,metric_repair,107,0.7383177570093458,0.622097916544015
german_credit,73,1.0,immutable,scaled_l2,fixed_support_exact,107,1.0,0.931906813305437
german_credit,73,1.0,immutable,scaled_l2,native_exact_sparse,107,1.0,0.931906813305437
german_credit,73,1.0,immutable_top3,weighted_l1,metric_projection,107,0.616822429906542,0.42744656331443764
german_credit,73,1.0,immutable_top3,weighted_l1,metric_repair,107,0.719626168224299,0.7128281193344568
german_credit,73,1.0,immutable_top3,weighted_l1,fixed_support_exact,107,0.9813084112149533,1.0889632534349845
german_credit,73,1.0,immutable_top3,weighted_l1,native_exact_sparse,107,1.0,1.055839450515721
german_credit,73,1.0,immutable_top3,scaled_l2,metric_projection,107,0.5981308411214953,0.36720323204616917
german_credit,73,1.0,immutable_top3,scaled_l2,metric_repair,107,0.7102803738317757,0.5977491187778268
german_credit,73,1.0,immutable_top3,scaled_l2,fixed_support_exact,107,0.9813084112149533,0.9749194990866207
german_credit,73,1.0,immutable_top3,scaled_l2,native_exact_sparse,107,1.0,0.931906813305437
german_credit,89,0.0,free,weighted_l1,metric_projection,71,1.0,0.19408070427584395
german_credit,89,0.0,free,weighted_l1,metric_repair,71,1.0,0.19408070427584395
german_credit,89,0.0,free,weighted_l1,fixed_support_exact,71,1.0,0.19408070427584395
german_credit,89,0.0,free,weighted_l1,native_exact_sparse,71,1.0,0.19408070427584395
german_credit,89,0.0,free,scaled_l2,metric_projection,71,1.0,0.1861773175306868
german_credit,89,0.0,free,scaled_l2,metric_repair,71,1.0,0.1861773175306868
german_credit,89,0.0,free,scaled_l2,fixed_support_exact,71,1.0,0.1861773175306868
german_credit,89,0.0,free,scaled_l2,native_exact_sparse,71,1.0,0.1861773175306868
german_credit,89,0.0,immutable,weighted_l1,metric_projection,71,0.704225352112676,0.14691912003234214
german_credit,89,0.0,immutable,weighted_l1,metric_repair,71,0.9014084507042254,0.7010514554568801
german_credit,89,0.0,immutable,weighted_l1,fixed_support_exact,71,1.0,0.3774196862449467
german_credit,89,0.0,immutable,weighted_l1,native_exact_sparse,71,1.0,0.3774196862449467
german_credit,89,0.0,immutable,scaled_l2,metric_projection,71,0.6901408450704225,0.12743279889966863
german_credit,89,0.0,immutable,scaled_l2,metric_repair,71,0.9014084507042254,0.5720166999463343
german_credit,89,0.0,immutable,scaled_l2,fixed_support_exact,71,1.0,0.3478906339776878
german_credit,89,0.0,immutable,scaled_l2,native_exact_sparse,71,1.0,0.3478906339776878
german_credit,89,0.0,immutable_top3,weighted_l1,metric_projection,71,0.676056338028169,0.14759116219883503
german_credit,89,0.0,immutable_top3,weighted_l1,metric_repair,71,0.8732394366197183,0.6530009955982307
german_credit,89,0.0,immutable_top3,weighted_l1,fixed_support_exact,71,0.9859154929577465,0.38268540362075215
german_credit,89,0.0,immutable_top3,weighted_l1,native_exact_sparse,71,1.0,0.3774196862449467
german_credit,89,0.0,immutable_top3,scaled_l2,metric_projection,71,0.6619718309859155,0.12728993468107955
german_credit,89,0.0,immutable_top3,scaled_l2,metric_repair,71,0.8732394366197183,0.5675460874579703
german_credit,89,0.0,immutable_top3,scaled_l2,fixed_support_exact,71,0.9859154929577465,0.35273450774967524
german_credit,89,0.0,immutable_top3,scaled_l2,native_exact_sparse,71,1.0,0.3478906339776878
german_credit,89,1.0,free,weighted_l1,metric_projection,51,1.0,0.4953167517294821
german_credit,89,1.0,free,weighted_l1,metric_repair,51,1.0,0.4953167517294821
german_credit,89,1.0,free,weighted_l1,fixed_support_exact,51,1.0,0.4953167517294821
german_credit,89,1.0,free,weighted_l1,native_exact_sparse,51,1.0,0.4953167517294821
german_credit,89,1.0,free,scaled_l2,metric_projection,51,1.0,0.4694957579336014
german_credit,89,1.0,free,scaled_l2,metric_repair,51,1.0,0.4694957579336014
german_credit,89,1.0,free,scaled_l2,fixed_support_exact,51,1.0,0.4694957579336014
german_credit,89,1.0,free,scaled_l2,native_exact_sparse,51,1.0,0.4694957579336014
german_credit,89,1.0,immutable,weighted_l1,metric_projection,51,0.35294117647058826,0.4758918701461028
german_credit,89,1.0,immutable,weighted_l1,metric_repair,51,0.7843137254901961,2.8836892703533126
german_credit,89,1.0,immutable,weighted_l1,fixed_support_exact,51,1.0,1.2905590099833701
german_credit,89,1.0,immutable,weighted_l1,native_exact_sparse,51,1.0,1.2905590099833701
german_credit,89,1.0,immutable,scaled_l2,metric_projection,51,0.3137254901960784,0.42074327994411875
german_credit,89,1.0,immutable,scaled_l2,metric_repair,51,0.7647058823529411,1.9873883842488282
german_credit,89,1.0,immutable,scaled_l2,fixed_support_exact,51,1.0,1.1439515723398834
german_credit,89,1.0,immutable,scaled_l2,native_exact_sparse,51,1.0,1.1439515723398834
german_credit,89,1.0,immutable_top3,weighted_l1,metric_projection,51,0.35294117647058826,0.4758918701461028
german_credit,89,1.0,immutable_top3,weighted_l1,metric_repair,51,0.7843137254901961,2.561319725462622
german_credit,89,1.0,immutable_top3,weighted_l1,fixed_support_exact,51,1.0,1.2905590099833701
german_credit,89,1.0,immutable_top3,weighted_l1,native_exact_sparse,51,1.0,1.2905590099833701
german_credit,89,1.0,immutable_top3,scaled_l2,metric_projection,51,0.3137254901960784,0.42074327994411875
german_credit,89,1.0,immutable_top3,scaled_l2,metric_repair,51,0.7647058823529411,1.9173656337842762
german_credit,89,1.0,immutable_top3,scaled_l2,fixed_support_exact,51,1.0,1.1439515723398834
german_credit,89,1.0,immutable_top3,scaled_l2,native_exact_sparse,51,1.0,1.1439515723398834
bank_marketing,7,0.0,free,weighted_l1,metric_projection,200,1.0,0.5354982080131155
bank_marketing,7,0.0,free,weighted_l1,metric_repair,200,1.0,0.5354982080131155
bank_marketing,7,0.0,free,weighted_l1,fixed_support_exact,200,1.0,0.5354982080131155
bank_marketing,7,0.0,free,weighted_l1,native_exact_sparse,200,1.0,0.5354982080131155
bank_marketing,7,0.0,free,scaled_l2,metric_projection,200,1.0,0.4398297928132969
bank_marketing,7,0.0,free,scaled_l2,metric_repair,200,1.0,0.4398297928132969
bank_marketing,7,0.0,free,scaled_l2,fixed_support_exact,200,1.0,0.4398297928132969
bank_marketing,7,0.0,free,scaled_l2,native_exact_sparse,200,1.0,0.4398297928132969
bank_marketing,7,0.0,immutable,weighted_l1,metric_projection,200,0.9,0.510760014911829
bank_marketing,7,0.0,immutable,weighted_l1,metric_repair,200,0.925,0.552217042069375
bank_marketing,7,0.0,immutable,weighted_l1,fixed_support_exact,200,1.0,0.6191701380875139
bank_marketing,7,0.0,immutable,weighted_l1,native_exact_sparse,200,1.0,0.6191701380875139
bank_marketing,7,0.0,immutable,scaled_l2,metric_projection,200,0.875,0.3794154419025961
bank_marketing,7,0.0,immutable,scaled_l2,metric_repair,200,0.91,0.4282234884887414
bank_marketing,7,0.0,immutable,scaled_l2,fixed_support_exact,200,1.0,0.5345581361893512
bank_marketing,7,0.0,immutable,scaled_l2,native_exact_sparse,200,1.0,0.5345581361893512
bank_marketing,7,0.0,immutable_top3,weighted_l1,metric_projection,200,0.53,0.5014677334337383
bank_marketing,7,0.0,immutable_top3,weighted_l1,metric_repair,200,0.58,0.7742684037437539
bank_marketing,7,0.0,immutable_top3,weighted_l1,fixed_support_exact,200,1.0,0.7140482900712399
bank_marketing,7,0.0,immutable_top3,weighted_l1,native_exact_sparse,200,1.0,0.6191701380875139
bank_marketing,7,0.0,immutable_top3,scaled_l2,metric_projection,200,0.505,0.35756734498909315
bank_marketing,7,0.0,immutable_top3,scaled_l2,metric_repair,200,0.565,0.6455817898864743
bank_marketing,7,0.0,immutable_top3,scaled_l2,fixed_support_exact,200,1.0,0.6782965612765914
bank_marketing,7,0.0,immutable_top3,scaled_l2,native_exact_sparse,200,1.0,0.5345581361893512
bank_marketing,7,1.0,free,weighted_l1,metric_projection,200,1.0,0.4632004637376661
bank_marketing,7,1.0,free,weighted_l1,metric_repair,200,1.0,0.4632004637376661
bank_marketing,7,1.0,free,weighted_l1,fixed_support_exact,200,1.0,0.4632004637376661
bank_marketing,7,1.0,free,weighted_l1,native_exact_sparse,200,1.0,0.4632004637376661
bank_marketing,7,1.0,free,scaled_l2,metric_projection,200,1.0,0.39429705947311233
bank_marketing,7,1.0,free,scaled_l2,metric_repair,200,1.0,0.39429705947311233
bank_marketing,7,1.0,free,scaled_l2,fixed_support_exact,200,1.0,0.39429705947311233
bank_marketing,7,1.0,free,scaled_l2,native_exact_sparse,200,1.0,0.39429705947311233
bank_marketing,7,1.0,immutable,weighted_l1,metric_projection,200,0.805,0.41776277051722055
bank_marketing,7,1.0,immutable,weighted_l1,metric_repair,200,0.825,0.4708756033546461
bank_marketing,7,1.0,immutable,weighted_l1,fixed_support_exact,200,1.0,0.5819297345886507
bank_marketing,7,1.0,immutable,weighted_l1,native_exact_sparse,200,1.0,0.5819297345886507
bank_marketing,7,1.0,immutable,scaled_l2,metric_projection,200,0.805,0.3478823475001681
bank_marketing,7,1.0,immutable,scaled_l2,metric_repair,200,0.83,0.38889676663276823
bank_marketing,7,1.0,immutable,scaled_l2,fixed_support_exact,200,1.0,0.5107629149454016
bank_marketing,7,1.0,immutable,scaled_l2,native_exact_sparse,200,1.0,0.5107629149454016
bank_marketing,7,1.0,immutable_top3,weighted_l1,metric_projection,200,0.445,0.3412259428029965
bank_marketing,7,1.0,immutable_top3,weighted_l1,metric_repair,200,0.535,0.666160661088258
bank_marketing,7,1.0,immutable_top3,weighted_l1,fixed_support_exact,200,1.0,0.6722912037240613
bank_marketing,7,1.0,immutable_top3,weighted_l1,native_exact_sparse,200,1.0,0.5819297345886507
bank_marketing,7,1.0,immutable_top3,scaled_l2,metric_projection,200,0.445,0.31110991950988826
bank_marketing,7,1.0,immutable_top3,scaled_l2,metric_repair,200,0.535,0.5551343650294124
bank_marketing,7,1.0,immutable_top3,scaled_l2,fixed_support_exact,200,1.0,0.648667520965217
bank_marketing,7,1.0,immutable_top3,scaled_l2,native_exact_sparse,200,1.0,0.5107629149454016
bank_marketing,13,0.0,free,weighted_l1,metric_projection,200,1.0,0.5515090541619049
bank_marketing,13,0.0,free,weighted_l1,metric_repair,200,1.0,0.5515090541619049
bank_marketing,13,0.0,free,weighted_l1,fixed_support_exact,200,1.0,0.5515090541619049
bank_marketing,13,0.0,free,weighted_l1,native_exact_sparse,200,1.0,0.5515090541619049
bank_marketing,13,0.0,free,scaled_l2,metric_projection,200,1.0,0.4559504313647956
bank_marketing,13,0.0,free,scaled_l2,metric_repair,200,1.0,0.4559504313647956
bank_marketing,13,0.0,free,scaled_l2,fixed_support_exact,200,1.0,0.4559504313647956
bank_marketing,13,0.0,free,scaled_l2,native_exact_sparse,200,1.0,0.4559504313647956
bank_marketing,13,0.0,immutable,weighted_l1,metric_projection,200,0.925,0.5528883321882263
bank_marketing,13,0.0,immutable,weighted_l1,metric_repair,200,0.95,0.5646210796304559
bank_marketing,13,0.0,immutable,weighted_l1,fixed_support_exact,200,1.0,0.5622488216720527
bank_marketing,13,0.0,immutable,weighted_l1,native_exact_sparse,200,1.0,0.5622488216720527
bank_marketing,13,0.0,immutable,scaled_l2,metric_projection,200,0.955,0.45663571397306835
bank_marketing,13,0.0,immutable,scaled_l2,metric_repair,200,0.975,0.4637316683634637
bank_marketing,13,0.0,immutable,scaled_l2,fixed_support_exact,200,1.0,0.4621698986128735
bank_marketing,13,0.0,immutable,scaled_l2,native_exact_sparse,200,1.0,0.4621698986128735
bank_marketing,13,0.0,immutable_top3,weighted_l1,metric_projection,200,0.36,0.5278504273050272
bank_marketing,13,0.0,immutable_top3,weighted_l1,metric_repair,200,0.4,0.5908182500582939
bank_marketing,13,0.0,immutable_top3,weighted_l1,fixed_support_exact,200,1.0,1.8636618692366855
bank_marketing,13,0.0,immutable_top3,weighted_l1,native_exact_sparse,200,1.0,0.5622488216720527
bank_marketing,13,0.0,immutable_top3,scaled_l2,metric_projection,200,0.37,0.46086666487974265
bank_marketing,13,0.0,immutable_top3,scaled_l2,metric_repair,200,0.405,0.5077020073589017
bank_marketing,13,0.0,immutable_top3,scaled_l2,fixed_support_exact,200,1.0,1.829749049624835
bank_marketing,13,0.0,immutable_top3,scaled_l2,native_exact_sparse,200,1.0,0.4621698986128735
bank_marketing,13,1.0,free,weighted_l1,metric_projection,200,1.0,0.4351297924118086
bank_marketing,13,1.0,free,weighted_l1,metric_repair,200,1.0,0.4351297924118086
bank_marketing,13,1.0,free,weighted_l1,fixed_support_exact,200,1.0,0.4351297924118086
bank_marketing,13,1.0,free,weighted_l1,native_exact_sparse,200,1.0,0.4351297924118086
bank_marketing,13,1.0,free,scaled_l2,metric_projection,200,1.0,0.3781369835049031
bank_marketing,13,1.0,free,scaled_l2,metric_repair,200,1.0,0.3781369835049031
bank_marketing,13,1.0,free,scaled_l2,fixed_support_exact,200,1.0,0.3781369835049031
bank_marketing,13,1.0,free,scaled_l2,native_exact_sparse,200,1.0,0.3781369835049031
bank_marketing,13,1.0,immutable,weighted_l1,metric_projection,200,0.84,0.44091068961915286
bank_marketing,13,1.0,immutable,weighted_l1,metric_repair,200,0.99,0.60709790575609
bank_marketing,13,1.0,immutable,weighted_l1,fixed_support_exact,200,1.0,0.4786562193747639
bank_marketing,13,1.0,immutable,weighted_l1,native_exact_sparse,200,1.0,0.4786562193747639
bank_marketing,13,1.0,immutable,scaled_l2,metric_projection,200,0.845,0.38782195470169006
bank_marketing,13,1.0,immutable,scaled_l2,metric_repair,200,0.99,0.46839089940321255
bank_marketing,13,1.0,immutable,scaled_l2,fixed_support_exact,200,1.0,0.414457677053059
bank_marketing,13,1.0,immutable,scaled_l2,native_exact_sparse,200,1.0,0.414457677053059
bank_marketing,13,1.0,immutable_top3,weighted_l1,metric_projection,200,0.75,0.45285290019539065
bank_marketing,13,1.0,immutable_top3,weighted_l1,metric_repair,200,0.915,0.593200753322768
bank_marketing,13,1.0,immutable_top3,weighted_l1,fixed_support_exact,200,1.0,0.6375132048793652
bank_marketing,13,1.0,immutable_top3,weighted_l1,native_exact_sparse,200,1.0,0.4786562193747639
bank_marketing,13,1.0,immutable_top3,scaled_l2,metric_projection,200,0.75,0.39946441572526503
bank_marketing,13,1.0,immutable_top3,scaled_l2,metric_repair,200,0.91,0.4773918054123936
bank_marketing,13,1.0,immutable_top3,scaled_l2,fixed_support_exact,200,1.0,0.5751335525563417
bank_marketing,13,1.0,immutable_top3,scaled_l2,native_exact_sparse,200,1.0,0.414457677053059
bank_marketing,19,0.0,free,weighted_l1,metric_projection,200,1.0,0.878959282268864
bank_marketing,19,0.0,free,weighted_l1,metric_repair,200,1.0,0.878959282268864
bank_marketing,19,0.0,free,weighted_l1,fixed_support_exact,200,1.0,0.878959282268864
bank_marketing,19,0.0,free,weighted_l1,native_exact_sparse,200,1.0,0.878959282268864
bank_marketing,19,0.0,free,scaled_l2,metric_projection,200,1.0,0.8035725678129347
bank_marketing,19,0.0,free,scaled_l2,metric_repair,200,1.0,0.8035725678129347
bank_marketing,19,0.0,free,scaled_l2,fixed_support_exact,200,1.0,0.8035725678129347
bank_marketing,19,0.0,free,scaled_l2,native_exact_sparse,200,1.0,0.8035725678129347
bank_marketing,19,0.0,immutable,weighted_l1,metric_projection,200,0.715,0.9403256511048715
bank_marketing,19,0.0,immutable,weighted_l1,metric_repair,200,0.76,1.0192614234284845
bank_marketing,19,0.0,immutable,weighted_l1,fixed_support_exact,200,1.0,0.9970616349114968
bank_marketing,19,0.0,immutable,weighted_l1,native_exact_sparse,200,1.0,0.9970616349114968
bank_marketing,19,0.0,immutable,scaled_l2,metric_projection,200,0.7,0.8792291866184524
bank_marketing,19,0.0,immutable,scaled_l2,metric_repair,200,0.765,0.9244143202579145
bank_marketing,19,0.0,immutable,scaled_l2,fixed_support_exact,200,1.0,0.9056452436566169
bank_marketing,19,0.0,immutable,scaled_l2,native_exact_sparse,200,1.0,0.9056452436566169
bank_marketing,19,0.0,immutable_top3,weighted_l1,metric_projection,200,0.31,0.8206211014185161
bank_marketing,19,0.0,immutable_top3,weighted_l1,metric_repair,200,0.365,1.0570494219993942
bank_marketing,19,0.0,immutable_top3,weighted_l1,fixed_support_exact,200,1.0,1.790504126390109
bank_marketing,19,0.0,immutable_top3,weighted_l1,native_exact_sparse,200,1.0,0.9970616349114968
bank_marketing,19,0.0,immutable_top3,scaled_l2,metric_projection,200,0.285,0.7432630629332369
bank_marketing,19,0.0,immutable_top3,scaled_l2,metric_repair,200,0.36,0.9224089389067335
bank_marketing,19,0.0,immutable_top3,scaled_l2,fixed_support_exact,200,1.0,1.7615340833868947
bank_marketing,19,0.0,immutable_top3,scaled_l2,native_exact_sparse,200,1.0,0.9056452436566169
bank_marketing,19,1.0,free,weighted_l1,metric_projection,200,1.0,0.8442212670056043
bank_marketing,19,1.0,free,weighted_l1,metric_repair,200,1.0,0.8442212670056043
bank_marketing,19,1.0,free,weighted_l1,fixed_support_exact,200,1.0,0.8442212670056043
bank_marketing,19,1.0,free,weighted_l1,native_exact_sparse,200,1.0,0.8442212670056043
bank_marketing,19,1.0,free,scaled_l2,metric_projection,200,1.0,0.7628572144537823
bank_marketing,19,1.0,free,scaled_l2,metric_repair,200,1.0,0.7628572144537823
bank_marketing,19,1.0,free,scaled_l2,fixed_support_exact,200,1.0,0.7628572144537823
bank_marketing,19,1.0,free,scaled_l2,native_exact_sparse,200,1.0,0.7628572144537823
bank_marketing,19,1.0,immutable,weighted_l1,metric_projection,200,0.73,0.8917171763340661
bank_marketing,19,1.0,immutable,weighted_l1,metric_repair,200,0.905,1.1431311587527444
bank_marketing,19,1.0,immutable,weighted_l1,fixed_support_exact,200,1.0,0.9624288641077663
bank_marketing,19,1.0,immutable,weighted_l1,native_exact_sparse,200,1.0,0.9624288641077663
bank_marketing,19,1.0,immutable,scaled_l2,metric_projection,200,0.73,0.8236525787810439
bank_marketing,19,1.0,immutable,scaled_l2,metric_repair,200,0.915,0.9764326878457636
bank_marketing,19,1.0,immutable,scaled_l2,fixed_support_exact,200,1.0,0.8658112967859044
bank_marketing,19,1.0,immutable,scaled_l2,native_exact_sparse,200,1.0,0.8658112967859044
bank_marketing,19,1.0,immutable_top3,weighted_l1,metric_projection,200,0.57,0.846741471785478
bank_marketing,19,1.0,immutable_top3,weighted_l1,metric_repair,200,0.765,1.1241153516203917
bank_marketing,19,1.0,immutable_top3,weighted_l1,fixed_support_exact,200,1.0,1.2489733293874525
bank_marketing,19,1.0,immutable_top3,weighted_l1,native_exact_sparse,200,1.0,0.9624288641077663
bank_marketing,19,1.0,immutable_top3,scaled_l2,metric_projection,200,0.565,0.7814706721558214
bank_marketing,19,1.0,immutable_top3,scaled_l2,metric_repair,200,0.77,0.9535346169127052
bank_marketing,19,1.0,immutable_top3,scaled_l2,fixed_support_exact,200,1.0,1.175342732780156
bank_marketing,19,1.0,immutable_top3,scaled_l2,native_exact_sparse,200,1.0,0.8658112967859044
bank_marketing,29,0.0,free,weighted_l1,metric_projection,200,1.0,0.5378721828912929
bank_marketing,29,0.0,free,weighted_l1,metric_repair,200,1.0,0.5378721828912929
bank_marketing,29,0.0,free,weighted_l1,fixed_support_exact,200,1.0,0.5378721828912929
bank_marketing,29,0.0,free,weighted_l1,native_exact_sparse,200,1.0,0.5378721828912929
bank_marketing,29,0.0,free,scaled_l2,metric_projection,200,1.0,0.4576453456526251
bank_marketing,29,0.0,free,scaled_l2,metric_repair,200,1.0,0.4576453456526251
bank_marketing,29,0.0,free,scaled_l2,fixed_support_exact,200,1.0,0.4576453456526251
bank_marketing,29,0.0,free,scaled_l2,native_exact_sparse,200,1.0,0.4576453456526251
bank_marketing,29,0.0,immutable,weighted_l1,metric_projection,200,0.98,0.5425647757665771
bank_marketing,29,0.0,immutable,weighted_l1,metric_repair,200,0.995,0.5455014594540876
bank_marketing,29,0.0,immutable,weighted_l1,fixed_support_exact,200,1.0,0.5405738690567652
bank_marketing,29,0.0,immutable,weighted_l1,native_exact_sparse,200,1.0,0.5405738690567652
bank_marketing,29,0.0,immutable,scaled_l2,metric_projection,200,0.965,0.4520698737375417
bank_marketing,29,0.0,immutable,scaled_l2,metric_repair,200,0.985,0.46037267187128766
bank_marketing,29,0.0,immutable,scaled_l2,fixed_support_exact,200,1.0,0.46284009253875225
bank_marketing,29,0.0,immutable,scaled_l2,native_exact_sparse,200,1.0,0.46284009253875225
bank_marketing,29,0.0,immutable_top3,weighted_l1,metric_projection,200,0.885,0.5645915692046384
bank_marketing,29,0.0,immutable_top3,weighted_l1,metric_repair,200,0.915,0.5951145763259783
bank_marketing,29,0.0,immutable_top3,weighted_l1,fixed_support_exact,200,1.0,0.5775989162017261
bank_marketing,29,0.0,immutable_top3,weighted_l1,native_exact_sparse,200,1.0,0.5405738690567652
bank_marketing,29,0.0,immutable_top3,scaled_l2,metric_projection,200,0.87,0.46605518654866945
bank_marketing,29,0.0,immutable_top3,scaled_l2,metric_repair,200,0.905,0.5003997970035102
bank_marketing,29,0.0,immutable_top3,scaled_l2,fixed_support_exact,200,1.0,0.4978464686343527
bank_marketing,29,0.0,immutable_top3,scaled_l2,native_exact_sparse,200,1.0,0.46284009253875225
bank_marketing,29,1.0,free,weighted_l1,metric_projection,200,1.0,0.5546714295592328
bank_marketing,29,1.0,free,weighted_l1,metric_repair,200,1.0,0.5546714295592328
bank_marketing,29,1.0,free,weighted_l1,fixed_support_exact,200,1.0,0.5546714295592328
bank_marketing,29,1.0,free,weighted_l1,native_exact_sparse,200,1.0,0.5546714295592328
bank_marketing,29,1.0,free,scaled_l2,metric_projection,200,1.0,0.461754911894128
bank_marketing,29,1.0,free,scaled_l2,metric_repair,200,1.0,0.461754911894128
bank_marketing,29,1.0,free,scaled_l2,fixed_support_exact,200,1.0,0.461754911894128
bank_marketing,29,1.0,free,scaled_l2,native_exact_sparse,200,1.0,0.461754911894128
bank_marketing,29,1.0,immutable,weighted_l1,metric_projection,200,0.935,0.5201238707349786
bank_marketing,29,1.0,immutable,weighted_l1,metric_repair,200,0.975,0.6281812864633491
bank_marketing,29,1.0,immutable,weighted_l1,fixed_support_exact,200,1.0,0.5675275654521242
bank_marketing,29,1.0,immutable,weighted_l1,native_exact_sparse,200,1.0,0.5675275654521242
bank_marketing,29,1.0,immutable,scaled_l2,metric_projection,200,0.88,0.43288176972426684
bank_marketing,29,1.0,immutable,scaled_l2,metric_repair,200,0.94,0.5264831455378977
bank_marketing,29,1.0,immutable,scaled_l2,fixed_support_exact,200,1.0,0.4948979032695842
bank_marketing,29,1.0,immutable,scaled_l2,native_exact_sparse,200,1.0,0.4948979032695842
bank_marketing,29,1.0,immutable_top3,weighted_l1,metric_projection,200,0.855,0.5374672061480544
bank_marketing,29,1.0,immutable_top3,weighted_l1,metric_repair,200,0.94,0.6550705875137398
bank_marketing,29,1.0,immutable_top3,weighted_l1,fixed_support_exact,200,1.0,0.6186706081351014
bank_marketing,29,1.0,immutable_top3,weighted_l1,native_exact_sparse,200,1.0,0.5675275654521242
bank_marketing,29,1.0,immutable_top3,scaled_l2,metric_projection,200,0.795,0.4447199374047913
bank_marketing,29,1.0,immutable_top3,scaled_l2,metric_repair,200,0.905,0.5678315884220428
bank_marketing,29,1.0,immutable_top3,scaled_l2,fixed_support_exact,200,1.0,0.5471862772685576
bank_marketing,29,1.0,immutable_top3,scaled_l2,native_exact_sparse,200,1.0,0.4948979032695842
bank_marketing,37,0.0,free,weighted_l1,metric_projection,200,1.0,1.0294469625947045
bank_marketing,37,0.0,free,weighted_l1,metric_repair,200,1.0,1.0294469625947045
bank_marketing,37,0.0,free,weighted_l1,fixed_support_exact,200,1.0,1.0294469625947045
bank_marketing,37,0.0,free,weighted_l1,native_exact_sparse,200,1.0,1.0294469625947045
bank_marketing,37,0.0,free,scaled_l2,metric_projection,200,1.0,0.8885726085743885
bank_marketing,37,0.0,free,scaled_l2,metric_repair,200,1.0,0.8885726085743885
bank_marketing,37,0.0,free,scaled_l2,fixed_support_exact,200,1.0,0.8885726085743885
bank_marketing,37,0.0,free,scaled_l2,native_exact_sparse,200,1.0,0.8885726085743885
bank_marketing,37,0.0,immutable,weighted_l1,metric_projection,200,0.265,0.894897714464897
bank_marketing,37,0.0,immutable,weighted_l1,metric_repair,200,0.315,1.122586519997007
bank_marketing,37,0.0,immutable,weighted_l1,fixed_support_exact,200,1.0,1.6236543067189666
bank_marketing,37,0.0,immutable,weighted_l1,native_exact_sparse,200,1.0,1.6236543067189666
bank_marketing,37,0.0,immutable,scaled_l2,metric_projection,200,0.26,0.7252194903363297
bank_marketing,37,0.0,immutable,scaled_l2,metric_repair,200,0.315,0.9534554278063074
bank_marketing,37,0.0,immutable,scaled_l2,fixed_support_exact,200,1.0,1.4958280907771957
bank_marketing,37,0.0,immutable,scaled_l2,native_exact_sparse,200,1.0,1.4958280907771957
bank_marketing,37,0.0,immutable_top3,weighted_l1,metric_projection,200,0.265,0.894897714464897
bank_marketing,37,0.0,immutable_top3,weighted_l1,metric_repair,200,0.315,1.122586519997007
bank_marketing,37,0.0,immutable_top3,weighted_l1,fixed_support_exact,200,1.0,1.6236543067189666
bank_marketing,37,0.0,immutable_top3,weighted_l1,native_exact_sparse,200,1.0,1.6236543067189666
bank_marketing,37,0.0,immutable_top3,scaled_l2,metric_projection,200,0.26,0.7252194903363297
bank_marketing,37,0.0,immutable_top3,scaled_l2,metric_repair,200,0.315,0.9532438253983038
bank_marketing,37,0.0,immutable_top3,scaled_l2,fixed_support_exact,200,1.0,1.4970416713205963
bank_marketing,37,0.0,immutable_top3,scaled_l2,native_exact_sparse,200,1.0,1.4958280907771957
bank_marketing,37,1.0,free,weighted_l1,metric_projection,200,1.0,1.1223420930233627
bank_marketing,37,1.0,free,weighted_l1,metric_repair,200,1.0,1.1223420930233627
bank_marketing,37,1.0,free,weighted_l1,fixed_support_exact,200,1.0,1.1223420930233627
bank_marketing,37,1.0,free,weighted_l1,native_exact_sparse,200,1.0,1.1223420930233627
bank_marketing,37,1.0,free,scaled_l2,metric_projection,200,1.0,0.9743304442266628
bank_marketing,37,1.0,free,scaled_l2,metric_repair,200,1.0,0.9743304442266628
bank_marketing,37,1.0,free,scaled_l2,fixed_support_exact,200,1.0,0.9743304442266628
bank_marketing,37,1.0,free,scaled_l2,native_exact_sparse,200,1.0,0.9743304442266628
bank_marketing,37,1.0,immutable,weighted_l1,metric_projection,200,0.47,1.0659835175787853
bank_marketing,37,1.0,immutable,weighted_l1,metric_repair,200,0.54,1.4090030730159862
bank_marketing,37,1.0,immutable,weighted_l1,fixed_support_exact,200,1.0,1.5295159534289153
bank_marketing,37,1.0,immutable,weighted_l1,native_exact_sparse,200,1.0,1.5295159534289153
bank_marketing,37,1.0,immutable,scaled_l2,metric_projection,200,0.37,0.7878157373062402
bank_marketing,37,1.0,immutable,scaled_l2,metric_repair,200,0.475,1.2419728340990706
bank_marketing,37,1.0,immutable,scaled_l2,fixed_support_exact,200,1.0,1.5017023793521105
bank_marketing,37,1.0,immutable,scaled_l2,native_exact_sparse,200,1.0,1.5017023793521105
bank_marketing,37,1.0,immutable_top3,weighted_l1,metric_projection,200,0.47,1.0659835175787853
bank_marketing,37,1.0,immutable_top3,weighted_l1,metric_repair,200,0.54,1.3898152134987076
bank_marketing,37,1.0,immutable_top3,weighted_l1,fixed_support_exact,200,1.0,1.5295159534289153
bank_marketing,37,1.0,immutable_top3,weighted_l1,native_exact_sparse,200,1.0,1.5295159534289153
bank_marketing,37,1.0,immutable_top3,scaled_l2,metric_projection,200,0.37,0.7878157373062402
bank_marketing,37,1.0,immutable_top3,scaled_l2,metric_repair,200,0.475,1.2397675132725907
bank_marketing,37,1.0,immutable_top3,scaled_l2,fixed_support_exact,200,1.0,1.5017023793521105
bank_marketing,37,1.0,immutable_top3,scaled_l2,native_exact_sparse,200,1.0,1.5017023793521105
bank_marketing,41,0.0,free,weighted_l1,metric_projection,200,1.0,1.0805559549127661
bank_marketing,41,0.0,free,weighted_l1,metric_repair,200,1.0,1.0805559549127661
bank_marketing,41,0.0,free,weighted_l1,fixed_support_exact,200,1.0,1.0805559549127661
bank_marketing,41,0.0,free,weighted_l1,native_exact_sparse,200,1.0,1.0805559549127661
bank_marketing,41,0.0,free,scaled_l2,metric_projection,200,1.0,1.017736524469339
bank_marketing,41,0.0,free,scaled_l2,metric_repair,200,1.0,1.017736524469339
bank_marketing,41,0.0,free,scaled_l2,fixed_support_exact,200,1.0,1.017736524469339
bank_marketing,41,0.0,free,scaled_l2,native_exact_sparse,200,1.0,1.017736524469339
bank_marketing,41,0.0,immutable,weighted_l1,metric_projection,200,0.78,1.1537035991495845
bank_marketing,41,0.0,immutable,weighted_l1,metric_repair,200,0.815,1.22897531889172
bank_marketing,41,0.0,immutable,weighted_l1,fixed_support_exact,200,1.0,1.1989760300427534
bank_marketing,41,0.0,immutable,weighted_l1,native_exact_sparse,200,1.0,1.1989760300427534
bank_marketing,41,0.0,immutable,scaled_l2,metric_projection,200,0.715,1.0848937246462071
bank_marketing,41,0.0,immutable,scaled_l2,metric_repair,200,0.75,1.137601553872289
bank_marketing,41,0.0,immutable,scaled_l2,fixed_support_exact,200,1.0,1.1816227134506205
bank_marketing,41,0.0,immutable,scaled_l2,native_exact_sparse,200,1.0,1.1816227134506205
bank_marketing,41,0.0,immutable_top3,weighted_l1,metric_projection,200,0.78,1.1537035991495845
bank_marketing,41,0.0,immutable_top3,weighted_l1,metric_repair,200,0.82,1.2349300730108328
bank_marketing,41,0.0,immutable_top3,weighted_l1,fixed_support_exact,200,1.0,1.1989760300427534
bank_marketing,41,0.0,immutable_top3,weighted_l1,native_exact_sparse,200,1.0,1.1989760300427534
bank_marketing,41,0.0,immutable_top3,scaled_l2,metric_projection,200,0.715,1.0848937246462071
bank_marketing,41,0.0,immutable_top3,scaled_l2,metric_repair,200,0.76,1.1587976712918333
bank_marketing,41,0.0,immutable_top3,scaled_l2,fixed_support_exact,200,1.0,1.1816227134506205
bank_marketing,41,0.0,immutable_top3,scaled_l2,native_exact_sparse,200,1.0,1.1816227134506205
bank_marketing,41,1.0,free,weighted_l1,metric_projection,200,1.0,0.8612039893027408
bank_marketing,41,1.0,free,weighted_l1,metric_repair,200,1.0,0.8612039893027408
bank_marketing,41,1.0,free,weighted_l1,fixed_support_exact,200,1.0,0.8612039893027408
bank_marketing,41,1.0,free,weighted_l1,native_exact_sparse,200,1.0,0.8612039893027408
bank_marketing,41,1.0,free,scaled_l2,metric_projection,200,1.0,0.7847955544767585
bank_marketing,41,1.0,free,scaled_l2,metric_repair,200,1.0,0.7847955544767585
bank_marketing,41,1.0,free,scaled_l2,fixed_support_exact,200,1.0,0.7847955544767585
bank_marketing,41,1.0,free,scaled_l2,native_exact_sparse,200,1.0,0.7847955544767585
bank_marketing,41,1.0,immutable,weighted_l1,metric_projection,200,0.685,0.847430770218281
bank_marketing,41,1.0,immutable,weighted_l1,metric_repair,200,0.7,0.8782612846952124
bank_marketing,41,1.0,immutable,weighted_l1,fixed_support_exact,200,1.0,1.031527433068232
bank_marketing,41,1.0,immutable,weighted_l1,native_exact_sparse,200,1.0,1.031527433068232
bank_marketing,41,1.0,immutable,scaled_l2,metric_projection,200,0.605,0.7358858191243116
bank_marketing,41,1.0,immutable,scaled_l2,metric_repair,200,0.625,0.7640248373995658
bank_marketing,41,1.0,immutable,scaled_l2,fixed_support_exact,200,1.0,1.02378061357486
bank_marketing,41,1.0,immutable,scaled_l2,native_exact_sparse,200,1.0,1.02378061357486
bank_marketing,41,1.0,immutable_top3,weighted_l1,metric_projection,200,0.685,0.847430770218281
bank_marketing,41,1.0,immutable_top3,weighted_l1,metric_repair,200,0.7,0.8782612846952124
bank_marketing,41,1.0,immutable_top3,weighted_l1,fixed_support_exact,200,1.0,1.031527433068232
bank_marketing,41,1.0,immutable_top3,weighted_l1,native_exact_sparse,200,1.0,1.031527433068232
bank_marketing,41,1.0,immutable_top3,scaled_l2,metric_projection,200,0.605,0.7358858191243116
bank_marketing,41,1.0,immutable_top3,scaled_l2,metric_repair,200,0.625,0.7640248373995658
bank_marketing,41,1.0,immutable_top3,scaled_l2,fixed_support_exact,200,1.0,1.02378061357486
bank_marketing,41,1.0,immutable_top3,scaled_l2,native_exact_sparse,200,1.0,1.02378061357486
bank_marketing,53,0.0,free,weighted_l1,metric_projection,200,1.0,0.567400139747079
bank_marketing,53,0.0,free,weighted_l1,metric_repair,200,1.0,0.567400139747079
bank_marketing,53,0.0,free,weighted_l1,fixed_support_exact,200,1.0,0.567400139747079
bank_marketing,53,0.0,free,weighted_l1,native_exact_sparse,200,1.0,0.567400139747079
bank_marketing,53,0.0,free,scaled_l2,metric_projection,200,1.0,0.5064332360957455
bank_marketing,53,0.0,free,scaled_l2,metric_repair,200,1.0,0.5064332360957455
bank_marketing,53,0.0,free,scaled_l2,fixed_support_exact,200,1.0,0.5064332360957455
bank_marketing,53,0.0,free,scaled_l2,native_exact_sparse,200,1.0,0.5064332360957455
bank_marketing,53,0.0,immutable,weighted_l1,metric_projection,200,0.91,0.537848992405661
bank_marketing,53,0.0,immutable,weighted_l1,metric_repair,200,0.935,0.55325110533927
bank_marketing,53,0.0,immutable,weighted_l1,fixed_support_exact,200,1.0,0.6239296950462773
bank_marketing,53,0.0,immutable,weighted_l1,native_exact_sparse,200,1.0,0.6239296950462773
bank_marketing,53,0.0,immutable,scaled_l2,metric_projection,200,0.905,0.47647790164397275
bank_marketing,53,0.0,immutable,scaled_l2,metric_repair,200,0.93,0.4876921569349642
bank_marketing,53,0.0,immutable,scaled_l2,fixed_support_exact,200,1.0,0.5563885340872811
bank_marketing,53,0.0,immutable,scaled_l2,native_exact_sparse,200,1.0,0.5563885340872811
bank_marketing,53,0.0,immutable_top3,weighted_l1,metric_projection,200,0.505,0.6375845474974359
bank_marketing,53,0.0,immutable_top3,weighted_l1,metric_repair,200,0.62,0.9483839104168652
bank_marketing,53,0.0,immutable_top3,weighted_l1,fixed_support_exact,200,1.0,1.6696015281728769
bank_marketing,53,0.0,immutable_top3,weighted_l1,native_exact_sparse,200,1.0,0.6239296950462773
bank_marketing,53,0.0,immutable_top3,scaled_l2,metric_projection,200,0.49,0.5363546088335261
bank_marketing,53,0.0,immutable_top3,scaled_l2,metric_repair,200,0.61,0.8179108382927678
bank_marketing,53,0.0,immutable_top3,scaled_l2,fixed_support_exact,200,1.0,1.3819482412683726
bank_marketing,53,0.0,immutable_top3,scaled_l2,native_exact_sparse,200,1.0,0.5563885340872811
bank_marketing,53,1.0,free,weighted_l1,metric_projection,200,1.0,0.5630406958387668
bank_marketing,53,1.0,free,weighted_l1,metric_repair,200,1.0,0.5630406958387668
bank_marketing,53,1.0,free,weighted_l1,fixed_support_exact,200,1.0,0.5630406958387668
bank_marketing,53,1.0,free,weighted_l1,native_exact_sparse,200,1.0,0.5630406958387668
bank_marketing,53,1.0,free,scaled_l2,metric_projection,200,1.0,0.504461093978116
bank_marketing,53,1.0,free,scaled_l2,metric_repair,200,1.0,0.504461093978116
bank_marketing,53,1.0,free,scaled_l2,fixed_support_exact,200,1.0,0.504461093978116
bank_marketing,53,1.0,free,scaled_l2,native_exact_sparse,200,1.0,0.504461093978116
bank_marketing,53,1.0,immutable,weighted_l1,metric_projection,200,0.76,0.4712881890229562
bank_marketing,53,1.0,immutable,weighted_l1,metric_repair,200,0.865,0.7369450573340737
bank_marketing,53,1.0,immutable,weighted_l1,fixed_support_exact,200,1.0,0.6847633634718094
bank_marketing,53,1.0,immutable,weighted_l1,native_exact_sparse,200,1.0,0.6847633634718094
bank_marketing,53,1.0,immutable,scaled_l2,metric_projection,200,0.755,0.4217987690507721
bank_marketing,53,1.0,immutable,scaled_l2,metric_repair,200,0.86,0.6076238258632085
bank_marketing,53,1.0,immutable,scaled_l2,fixed_support_exact,200,1.0,0.634164370239432
bank_marketing,53,1.0,immutable,scaled_l2,native_exact_sparse,200,1.0,0.634164370239432
bank_marketing,53,1.0,immutable_top3,weighted_l1,metric_projection,200,0.705,0.4923776099135419
bank_marketing,53,1.0,immutable_top3,weighted_l1,metric_repair,200,0.825,0.7387627037640795
bank_marketing,53,1.0,immutable_top3,weighted_l1,fixed_support_exact,200,1.0,0.779271684655516
bank_marketing,53,1.0,immutable_top3,weighted_l1,native_exact_sparse,200,1.0,0.6847633634718094
bank_marketing,53,1.0,immutable_top3,scaled_l2,metric_projection,200,0.705,0.4387623965382094
bank_marketing,53,1.0,immutable_top3,scaled_l2,metric_repair,200,0.825,0.6375047840503071
bank_marketing,53,1.0,immutable_top3,scaled_l2,fixed_support_exact,200,1.0,0.7244179092295397
bank_marketing,53,1.0,immutable_top3,scaled_l2,native_exact_sparse,200,1.0,0.634164370239432
bank_marketing,61,0.0,free,weighted_l1,metric_projection,200,1.0,0.4892036242723982
bank_marketing,61,0.0,free,weighted_l1,metric_repair,200,1.0,0.4892036242723982
bank_marketing,61,0.0,free,weighted_l1,fixed_support_exact,200,1.0,0.4892036242723982
bank_marketing,61,0.0,free,weighted_l1,native_exact_sparse,200,1.0,0.4892036242723982
bank_marketing,61,0.0,free,scaled_l2,metric_projection,200,1.0,0.4089163785881651
bank_marketing,61,0.0,free,scaled_l2,metric_repair,200,1.0,0.4089163785881651
bank_marketing,61,0.0,free,scaled_l2,fixed_support_exact,200,1.0,0.4089163785881651
bank_marketing,61,0.0,free,scaled_l2,native_exact_sparse,200,1.0,0.4089163785881651
bank_marketing,61,0.0,immutable,weighted_l1,metric_projection,200,0.89,0.446148893768632
bank_marketing,61,0.0,immutable,weighted_l1,metric_repair,200,0.945,0.5603069128742338
bank_marketing,61,0.0,immutable,weighted_l1,fixed_support_exact,200,1.0,0.5656985263916459
bank_marketing,61,0.0,immutable,weighted_l1,native_exact_sparse,200,1.0,0.5656985263916459
bank_marketing,61,0.0,immutable,scaled_l2,metric_projection,200,0.87,0.35072479276239416
bank_marketing,61,0.0,immutable,scaled_l2,metric_repair,200,0.93,0.43509452378487923
bank_marketing,61,0.0,immutable,scaled_l2,fixed_support_exact,200,1.0,0.4938107016654105
bank_marketing,61,0.0,immutable,scaled_l2,native_exact_sparse,200,1.0,0.4938107016654105
bank_marketing,61,0.0,immutable_top3,weighted_l1,metric_projection,200,0.76,0.445904675739246
bank_marketing,61,0.0,immutable_top3,weighted_l1,metric_repair,200,0.835,0.5898497752723755
bank_marketing,61,0.0,immutable_top3,weighted_l1,fixed_support_exact,200,1.0,0.7230517131050567
bank_marketing,61,0.0,immutable_top3,weighted_l1,native_exact_sparse,200,1.0,0.5656985263916459
bank_marketing,61,0.0,immutable_top3,scaled_l2,metric_projection,200,0.75,0.35834378268428024
bank_marketing,61,0.0,immutable_top3,scaled_l2,metric_repair,200,0.83,0.47781910840509867
bank_marketing,61,0.0,immutable_top3,scaled_l2,fixed_support_exact,200,1.0,0.6429611673141082
bank_marketing,61,0.0,immutable_top3,scaled_l2,native_exact_sparse,200,1.0,0.4938107016654105
bank_marketing,61,1.0,free,weighted_l1,metric_projection,200,1.0,0.3870357966840168
bank_marketing,61,1.0,free,weighted_l1,metric_repair,200,1.0,0.3870357966840168
bank_marketing,61,1.0,free,weighted_l1,fixed_support_exact,200,1.0,0.3870357966840168
bank_marketing,61,1.0,free,weighted_l1,native_exact_sparse,200,1.0,0.3870357966840168
bank_marketing,61,1.0,free,scaled_l2,metric_projection,200,1.0,0.32956489394114546
bank_marketing,61,1.0,free,scaled_l2,metric_repair,200,1.0,0.32956489394114546
bank_marketing,61,1.0,free,scaled_l2,fixed_support_exact,200,1.0,0.32956489394114546
bank_marketing,61,1.0,free,scaled_l2,native_exact_sparse,200,1.0,0.32956489394114546
bank_marketing,61,1.0,immutable,weighted_l1,metric_projection,200,0.865,0.3662360643197437
bank_marketing,61,1.0,immutable,weighted_l1,metric_repair,200,0.925,0.4796069639042537
bank_marketing,61,1.0,immutable,weighted_l1,fixed_support_exact,200,1.0,0.43287156016828177
bank_marketing,61,1.0,immutable,weighted_l1,native_exact_sparse,200,1.0,0.43287156016828177
bank_marketing,61,1.0,immutable,scaled_l2,metric_projection,200,0.89,0.31493861407966184
bank_marketing,61,1.0,immutable,scaled_l2,metric_repair,200,0.935,0.3898995396668645
bank_marketing,61,1.0,immutable,scaled_l2,fixed_support_exact,200,1.0,0.3732636553444537
bank_marketing,61,1.0,immutable,scaled_l2,native_exact_sparse,200,1.0,0.3732636553444537
bank_marketing,61,1.0,immutable_top3,weighted_l1,metric_projection,200,0.54,0.315727971448587
bank_marketing,61,1.0,immutable_top3,weighted_l1,metric_repair,200,0.63,0.5352030485618684
bank_marketing,61,1.0,immutable_top3,weighted_l1,fixed_support_exact,200,1.0,1.166903120000233
bank_marketing,61,1.0,immutable_top3,weighted_l1,native_exact_sparse,200,1.0,0.43287156016828177
bank_marketing,61,1.0,immutable_top3,scaled_l2,metric_projection,200,0.555,0.28165467204234745
bank_marketing,61,1.0,immutable_top3,scaled_l2,metric_repair,200,0.63,0.43967911184141667
bank_marketing,61,1.0,immutable_top3,scaled_l2,fixed_support_exact,200,1.0,1.03788180669427
bank_marketing,61,1.0,immutable_top3,scaled_l2,native_exact_sparse,200,1.0,0.3732636553444537
bank_marketing,73,0.0,free,weighted_l1,metric_projection,200,1.0,0.39725694072504697
bank_marketing,73,0.0,free,weighted_l1,metric_repair,200,1.0,0.39725694072504697
bank_marketing,73,0.0,free,weighted_l1,fixed_support_exact,200,1.0,0.39725694072504697
bank_marketing,73,0.0,free,weighted_l1,native_exact_sparse,200,1.0,0.39725694072504697
bank_marketing,73,0.0,free,scaled_l2,metric_projection,200,1.0,0.3350673222637316
bank_marketing,73,0.0,free,scaled_l2,metric_repair,200,1.0,0.3350673222637316
bank_marketing,73,0.0,free,scaled_l2,fixed_support_exact,200,1.0,0.3350673222637316
bank_marketing,73,0.0,free,scaled_l2,native_exact_sparse,200,1.0,0.3350673222637316
bank_marketing,73,0.0,immutable,weighted_l1,metric_projection,200,0.97,0.3978632979994127
bank_marketing,73,0.0,immutable,weighted_l1,metric_repair,200,0.98,0.41666508094071414
bank_marketing,73,0.0,immutable,weighted_l1,fixed_support_exact,200,1.0,0.3993886862615576
bank_marketing,73,0.0,immutable,weighted_l1,native_exact_sparse,200,1.0,0.3993886862615576
bank_marketing,73,0.0,immutable,scaled_l2,metric_projection,200,0.97,0.333310892026119
bank_marketing,73,0.0,immutable,scaled_l2,metric_repair,200,0.98,0.3440449227804062
bank_marketing,73,0.0,immutable,scaled_l2,fixed_support_exact,200,1.0,0.33798876891877677
bank_marketing,73,0.0,immutable,scaled_l2,native_exact_sparse,200,1.0,0.33798876891877677
bank_marketing,73,0.0,immutable_top3,weighted_l1,metric_projection,200,0.55,0.4210002206811987
bank_marketing,73,0.0,immutable_top3,weighted_l1,metric_repair,200,0.605,0.49899629093622283
bank_marketing,73,0.0,immutable_top3,weighted_l1,fixed_support_exact,200,1.0,1.0153786238215483
bank_marketing,73,0.0,immutable_top3,weighted_l1,native_exact_sparse,200,1.0,0.3993886862615576
bank_marketing,73,0.0,immutable_top3,scaled_l2,metric_projection,200,0.55,0.3532583345473627
bank_marketing,73,0.0,immutable_top3,scaled_l2,metric_repair,200,0.605,0.42820897931164514
bank_marketing,73,0.0,immutable_top3,scaled_l2,fixed_support_exact,200,1.0,0.8791266637576005
bank_marketing,73,0.0,immutable_top3,scaled_l2,native_exact_sparse,200,1.0,0.33798876891877677
bank_marketing,73,1.0,free,weighted_l1,metric_projection,200,1.0,0.3691070248550563
bank_marketing,73,1.0,free,weighted_l1,metric_repair,200,1.0,0.3691070248550563
bank_marketing,73,1.0,free,weighted_l1,fixed_support_exact,200,1.0,0.3691070248550563
bank_marketing,73,1.0,free,weighted_l1,native_exact_sparse,200,1.0,0.3691070248550563
bank_marketing,73,1.0,free,scaled_l2,metric_projection,200,1.0,0.3134236187067198
bank_marketing,73,1.0,free,scaled_l2,metric_repair,200,1.0,0.3134236187067198
bank_marketing,73,1.0,free,scaled_l2,fixed_support_exact,200,1.0,0.3134236187067198
bank_marketing,73,1.0,free,scaled_l2,native_exact_sparse,200,1.0,0.3134236187067198
bank_marketing,73,1.0,immutable,weighted_l1,metric_projection,200,0.935,0.36882373325291706
bank_marketing,73,1.0,immutable,weighted_l1,metric_repair,200,0.965,0.42213453455665806
bank_marketing,73,1.0,immutable,weighted_l1,fixed_support_exact,200,1.0,0.3829390097571732
bank_marketing,73,1.0,immutable,weighted_l1,native_exact_sparse,200,1.0,0.3829390097571732
bank_marketing,73,1.0,immutable,scaled_l2,metric_projection,200,0.935,0.3154660003282922
bank_marketing,73,1.0,immutable,scaled_l2,metric_repair,200,0.975,0.35076888194777134
bank_marketing,73,1.0,immutable,scaled_l2,fixed_support_exact,200,1.0,0.3230801037151055
bank_marketing,73,1.0,immutable,scaled_l2,native_exact_sparse,200,1.0,0.3230801037151055
bank_marketing,73,1.0,immutable_top3,weighted_l1,metric_projection,200,0.665,0.37230422890186093
bank_marketing,73,1.0,immutable_top3,weighted_l1,metric_repair,200,0.73,0.47349790693619925
bank_marketing,73,1.0,immutable_top3,weighted_l1,fixed_support_exact,200,1.0,0.7818146758789092
bank_marketing,73,1.0,immutable_top3,weighted_l1,native_exact_sparse,200,1.0,0.3829390097571732
bank_marketing,73,1.0,immutable_top3,scaled_l2,metric_projection,200,0.63,0.32331984179731055
bank_marketing,73,1.0,immutable_top3,scaled_l2,metric_repair,200,0.72,0.4000164701635871
bank_marketing,73,1.0,immutable_top3,scaled_l2,fixed_support_exact,200,1.0,0.7202918279010915
bank_marketing,73,1.0,immutable_top3,scaled_l2,native_exact_sparse,200,1.0,0.3230801037151055
bank_marketing,89,0.0,free,weighted_l1,metric_projection,200,1.0,0.4892799023442538
bank_marketing,89,0.0,free,weighted_l1,metric_repair,200,1.0,0.4892799023442538
bank_marketing,89,0.0,free,weighted_l1,fixed_support_exact,200,1.0,0.4892799023442538
bank_marketing,89,0.0,free,weighted_l1,native_exact_sparse,200,1.0,0.4892799023442538
bank_marketing,89,0.0,free,scaled_l2,metric_projection,200,1.0,0.42887776967151325
bank_marketing,89,0.0,free,scaled_l2,metric_repair,200,1.0,0.42887776967151325
bank_marketing,89,0.0,free,scaled_l2,fixed_support_exact,200,1.0,0.42887776967151325
bank_marketing,89,0.0,free,scaled_l2,native_exact_sparse,200,1.0,0.42887776967151325
bank_marketing,89,0.0,immutable,weighted_l1,metric_projection,200,0.98,0.4936019147368233
bank_marketing,89,0.0,immutable,weighted_l1,metric_repair,200,0.995,0.5011062700964125
bank_marketing,89,0.0,immutable,weighted_l1,fixed_support_exact,200,1.0,0.49210501617069297
bank_marketing,89,0.0,immutable,weighted_l1,native_exact_sparse,200,1.0,0.49210501617069297
bank_marketing,89,0.0,immutable,scaled_l2,metric_projection,200,0.98,0.4323780783817652
bank_marketing,89,0.0,immutable,scaled_l2,metric_repair,200,0.99,0.43675766400921423
bank_marketing,89,0.0,immutable,scaled_l2,fixed_support_exact,200,1.0,0.432197513300593
bank_marketing,89,0.0,immutable,scaled_l2,native_exact_sparse,200,1.0,0.432197513300593
bank_marketing,89,0.0,immutable_top3,weighted_l1,metric_projection,200,0.615,0.5202572909017361
bank_marketing,89,0.0,immutable_top3,weighted_l1,metric_repair,200,0.65,0.534406052892613
bank_marketing,89,0.0,immutable_top3,weighted_l1,fixed_support_exact,200,1.0,1.0091395732613
bank_marketing,89,0.0,immutable_top3,weighted_l1,native_exact_sparse,200,1.0,0.49210501617069297
bank_marketing,89,0.0,immutable_top3,scaled_l2,metric_projection,200,0.62,0.4557302756291332
bank_marketing,89,0.0,immutable_top3,scaled_l2,metric_repair,200,0.65,0.4648263599953003
bank_marketing,89,0.0,immutable_top3,scaled_l2,fixed_support_exact,200,1.0,0.9642077673153008
bank_marketing,89,0.0,immutable_top3,scaled_l2,native_exact_sparse,200,1.0,0.432197513300593
bank_marketing,89,1.0,free,weighted_l1,metric_projection,200,1.0,0.5180297082546766
bank_marketing,89,1.0,free,weighted_l1,metric_repair,200,1.0,0.5180297082546766
bank_marketing,89,1.0,free,weighted_l1,fixed_support_exact,200,1.0,0.5180297082546766
bank_marketing,89,1.0,free,weighted_l1,native_exact_sparse,200,1.0,0.5180297082546766
bank_marketing,89,1.0,free,scaled_l2,metric_projection,200,1.0,0.4416792506720523
bank_marketing,89,1.0,free,scaled_l2,metric_repair,200,1.0,0.4416792506720523
bank_marketing,89,1.0,free,scaled_l2,fixed_support_exact,200,1.0,0.4416792506720523
bank_marketing,89,1.0,free,scaled_l2,native_exact_sparse,200,1.0,0.4416792506720523
bank_marketing,89,1.0,immutable,weighted_l1,metric_projection,200,0.945,0.5308213815031138
bank_marketing,89,1.0,immutable,weighted_l1,metric_repair,200,0.985,0.5529398685474197
bank_marketing,89,1.0,immutable,weighted_l1,fixed_support_exact,200,1.0,0.5274723169330349
bank_marketing,89,1.0,immutable,weighted_l1,native_exact_sparse,200,1.0,0.5274723169330349
bank_marketing,89,1.0,immutable,scaled_l2,metric_projection,200,0.935,0.45382764598402187
bank_marketing,89,1.0,immutable,scaled_l2,metric_repair,200,0.985,0.4662605379340792
bank_marketing,89,1.0,immutable,scaled_l2,fixed_support_exact,200,1.0,0.4504651195926826
bank_marketing,89,1.0,immutable,scaled_l2,native_exact_sparse,200,1.0,0.4504651195926826
bank_marketing,89,1.0,immutable_top3,weighted_l1,metric_projection,200,0.8,0.5578182258258154
bank_marketing,89,1.0,immutable_top3,weighted_l1,metric_repair,200,0.86,0.606435783675923
bank_marketing,89,1.0,immutable_top3,weighted_l1,fixed_support_exact,200,1.0,0.7336554440329978
bank_marketing,89,1.0,immutable_top3,weighted_l1,native_exact_sparse,200,1.0,0.5274723169330349
bank_marketing,89,1.0,immutable_top3,scaled_l2,metric_projection,200,0.79,0.478120941022246
bank_marketing,89,1.0,immutable_top3,scaled_l2,metric_repair,200,0.86,0.5130457067630587
bank_marketing,89,1.0,immutable_top3,scaled_l2,fixed_support_exact,200,1.0,0.6663069780170477
bank_marketing,89,1.0,immutable_top3,scaled_l2,native_exact_sparse,200,1.0,0.4504651195926826
compas,7,0.0,free,weighted_l1,metric_projection,200,1.0,1.3024129069210033
compas,7,0.0,free,weighted_l1,metric_repair,200,1.0,1.3024129069210033
compas,7,0.0,free,weighted_l1,fixed_support_exact,200,1.0,1.3024129069210033
compas,7,0.0,free,weighted_l1,native_exact_sparse,200,1.0,1.3024129069210033
compas,7,0.0,free,scaled_l2,metric_projection,200,1.0,1.3024129069210033
compas,7,0.0,free,scaled_l2,metric_repair,200,1.0,1.3024129069210033
compas,7,0.0,free,scaled_l2,fixed_support_exact,200,1.0,1.3024129069210033
compas,7,0.0,free,scaled_l2,native_exact_sparse,200,1.0,1.3024129069210033
compas,7,0.0,immutable,weighted_l1,metric_projection,200,1.0,1.3024129069210033
compas,7,0.0,immutable,weighted_l1,metric_repair,200,1.0,1.3024129069210033
compas,7,0.0,immutable,weighted_l1,fixed_support_exact,200,1.0,1.3024129069210033
compas,7,0.0,immutable,weighted_l1,native_exact_sparse,200,1.0,1.3024129069210033
compas,7,0.0,immutable,scaled_l2,metric_projection,200,1.0,1.3024129069210033
compas,7,0.0,immutable,scaled_l2,metric_repair,200,1.0,1.3024129069210033
compas,7,0.0,immutable,scaled_l2,fixed_support_exact,200,1.0,1.3024129069210033
compas,7,0.0,immutable,scaled_l2,native_exact_sparse,200,1.0,1.3024129069210033
compas,7,0.0,immutable_top3,weighted_l1,metric_projection,200,1.0,1.3024129069210033
compas,7,0.0,immutable_top3,weighted_l1,metric_repair,200,1.0,1.3024129069210033
compas,7,0.0,immutable_top3,weighted_l1,fixed_support_exact,200,1.0,1.3024129069210033
compas,7,0.0,immutable_top3,weighted_l1,native_exact_sparse,200,1.0,1.3024129069210033
compas,7,0.0,immutable_top3,scaled_l2,metric_projection,200,1.0,1.3024129069210033
compas,7,0.0,immutable_top3,scaled_l2,metric_repair,200,1.0,1.3024129069210033
compas,7,0.0,immutable_top3,scaled_l2,fixed_support_exact,200,1.0,1.3024129069210033
compas,7,0.0,immutable_top3,scaled_l2,native_exact_sparse,200,1.0,1.3024129069210033
compas,7,1.0,free,weighted_l1,metric_projection,200,1.0,1.2829233420581643
compas,7,1.0,free,weighted_l1,metric_repair,200,1.0,1.2829233420581643
compas,7,1.0,free,weighted_l1,fixed_support_exact,200,1.0,1.2829233420581643
compas,7,1.0,free,weighted_l1,native_exact_sparse,200,1.0,1.2829233420581643
compas,7,1.0,free,scaled_l2,metric_projection,200,1.0,1.2828717480024807
compas,7,1.0,free,scaled_l2,metric_repair,200,1.0,1.2828717480024807
compas,7,1.0,free,scaled_l2,fixed_support_exact,200,1.0,1.2828717480024807
compas,7,1.0,free,scaled_l2,native_exact_sparse,200,1.0,1.2828717480024807
compas,7,1.0,immutable,weighted_l1,metric_projection,200,1.0,1.2829233420581643
compas,7,1.0,immutable,weighted_l1,metric_repair,200,1.0,1.2829233420581643
compas,7,1.0,immutable,weighted_l1,fixed_support_exact,200,1.0,1.2829233420581643
compas,7,1.0,immutable,weighted_l1,native_exact_sparse,200,1.0,1.2829233420581643
compas,7,1.0,immutable,scaled_l2,metric_projection,200,1.0,1.2828717480024807
compas,7,1.0,immutable,scaled_l2,metric_repair,200,1.0,1.2828717480024807
compas,7,1.0,immutable,scaled_l2,fixed_support_exact,200,1.0,1.2828717480024807
compas,7,1.0,immutable,scaled_l2,native_exact_sparse,200,1.0,1.2828717480024807
compas,7,1.0,immutable_top3,weighted_l1,metric_projection,200,1.0,1.2829233420581643
compas,7,1.0,immutable_top3,weighted_l1,metric_repair,200,1.0,1.2829233420581643
compas,7,1.0,immutable_top3,weighted_l1,fixed_support_exact,200,1.0,1.2829233420581643
compas,7,1.0,immutable_top3,weighted_l1,native_exact_sparse,200,1.0,1.2829233420581643
compas,7,1.0,immutable_top3,scaled_l2,metric_projection,200,1.0,1.2828717480024807
compas,7,1.0,immutable_top3,scaled_l2,metric_repair,200,1.0,1.2828717480024807
compas,7,1.0,immutable_top3,scaled_l2,fixed_support_exact,200,1.0,1.2828717480024807
compas,7,1.0,immutable_top3,scaled_l2,native_exact_sparse,200,1.0,1.2828717480024807
compas,13,0.0,free,weighted_l1,metric_projection,200,1.0,0.6998804327114503
compas,13,0.0,free,weighted_l1,metric_repair,200,1.0,0.6998804327114503
compas,13,0.0,free,weighted_l1,fixed_support_exact,200,1.0,0.6998804327114503
compas,13,0.0,free,weighted_l1,native_exact_sparse,200,1.0,0.6998804327114503
compas,13,0.0,free,scaled_l2,metric_projection,200,1.0,0.6974186050322311
compas,13,0.0,free,scaled_l2,metric_repair,200,1.0,0.6974186050322311
compas,13,0.0,free,scaled_l2,fixed_support_exact,200,1.0,0.6974186050322311
compas,13,0.0,free,scaled_l2,native_exact_sparse,200,1.0,0.6974186050322311
compas,13,0.0,immutable,weighted_l1,metric_projection,200,0.99,0.7006532919074182
compas,13,0.0,immutable,weighted_l1,metric_repair,200,1.0,0.701660931812084
compas,13,0.0,immutable,weighted_l1,fixed_support_exact,200,1.0,0.7015477985133006
compas,13,0.0,immutable,weighted_l1,native_exact_sparse,200,1.0,0.7015477985133006
compas,13,0.0,immutable,scaled_l2,metric_projection,200,0.99,0.699549853506779
compas,13,0.0,immutable,scaled_l2,metric_repair,200,1.0,0.6982529725649702
compas,13,0.0,immutable,scaled_l2,fixed_support_exact,200,1.0,0.6981679660155307
compas,13,0.0,immutable,scaled_l2,native_exact_sparse,200,1.0,0.6981679660155307
compas,13,0.0,immutable_top3,weighted_l1,metric_projection,200,0.99,0.7006532919074182
compas,13,0.0,immutable_top3,weighted_l1,metric_repair,200,1.0,0.701660931812084
compas,13,0.0,immutable_top3,weighted_l1,fixed_support_exact,200,1.0,0.7015477985133006
compas,13,0.0,immutable_top3,weighted_l1,native_exact_sparse,200,1.0,0.7015477985133006
compas,13,0.0,immutable_top3,scaled_l2,metric_projection,200,0.99,0.699549853506779
compas,13,0.0,immutable_top3,scaled_l2,metric_repair,200,1.0,0.6982529725649702
compas,13,0.0,immutable_top3,scaled_l2,fixed_support_exact,200,1.0,0.6981679660155307
compas,13,0.0,immutable_top3,scaled_l2,native_exact_sparse,200,1.0,0.6981679660155307
compas,13,1.0,free,weighted_l1,metric_projection,200,1.0,0.7097322189952777
compas,13,1.0,free,weighted_l1,metric_repair,200,1.0,0.7097322189952777
compas,13,1.0,free,weighted_l1,fixed_support_exact,200,1.0,0.7097322189952777
compas,13,1.0,free,weighted_l1,native_exact_sparse,200,1.0,0.7097322189952777
compas,13,1.0,free,scaled_l2,metric_projection,200,1.0,0.7076737342118569
compas,13,1.0,free,scaled_l2,metric_repair,200,1.0,0.7076737342118569
compas,13,1.0,free,scaled_l2,fixed_support_exact,200,1.0,0.7076737342118569
compas,13,1.0,free,scaled_l2,native_exact_sparse,200,1.0,0.7076737342118569
compas,13,1.0,immutable,weighted_l1,metric_projection,200,0.995,0.710807173393424
compas,13,1.0,immutable,weighted_l1,metric_repair,200,1.0,0.7107505371977908
compas,13,1.0,immutable,weighted_l1,fixed_support_exact,200,1.0,0.7106953889927635
compas,13,1.0,immutable,weighted_l1,native_exact_sparse,200,1.0,0.7106953889927635
compas,13,1.0,immutable,scaled_l2,metric_projection,200,0.995,0.709173763274041
compas,13,1.0,immutable,scaled_l2,metric_repair,200,1.0,0.7081333457630279
compas,13,1.0,immutable,scaled_l2,fixed_support_exact,200,1.0,0.7080904547201353
compas,13,1.0,immutable,scaled_l2,native_exact_sparse,200,1.0,0.7080904547201353
compas,13,1.0,immutable_top3,weighted_l1,metric_projection,200,0.995,0.710807173393424
compas,13,1.0,immutable_top3,weighted_l1,metric_repair,200,1.0,0.7107505371977908
compas,13,1.0,immutable_top3,weighted_l1,fixed_support_exact,200,1.0,0.7106953889927635
compas,13,1.0,immutable_top3,weighted_l1,native_exact_sparse,200,1.0,0.7106953889927635
compas,13,1.0,immutable_top3,scaled_l2,metric_projection,200,0.995,0.709173763274041
compas,13,1.0,immutable_top3,scaled_l2,metric_repair,200,1.0,0.7081333457630279
compas,13,1.0,immutable_top3,scaled_l2,fixed_support_exact,200,1.0,0.7080904547201353
compas,13,1.0,immutable_top3,scaled_l2,native_exact_sparse,200,1.0,0.7080904547201353
compas,19,0.0,free,weighted_l1,metric_projection,200,1.0,1.2179443538723052
compas,19,0.0,free,weighted_l1,metric_repair,200,1.0,1.2179443538723052
compas,19,0.0,free,weighted_l1,fixed_support_exact,200,1.0,1.2179443538723052
compas,19,0.0,free,weighted_l1,native_exact_sparse,200,1.0,1.2179443538723052
compas,19,0.0,free,scaled_l2,metric_projection,200,1.0,1.2165341836273913
compas,19,0.0,free,scaled_l2,metric_repair,200,1.0,1.2165341836273913
compas,19,0.0,free,scaled_l2,fixed_support_exact,200,1.0,1.2165341836273913
compas,19,0.0,free,scaled_l2,native_exact_sparse,200,1.0,1.2165341836273913
compas,19,0.0,immutable,weighted_l1,metric_projection,200,1.0,1.2179443538723052
compas,19,0.0,immutable,weighted_l1,metric_repair,200,1.0,1.2179443538723052
compas,19,0.0,immutable,weighted_l1,fixed_support_exact,200,1.0,1.2179443538723052
compas,19,0.0,immutable,weighted_l1,native_exact_sparse,200,1.0,1.2179443538723052
compas,19,0.0,immutable,scaled_l2,metric_projection,200,1.0,1.2165341836273913
compas,19,0.0,immutable,scaled_l2,metric_repair,200,1.0,1.2165341836273913
compas,19,0.0,immutable,scaled_l2,fixed_support_exact,200,1.0,1.2165341836273913
compas,19,0.0,immutable,scaled_l2,native_exact_sparse,200,1.0,1.2165341836273913
compas,19,0.0,immutable_top3,weighted_l1,metric_projection,200,1.0,1.2179443538723052
compas,19,0.0,immutable_top3,weighted_l1,metric_repair,200,1.0,1.2179443538723052
compas,19,0.0,immutable_top3,weighted_l1,fixed_support_exact,200,1.0,1.2179443538723052
compas,19,0.0,immutable_top3,weighted_l1,native_exact_sparse,200,1.0,1.2179443538723052
compas,19,0.0,immutable_top3,scaled_l2,metric_projection,200,1.0,1.2165341836273913
compas,19,0.0,immutable_top3,scaled_l2,metric_repair,200,1.0,1.2165341836273913
compas,19,0.0,immutable_top3,scaled_l2,fixed_support_exact,200,1.0,1.2165341836273913
compas,19,0.0,immutable_top3,scaled_l2,native_exact_sparse,200,1.0,1.2165341836273913
compas,19,1.0,free,weighted_l1,metric_projection,200,1.0,1.260960743538555
compas,19,1.0,free,weighted_l1,metric_repair,200,1.0,1.260960743538555
compas,19,1.0,free,weighted_l1,fixed_support_exact,200,1.0,1.260960743538555
compas,19,1.0,free,weighted_l1,native_exact_sparse,200,1.0,1.260960743538555
compas,19,1.0,free,scaled_l2,metric_projection,200,1.0,1.260960743538555
compas,19,1.0,free,scaled_l2,metric_repair,200,1.0,1.260960743538555
compas,19,1.0,free,scaled_l2,fixed_support_exact,200,1.0,1.260960743538555
compas,19,1.0,free,scaled_l2,native_exact_sparse,200,1.0,1.260960743538555
compas,19,1.0,immutable,weighted_l1,metric_projection,200,1.0,1.260960743538555
compas,19,1.0,immutable,weighted_l1,metric_repair,200,1.0,1.260960743538555
compas,19,1.0,immutable,weighted_l1,fixed_support_exact,200,1.0,1.260960743538555
compas,19,1.0,immutable,weighted_l1,native_exact_sparse,200,1.0,1.260960743538555
compas,19,1.0,immutable,scaled_l2,metric_projection,200,1.0,1.260960743538555
compas,19,1.0,immutable,scaled_l2,metric_repair,200,1.0,1.260960743538555
compas,19,1.0,immutable,scaled_l2,fixed_support_exact,200,1.0,1.260960743538555
compas,19,1.0,immutable,scaled_l2,native_exact_sparse,200,1.0,1.260960743538555
compas,19,1.0,immutable_top3,weighted_l1,metric_projection,200,1.0,1.260960743538555
compas,19,1.0,immutable_top3,weighted_l1,metric_repair,200,1.0,1.260960743538555
compas,19,1.0,immutable_top3,weighted_l1,fixed_support_exact,200,1.0,1.260960743538555
compas,19,1.0,immutable_top3,weighted_l1,native_exact_sparse,200,1.0,1.260960743538555
compas,19,1.0,immutable_top3,scaled_l2,metric_projection,200,1.0,1.260960743538555
compas,19,1.0,immutable_top3,scaled_l2,metric_repair,200,1.0,1.260960743538555
compas,19,1.0,immutable_top3,scaled_l2,fixed_support_exact,200,1.0,1.260960743538555
compas,19,1.0,immutable_top3,scaled_l2,native_exact_sparse,200,1.0,1.260960743538555
compas,29,0.0,free,weighted_l1,metric_projection,200,1.0,1.2496220936712839
compas,29,0.0,free,weighted_l1,metric_repair,200,1.0,1.2496220936712839
compas,29,0.0,free,weighted_l1,fixed_support_exact,200,1.0,1.2496220936712839
compas,29,0.0,free,weighted_l1,native_exact_sparse,200,1.0,1.2496220936712839
compas,29,0.0,free,scaled_l2,metric_projection,200,1.0,1.2496220936712839
compas,29,0.0,free,scaled_l2,metric_repair,200,1.0,1.2496220936712839
compas,29,0.0,free,scaled_l2,fixed_support_exact,200,1.0,1.2496220936712839
compas,29,0.0,free,scaled_l2,native_exact_sparse,200,1.0,1.2496220936712839
compas,29,0.0,immutable,weighted_l1,metric_projection,200,1.0,1.2496220936712839
compas,29,0.0,immutable,weighted_l1,metric_repair,200,1.0,1.2496220936712839
compas,29,0.0,immutable,weighted_l1,fixed_support_exact,200,1.0,1.2496220936712839
compas,29,0.0,immutable,weighted_l1,native_exact_sparse,200,1.0,1.2496220936712839
compas,29,0.0,immutable,scaled_l2,metric_projection,200,1.0,1.2496220936712839
compas,29,0.0,immutable,scaled_l2,metric_repair,200,1.0,1.2496220936712839
compas,29,0.0,immutable,scaled_l2,fixed_support_exact,200,1.0,1.2496220936712839
compas,29,0.0,immutable,scaled_l2,native_exact_sparse,200,1.0,1.2496220936712839
compas,29,0.0,immutable_top3,weighted_l1,metric_projection,200,1.0,1.2496220936712839
compas,29,0.0,immutable_top3,weighted_l1,metric_repair,200,1.0,1.2496220936712839
compas,29,0.0,immutable_top3,weighted_l1,fixed_support_exact,200,1.0,1.2496220936712839
compas,29,0.0,immutable_top3,weighted_l1,native_exact_sparse,200,1.0,1.2496220936712839
compas,29,0.0,immutable_top3,scaled_l2,metric_projection,200,1.0,1.2496220936712839
compas,29,0.0,immutable_top3,scaled_l2,metric_repair,200,1.0,1.2496220936712839
compas,29,0.0,immutable_top3,scaled_l2,fixed_support_exact,200,1.0,1.2496220936712839
compas,29,0.0,immutable_top3,scaled_l2,native_exact_sparse,200,1.0,1.2496220936712839
compas,29,1.0,free,weighted_l1,metric_projection,200,1.0,1.2983904867067366
compas,29,1.0,free,weighted_l1,metric_repair,200,1.0,1.2983904867067366
compas,29,1.0,free,weighted_l1,fixed_support_exact,200,1.0,1.2983904867067366
compas,29,1.0,free,weighted_l1,native_exact_sparse,200,1.0,1.2983904867067366
compas,29,1.0,free,scaled_l2,metric_projection,200,1.0,1.2951936153031969
compas,29,1.0,free,scaled_l2,metric_repair,200,1.0,1.2951936153031969
compas,29,1.0,free,scaled_l2,fixed_support_exact,200,1.0,1.2951936153031969
compas,29,1.0,free,scaled_l2,native_exact_sparse,200,1.0,1.2951936153031969
compas,29,1.0,immutable,weighted_l1,metric_projection,200,0.99,1.291672167141504
compas,29,1.0,immutable,weighted_l1,metric_repair,200,0.99,1.291672167141504
compas,29,1.0,immutable,weighted_l1,fixed_support_exact,200,1.0,1.3338849517002733
compas,29,1.0,immutable,weighted_l1,native_exact_sparse,200,1.0,1.3338849517002733
compas,29,1.0,immutable,scaled_l2,metric_projection,200,0.99,1.2884430041076254
compas,29,1.0,immutable,scaled_l2,metric_repair,200,0.99,1.2884430041076254
compas,29,1.0,immutable,scaled_l2,fixed_support_exact,200,1.0,1.326496931241663
compas,29,1.0,immutable,scaled_l2,native_exact_sparse,200,1.0,1.326496931241663
compas,29,1.0,immutable_top3,weighted_l1,metric_projection,200,0.99,1.291672167141504
compas,29,1.0,immutable_top3,weighted_l1,metric_repair,200,0.99,1.291672167141504
compas,29,1.0,immutable_top3,weighted_l1,fixed_support_exact,200,1.0,1.3338849517002733
compas,29,1.0,immutable_top3,weighted_l1,native_exact_sparse,200,1.0,1.3338849517002733
compas,29,1.0,immutable_top3,scaled_l2,metric_projection,200,0.99,1.2884430041076254
compas,29,1.0,immutable_top3,scaled_l2,metric_repair,200,0.99,1.2884430041076254
compas,29,1.0,immutable_top3,scaled_l2,fixed_support_exact,200,1.0,1.326496931241663
compas,29,1.0,immutable_top3,scaled_l2,native_exact_sparse,200,1.0,1.326496931241663
compas,37,0.0,free,weighted_l1,metric_projection,200,1.0,0.8648983050177569
compas,37,0.0,free,weighted_l1,metric_repair,200,1.0,0.8648983050177569
compas,37,0.0,free,weighted_l1,fixed_support_exact,200,1.0,0.8648983050177569
compas,37,0.0,free,weighted_l1,native_exact_sparse,200,1.0,0.8648983050177569
compas,37,0.0,free,scaled_l2,metric_projection,200,1.0,0.7438417988368774
compas,37,0.0,free,scaled_l2,metric_repair,200,1.0,0.7438417988368774
compas,37,0.0,free,scaled_l2,fixed_support_exact,200,1.0,0.7438417988368774
compas,37,0.0,free,scaled_l2,native_exact_sparse,200,1.0,0.7438417988368774
compas,37,0.0,immutable,weighted_l1,metric_projection,200,0.655,0.8582405726535092
compas,37,0.0,immutable,weighted_l1,metric_repair,200,0.665,0.8675904156066933
compas,37,0.0,immutable,weighted_l1,fixed_support_exact,200,1.0,0.9996015834076606
compas,37,0.0,immutable,weighted_l1,native_exact_sparse,200,1.0,0.9996015834076606
compas,37,0.0,immutable,scaled_l2,metric_projection,200,0.565,0.6894669696792309
compas,37,0.0,immutable,scaled_l2,metric_repair,200,0.58,0.6980875965975856
compas,37,0.0,immutable,scaled_l2,fixed_support_exact,200,1.0,0.9584068217372308
compas,37,0.0,immutable,scaled_l2,native_exact_sparse,200,1.0,0.9584068217372308
compas,37,0.0,immutable_top3,weighted_l1,metric_projection,200,0.655,0.8582405726535092
compas,37,0.0,immutable_top3,weighted_l1,metric_repair,200,0.665,0.8675904156066933
compas,37,0.0,immutable_top3,weighted_l1,fixed_support_exact,200,1.0,0.9996015834076606
compas,37,0.0,immutable_top3,weighted_l1,native_exact_sparse,200,1.0,0.9996015834076606
compas,37,0.0,immutable_top3,scaled_l2,metric_projection,200,0.565,0.6894669696792309
compas,37,0.0,immutable_top3,scaled_l2,metric_repair,200,0.58,0.6980875965975856
compas,37,0.0,immutable_top3,scaled_l2,fixed_support_exact,200,1.0,0.9584068217372308
compas,37,0.0,immutable_top3,scaled_l2,native_exact_sparse,200,1.0,0.9584068217372308
compas,37,1.0,free,weighted_l1,metric_projection,200,1.0,0.8176181168805576
compas,37,1.0,free,weighted_l1,metric_repair,200,1.0,0.8176181168805576
compas,37,1.0,free,weighted_l1,fixed_support_exact,200,1.0,0.8176181168805576
compas,37,1.0,free,weighted_l1,native_exact_sparse,200,1.0,0.8176181168805576
compas,37,1.0,free,scaled_l2,metric_projection,200,1.0,0.7245777423818356
compas,37,1.0,free,scaled_l2,metric_repair,200,1.0,0.7245777423818356
compas,37,1.0,free,scaled_l2,fixed_support_exact,200,1.0,0.7245777423818356
compas,37,1.0,free,scaled_l2,native_exact_sparse,200,1.0,0.7245777423818356
compas,37,1.0,immutable,weighted_l1,metric_projection,200,0.87,0.7768468858843723
compas,37,1.0,immutable,weighted_l1,metric_repair,200,0.88,0.7865819911170294
compas,37,1.0,immutable,weighted_l1,fixed_support_exact,200,1.0,0.8467445666524784
compas,37,1.0,immutable,weighted_l1,native_exact_sparse,200,1.0,0.8467445666524784
compas,37,1.0,immutable,scaled_l2,metric_projection,200,0.85,0.6888890634845996
compas,37,1.0,immutable,scaled_l2,metric_repair,200,0.865,0.6978770814688903
compas,37,1.0,immutable,scaled_l2,fixed_support_exact,200,1.0,0.7564526454436681
compas,37,1.0,immutable,scaled_l2,native_exact_sparse,200,1.0,0.7564526454436681
compas,37,1.0,immutable_top3,weighted_l1,metric_projection,200,0.87,0.7768468858843723
compas,37,1.0,immutable_top3,weighted_l1,metric_repair,200,0.88,0.7865819911170294
compas,37,1.0,immutable_top3,weighted_l1,fixed_support_exact,200,1.0,0.8467445666524784
compas,37,1.0,immutable_top3,weighted_l1,native_exact_sparse,200,1.0,0.8467445666524784
compas,37,1.0,immutable_top3,scaled_l2,metric_projection,200,0.85,0.6888890634845996
compas,37,1.0,immutable_top3,scaled_l2,metric_repair,200,0.865,0.6978770814688903
compas,37,1.0,immutable_top3,scaled_l2,fixed_support_exact,200,1.0,0.7564526454436681
compas,37,1.0,immutable_top3,scaled_l2,native_exact_sparse,200,1.0,0.7564526454436681
compas,41,0.0,free,weighted_l1,metric_projection,200,1.0,1.2669474012416997
compas,41,0.0,free,weighted_l1,metric_repair,200,1.0,1.2669474012416997
compas,41,0.0,free,weighted_l1,fixed_support_exact,200,1.0,1.2669474012416997
compas,41,0.0,free,weighted_l1,native_exact_sparse,200,1.0,1.2669474012416997
compas,41,0.0,free,scaled_l2,metric_projection,200,1.0,1.2233990714431737
compas,41,0.0,free,scaled_l2,metric_repair,200,1.0,1.2233990714431737
compas,41,0.0,free,scaled_l2,fixed_support_exact,200,1.0,1.2233990714431737
compas,41,0.0,free,scaled_l2,native_exact_sparse,200,1.0,1.2233990714431737
compas,41,0.0,immutable,weighted_l1,metric_projection,200,0.905,1.2815486164226313
compas,41,0.0,immutable,weighted_l1,metric_repair,200,0.915,1.3375260971889917
compas,41,0.0,immutable,weighted_l1,fixed_support_exact,200,1.0,1.3309802158695623
compas,41,0.0,immutable,weighted_l1,native_exact_sparse,200,1.0,1.3309802158695623
compas,41,0.0,immutable,scaled_l2,metric_projection,200,0.83,1.2590628574255232
compas,41,0.0,immutable,scaled_l2,metric_repair,200,0.84,1.3132749807710016
compas,41,0.0,immutable,scaled_l2,fixed_support_exact,200,1.0,1.3287674784816892
compas,41,0.0,immutable,scaled_l2,native_exact_sparse,200,1.0,1.3287674784816892
compas,41,0.0,immutable_top3,weighted_l1,metric_projection,200,0.905,1.2815486164226313
compas,41,0.0,immutable_top3,weighted_l1,metric_repair,200,0.915,1.3375260971889917
compas,41,0.0,immutable_top3,weighted_l1,fixed_support_exact,200,1.0,1.3309802158695623
compas,41,0.0,immutable_top3,weighted_l1,native_exact_sparse,200,1.0,1.3309802158695623
compas,41,0.0,immutable_top3,scaled_l2,metric_projection,200,0.83,1.2590628574255232
compas,41,0.0,immutable_top3,scaled_l2,metric_repair,200,0.84,1.3132749807710016
compas,41,0.0,immutable_top3,scaled_l2,fixed_support_exact,200,1.0,1.3287674784816892
compas,41,0.0,immutable_top3,scaled_l2,native_exact_sparse,200,1.0,1.3287674784816892
compas,41,1.0,free,weighted_l1,metric_projection,200,1.0,1.1914193642755253
compas,41,1.0,free,weighted_l1,metric_repair,200,1.0,1.1914193642755253
compas,41,1.0,free,weighted_l1,fixed_support_exact,200,1.0,1.1914193642755253
compas,41,1.0,free,weighted_l1,native_exact_sparse,200,1.0,1.1914193642755253
compas,41,1.0,free,scaled_l2,metric_projection,200,1.0,1.0963831445417913
compas,41,1.0,free,scaled_l2,metric_repair,200,1.0,1.0963831445417913
compas,41,1.0,free,scaled_l2,fixed_support_exact,200,1.0,1.0963831445417913
compas,41,1.0,free,scaled_l2,native_exact_sparse,200,1.0,1.0963831445417913
compas,41,1.0,immutable,weighted_l1,metric_projection,200,0.79,1.2255698118146112
compas,41,1.0,immutable,weighted_l1,metric_repair,200,0.81,1.3108586321787945
compas,41,1.0,immutable,weighted_l1,fixed_support_exact,200,1.0,1.3131797742041937
compas,41,1.0,immutable,weighted_l1,native_exact_sparse,200,1.0,1.3131797742041937
compas,41,1.0,immutable,scaled_l2,metric_projection,200,0.6,1.1161935236413119
compas,41,1.0,immutable,scaled_l2,metric_repair,200,0.62,1.2175583296080856
compas,41,1.0,immutable,scaled_l2,fixed_support_exact,200,1.0,1.3090940065000622
compas,41,1.0,immutable,scaled_l2,native_exact_sparse,200,1.0,1.3090940065000622
compas,41,1.0,immutable_top3,weighted_l1,metric_projection,200,0.79,1.2255698118146112
compas,41,1.0,immutable_top3,weighted_l1,metric_repair,200,0.81,1.3108586321787945
compas,41,1.0,immutable_top3,weighted_l1,fixed_support_exact,200,1.0,1.3131797742041937
compas,41,1.0,immutable_top3,weighted_l1,native_exact_sparse,200,1.0,1.3131797742041937
compas,41,1.0,immutable_top3,scaled_l2,metric_projection,200,0.6,1.1161935236413119
compas,41,1.0,immutable_top3,scaled_l2,metric_repair,200,0.62,1.2175583296080856
compas,41,1.0,immutable_top3,scaled_l2,fixed_support_exact,200,1.0,1.3090940065000622
compas,41,1.0,immutable_top3,scaled_l2,native_exact_sparse,200,1.0,1.3090940065000622
compas,53,0.0,free,weighted_l1,metric_projection,200,1.0,0.7229463287996702
compas,53,0.0,free,weighted_l1,metric_repair,200,1.0,0.7229463287996702
compas,53,0.0,free,weighted_l1,fixed_support_exact,200,1.0,0.7229463287996702
compas,53,0.0,free,weighted_l1,native_exact_sparse,200,1.0,0.7229463287996702
compas,53,0.0,free,scaled_l2,metric_projection,200,1.0,0.692786705798303
compas,53,0.0,free,scaled_l2,metric_repair,200,1.0,0.692786705798303
compas,53,0.0,free,scaled_l2,fixed_support_exact,200,1.0,0.692786705798303
compas,53,0.0,free,scaled_l2,native_exact_sparse,200,1.0,0.692786705798303
compas,53,0.0,immutable,weighted_l1,metric_projection,200,0.855,0.7049278959782598
compas,53,0.0,immutable,weighted_l1,metric_repair,200,0.875,0.7338324421329011
compas,53,0.0,immutable,weighted_l1,fixed_support_exact,200,1.0,0.7579535068230763
compas,53,0.0,immutable,weighted_l1,native_exact_sparse,200,1.0,0.7579535068230763
compas,53,0.0,immutable,scaled_l2,metric_projection,200,0.765,0.6514624891992398
compas,53,0.0,immutable,scaled_l2,metric_repair,200,0.795,0.6808961031422757
compas,53,0.0,immutable,scaled_l2,fixed_support_exact,200,1.0,0.7524835947932735
compas,53,0.0,immutable,scaled_l2,native_exact_sparse,200,1.0,0.7524835947932735
compas,53,0.0,immutable_top3,weighted_l1,metric_projection,200,0.855,0.7049278959782598
compas,53,0.0,immutable_top3,weighted_l1,metric_repair,200,0.875,0.7338324421329011
compas,53,0.0,immutable_top3,weighted_l1,fixed_support_exact,200,1.0,0.7579535068230763
compas,53,0.0,immutable_top3,weighted_l1,native_exact_sparse,200,1.0,0.7579535068230763
compas,53,0.0,immutable_top3,scaled_l2,metric_projection,200,0.765,0.6514624891992398
compas,53,0.0,immutable_top3,scaled_l2,metric_repair,200,0.795,0.6808961031422757
compas,53,0.0,immutable_top3,scaled_l2,fixed_support_exact,200,1.0,0.7524835947932735
compas,53,0.0,immutable_top3,scaled_l2,native_exact_sparse,200,1.0,0.7524835947932735
compas,53,1.0,free,weighted_l1,metric_projection,200,1.0,0.5206226193961608
compas,53,1.0,free,weighted_l1,metric_repair,200,1.0,0.5206226193961608
compas,53,1.0,free,weighted_l1,fixed_support_exact,200,1.0,0.5206226193961608
compas,53,1.0,free,weighted_l1,native_exact_sparse,200,1.0,0.5206226193961608
compas,53,1.0,free,scaled_l2,metric_projection,200,1.0,0.47701820173180026
compas,53,1.0,free,scaled_l2,metric_repair,200,1.0,0.47701820173180026
compas,53,1.0,free,scaled_l2,fixed_support_exact,200,1.0,0.47701820173180026
compas,53,1.0,free,scaled_l2,native_exact_sparse,200,1.0,0.47701820173180026
compas,53,1.0,immutable,weighted_l1,metric_projection,200,0.585,0.4348625288393412
compas,53,1.0,immutable,weighted_l1,metric_repair,200,0.625,0.4847946975812472
compas,53,1.0,immutable,weighted_l1,fixed_support_exact,200,1.0,0.699612831459263
compas,53,1.0,immutable,weighted_l1,native_exact_sparse,200,1.0,0.699612831459263
compas,53,1.0,immutable,scaled_l2,metric_projection,200,0.49,0.3300106709652516
compas,53,1.0,immutable,scaled_l2,metric_repair,200,0.54,0.3998134296063565
compas,53,1.0,immutable,scaled_l2,fixed_support_exact,200,1.0,0.6963784371702153
compas,53,1.0,immutable,scaled_l2,native_exact_sparse,200,1.0,0.6963784371702153
compas,53,1.0,immutable_top3,weighted_l1,metric_projection,200,0.585,0.4348625288393412
compas,53,1.0,immutable_top3,weighted_l1,metric_repair,200,0.625,0.4847946975812472
compas,53,1.0,immutable_top3,weighted_l1,fixed_support_exact,200,1.0,0.699612831459263
compas,53,1.0,immutable_top3,weighted_l1,native_exact_sparse,200,1.0,0.699612831459263
compas,53,1.0,immutable_top3,scaled_l2,metric_projection,200,0.49,0.3300106709652516
compas,53,1.0,immutable_top3,scaled_l2,metric_repair,200,0.54,0.3998134296063565
compas,53,1.0,immutable_top3,scaled_l2,fixed_support_exact,200,1.0,0.6963784371702153
compas,53,1.0,immutable_top3,scaled_l2,native_exact_sparse,200,1.0,0.6963784371702153
compas,61,0.0,free,weighted_l1,metric_projection,200,1.0,0.7145451929354585
compas,61,0.0,free,weighted_l1,metric_repair,200,1.0,0.7145451929354585
compas,61,0.0,free,weighted_l1,fixed_support_exact,200,1.0,0.7145451929354585
compas,61,0.0,free,weighted_l1,native_exact_sparse,200,1.0,0.7145451929354585
compas,61,0.0,free,scaled_l2,metric_projection,200,1.0,0.6900377148171679
compas,61,0.0,free,scaled_l2,metric_repair,200,1.0,0.6900377148171679
compas,61,0.0,free,scaled_l2,fixed_support_exact,200,1.0,0.6900377148171679
compas,61,0.0,free,scaled_l2,native_exact_sparse,200,1.0,0.6900377148171679
compas,61,0.0,immutable,weighted_l1,metric_projection,200,0.99,0.7116265409249576
compas,61,0.0,immutable,weighted_l1,metric_repair,200,0.99,0.7116265409249576
compas,61,0.0,immutable,weighted_l1,fixed_support_exact,200,1.0,0.7172910590815752
compas,61,0.0,immutable,weighted_l1,native_exact_sparse,200,1.0,0.7172910590815752
compas,61,0.0,immutable,scaled_l2,metric_projection,200,0.985,0.6867019756360697
compas,61,0.0,immutable,scaled_l2,metric_repair,200,0.985,0.6867019756360697
compas,61,0.0,immutable,scaled_l2,fixed_support_exact,200,1.0,0.6965025899774209
compas,61,0.0,immutable,scaled_l2,native_exact_sparse,200,1.0,0.6965025899774209
compas,61,0.0,immutable_top3,weighted_l1,metric_projection,200,0.99,0.7116265409249576
compas,61,0.0,immutable_top3,weighted_l1,metric_repair,200,0.99,0.7116265409249576
compas,61,0.0,immutable_top3,weighted_l1,fixed_support_exact,200,1.0,0.7172910590815752
compas,61,0.0,immutable_top3,weighted_l1,native_exact_sparse,200,1.0,0.7172910590815752
compas,61,0.0,immutable_top3,scaled_l2,metric_projection,200,0.985,0.6867019756360697
compas,61,0.0,immutable_top3,scaled_l2,metric_repair,200,0.985,0.6867019756360697
compas,61,0.0,immutable_top3,scaled_l2,fixed_support_exact,200,1.0,0.6965025899774209
compas,61,0.0,immutable_top3,scaled_l2,native_exact_sparse,200,1.0,0.6965025899774209
compas,61,1.0,free,weighted_l1,metric_projection,200,1.0,0.7565513167908275
compas,61,1.0,free,weighted_l1,metric_repair,200,1.0,0.7565513167908275
compas,61,1.0,free,weighted_l1,fixed_support_exact,200,1.0,0.7565513167908275
compas,61,1.0,free,weighted_l1,native_exact_sparse,200,1.0,0.7565513167908275
compas,61,1.0,free,scaled_l2,metric_projection,200,1.0,0.7214856343871926
compas,61,1.0,free,scaled_l2,metric_repair,200,1.0,0.7214856343871926
compas,61,1.0,free,scaled_l2,fixed_support_exact,200,1.0,0.7214856343871926
compas,61,1.0,free,scaled_l2,native_exact_sparse,200,1.0,0.7214856343871926
compas,61,1.0,immutable,weighted_l1,metric_projection,200,0.98,0.7513478335317538
compas,61,1.0,immutable,weighted_l1,metric_repair,200,0.98,0.7513478335317538
compas,61,1.0,immutable,weighted_l1,fixed_support_exact,200,1.0,0.7627998456706857
compas,61,1.0,immutable,weighted_l1,native_exact_sparse,200,1.0,0.7627998456706857
compas,61,1.0,immutable,scaled_l2,metric_projection,200,0.96,0.707688419358942
compas,61,1.0,immutable,scaled_l2,metric_repair,200,0.96,0.707688419358942
compas,61,1.0,immutable,scaled_l2,fixed_support_exact,200,1.0,0.7393638524163018
compas,61,1.0,immutable,scaled_l2,native_exact_sparse,200,1.0,0.7393638524163018
compas,61,1.0,immutable_top3,weighted_l1,metric_projection,200,0.98,0.7513478335317538
compas,61,1.0,immutable_top3,weighted_l1,metric_repair,200,0.98,0.7513478335317538
compas,61,1.0,immutable_top3,weighted_l1,fixed_support_exact,200,1.0,0.7627998456706857
compas,61,1.0,immutable_top3,weighted_l1,native_exact_sparse,200,1.0,0.7627998456706857
compas,61,1.0,immutable_top3,scaled_l2,metric_projection,200,0.96,0.707688419358942
compas,61,1.0,immutable_top3,scaled_l2,metric_repair,200,0.96,0.707688419358942
compas,61,1.0,immutable_top3,scaled_l2,fixed_support_exact,200,1.0,0.7393638524163018
compas,61,1.0,immutable_top3,scaled_l2,native_exact_sparse,200,1.0,0.7393638524163018
compas,73,0.0,free,weighted_l1,metric_projection,200,1.0,0.7071060257931099
compas,73,0.0,free,weighted_l1,metric_repair,200,1.0,0.7071060257931099
compas,73,0.0,free,weighted_l1,fixed_support_exact,200,1.0,0.7071060257931099
compas,73,0.0,free,weighted_l1,native_exact_sparse,200,1.0,0.7071060257931099
compas,73,0.0,free,scaled_l2,metric_projection,200,1.0,0.7071060257931099
compas,73,0.0,free,scaled_l2,metric_repair,200,1.0,0.7071060257931099
compas,73,0.0,free,scaled_l2,fixed_support_exact,200,1.0,0.7071060257931099
compas,73,0.0,free,scaled_l2,native_exact_sparse,200,1.0,0.7071060257931099
compas,73,0.0,immutable,weighted_l1,metric_projection,200,1.0,0.7071060257931099
compas,73,0.0,immutable,weighted_l1,metric_repair,200,1.0,0.7071060257931099
compas,73,0.0,immutable,weighted_l1,fixed_support_exact,200,1.0,0.7071060257931099
compas,73,0.0,immutable,weighted_l1,native_exact_sparse,200,1.0,0.7071060257931099
compas,73,0.0,immutable,scaled_l2,metric_projection,200,1.0,0.7071060257931099
compas,73,0.0,immutable,scaled_l2,metric_repair,200,1.0,0.7071060257931099
compas,73,0.0,immutable,scaled_l2,fixed_support_exact,200,1.0,0.7071060257931099
compas,73,0.0,immutable,scaled_l2,native_exact_sparse,200,1.0,0.7071060257931099
compas,73,0.0,immutable_top3,weighted_l1,metric_projection,200,1.0,0.7071060257931099
compas,73,0.0,immutable_top3,weighted_l1,metric_repair,200,1.0,0.7071060257931099
compas,73,0.0,immutable_top3,weighted_l1,fixed_support_exact,200,1.0,0.7071060257931099
compas,73,0.0,immutable_top3,weighted_l1,native_exact_sparse,200,1.0,0.7071060257931099
compas,73,0.0,immutable_top3,scaled_l2,metric_projection,200,1.0,0.7071060257931099
compas,73,0.0,immutable_top3,scaled_l2,metric_repair,200,1.0,0.7071060257931099
compas,73,0.0,immutable_top3,scaled_l2,fixed_support_exact,200,1.0,0.7071060257931099
compas,73,0.0,immutable_top3,scaled_l2,native_exact_sparse,200,1.0,0.7071060257931099
compas,73,1.0,free,weighted_l1,metric_projection,200,1.0,0.7225393444766837
compas,73,1.0,free,weighted_l1,metric_repair,200,1.0,0.7225393444766837
compas,73,1.0,free,weighted_l1,fixed_support_exact,200,1.0,0.7225393444766837
compas,73,1.0,free,weighted_l1,native_exact_sparse,200,1.0,0.7225393444766837
compas,73,1.0,free,scaled_l2,metric_projection,200,1.0,0.7225393444766837
compas,73,1.0,free,scaled_l2,metric_repair,200,1.0,0.7225393444766837
compas,73,1.0,free,scaled_l2,fixed_support_exact,200,1.0,0.7225393444766837
compas,73,1.0,free,scaled_l2,native_exact_sparse,200,1.0,0.7225393444766837
compas,73,1.0,immutable,weighted_l1,metric_projection,200,1.0,0.7225393444766837
compas,73,1.0,immutable,weighted_l1,metric_repair,200,1.0,0.7225393444766837
compas,73,1.0,immutable,weighted_l1,fixed_support_exact,200,1.0,0.7225393444766837
compas,73,1.0,immutable,weighted_l1,native_exact_sparse,200,1.0,0.7225393444766837
compas,73,1.0,immutable,scaled_l2,metric_projection,200,1.0,0.7225393444766837
compas,73,1.0,immutable,scaled_l2,metric_repair,200,1.0,0.7225393444766837
compas,73,1.0,immutable,scaled_l2,fixed_support_exact,200,1.0,0.7225393444766837
compas,73,1.0,immutable,scaled_l2,native_exact_sparse,200,1.0,0.7225393444766837
compas,73,1.0,immutable_top3,weighted_l1,metric_projection,200,1.0,0.7225393444766837
compas,73,1.0,immutable_top3,weighted_l1,metric_repair,200,1.0,0.7225393444766837
compas,73,1.0,immutable_top3,weighted_l1,fixed_support_exact,200,1.0,0.7225393444766837
compas,73,1.0,immutable_top3,weighted_l1,native_exact_sparse,200,1.0,0.7225393444766837
compas,73,1.0,immutable_top3,scaled_l2,metric_projection,200,1.0,0.7225393444766837
compas,73,1.0,immutable_top3,scaled_l2,metric_repair,200,1.0,0.7225393444766837
compas,73,1.0,immutable_top3,scaled_l2,fixed_support_exact,200,1.0,0.7225393444766837
compas,73,1.0,immutable_top3,scaled_l2,native_exact_sparse,200,1.0,0.7225393444766837
compas,89,0.0,free,weighted_l1,metric_projection,200,1.0,1.1401441618761876
compas,89,0.0,free,weighted_l1,metric_repair,200,1.0,1.1401441618761876
compas,89,0.0,free,weighted_l1,fixed_support_exact,200,1.0,1.1401441618761876
compas,89,0.0,free,weighted_l1,native_exact_sparse,200,1.0,1.1401441618761876
compas,89,0.0,free,scaled_l2,metric_projection,200,1.0,1.048052707890717
compas,89,0.0,free,scaled_l2,metric_repair,200,1.0,1.048052707890717
compas,89,0.0,free,scaled_l2,fixed_support_exact,200,1.0,1.048052707890717
compas,89,0.0,free,scaled_l2,native_exact_sparse,200,1.0,1.048052707890717
compas,89,0.0,immutable,weighted_l1,metric_projection,200,0.835,1.150791207168753
compas,89,0.0,immutable,weighted_l1,metric_repair,200,0.845,1.2287309824963804
compas,89,0.0,immutable,weighted_l1,fixed_support_exact,200,1.0,1.2242392076701187
compas,89,0.0,immutable,weighted_l1,native_exact_sparse,200,1.0,1.2242392076701187
compas,89,0.0,immutable,scaled_l2,metric_projection,200,0.585,0.9963027347608665
compas,89,0.0,immutable,scaled_l2,metric_repair,200,0.595,1.0994608599628655
compas,89,0.0,immutable,scaled_l2,fixed_support_exact,200,1.0,1.2193442580003713
compas,89,0.0,immutable,scaled_l2,native_exact_sparse,200,1.0,1.2193442580003713
compas,89,0.0,immutable_top3,weighted_l1,metric_projection,200,0.835,1.150791207168753
compas,89,0.0,immutable_top3,weighted_l1,metric_repair,200,0.845,1.2287309824963804
compas,89,0.0,immutable_top3,weighted_l1,fixed_support_exact,200,1.0,1.2242392076701187
compas,89,0.0,immutable_top3,weighted_l1,native_exact_sparse,200,1.0,1.2242392076701187
compas,89,0.0,immutable_top3,scaled_l2,metric_projection,200,0.585,0.9963027347608665
compas,89,0.0,immutable_top3,scaled_l2,metric_repair,200,0.595,1.0994608599628655
compas,89,0.0,immutable_top3,scaled_l2,fixed_support_exact,200,1.0,1.2193442580003713
compas,89,0.0,immutable_top3,scaled_l2,native_exact_sparse,200,1.0,1.2193442580003713
compas,89,1.0,free,weighted_l1,metric_projection,200,1.0,0.8794011667047186
compas,89,1.0,free,weighted_l1,metric_repair,200,1.0,0.8794011667047186
compas,89,1.0,free,weighted_l1,fixed_support_exact,200,1.0,0.8794011667047186
compas,89,1.0,free,weighted_l1,native_exact_sparse,200,1.0,0.8794011667047186
compas,89,1.0,free,scaled_l2,metric_projection,200,1.0,0.7867811796156593
compas,89,1.0,free,scaled_l2,metric_repair,200,1.0,0.7867811796156593
compas,89,1.0,free,scaled_l2,fixed_support_exact,200,1.0,0.7867811796156593
compas,89,1.0,free,scaled_l2,native_exact_sparse,200,1.0,0.7867811796156593
compas,89,1.0,immutable,weighted_l1,metric_projection,200,0.6,0.7913037096836036
compas,89,1.0,immutable,weighted_l1,metric_repair,200,0.6,0.7913037096836036
compas,89,1.0,immutable,weighted_l1,fixed_support_exact,200,1.0,1.0066784656280576
compas,89,1.0,immutable,weighted_l1,native_exact_sparse,200,1.0,1.0066784656280576
compas,89,1.0,immutable,scaled_l2,metric_projection,200,0.53,0.7296701383433036
compas,89,1.0,immutable,scaled_l2,metric_repair,200,0.53,0.7296701383433036
compas,89,1.0,immutable,scaled_l2,fixed_support_exact,200,1.0,1.0066784656280576
compas,89,1.0,immutable,scaled_l2,native_exact_sparse,200,1.0,1.0066784656280576
compas,89,1.0,immutable_top3,weighted_l1,metric_projection,200,0.6,0.7913037096836036
compas,89,1.0,immutable_top3,weighted_l1,metric_repair,200,0.6,0.7913037096836036
compas,89,1.0,immutable_top3,weighted_l1,fixed_support_exact,200,1.0,1.0066784656280576
compas,89,1.0,immutable_top3,weighted_l1,native_exact_sparse,200,1.0,1.0066784656280576
compas,89,1.0,immutable_top3,scaled_l2,metric_projection,200,0.53,0.7296701383433036
compas,89,1.0,immutable_top3,scaled_l2,metric_repair,200,0.53,0.7296701383433036
compas,89,1.0,immutable_top3,scaled_l2,fixed_support_exact,200,1.0,1.0066784656280576
compas,89,1.0,immutable_top3,scaled_l2,native_exact_sparse,200,1.0,1.0066784656280576
synthetic_overlap,7,0.0,free,weighted_l1,metric_projection,179,1.0,0.5117639101244208
synthetic_overlap,7,0.0,free,weighted_l1,metric_repair,179,1.0,0.5117639101244208
synthetic_overlap,7,0.0,free,weighted_l1,fixed_support_exact,179,1.0,0.5117639101244208
synthetic_overlap,7,0.0,free,weighted_l1,native_exact_sparse,179,1.0,0.5117639101244208
synthetic_overlap,7,0.0,free,scaled_l2,metric_projection,179,1.0,0.4618253828254315
synthetic_overlap,7,0.0,free,scaled_l2,metric_repair,179,1.0,0.4618253828254315
synthetic_overlap,7,0.0,free,scaled_l2,fixed_support_exact,179,1.0,0.4618253828254315
synthetic_overlap,7,0.0,free,scaled_l2,native_exact_sparse,179,1.0,0.4618253828254315
synthetic_overlap,7,0.0,immutable,weighted_l1,metric_projection,179,0.7150837988826816,0.5380581177094419
synthetic_overlap,7,0.0,immutable,weighted_l1,metric_repair,179,0.8659217877094972,1.4818663621777914
synthetic_overlap,7,0.0,immutable,weighted_l1,fixed_support_exact,179,1.0,0.6322737511435611
synthetic_overlap,7,0.0,immutable,weighted_l1,native_exact_sparse,179,1.0,0.6322737511435611
synthetic_overlap,7,0.0,immutable,scaled_l2,metric_projection,179,0.6815642458100558,0.4845701565633561
synthetic_overlap,7,0.0,immutable,scaled_l2,metric_repair,179,0.8547486033519553,0.8182059781233825
synthetic_overlap,7,0.0,immutable,scaled_l2,fixed_support_exact,179,1.0,0.5818232408222934
synthetic_overlap,7,0.0,immutable,scaled_l2,native_exact_sparse,179,1.0,0.5818232408222934
synthetic_overlap,7,0.0,immutable_top3,weighted_l1,metric_projection,179,0.18994413407821228,0.689831155604554
synthetic_overlap,7,0.0,immutable_top3,weighted_l1,metric_repair,179,0.4301675977653631,1.9998861385930378
synthetic_overlap,7,0.0,immutable_top3,weighted_l1,fixed_support_exact,179,0.664804469273743,1.340556690784702
synthetic_overlap,7,0.0,immutable_top3,weighted_l1,native_exact_sparse,179,1.0,0.6322737511435611
synthetic_overlap,7,0.0,immutable_top3,scaled_l2,metric_projection,179,0.16759776536312848,0.6248828370523821
synthetic_overlap,7,0.0,immutable_top3,scaled_l2,metric_repair,179,0.4301675977653631,1.3573547193074813
synthetic_overlap,7,0.0,immutable_top3,scaled_l2,fixed_support_exact,179,0.664804469273743,1.2463596058764599
synthetic_overlap,7,0.0,immutable_top3,scaled_l2,native_exact_sparse,179,1.0,0.5818232408222934
synthetic_overlap,7,1.0,free,weighted_l1,metric_projection,190,1.0,0.5435357134070768
synthetic_overlap,7,1.0,free,weighted_l1,metric_repair,190,1.0,0.5435357134070768
synthetic_overlap,7,1.0,free,weighted_l1,fixed_support_exact,190,1.0,0.5435357134070768
synthetic_overlap,7,1.0,free,weighted_l1,native_exact_sparse,190,1.0,0.5435357134070768
synthetic_overlap,7,1.0,free,scaled_l2,metric_projection,190,1.0,0.49356293068417156
synthetic_overlap,7,1.0,free,scaled_l2,metric_repair,190,1.0,0.49356293068417156
synthetic_overlap,7,1.0,free,scaled_l2,fixed_support_exact,190,1.0,0.49356293068417156
synthetic_overlap,7,1.0,free,scaled_l2,native_exact_sparse,190,1.0,0.49356293068417156
synthetic_overlap,7,1.0,immutable,weighted_l1,metric_projection,190,0.8210526315789474,0.5680795704228634
synthetic_overlap,7,1.0,immutable,weighted_l1,metric_repair,190,0.868421052631579,0.8845024171401664
synthetic_overlap,7,1.0,immutable,weighted_l1,fixed_support_exact,190,1.0,0.6132473062089947
synthetic_overlap,7,1.0,immutable,weighted_l1,native_exact_sparse,190,1.0,0.6132473062089947
synthetic_overlap,7,1.0,immutable,scaled_l2,metric_projection,190,0.8263157894736842,0.5228665458516063
synthetic_overlap,7,1.0,immutable,scaled_l2,metric_repair,190,0.868421052631579,0.6125902880649567
synthetic_overlap,7,1.0,immutable,scaled_l2,fixed_support_exact,190,1.0,0.5625738712241182
synthetic_overlap,7,1.0,immutable,scaled_l2,native_exact_sparse,190,1.0,0.5625738712241182
synthetic_overlap,7,1.0,immutable_top3,weighted_l1,metric_projection,190,0.14736842105263157,0.7257752174976256
synthetic_overlap,7,1.0,immutable_top3,weighted_l1,metric_repair,190,0.3368421052631579,2.304427977137613
synthetic_overlap,7,1.0,immutable_top3,weighted_l1,fixed_support_exact,190,0.6789473684210526,1.517164731251942
synthetic_overlap,7,1.0,immutable_top3,weighted_l1,native_exact_sparse,190,1.0,0.6132473062089947
synthetic_overlap,7,1.0,immutable_top3,scaled_l2,metric_projection,190,0.1368421052631579,0.6700703266105703
synthetic_overlap,7,1.0,immutable_top3,scaled_l2,metric_repair,190,0.3368421052631579,1.5473415229552194
synthetic_overlap,7,1.0,immutable_top3,scaled_l2,fixed_support_exact,190,0.6789473684210526,1.4579088199942496
synthetic_overlap,7,1.0,immutable_top3,scaled_l2,native_exact_sparse,190,1.0,0.5625738712241182
synthetic_overlap,13,0.0,free,weighted_l1,metric_projection,200,1.0,0.48643131973297843
synthetic_overlap,13,0.0,free,weighted_l1,metric_repair,200,1.0,0.48643131973297843
synthetic_overlap,13,0.0,free,weighted_l1,fixed_support_exact,200,1.0,0.48643131973297843
synthetic_overlap,13,0.0,free,weighted_l1,native_exact_sparse,200,1.0,0.48643131973297843
synthetic_overlap,13,0.0,free,scaled_l2,metric_projection,200,1.0,0.4446900148486607
synthetic_overlap,13,0.0,free,scaled_l2,metric_repair,200,1.0,0.4446900148486607
synthetic_overlap,13,0.0,free,scaled_l2,fixed_support_exact,200,1.0,0.4446900148486607
synthetic_overlap,13,0.0,free,scaled_l2,native_exact_sparse,200,1.0,0.4446900148486607
synthetic_overlap,13,0.0,immutable,weighted_l1,metric_projection,200,0.57,0.4524561225054847
synthetic_overlap,13,0.0,immutable,weighted_l1,metric_repair,200,0.725,1.7503918544465773
synthetic_overlap,13,0.0,immutable,weighted_l1,fixed_support_exact,200,1.0,0.7632309282988601
synthetic_overlap,13,0.0,immutable,weighted_l1,native_exact_sparse,200,1.0,0.7632309282988601
synthetic_overlap,13,0.0,immutable,scaled_l2,metric_projection,200,0.55,0.41284411141963007
synthetic_overlap,13,0.0,immutable,scaled_l2,metric_repair,200,0.73,0.904278720235665
synthetic_overlap,13,0.0,immutable,scaled_l2,fixed_support_exact,200,1.0,0.6730268642223877
synthetic_overlap,13,0.0,immutable,scaled_l2,native_exact_sparse,200,1.0,0.6730268642223877
synthetic_overlap,13,0.0,immutable_top3,weighted_l1,metric_projection,200,0.19,0.44138816238928974
synthetic_overlap,13,0.0,immutable_top3,weighted_l1,metric_repair,200,0.305,1.4044399877060498
synthetic_overlap,13,0.0,immutable_top3,weighted_l1,fixed_support_exact,200,0.54,1.2243370014367276
synthetic_overlap,13,0.0,immutable_top3,weighted_l1,native_exact_sparse,200,1.0,0.7639099103363961
synthetic_overlap,13,0.0,immutable_top3,scaled_l2,metric_projection,200,0.17,0.38978124943886117
synthetic_overlap,13,0.0,immutable_top3,scaled_l2,metric_repair,200,0.3,1.0163833931145445
synthetic_overlap,13,0.0,immutable_top3,scaled_l2,fixed_support_exact,200,0.54,1.1746926922586114
synthetic_overlap,13,0.0,immutable_top3,scaled_l2,native_exact_sparse,200,1.0,0.6768801245658734
synthetic_overlap,13,1.0,free,weighted_l1,metric_projection,200,1.0,0.5485048808011525
synthetic_overlap,13,1.0,free,weighted_l1,metric_repair,200,1.0,0.5485048808011525
synthetic_overlap,13,1.0,free,weighted_l1,fixed_support_exact,200,1.0,0.5485048808011525
synthetic_overlap,13,1.0,free,weighted_l1,native_exact_sparse,200,1.0,0.5485048808011525
synthetic_overlap,13,1.0,free,scaled_l2,metric_projection,200,1.0,0.4997935647519431
synthetic_overlap,13,1.0,free,scaled_l2,metric_repair,200,1.0,0.4997935647519431
synthetic_overlap,13,1.0,free,scaled_l2,fixed_support_exact,200,1.0,0.4997935647519431
synthetic_overlap,13,1.0,free,scaled_l2,native_exact_sparse,200,1.0,0.4997935647519431
synthetic_overlap,13,1.0,immutable,weighted_l1,metric_projection,200,0.67,0.49507143048383423
synthetic_overlap,13,1.0,immutable,weighted_l1,metric_repair,200,0.755,1.1605353929820252
synthetic_overlap,13,1.0,immutable,weighted_l1,fixed_support_exact,200,1.0,0.7490757224122734
synthetic_overlap,13,1.0,immutable,weighted_l1,native_exact_sparse,200,1.0,0.7490757224122734
synthetic_overlap,13,1.0,immutable,scaled_l2,metric_projection,200,0.655,0.4687025393062832
synthetic_overlap,13,1.0,immutable,scaled_l2,metric_repair,200,0.76,0.7191575629682654
synthetic_overlap,13,1.0,immutable,scaled_l2,fixed_support_exact,200,1.0,0.6751873830705759
synthetic_overlap,13,1.0,immutable,scaled_l2,native_exact_sparse,200,1.0,0.6751873830705759
synthetic_overlap,13,1.0,immutable_top3,weighted_l1,metric_projection,200,0.23,0.6229460001974575
synthetic_overlap,13,1.0,immutable_top3,weighted_l1,metric_repair,200,0.38,1.5853719802718602
synthetic_overlap,13,1.0,immutable_top3,weighted_l1,fixed_support_exact,200,0.595,1.1745899706813183
synthetic_overlap,13,1.0,immutable_top3,weighted_l1,native_exact_sparse,200,1.0,0.7490757224122734
synthetic_overlap,13,1.0,immutable_top3,scaled_l2,metric_projection,200,0.205,0.5890189263999988
synthetic_overlap,13,1.0,immutable_top3,scaled_l2,metric_repair,200,0.375,1.143217876511848
synthetic_overlap,13,1.0,immutable_top3,scaled_l2,fixed_support_exact,200,0.595,1.1261853610440937
synthetic_overlap,13,1.0,immutable_top3,scaled_l2,native_exact_sparse,200,1.0,0.6752843909464198
synthetic_overlap,19,0.0,free,weighted_l1,metric_projection,157,1.0,0.5405185187241118
synthetic_overlap,19,0.0,free,weighted_l1,metric_repair,157,1.0,0.5405185187241118
synthetic_overlap,19,0.0,free,weighted_l1,fixed_support_exact,157,1.0,0.5405185187241118
synthetic_overlap,19,0.0,free,weighted_l1,native_exact_sparse,157,1.0,0.5405185187241118
synthetic_overlap,19,0.0,free,scaled_l2,metric_projection,157,1.0,0.46490861046519477
synthetic_overlap,19,0.0,free,scaled_l2,metric_repair,157,1.0,0.46490861046519477
synthetic_overlap,19,0.0,free,scaled_l2,fixed_support_exact,157,1.0,0.46490861046519477
synthetic_overlap,19,0.0,free,scaled_l2,native_exact_sparse,157,1.0,0.46490861046519477
synthetic_overlap,19,0.0,immutable,weighted_l1,metric_projection,157,0.9363057324840764,0.5186549320332845
synthetic_overlap,19,0.0,immutable,weighted_l1,metric_repair,157,0.9554140127388535,0.6046200546329498
synthetic_overlap,19,0.0,immutable,weighted_l1,fixed_support_exact,157,1.0,0.5700753977438022
synthetic_overlap,19,0.0,immutable,weighted_l1,native_exact_sparse,157,1.0,0.5700753977438022
synthetic_overlap,19,0.0,immutable,scaled_l2,metric_projection,157,0.9171974522292994,0.4146244294782481
synthetic_overlap,19,0.0,immutable,scaled_l2,metric_repair,157,0.9617834394904459,0.5138304679739434
synthetic_overlap,19,0.0,immutable,scaled_l2,fixed_support_exact,157,1.0,0.4870953856981964
synthetic_overlap,19,0.0,immutable,scaled_l2,native_exact_sparse,157,1.0,0.4870953856981964
synthetic_overlap,19,0.0,immutable_top3,weighted_l1,metric_projection,157,0.21656050955414013,0.435438327921226
synthetic_overlap,19,0.0,immutable_top3,weighted_l1,metric_repair,157,0.5031847133757962,1.581679374959697
synthetic_overlap,19,0.0,immutable_top3,weighted_l1,fixed_support_exact,157,0.6942675159235668,1.1758347035717103
synthetic_overlap,19,0.0,immutable_top3,weighted_l1,native_exact_sparse,157,1.0,0.5700753977438022
synthetic_overlap,19,0.0,immutable_top3,scaled_l2,metric_projection,157,0.1910828025477707,0.28124640218490377
synthetic_overlap,19,0.0,immutable_top3,scaled_l2,metric_repair,157,0.49044585987261147,0.9979025499353334
synthetic_overlap,19,0.0,immutable_top3,scaled_l2,fixed_support_exact,157,0.6942675159235668,1.037346141302905
synthetic_overlap,19,0.0,immutable_top3,scaled_l2,native_exact_sparse,157,1.0,0.4870953856981964
synthetic_overlap,19,1.0,free,weighted_l1,metric_projection,158,1.0,0.5555813004752076
synthetic_overlap,19,1.0,free,weighted_l1,metric_repair,158,1.0,0.5555813004752076
synthetic_overlap,19,1.0,free,weighted_l1,fixed_support_exact,158,1.0,0.5555813004752076
synthetic_overlap,19,1.0,free,weighted_l1,native_exact_sparse,158,1.0,0.5555813004752076
synthetic_overlap,19,1.0,free,scaled_l2,metric_projection,158,1.0,0.4790530020046801
synthetic_overlap,19,1.0,free,scaled_l2,metric_repair,158,1.0,0.4790530020046801
synthetic_overlap,19,1.0,free,scaled_l2,fixed_support_exact,158,1.0,0.4790530020046801
synthetic_overlap,19,1.0,free,scaled_l2,native_exact_sparse,158,1.0,0.4790530020046801
synthetic_overlap,19,1.0,immutable,weighted_l1,metric_projection,158,0.9493670886075949,0.5429911843040228
synthetic_overlap,19,1.0,immutable,weighted_l1,metric_repair,158,0.9683544303797469,0.6680450836892463
synthetic_overlap,19,1.0,immutable,weighted_l1,fixed_support_exact,158,1.0,0.5746803318250602
synthetic_overlap,19,1.0,immutable,weighted_l1,native_exact_sparse,158,1.0,0.5746803318250602
synthetic_overlap,19,1.0,immutable,scaled_l2,metric_projection,158,0.9367088607594937,0.4486564714920948
synthetic_overlap,19,1.0,immutable,scaled_l2,metric_repair,158,0.9556962025316456,0.48732252977897766
synthetic_overlap,19,1.0,immutable,scaled_l2,fixed_support_exact,158,1.0,0.49723676346657353
synthetic_overlap,19,1.0,immutable,scaled_l2,native_exact_sparse,158,1.0,0.49723676346657353
synthetic_overlap,19,1.0,immutable_top3,weighted_l1,metric_projection,158,0.21518987341772153,0.529327724996987
synthetic_overlap,19,1.0,immutable_top3,weighted_l1,metric_repair,158,0.4873417721518987,1.534793079485369
synthetic_overlap,19,1.0,immutable_top3,weighted_l1,fixed_support_exact,158,0.6075949367088608,1.0619069661059635
synthetic_overlap,19,1.0,immutable_top3,weighted_l1,native_exact_sparse,158,1.0,0.5746803318250602
synthetic_overlap,19,1.0,immutable_top3,scaled_l2,metric_projection,158,0.189873417721519,0.3938714658049375
synthetic_overlap,19,1.0,immutable_top3,scaled_l2,metric_repair,158,0.46835443037974683,0.9806891580556604
synthetic_overlap,19,1.0,immutable_top3,scaled_l2,fixed_support_exact,158,0.6075949367088608,0.9801281927623048
synthetic_overlap,19,1.0,immutable_top3,scaled_l2,native_exact_sparse,158,1.0,0.49723676346657353
synthetic_overlap,29,0.0,free,weighted_l1,metric_projection,200,1.0,0.40754458914228664
synthetic_overlap,29,0.0,free,weighted_l1,metric_repair,200,1.0,0.40754458914228664
synthetic_overlap,29,0.0,free,weighted_l1,fixed_support_exact,200,1.0,0.40754458914228664
synthetic_overlap,29,0.0,free,weighted_l1,native_exact_sparse,200,1.0,0.40754458914228664
synthetic_overlap,29,0.0,free,scaled_l2,metric_projection,200,1.0,0.37223714607339986
synthetic_overlap,29,0.0,free,scaled_l2,metric_repair,200,1.0,0.37223714607339986
synthetic_overlap,29,0.0,free,scaled_l2,fixed_support_exact,200,1.0,0.37223714607339986
synthetic_overlap,29,0.0,free,scaled_l2,native_exact_sparse,200,1.0,0.37223714607339986
synthetic_overlap,29,0.0,immutable,weighted_l1,metric_projection,200,0.56,0.39147448932496315
synthetic_overlap,29,0.0,immutable,weighted_l1,metric_repair,200,0.755,1.73876480027667
synthetic_overlap,29,0.0,immutable,weighted_l1,fixed_support_exact,200,1.0,0.5960566699517972
synthetic_overlap,29,0.0,immutable,weighted_l1,native_exact_sparse,200,1.0,0.5960566699517972
synthetic_overlap,29,0.0,immutable,scaled_l2,metric_projection,200,0.535,0.35588462721013464
synthetic_overlap,29,0.0,immutable,scaled_l2,metric_repair,200,0.745,0.8362818964822918
synthetic_overlap,29,0.0,immutable,scaled_l2,fixed_support_exact,200,1.0,0.5642971516002212
synthetic_overlap,29,0.0,immutable,scaled_l2,native_exact_sparse,200,1.0,0.5642971516002212
synthetic_overlap,29,0.0,immutable_top3,weighted_l1,metric_projection,200,0.12,0.3598849815818254
synthetic_overlap,29,0.0,immutable_top3,weighted_l1,metric_repair,200,0.35,1.9631145643219872
synthetic_overlap,29,0.0,immutable_top3,weighted_l1,fixed_support_exact,200,0.595,1.2090081210828707
synthetic_overlap,29,0.0,immutable_top3,weighted_l1,native_exact_sparse,200,1.0,0.5960566699517972
synthetic_overlap,29,0.0,immutable_top3,scaled_l2,metric_projection,200,0.12,0.3598849815818254
synthetic_overlap,29,0.0,immutable_top3,scaled_l2,metric_repair,200,0.35,1.2626381780904832
synthetic_overlap,29,0.0,immutable_top3,scaled_l2,fixed_support_exact,200,0.595,1.1777580989295249
synthetic_overlap,29,0.0,immutable_top3,scaled_l2,native_exact_sparse,200,1.0,0.5642971516002212
synthetic_overlap,29,1.0,free,weighted_l1,metric_projection,124,1.0,0.29133064240521367
synthetic_overlap,29,1.0,free,weighted_l1,metric_repair,124,1.0,0.29133064240521367
synthetic_overlap,29,1.0,free,weighted_l1,fixed_support_exact,124,1.0,0.29133064240521367
synthetic_overlap,29,1.0,free,weighted_l1,native_exact_sparse,124,1.0,0.29133064240521367
synthetic_overlap,29,1.0,free,scaled_l2,metric_projection,124,1.0,0.2813000474447163
synthetic_overlap,29,1.0,free,scaled_l2,metric_repair,124,1.0,0.2813000474447163
synthetic_overlap,29,1.0,free,scaled_l2,fixed_support_exact,124,1.0,0.2813000474447163
synthetic_overlap,29,1.0,free,scaled_l2,native_exact_sparse,124,1.0,0.2813000474447163
synthetic_overlap,29,1.0,immutable,weighted_l1,metric_projection,124,0.5483870967741935,0.26266166507251976
synthetic_overlap,29,1.0,immutable,weighted_l1,metric_repair,124,0.7096774193548387,1.7722048427738237
synthetic_overlap,29,1.0,immutable,weighted_l1,fixed_support_exact,124,1.0,0.4847799941335801
synthetic_overlap,29,1.0,immutable,weighted_l1,native_exact_sparse,124,1.0,0.4847799941335801
synthetic_overlap,29,1.0,immutable,scaled_l2,metric_projection,124,0.5483870967741935,0.25953146517765807
synthetic_overlap,29,1.0,immutable,scaled_l2,metric_repair,124,0.7096774193548387,0.7915907792344431
synthetic_overlap,29,1.0,immutable,scaled_l2,fixed_support_exact,124,1.0,0.4695712638572542
synthetic_overlap,29,1.0,immutable,scaled_l2,native_exact_sparse,124,1.0,0.4695712638572542
synthetic_overlap,29,1.0,immutable_top3,weighted_l1,metric_projection,124,0.13709677419354838,0.4045898854255483
synthetic_overlap,29,1.0,immutable_top3,weighted_l1,metric_repair,124,0.31451612903225806,2.0413841492552356
synthetic_overlap,29,1.0,immutable_top3,weighted_l1,fixed_support_exact,124,0.5,1.0164811910307388
synthetic_overlap,29,1.0,immutable_top3,weighted_l1,native_exact_sparse,124,1.0,0.4847799941335801
synthetic_overlap,29,1.0,immutable_top3,scaled_l2,metric_projection,124,0.13709677419354838,0.40350527761050986
synthetic_overlap,29,1.0,immutable_top3,scaled_l2,metric_repair,124,0.31451612903225806,1.3286502032197367
synthetic_overlap,29,1.0,immutable_top3,scaled_l2,fixed_support_exact,124,0.5,0.9898976759303681
synthetic_overlap,29,1.0,immutable_top3,scaled_l2,native_exact_sparse,124,1.0,0.4695712638572542
synthetic_overlap,37,0.0,free,weighted_l1,metric_projection,169,1.0,0.6727023386986787
synthetic_overlap,37,0.0,free,weighted_l1,metric_repair,169,1.0,0.6727023386986787
synthetic_overlap,37,0.0,free,weighted_l1,fixed_support_exact,169,1.0,0.6727023386986787
synthetic_overlap,37,0.0,free,weighted_l1,native_exact_sparse,169,1.0,0.6727023386986787
synthetic_overlap,37,0.0,free,scaled_l2,metric_projection,169,1.0,0.5901977643039771
synthetic_overlap,37,0.0,free,scaled_l2,metric_repair,169,1.0,0.5901977643039771
synthetic_overlap,37,0.0,free,scaled_l2,fixed_support_exact,169,1.0,0.5901977643039771
synthetic_overlap,37,0.0,free,scaled_l2,native_exact_sparse,169,1.0,0.5901977643039771
synthetic_overlap,37,0.0,immutable,weighted_l1,metric_projection,169,0.4378698224852071,0.5250304895807485
synthetic_overlap,37,0.0,immutable,weighted_l1,metric_repair,169,0.5857988165680473,2.0464702037165368
synthetic_overlap,37,0.0,immutable,weighted_l1,fixed_support_exact,169,1.0,1.1523770537069362
synthetic_overlap,37,0.0,immutable,weighted_l1,native_exact_sparse,169,1.0,1.1523770537069362
synthetic_overlap,37,0.0,immutable,scaled_l2,metric_projection,169,0.3905325443786982,0.4466653014178131
synthetic_overlap,37,0.0,immutable,scaled_l2,metric_repair,169,0.5798816568047337,1.1259289691013636
synthetic_overlap,37,0.0,immutable,scaled_l2,fixed_support_exact,169,1.0,1.0386648200877047
synthetic_overlap,37,0.0,immutable,scaled_l2,native_exact_sparse,169,1.0,1.0386648200877047
synthetic_overlap,37,0.0,immutable_top3,weighted_l1,metric_projection,169,0.10650887573964497,0.5895053456544447
synthetic_overlap,37,0.0,immutable_top3,weighted_l1,metric_repair,169,0.2603550295857988,1.9705674730694214
synthetic_overlap,37,0.0,immutable_top3,weighted_l1,fixed_support_exact,169,0.46153846153846156,1.4599257630495306
synthetic_overlap,37,0.0,immutable_top3,weighted_l1,native_exact_sparse,169,1.0,1.1523770537069362
synthetic_overlap,37,0.0,immutable_top3,scaled_l2,metric_projection,169,0.08284023668639054,0.5131041186423839
synthetic_overlap,37,0.0,immutable_top3,scaled_l2,metric_repair,169,0.2603550295857988,1.3529764842946213
synthetic_overlap,37,0.0,immutable_top3,scaled_l2,fixed_support_exact,169,0.46153846153846156,1.3896339772311963
synthetic_overlap,37,0.0,immutable_top3,scaled_l2,native_exact_sparse,169,1.0,1.0386648200877047
synthetic_overlap,37,1.0,free,weighted_l1,metric_projection,200,1.0,0.7021399111277781
synthetic_overlap,37,1.0,free,weighted_l1,metric_repair,200,1.0,0.7021399111277781
synthetic_overlap,37,1.0,free,weighted_l1,fixed_support_exact,200,1.0,0.7021399111277781
synthetic_overlap,37,1.0,free,weighted_l1,native_exact_sparse,200,1.0,0.7021399111277781
synthetic_overlap,37,1.0,free,scaled_l2,metric_projection,200,1.0,0.5935600727076947
synthetic_overlap,37,1.0,free,scaled_l2,metric_repair,200,1.0,0.5935600727076947
synthetic_overlap,37,1.0,free,scaled_l2,fixed_support_exact,200,1.0,0.5935600727076947
synthetic_overlap,37,1.0,free,scaled_l2,native_exact_sparse,200,1.0,0.5935600727076947
synthetic_overlap,37,1.0,immutable,weighted_l1,metric_projection,200,0.445,0.5406762282911207
synthetic_overlap,37,1.0,immutable,weighted_l1,metric_repair,200,0.555,1.942727990927513
synthetic_overlap,37,1.0,immutable,weighted_l1,fixed_support_exact,200,1.0,1.0583369245783791
synthetic_overlap,37,1.0,immutable,weighted_l1,native_exact_sparse,200,1.0,1.0583369245783791
synthetic_overlap,37,1.0,immutable,scaled_l2,metric_projection,200,0.415,0.46181789660009526
synthetic_overlap,37,1.0,immutable,scaled_l2,metric_repair,200,0.545,0.9884536458387594
synthetic_overlap,37,1.0,immutable,scaled_l2,fixed_support_exact,200,1.0,0.9620523349837259
synthetic_overlap,37,1.0,immutable,scaled_l2,native_exact_sparse,200,1.0,0.9620523349837259
synthetic_overlap,37,1.0,immutable_top3,weighted_l1,metric_projection,200,0.15,0.46861010368843864
synthetic_overlap,37,1.0,immutable_top3,weighted_l1,metric_repair,200,0.29,1.7108799999715627
synthetic_overlap,37,1.0,immutable_top3,weighted_l1,fixed_support_exact,200,0.425,1.1276822227917693
synthetic_overlap,37,1.0,immutable_top3,weighted_l1,native_exact_sparse,200,1.0,1.0583369245783791
synthetic_overlap,37,1.0,immutable_top3,scaled_l2,metric_projection,200,0.135,0.42272699454521423
synthetic_overlap,37,1.0,immutable_top3,scaled_l2,metric_repair,200,0.29,1.1506894874565776
synthetic_overlap,37,1.0,immutable_top3,scaled_l2,fixed_support_exact,200,0.425,1.0811582383801974
synthetic_overlap,37,1.0,immutable_top3,scaled_l2,native_exact_sparse,200,1.0,0.9620523349837259
synthetic_overlap,41,0.0,free,weighted_l1,metric_projection,146,1.0,0.4381426286914525
synthetic_overlap,41,0.0,free,weighted_l1,metric_repair,146,1.0,0.4381426286914525
synthetic_overlap,41,0.0,free,weighted_l1,fixed_support_exact,146,1.0,0.4381426286914525
synthetic_overlap,41,0.0,free,weighted_l1,native_exact_sparse,146,1.0,0.4381426286914525
synthetic_overlap,41,0.0,free,scaled_l2,metric_projection,146,1.0,0.4055687599595942
synthetic_overlap,41,0.0,free,scaled_l2,metric_repair,146,1.0,0.4055687599595942
synthetic_overlap,41,0.0,free,scaled_l2,fixed_support_exact,146,1.0,0.4055687599595942
synthetic_overlap,41,0.0,free,scaled_l2,native_exact_sparse,146,1.0,0.4055687599595942
synthetic_overlap,41,0.0,immutable,weighted_l1,metric_projection,146,0.6917808219178082,0.3797350268875729
synthetic_overlap,41,0.0,immutable,weighted_l1,metric_repair,146,0.8904109589041096,1.710452232911512
synthetic_overlap,41,0.0,immutable,weighted_l1,fixed_support_exact,146,1.0,0.57721865865918
synthetic_overlap,41,0.0,immutable,weighted_l1,native_exact_sparse,146,1.0,0.57721865865918
synthetic_overlap,41,0.0,immutable,scaled_l2,metric_projection,146,0.6506849315068494,0.33834057827897246
synthetic_overlap,41,0.0,immutable,scaled_l2,metric_repair,146,0.8904109589041096,0.8374913425841662
synthetic_overlap,41,0.0,immutable,scaled_l2,fixed_support_exact,146,1.0,0.5426585575588283
synthetic_overlap,41,0.0,immutable,scaled_l2,native_exact_sparse,146,1.0,0.5426585575588283
synthetic_overlap,41,0.0,immutable_top3,weighted_l1,metric_projection,146,0.2602739726027397,0.4801221892460605
synthetic_overlap,41,0.0,immutable_top3,weighted_l1,metric_repair,146,0.5342465753424658,1.5065974746091
synthetic_overlap,41,0.0,immutable_top3,weighted_l1,fixed_support_exact,146,0.726027397260274,0.9229934190333821
synthetic_overlap,41,0.0,immutable_top3,weighted_l1,native_exact_sparse,146,1.0,0.57721865865918
synthetic_overlap,41,0.0,immutable_top3,scaled_l2,metric_projection,146,0.21232876712328766,0.40508866681327227
synthetic_overlap,41,0.0,immutable_top3,scaled_l2,metric_repair,146,0.5273972602739726,1.0427478615770183
synthetic_overlap,41,0.0,immutable_top3,scaled_l2,fixed_support_exact,146,0.726027397260274,0.9120970790333917
synthetic_overlap,41,0.0,immutable_top3,scaled_l2,native_exact_sparse,146,1.0,0.5426585575588283
synthetic_overlap,41,1.0,free,weighted_l1,metric_projection,120,1.0,0.3375355726362775
synthetic_overlap,41,1.0,free,weighted_l1,metric_repair,120,1.0,0.3375355726362775
synthetic_overlap,41,1.0,free,weighted_l1,fixed_support_exact,120,1.0,0.3375355726362775
synthetic_overlap,41,1.0,free,weighted_l1,native_exact_sparse,120,1.0,0.3375355726362775
synthetic_overlap,41,1.0,free,scaled_l2,metric_projection,120,1.0,0.3222635124057814
synthetic_overlap,41,1.0,free,scaled_l2,metric_repair,120,1.0,0.3222635124057814
synthetic_overlap,41,1.0,free,scaled_l2,fixed_support_exact,120,1.0,0.3222635124057814
synthetic_overlap,41,1.0,free,scaled_l2,native_exact_sparse,120,1.0,0.3222635124057814
synthetic_overlap,41,1.0,immutable,weighted_l1,metric_projection,120,0.6333333333333333,0.3022942323000849
synthetic_overlap,41,1.0,immutable,weighted_l1,metric_repair,120,0.8333333333333334,1.4605900418669995
synthetic_overlap,41,1.0,immutable,weighted_l1,fixed_support_exact,120,1.0,0.5454309139240127
synthetic_overlap,41,1.0,immutable,weighted_l1,native_exact_sparse,120,1.0,0.5454309139240127
synthetic_overlap,41,1.0,immutable,scaled_l2,metric_projection,120,0.625,0.2725261615862719
synthetic_overlap,41,1.0,immutable,scaled_l2,metric_repair,120,0.8333333333333334,0.6656906220607699
synthetic_overlap,41,1.0,immutable,scaled_l2,fixed_support_exact,120,1.0,0.5070084303729795
synthetic_overlap,41,1.0,immutable,scaled_l2,native_exact_sparse,120,1.0,0.5070084303729795
synthetic_overlap,41,1.0,immutable_top3,weighted_l1,metric_projection,120,0.2,0.3552468110170226
synthetic_overlap,41,1.0,immutable_top3,weighted_l1,metric_repair,120,0.475,1.6002612884566767
synthetic_overlap,41,1.0,immutable_top3,weighted_l1,fixed_support_exact,120,0.6833333333333333,0.9622900458934897
synthetic_overlap,41,1.0,immutable_top3,weighted_l1,native_exact_sparse,120,1.0,0.5454309139240127
synthetic_overlap,41,1.0,immutable_top3,scaled_l2,metric_projection,120,0.2,0.37176720762568777
synthetic_overlap,41,1.0,immutable_top3,scaled_l2,metric_repair,120,0.475,1.0288587582473445
synthetic_overlap,41,1.0,immutable_top3,scaled_l2,fixed_support_exact,120,0.6833333333333333,0.9460401849230039
synthetic_overlap,41,1.0,immutable_top3,scaled_l2,native_exact_sparse,120,1.0,0.5070084303729795
synthetic_overlap,53,0.0,free,weighted_l1,metric_projection,146,1.0,0.4989575716428949
synthetic_overlap,53,0.0,free,weighted_l1,metric_repair,146,1.0,0.4989575716428949
synthetic_overlap,53,0.0,free,weighted_l1,fixed_support_exact,146,1.0,0.4989575716428949
synthetic_overlap,53,0.0,free,weighted_l1,native_exact_sparse,146,1.0,0.4989575716428949
synthetic_overlap,53,0.0,free,scaled_l2,metric_projection,146,1.0,0.4832763698201275
synthetic_overlap,53,0.0,free,scaled_l2,metric_repair,146,1.0,0.4832763698201275
synthetic_overlap,53,0.0,free,scaled_l2,fixed_support_exact,146,1.0,0.4832763698201275
synthetic_overlap,53,0.0,free,scaled_l2,native_exact_sparse,146,1.0,0.4832763698201275
synthetic_overlap,53,0.0,immutable,weighted_l1,metric_projection,146,0.678082191780822,0.4685200142701105
synthetic_overlap,53,0.0,immutable,weighted_l1,metric_repair,146,0.7328767123287672,0.917752413709325
synthetic_overlap,53,0.0,immutable,weighted_l1,fixed_support_exact,146,1.0,0.7177881398202691
synthetic_overlap,53,0.0,immutable,weighted_l1,native_exact_sparse,146,1.0,0.7177881398202691
synthetic_overlap,53,0.0,immutable,scaled_l2,metric_projection,146,0.6506849315068494,0.43070250097533735
synthetic_overlap,53,0.0,immutable,scaled_l2,metric_repair,146,0.726027397260274,0.6606910105946636
synthetic_overlap,53,0.0,immutable,scaled_l2,fixed_support_exact,146,1.0,0.6882296643878275
synthetic_overlap,53,0.0,immutable,scaled_l2,native_exact_sparse,146,1.0,0.6882296643878275
synthetic_overlap,53,0.0,immutable_top3,weighted_l1,metric_projection,146,0.3150684931506849,0.6040870373219617
synthetic_overlap,53,0.0,immutable_top3,weighted_l1,metric_repair,146,0.4657534246575342,1.3369056722351835
synthetic_overlap,53,0.0,immutable_top3,weighted_l1,fixed_support_exact,146,0.6917808219178082,1.0541576308377327
synthetic_overlap,53,0.0,immutable_top3,weighted_l1,native_exact_sparse,146,1.0,0.7177881398202691
synthetic_overlap,53,0.0,immutable_top3,scaled_l2,metric_projection,146,0.2945205479452055,0.5500453672836797
synthetic_overlap,53,0.0,immutable_top3,scaled_l2,metric_repair,146,0.4589041095890411,0.9930237914369954
synthetic_overlap,53,0.0,immutable_top3,scaled_l2,fixed_support_exact,146,0.6917808219178082,1.0541576308377327
synthetic_overlap,53,0.0,immutable_top3,scaled_l2,native_exact_sparse,146,1.0,0.6882296643878275
synthetic_overlap,53,1.0,free,weighted_l1,metric_projection,149,1.0,0.5203847039000257
synthetic_overlap,53,1.0,free,weighted_l1,metric_repair,149,1.0,0.5203847039000257
synthetic_overlap,53,1.0,free,weighted_l1,fixed_support_exact,149,1.0,0.5203847039000257
synthetic_overlap,53,1.0,free,weighted_l1,native_exact_sparse,149,1.0,0.5203847039000257
synthetic_overlap,53,1.0,free,scaled_l2,metric_projection,149,1.0,0.501004905000007
synthetic_overlap,53,1.0,free,scaled_l2,metric_repair,149,1.0,0.501004905000007
synthetic_overlap,53,1.0,free,scaled_l2,fixed_support_exact,149,1.0,0.501004905000007
synthetic_overlap,53,1.0,free,scaled_l2,native_exact_sparse,149,1.0,0.501004905000007
synthetic_overlap,53,1.0,immutable,weighted_l1,metric_projection,149,0.6778523489932886,0.4929087415372521
synthetic_overlap,53,1.0,immutable,weighted_l1,metric_repair,149,0.7114093959731543,0.8389221182804871
synthetic_overlap,53,1.0,immutable,weighted_l1,fixed_support_exact,149,1.0,0.7559768024378967
synthetic_overlap,53,1.0,immutable,weighted_l1,native_exact_sparse,149,1.0,0.7559768024378967
synthetic_overlap,53,1.0,immutable,scaled_l2,metric_projection,149,0.6308724832214765,0.4372640596890427
synthetic_overlap,53,1.0,immutable,scaled_l2,metric_repair,149,0.6778523489932886,0.6030463551117877
synthetic_overlap,53,1.0,immutable,scaled_l2,fixed_support_exact,149,1.0,0.7288092271944361
synthetic_overlap,53,1.0,immutable,scaled_l2,native_exact_sparse,149,1.0,0.7288092271944361
synthetic_overlap,53,1.0,immutable_top3,weighted_l1,metric_projection,149,0.28187919463087246,0.6096355841918331
synthetic_overlap,53,1.0,immutable_top3,weighted_l1,metric_repair,149,0.40268456375838924,1.1793198743854612
synthetic_overlap,53,1.0,immutable_top3,weighted_l1,fixed_support_exact,149,0.6510067114093959,1.098363305305119
synthetic_overlap,53,1.0,immutable_top3,weighted_l1,native_exact_sparse,149,1.0,0.7559768024378967
synthetic_overlap,53,1.0,immutable_top3,scaled_l2,metric_projection,149,0.2684563758389262,0.564137465881556
synthetic_overlap,53,1.0,immutable_top3,scaled_l2,metric_repair,149,0.40268456375838924,0.9062381152745034
synthetic_overlap,53,1.0,immutable_top3,scaled_l2,fixed_support_exact,149,0.6510067114093959,1.098363305305119
synthetic_overlap,53,1.0,immutable_top3,scaled_l2,native_exact_sparse,149,1.0,0.7288092271944361
synthetic_overlap,61,0.0,free,weighted_l1,metric_projection,177,1.0,0.4343139362406113
synthetic_overlap,61,0.0,free,weighted_l1,metric_repair,177,1.0,0.4343139362406113
synthetic_overlap,61,0.0,free,weighted_l1,fixed_support_exact,177,1.0,0.4343139362406113
synthetic_overlap,61,0.0,free,weighted_l1,native_exact_sparse,177,1.0,0.4343139362406113
synthetic_overlap,61,0.0,free,scaled_l2,metric_projection,177,1.0,0.40534931488249965
synthetic_overlap,61,0.0,free,scaled_l2,metric_repair,177,1.0,0.40534931488249965
synthetic_overlap,61,0.0,free,scaled_l2,fixed_support_exact,177,1.0,0.40534931488249965
synthetic_overlap,61,0.0,free,scaled_l2,native_exact_sparse,177,1.0,0.40534931488249965
synthetic_overlap,61,0.0,immutable,weighted_l1,metric_projection,177,0.7062146892655368,0.44265897530602377
synthetic_overlap,61,0.0,immutable,weighted_l1,metric_repair,177,0.7853107344632768,0.8023722830870794
synthetic_overlap,61,0.0,immutable,weighted_l1,fixed_support_exact,177,1.0,0.5552188403228223
synthetic_overlap,61,0.0,immutable,weighted_l1,native_exact_sparse,177,1.0,0.5552188403228223
synthetic_overlap,61,0.0,immutable,scaled_l2,metric_projection,177,0.6779661016949152,0.39886348011106904
synthetic_overlap,61,0.0,immutable,scaled_l2,metric_repair,177,0.768361581920904,0.5299049378157249
synthetic_overlap,61,0.0,immutable,scaled_l2,fixed_support_exact,177,1.0,0.5150296766989595
synthetic_overlap,61,0.0,immutable,scaled_l2,native_exact_sparse,177,1.0,0.5150296766989595
synthetic_overlap,61,0.0,immutable_top3,weighted_l1,metric_projection,177,0.1864406779661017,0.5159402790729007
synthetic_overlap,61,0.0,immutable_top3,weighted_l1,metric_repair,177,0.3559322033898305,1.3830709030843114
synthetic_overlap,61,0.0,immutable_top3,weighted_l1,fixed_support_exact,177,0.5932203389830508,1.0168226882273428
synthetic_overlap,61,0.0,immutable_top3,weighted_l1,native_exact_sparse,177,1.0,0.5552188403228223
synthetic_overlap,61,0.0,immutable_top3,scaled_l2,metric_projection,177,0.1807909604519774,0.4934941371390493
synthetic_overlap,61,0.0,immutable_top3,scaled_l2,metric_repair,177,0.3559322033898305,0.9694798832408471
synthetic_overlap,61,0.0,immutable_top3,scaled_l2,fixed_support_exact,177,0.5932203389830508,0.9836217938856604
synthetic_overlap,61,0.0,immutable_top3,scaled_l2,native_exact_sparse,177,1.0,0.5150296766989595
synthetic_overlap,61,1.0,free,weighted_l1,metric_projection,200,1.0,0.4655742289494038
synthetic_overlap,61,1.0,free,weighted_l1,metric_repair,200,1.0,0.4655742289494038
synthetic_overlap,61,1.0,free,weighted_l1,fixed_support_exact,200,1.0,0.4655742289494038
synthetic_overlap,61,1.0,free,weighted_l1,native_exact_sparse,200,1.0,0.4655742289494038
synthetic_overlap,61,1.0,free,scaled_l2,metric_projection,200,1.0,0.43444216626261
synthetic_overlap,61,1.0,free,scaled_l2,metric_repair,200,1.0,0.43444216626261
synthetic_overlap,61,1.0,free,scaled_l2,fixed_support_exact,200,1.0,0.43444216626261
synthetic_overlap,61,1.0,free,scaled_l2,native_exact_sparse,200,1.0,0.43444216626261
synthetic_overlap,61,1.0,immutable,weighted_l1,metric_projection,200,0.805,0.48606160729310716
synthetic_overlap,61,1.0,immutable,weighted_l1,metric_repair,200,0.845,0.6898569041363111
synthetic_overlap,61,1.0,immutable,weighted_l1,fixed_support_exact,200,1.0,0.5625704943561955
synthetic_overlap,61,1.0,immutable,weighted_l1,native_exact_sparse,200,1.0,0.5625704943561955
synthetic_overlap,61,1.0,immutable,scaled_l2,metric_projection,200,0.815,0.45796695310470154
synthetic_overlap,61,1.0,immutable,scaled_l2,metric_repair,200,0.85,0.5095884502463489
synthetic_overlap,61,1.0,immutable,scaled_l2,fixed_support_exact,200,1.0,0.5221630271576478
synthetic_overlap,61,1.0,immutable,scaled_l2,native_exact_sparse,200,1.0,0.5221630271576478
synthetic_overlap,61,1.0,immutable_top3,weighted_l1,metric_projection,200,0.25,0.5279129595988374
synthetic_overlap,61,1.0,immutable_top3,weighted_l1,metric_repair,200,0.4,1.3674285007658096
synthetic_overlap,61,1.0,immutable_top3,weighted_l1,fixed_support_exact,200,0.57,0.9228858335808647
synthetic_overlap,61,1.0,immutable_top3,weighted_l1,native_exact_sparse,200,1.0,0.5625704943561955
synthetic_overlap,61,1.0,immutable_top3,scaled_l2,metric_projection,200,0.245,0.503663405331314
synthetic_overlap,61,1.0,immutable_top3,scaled_l2,metric_repair,200,0.405,0.9865414111336612
synthetic_overlap,61,1.0,immutable_top3,scaled_l2,fixed_support_exact,200,0.57,0.8923538379354512
synthetic_overlap,61,1.0,immutable_top3,scaled_l2,native_exact_sparse,200,1.0,0.5221630271576478
synthetic_overlap,73,0.0,free,weighted_l1,metric_projection,200,1.0,0.4538568756115427
synthetic_overlap,73,0.0,free,weighted_l1,metric_repair,200,1.0,0.4538568756115427
synthetic_overlap,73,0.0,free,weighted_l1,fixed_support_exact,200,1.0,0.4538568756115427
synthetic_overlap,73,0.0,free,weighted_l1,native_exact_sparse,200,1.0,0.4538568756115427
synthetic_overlap,73,0.0,free,scaled_l2,metric_projection,200,1.0,0.43163470803829673
synthetic_overlap,73,0.0,free,scaled_l2,metric_repair,200,1.0,0.43163470803829673
synthetic_overlap,73,0.0,free,scaled_l2,fixed_support_exact,200,1.0,0.43163470803829673
synthetic_overlap,73,0.0,free,scaled_l2,native_exact_sparse,200,1.0,0.43163470803829673
synthetic_overlap,73,0.0,immutable,weighted_l1,metric_projection,200,0.99,0.4565416316818945
synthetic_overlap,73,0.0,immutable,weighted_l1,metric_repair,200,1.0,0.4843485956503703
synthetic_overlap,73,0.0,immutable,weighted_l1,fixed_support_exact,200,1.0,0.4600156321574154
synthetic_overlap,73,0.0,immutable,weighted_l1,native_exact_sparse,200,1.0,0.4600156321574154
synthetic_overlap,73,0.0,immutable,scaled_l2,metric_projection,200,0.99,0.43409499776952476
synthetic_overlap,73,0.0,immutable,scaled_l2,metric_repair,200,1.0,0.4420042276767861
synthetic_overlap,73,0.0,immutable,scaled_l2,fixed_support_exact,200,1.0,0.4358742501624253
synthetic_overlap,73,0.0,immutable,scaled_l2,native_exact_sparse,200,1.0,0.4358742501624253
synthetic_overlap,73,0.0,immutable_top3,weighted_l1,metric_projection,200,0.34,0.5172737514472159
synthetic_overlap,73,0.0,immutable_top3,weighted_l1,metric_repair,200,0.59,1.5618643918513426
synthetic_overlap,73,0.0,immutable_top3,weighted_l1,fixed_support_exact,200,0.77,0.9923693415948928
synthetic_overlap,73,0.0,immutable_top3,weighted_l1,native_exact_sparse,200,1.0,0.4600156321574154
synthetic_overlap,73,0.0,immutable_top3,scaled_l2,metric_projection,200,0.33,0.4942959301160517
synthetic_overlap,73,0.0,immutable_top3,scaled_l2,metric_repair,200,0.58,1.0657951724901678
synthetic_overlap,73,0.0,immutable_top3,scaled_l2,fixed_support_exact,200,0.77,0.9664983917873272
synthetic_overlap,73,0.0,immutable_top3,scaled_l2,native_exact_sparse,200,1.0,0.4358742501624253
synthetic_overlap,73,1.0,free,weighted_l1,metric_projection,200,1.0,0.4540898882436986
synthetic_overlap,73,1.0,free,weighted_l1,metric_repair,200,1.0,0.4540898882436986
synthetic_overlap,73,1.0,free,weighted_l1,fixed_support_exact,200,1.0,0.4540898882436986
synthetic_overlap,73,1.0,free,weighted_l1,native_exact_sparse,200,1.0,0.4540898882436986
synthetic_overlap,73,1.0,free,scaled_l2,metric_projection,200,1.0,0.4305549294458284
synthetic_overlap,73,1.0,free,scaled_l2,metric_repair,200,1.0,0.4305549294458284
synthetic_overlap,73,1.0,free,scaled_l2,fixed_support_exact,200,1.0,0.4305549294458284
synthetic_overlap,73,1.0,free,scaled_l2,native_exact_sparse,200,1.0,0.4305549294458284
synthetic_overlap,73,1.0,immutable,weighted_l1,metric_projection,200,0.995,0.45022703728675345
synthetic_overlap,73,1.0,immutable,weighted_l1,metric_repair,200,1.0,0.47239362705348786
synthetic_overlap,73,1.0,immutable,weighted_l1,fixed_support_exact,200,1.0,0.454757297857527
synthetic_overlap,73,1.0,immutable,weighted_l1,native_exact_sparse,200,1.0,0.454757297857527
synthetic_overlap,73,1.0,immutable,scaled_l2,metric_projection,200,1.0,0.4305549294458284
synthetic_overlap,73,1.0,immutable,scaled_l2,metric_repair,200,1.0,0.4305549294458284
synthetic_overlap,73,1.0,immutable,scaled_l2,fixed_support_exact,200,1.0,0.4305549294458284
synthetic_overlap,73,1.0,immutable,scaled_l2,native_exact_sparse,200,1.0,0.4305549294458284
synthetic_overlap,73,1.0,immutable_top3,weighted_l1,metric_projection,200,0.345,0.5386094273330068
synthetic_overlap,73,1.0,immutable_top3,weighted_l1,metric_repair,200,0.58,1.469458565767365
synthetic_overlap,73,1.0,immutable_top3,weighted_l1,fixed_support_exact,200,0.76,0.9707937319683326
synthetic_overlap,73,1.0,immutable_top3,weighted_l1,native_exact_sparse,200,1.0,0.454757297857527
synthetic_overlap,73,1.0,immutable_top3,scaled_l2,metric_projection,200,0.33,0.5162524712214044
synthetic_overlap,73,1.0,immutable_top3,scaled_l2,metric_repair,200,0.57,1.0241374517107436
synthetic_overlap,73,1.0,immutable_top3,scaled_l2,fixed_support_exact,200,0.76,0.9418062021317092
synthetic_overlap,73,1.0,immutable_top3,scaled_l2,native_exact_sparse,200,1.0,0.4305549294458284
synthetic_overlap,89,0.0,free,weighted_l1,metric_projection,179,1.0,0.40689726115288377
synthetic_overlap,89,0.0,free,weighted_l1,metric_repair,179,1.0,0.40689726115288377
synthetic_overlap,89,0.0,free,weighted_l1,fixed_support_exact,179,1.0,0.40689726115288377
synthetic_overlap,89,0.0,free,weighted_l1,native_exact_sparse,179,1.0,0.40689726115288377
synthetic_overlap,89,0.0,free,scaled_l2,metric_projection,179,1.0,0.3668880379056162
synthetic_overlap,89,0.0,free,scaled_l2,metric_repair,179,1.0,0.3668880379056162
synthetic_overlap,89,0.0,free,scaled_l2,fixed_support_exact,179,1.0,0.3668880379056162
synthetic_overlap,89,0.0,free,scaled_l2,native_exact_sparse,179,1.0,0.3668880379056162
synthetic_overlap,89,0.0,immutable,weighted_l1,metric_projection,179,0.8044692737430168,0.412731523709508
synthetic_overlap,89,0.0,immutable,weighted_l1,metric_repair,179,0.888268156424581,1.0117788512032873
synthetic_overlap,89,0.0,immutable,weighted_l1,fixed_support_exact,179,1.0,0.5212452578539397
synthetic_overlap,89,0.0,immutable,weighted_l1,native_exact_sparse,179,1.0,0.5212452578539397
synthetic_overlap,89,0.0,immutable,scaled_l2,metric_projection,179,0.7932960893854749,0.3687292714175448
synthetic_overlap,89,0.0,immutable,scaled_l2,metric_repair,179,0.8938547486033519,0.6155401197304211
synthetic_overlap,89,0.0,immutable,scaled_l2,fixed_support_exact,179,1.0,0.4802558074774441
synthetic_overlap,89,0.0,immutable,scaled_l2,native_exact_sparse,179,1.0,0.4802558074774441
synthetic_overlap,89,0.0,immutable_top3,weighted_l1,metric_projection,179,0.22346368715083798,0.4784073614871985
synthetic_overlap,89,0.0,immutable_top3,weighted_l1,metric_repair,179,0.5027932960893855,1.8515860497627539
synthetic_overlap,89,0.0,immutable_top3,weighted_l1,fixed_support_exact,179,0.7094972067039106,1.0351656674284033
synthetic_overlap,89,0.0,immutable_top3,weighted_l1,native_exact_sparse,179,1.0,0.5212452578539397
synthetic_overlap,89,0.0,immutable_top3,scaled_l2,metric_projection,179,0.20670391061452514,0.45016706883891283
synthetic_overlap,89,0.0,immutable_top3,scaled_l2,metric_repair,179,0.49162011173184356,1.2236244292762855
synthetic_overlap,89,0.0,immutable_top3,scaled_l2,fixed_support_exact,179,0.7094972067039106,0.9846529843805203
synthetic_overlap,89,0.0,immutable_top3,scaled_l2,native_exact_sparse,179,1.0,0.48112100969231714
synthetic_overlap,89,1.0,free,weighted_l1,metric_projection,200,1.0,0.4184999709389089
synthetic_overlap,89,1.0,free,weighted_l1,metric_repair,200,1.0,0.4184999709389089
synthetic_overlap,89,1.0,free,weighted_l1,fixed_support_exact,200,1.0,0.4184999709389089
synthetic_overlap,89,1.0,free,weighted_l1,native_exact_sparse,200,1.0,0.4184999709389089
synthetic_overlap,89,1.0,free,scaled_l2,metric_projection,200,1.0,0.3779516191418823
synthetic_overlap,89,1.0,free,scaled_l2,metric_repair,200,1.0,0.3779516191418823
synthetic_overlap,89,1.0,free,scaled_l2,fixed_support_exact,200,1.0,0.3779516191418823
synthetic_overlap,89,1.0,free,scaled_l2,native_exact_sparse,200,1.0,0.3779516191418823
synthetic_overlap,89,1.0,immutable,weighted_l1,metric_projection,200,0.745,0.4222821139206762
synthetic_overlap,89,1.0,immutable,weighted_l1,metric_repair,200,0.815,0.9762067089758492
synthetic_overlap,89,1.0,immutable,weighted_l1,fixed_support_exact,200,1.0,0.5797697525707904
synthetic_overlap,89,1.0,immutable,weighted_l1,native_exact_sparse,200,1.0,0.5797697525707904
synthetic_overlap,89,1.0,immutable,scaled_l2,metric_projection,200,0.76,0.38909084267369193
synthetic_overlap,89,1.0,immutable,scaled_l2,metric_repair,200,0.82,0.5507947944547144
synthetic_overlap,89,1.0,immutable,scaled_l2,fixed_support_exact,200,1.0,0.5208467372944527
synthetic_overlap,89,1.0,immutable,scaled_l2,native_exact_sparse,200,1.0,0.5208467372944527
synthetic_overlap,89,1.0,immutable_top3,weighted_l1,metric_projection,200,0.185,0.5039283756600421
synthetic_overlap,89,1.0,immutable_top3,weighted_l1,metric_repair,200,0.34,1.6220347439805753
synthetic_overlap,89,1.0,immutable_top3,weighted_l1,fixed_support_exact,200,0.585,1.2536754427250718
synthetic_overlap,89,1.0,immutable_top3,weighted_l1,native_exact_sparse,200,1.0,0.5797697525707904
synthetic_overlap,89,1.0,immutable_top3,scaled_l2,metric_projection,200,0.155,0.4178791551116827
synthetic_overlap,89,1.0,immutable_top3,scaled_l2,metric_repair,200,0.32,1.119447430549694
synthetic_overlap,89,1.0,immutable_top3,scaled_l2,fixed_support_exact,200,0.585,1.1303990870402334
synthetic_overlap,89,1.0,immutable_top3,scaled_l2,native_exact_sparse,200,1.0,0.5235806626532638
