dataset,domain,seed,depth,shift_strength,constraint,method,n_queries,coverage,direct_valid_rate,repair_recovery_share,mean_cost_valid,mean_changed_valid,sparse_share_leq3,runtime_total_sec,runtime_ms_per_query,n_positive_leaves
breast_cancer,diagnostic benchmark,7,5,0.0,free_l2,nn_positive_train,83,1.0,1.0,0.0,7.249631375137842,29.97590361445783,0.0,0.003559900001164351,0.04289036145981146,7
breast_cancer,diagnostic benchmark,7,5,0.0,free_l2,leaf_centroid,83,1.0,1.0,0.0,7.072186665054053,30.0,0.0,0.007966600002873747,0.09598313256474394,7
breast_cancer,diagnostic benchmark,7,5,0.0,free_l2,raw_leaf_projection,83,1.0,1.0,0.0,2.0173226513814444,2.36144578313253,1.0,0.003630800000792078,0.04374457832279612,7
breast_cancer,diagnostic benchmark,7,5,0.0,free_l2,clbr,83,1.0,1.0,0.0,2.0173226513814444,2.36144578313253,1.0,0.0032716999940021196,0.03941807221689301,7
breast_cancer,diagnostic benchmark,7,5,0.0,free_l2,metric_leaf_projection,83,1.0,1.0,0.0,1.181656749767527,1.7590361445783131,1.0,0.0032483999975738698,0.03913734936835988,7
breast_cancer,diagnostic benchmark,7,5,0.0,free_l2,metric_clbr,83,1.0,1.0,0.0,1.181656749767527,1.7590361445783131,1.0,0.0033223000009456882,0.04002771085476733,7
breast_cancer,diagnostic benchmark,7,5,0.0,free_l2,exact_leaf,83,1.0,1.0,0.0,1.181656749767527,1.7590361445783131,1.0,0.019004699998731667,0.22897228914134538,7
breast_cancer,diagnostic benchmark,7,5,0.0,free_l2,exact_leaf_cached,83,1.0,1.0,0.0,1.181656749767527,1.7590361445783131,1.0,0.006838100001004932,0.08238674700005942,7
breast_cancer,diagnostic benchmark,7,5,0.0,free_l2,native_exact_k_sparse,83,1.0,1.0,0.0,1.181656749767527,1.7590361445783131,1.0,0.006766599995899014,0.0815253011554098,7
breast_cancer,diagnostic benchmark,7,5,0.0,free_l2,clbr_uncached,83,1.0,1.0,0.0,2.0173226513814444,2.36144578313253,1.0,0.004239599999891652,0.051079518070983765,7
breast_cancer,diagnostic benchmark,7,5,0.0,immutable_l2,nn_positive_train,83,1.0,1.0,0.0,6.923657213536351,26.97590361445783,0.0,0.0034252000086780754,0.0412674699840732,7
breast_cancer,diagnostic benchmark,7,5,0.0,immutable_l2,leaf_centroid,83,1.0,1.0,0.0,6.765116444459536,27.0,0.0,0.007644100001925835,0.09209759038464863,7
breast_cancer,diagnostic benchmark,7,5,0.0,immutable_l2,raw_leaf_projection,83,1.0,1.0,0.0,2.0173226513814444,2.36144578313253,1.0,0.0035404000018388615,0.04265542170890194,7
breast_cancer,diagnostic benchmark,7,5,0.0,immutable_l2,clbr,83,1.0,1.0,0.0,2.0173226513814444,2.36144578313253,1.0,0.0033383999953002785,0.0402216866903648,7
breast_cancer,diagnostic benchmark,7,5,0.0,immutable_l2,metric_leaf_projection,83,1.0,1.0,0.0,1.181656749767527,1.7590361445783131,1.0,0.003305800001726311,0.03982891568344953,7
breast_cancer,diagnostic benchmark,7,5,0.0,immutable_l2,metric_clbr,83,1.0,1.0,0.0,1.181656749767527,1.7590361445783131,1.0,0.0033657000012681237,0.040550602424917155,7
breast_cancer,diagnostic benchmark,7,5,0.0,immutable_l2,exact_leaf,83,1.0,1.0,0.0,1.181656749767527,1.7590361445783131,1.0,0.018757900003947725,0.22599879522828584,7
breast_cancer,diagnostic benchmark,7,5,0.0,immutable_l2,exact_leaf_cached,83,1.0,1.0,0.0,1.181656749767527,1.7590361445783131,1.0,0.0068599000051108305,0.08264939765193771,7
breast_cancer,diagnostic benchmark,7,5,0.0,immutable_l2,native_exact_k_sparse,83,1.0,1.0,0.0,1.181656749767527,1.7590361445783131,1.0,0.006604500000321423,0.07957228916049906,7
breast_cancer,diagnostic benchmark,7,5,0.0,immutable_l2,clbr_uncached,83,1.0,1.0,0.0,2.0173226513814444,2.36144578313253,1.0,0.0043184999958612025,0.05203012043206268,7
breast_cancer,diagnostic benchmark,7,5,0.0,immutable_top3_l1,nn_positive_train,83,0.1927710843373494,0.1927710843373494,0.0,2.701842527565136,3.0,1.0,0.003480099997432262,0.041928915631714005,7
breast_cancer,diagnostic benchmark,7,5,0.0,immutable_top3_l1,leaf_centroid,83,0.30120481927710846,0.30120481927710846,0.0,3.130392553409842,3.0,1.0,0.007652300000700052,0.09219638555060304,7
breast_cancer,diagnostic benchmark,7,5,0.0,immutable_top3_l1,raw_leaf_projection,83,0.060240963855421686,0.060240963855421686,0.0,0.19983742315447586,1.0,1.0,0.003269999999247375,0.03939759035237801,7
breast_cancer,diagnostic benchmark,7,5,0.0,immutable_top3_l1,clbr,83,0.1927710843373494,0.060240963855421686,0.13253012048192772,1.6543528040292745,2.375,1.0,0.00911890000134008,0.10986626507638651,7
breast_cancer,diagnostic benchmark,7,5,0.0,immutable_top3_l1,metric_leaf_projection,83,0.25301204819277107,0.25301204819277107,0.0,0.7449191263467678,1.0952380952380953,1.0,0.0029583000014099525,0.035642168691686175,7
breast_cancer,diagnostic benchmark,7,5,0.0,immutable_top3_l1,metric_clbr,83,0.30120481927710846,0.25301204819277107,0.04819277108433735,0.8208745311284658,1.4,1.0,0.006824300001426309,0.08222048194489529,7
breast_cancer,diagnostic benchmark,7,5,0.0,immutable_top3_l1,exact_leaf,83,0.3493975903614458,0.3493975903614458,0.0,0.8259794841391499,1.103448275862069,1.0,0.015638300005775818,0.18841325308163637,7
breast_cancer,diagnostic benchmark,7,5,0.0,immutable_top3_l1,exact_leaf_cached,83,0.3493975903614458,0.3493975903614458,0.0,0.8259794841391499,1.103448275862069,1.0,0.004483599998820864,0.054019277094227276,7
breast_cancer,diagnostic benchmark,7,5,0.0,immutable_top3_l1,native_exact_k_sparse,83,1.0,1.0,0.0,1.4886555633254221,1.7108433734939759,1.0,0.007056699996610405,0.08502048188687235,7
breast_cancer,diagnostic benchmark,7,5,0.0,immutable_top3_l1,clbr_uncached,83,0.1927710843373494,0.060240963855421686,0.13253012048192772,1.6543528040292745,2.375,1.0,0.011082199997872522,0.13352048190207857,7
breast_cancer,diagnostic benchmark,7,5,1.0,free_l2,nn_positive_train,83,1.0,1.0,0.0,7.9066955109573875,29.97590361445783,0.0,0.0034748999978546635,0.041866265034393536,7
breast_cancer,diagnostic benchmark,7,5,1.0,free_l2,leaf_centroid,83,1.0,1.0,0.0,7.657242795832173,30.0,0.0,0.008006300003216893,0.09646144582189027,7
breast_cancer,diagnostic benchmark,7,5,1.0,free_l2,raw_leaf_projection,83,1.0,1.0,0.0,2.0173226513814444,2.36144578313253,1.0,0.003440999999838823,0.04145783132335931,7
breast_cancer,diagnostic benchmark,7,5,1.0,free_l2,clbr,83,1.0,1.0,0.0,2.0173226513814444,2.36144578313253,1.0,0.003213500003766967,0.03871686751526466,7
breast_cancer,diagnostic benchmark,7,5,1.0,free_l2,metric_leaf_projection,83,1.0,1.0,0.0,1.181656749767527,1.7590361445783131,1.0,0.003311800000119547,0.039901204820717434,7
breast_cancer,diagnostic benchmark,7,5,1.0,free_l2,metric_clbr,83,1.0,1.0,0.0,1.181656749767527,1.7590361445783131,1.0,0.003317799997603288,0.039973493947027566,7
breast_cancer,diagnostic benchmark,7,5,1.0,free_l2,exact_leaf,83,1.0,1.0,0.0,1.181656749767527,1.7590361445783131,1.0,0.019505900000694965,0.23501084338186704,7
breast_cancer,diagnostic benchmark,7,5,1.0,free_l2,exact_leaf_cached,83,1.0,1.0,0.0,1.181656749767527,1.7590361445783131,1.0,0.00715949999721488,0.08625903611102265,7
breast_cancer,diagnostic benchmark,7,5,1.0,free_l2,native_exact_k_sparse,83,1.0,1.0,0.0,1.181656749767527,1.7590361445783131,1.0,0.006614000000809028,0.07968674699769913,7
breast_cancer,diagnostic benchmark,7,5,1.0,free_l2,clbr_uncached,83,1.0,1.0,0.0,2.0173226513814444,2.36144578313253,1.0,0.004431899996234279,0.05339638549679854,7
breast_cancer,diagnostic benchmark,7,5,1.0,immutable_l2,nn_positive_train,83,1.0,1.0,0.0,7.013086178232955,26.97590361445783,0.0,0.003672399998322362,0.04424578311231762,7
breast_cancer,diagnostic benchmark,7,5,1.0,immutable_l2,leaf_centroid,83,1.0,1.0,0.0,6.765116444459536,27.0,0.0,0.008764500004872389,0.10559638560087216,7
breast_cancer,diagnostic benchmark,7,5,1.0,immutable_l2,raw_leaf_projection,83,1.0,1.0,0.0,2.0173226513814444,2.36144578313253,1.0,0.004026700003123551,0.04851445786895845,7
breast_cancer,diagnostic benchmark,7,5,1.0,immutable_l2,clbr,83,1.0,1.0,0.0,2.0173226513814444,2.36144578313253,1.0,0.0037614000029861927,0.04531807232513485,7
breast_cancer,diagnostic benchmark,7,5,1.0,immutable_l2,metric_leaf_projection,83,1.0,1.0,0.0,1.181656749767527,1.7590361445783131,1.0,0.003751299991563428,0.045196385440523235,7
breast_cancer,diagnostic benchmark,7,5,1.0,immutable_l2,metric_clbr,83,1.0,1.0,0.0,1.181656749767527,1.7590361445783131,1.0,0.0038442999984908965,0.04631686745169755,7
breast_cancer,diagnostic benchmark,7,5,1.0,immutable_l2,exact_leaf,83,1.0,1.0,0.0,1.181656749767527,1.7590361445783131,1.0,0.021381399999881978,0.2576072289142407,7
breast_cancer,diagnostic benchmark,7,5,1.0,immutable_l2,exact_leaf_cached,83,1.0,1.0,0.0,1.181656749767527,1.7590361445783131,1.0,0.007448900003510062,0.08974578317482002,7
breast_cancer,diagnostic benchmark,7,5,1.0,immutable_l2,native_exact_k_sparse,83,1.0,1.0,0.0,1.181656749767527,1.7590361445783131,1.0,0.007094499999766413,0.08547590361164352,7
breast_cancer,diagnostic benchmark,7,5,1.0,immutable_l2,clbr_uncached,83,1.0,1.0,0.0,2.0173226513814444,2.36144578313253,1.0,0.004541600003904023,0.054718072336193045,7
breast_cancer,diagnostic benchmark,7,5,1.0,immutable_top3_l1,nn_positive_train,83,0.1927710843373494,0.1927710843373494,0.0,2.692027397842375,3.0,1.0,0.00367049999840674,0.044222891547069154,7
breast_cancer,diagnostic benchmark,7,5,1.0,immutable_top3_l1,leaf_centroid,83,0.30120481927710846,0.30120481927710846,0.0,3.1461097008953978,3.0,1.0,0.008235000001150183,0.09921686748373715,7
breast_cancer,diagnostic benchmark,7,5,1.0,immutable_top3_l1,raw_leaf_projection,83,0.060240963855421686,0.060240963855421686,0.0,0.19983742315447586,1.0,1.0,0.0037416000031953445,0.04507951811078728,7
breast_cancer,diagnostic benchmark,7,5,1.0,immutable_top3_l1,clbr,83,0.1927710843373494,0.060240963855421686,0.13253012048192772,1.6457763725261305,2.375,1.0,0.00967909999872063,0.11661566263518831,7
breast_cancer,diagnostic benchmark,7,5,1.0,immutable_top3_l1,metric_leaf_projection,83,0.25301204819277107,0.25301204819277107,0.0,0.7449191263467678,1.0952380952380953,1.0,0.003221300003133365,0.03881084341124536,7
breast_cancer,diagnostic benchmark,7,5,1.0,immutable_top3_l1,metric_clbr,83,0.30120481927710846,0.25301204819277107,0.04819277108433735,0.8208745311284658,1.4,1.0,0.007441100000505685,0.08965180723500825,7
breast_cancer,diagnostic benchmark,7,5,1.0,immutable_top3_l1,exact_leaf,83,0.3493975903614458,0.3493975903614458,0.0,0.8259794841391499,1.103448275862069,1.0,0.016405999999733467,0.1976626505991984,7
breast_cancer,diagnostic benchmark,7,5,1.0,immutable_top3_l1,exact_leaf_cached,83,0.3493975903614458,0.3493975903614458,0.0,0.8259794841391499,1.103448275862069,1.0,0.004912300004434655,0.05918433740282717,7
breast_cancer,diagnostic benchmark,7,5,1.0,immutable_top3_l1,native_exact_k_sparse,83,1.0,1.0,0.0,1.4886555633254221,1.7108433734939759,1.0,0.00742429999900196,0.08944939757833686,7
breast_cancer,diagnostic benchmark,7,5,1.0,immutable_top3_l1,clbr_uncached,83,0.1927710843373494,0.060240963855421686,0.13253012048192772,1.6457763725261305,2.375,1.0,0.011756599998079764,0.14164578310939474,7
breast_cancer,diagnostic benchmark,13,5,0.0,free_l2,nn_positive_train,73,1.0,1.0,0.0,6.942331441322774,30.0,0.0,0.0031836000016483013,0.04361095892668906,5
breast_cancer,diagnostic benchmark,13,5,0.0,free_l2,leaf_centroid,73,1.0,1.0,0.0,6.416364197855599,30.0,0.0,0.006436599995140568,0.08817260267315848,5
breast_cancer,diagnostic benchmark,13,5,0.0,free_l2,raw_leaf_projection,73,1.0,1.0,0.0,1.458532188911289,1.917808219178082,1.0,0.0031988000082492363,0.04381917819519502,5
breast_cancer,diagnostic benchmark,13,5,0.0,free_l2,clbr,73,1.0,1.0,0.0,1.458532188911289,1.917808219178082,1.0,0.002858800003195938,0.03916164387939641,5
breast_cancer,diagnostic benchmark,13,5,0.0,free_l2,metric_leaf_projection,73,1.0,1.0,0.0,1.3103136903668997,1.917808219178082,1.0,0.002863900000193098,0.039231506851960245,5
breast_cancer,diagnostic benchmark,13,5,0.0,free_l2,metric_clbr,73,1.0,1.0,0.0,1.3103136903668997,1.917808219178082,1.0,0.0028748000022460474,0.03938082194857599,5
breast_cancer,diagnostic benchmark,13,5,0.0,free_l2,exact_leaf,73,1.0,1.0,0.0,1.3103136903668997,1.917808219178082,1.0,0.013300400000844093,0.1821972602855355,5
breast_cancer,diagnostic benchmark,13,5,0.0,free_l2,exact_leaf_cached,73,1.0,1.0,0.0,1.3103136903668997,1.917808219178082,1.0,0.006143300003714103,0.08415479457142606,5
breast_cancer,diagnostic benchmark,13,5,0.0,free_l2,native_exact_k_sparse,73,1.0,1.0,0.0,1.3103136903668997,1.917808219178082,1.0,0.006125000006250048,0.08390410967465818,5
breast_cancer,diagnostic benchmark,13,5,0.0,free_l2,clbr_uncached,73,1.0,1.0,0.0,1.458532188911289,1.917808219178082,1.0,0.003644900009931007,0.04993013712234256,5
breast_cancer,diagnostic benchmark,13,5,0.0,immutable_l2,nn_positive_train,73,1.0,1.0,0.0,6.469752647721441,27.0,0.0,0.00316580000162503,0.043367123309931914,5
breast_cancer,diagnostic benchmark,13,5,0.0,immutable_l2,leaf_centroid,73,1.0,1.0,0.0,5.999646560661849,27.0,0.0,0.006330399996841152,0.08671780817590619,5
breast_cancer,diagnostic benchmark,13,5,0.0,immutable_l2,raw_leaf_projection,73,1.0,1.0,0.0,1.458532188911289,1.917808219178082,1.0,0.0031185999960143818,0.04272054789060797,5
breast_cancer,diagnostic benchmark,13,5,0.0,immutable_l2,clbr,73,1.0,1.0,0.0,1.458532188911289,1.917808219178082,1.0,0.002965799999401497,0.0406273972520753,5
breast_cancer,diagnostic benchmark,13,5,0.0,immutable_l2,metric_leaf_projection,73,1.0,1.0,0.0,1.3103136903668997,1.917808219178082,1.0,0.003021099995748955,0.04138493144861582,5
breast_cancer,diagnostic benchmark,13,5,0.0,immutable_l2,metric_clbr,73,1.0,1.0,0.0,1.3103136903668997,1.917808219178082,1.0,0.0032434999984616297,0.044431506828241506,5
breast_cancer,diagnostic benchmark,13,5,0.0,immutable_l2,exact_leaf,73,1.0,1.0,0.0,1.3103136903668997,1.917808219178082,1.0,0.01396779999959108,0.1913397260217956,5
breast_cancer,diagnostic benchmark,13,5,0.0,immutable_l2,exact_leaf_cached,73,1.0,1.0,0.0,1.3103136903668997,1.917808219178082,1.0,0.006439500001761189,0.08821232879124917,5
breast_cancer,diagnostic benchmark,13,5,0.0,immutable_l2,native_exact_k_sparse,73,1.0,1.0,0.0,1.3103136903668997,1.917808219178082,1.0,0.005870599999070691,0.08041917806946153,5
breast_cancer,diagnostic benchmark,13,5,0.0,immutable_l2,clbr_uncached,73,1.0,1.0,0.0,1.458532188911289,1.917808219178082,1.0,0.003579999997782579,0.04904109586003533,5
breast_cancer,diagnostic benchmark,13,5,0.0,immutable_top3_l1,nn_positive_train,73,0.2876712328767123,0.2876712328767123,0.0,2.5033447868989174,3.0,1.0,0.003155299996251415,0.043223287619882395,5
breast_cancer,diagnostic benchmark,13,5,0.0,immutable_top3_l1,leaf_centroid,73,0.2876712328767123,0.2876712328767123,0.0,2.8342530076983,3.0,1.0,0.006022799998390838,0.08250410956699777,5
breast_cancer,diagnostic benchmark,13,5,0.0,immutable_top3_l1,raw_leaf_projection,73,0.273972602739726,0.273972602739726,0.0,0.6847573970998474,1.0,1.0,0.0028885999990961864,0.03956986300131762,5
breast_cancer,diagnostic benchmark,13,5,0.0,immutable_top3_l1,clbr,73,0.2876712328767123,0.273972602739726,0.0136986301369863,0.704860145495141,1.0952380952380953,1.0,0.005554600001232757,0.0760904109757912,5
breast_cancer,diagnostic benchmark,13,5,0.0,immutable_top3_l1,metric_leaf_projection,73,0.2876712328767123,0.2876712328767123,0.0,0.7018517587196682,1.0476190476190477,1.0,0.0026813999993464677,0.03673150684036257,5
breast_cancer,diagnostic benchmark,13,5,0.0,immutable_top3_l1,metric_clbr,73,0.2876712328767123,0.2876712328767123,0.0,0.7018517587196682,1.0476190476190477,1.0,0.0054147000028024195,0.07417397264112903,5
breast_cancer,diagnostic benchmark,13,5,0.0,immutable_top3_l1,exact_leaf,73,0.2876712328767123,0.2876712328767123,0.0,0.7018517587196682,1.0476190476190477,1.0,0.011004300001332012,0.1507438356346851,5
breast_cancer,diagnostic benchmark,13,5,0.0,immutable_top3_l1,exact_leaf_cached,73,0.2876712328767123,0.2876712328767123,0.0,0.7018517587196682,1.0476190476190477,1.0,0.004322999999203603,0.05921917807128223,5
breast_cancer,diagnostic benchmark,13,5,0.0,immutable_top3_l1,native_exact_k_sparse,73,1.0,1.0,0.0,1.6399670473624983,1.917808219178082,1.0,0.0062143000031937845,0.08512739730402445,5
breast_cancer,diagnostic benchmark,13,5,0.0,immutable_top3_l1,clbr_uncached,73,0.2876712328767123,0.273972602739726,0.0136986301369863,0.704860145495141,1.0952380952380953,1.0,0.006758399997124798,0.09258082187842188,5
breast_cancer,diagnostic benchmark,13,5,1.0,free_l2,nn_positive_train,73,1.0,1.0,0.0,7.601490012730168,30.0,0.0,0.002993999995851482,0.04101369857330797,5
breast_cancer,diagnostic benchmark,13,5,1.0,free_l2,leaf_centroid,73,1.0,1.0,0.0,7.124332688017902,30.0,0.0,0.005584500000622938,0.07650000000853341,5
breast_cancer,diagnostic benchmark,13,5,1.0,free_l2,raw_leaf_projection,73,1.0,1.0,0.0,1.458532188911289,1.917808219178082,1.0,0.002880199999708566,0.039454794516555695,5
breast_cancer,diagnostic benchmark,13,5,1.0,free_l2,clbr,73,1.0,1.0,0.0,1.458532188911289,1.917808219178082,1.0,0.0026825999975699233,0.03674794517219073,5
breast_cancer,diagnostic benchmark,13,5,1.0,free_l2,metric_leaf_projection,73,1.0,1.0,0.0,1.3103136903668997,1.917808219178082,1.0,0.0027897000018128892,0.038215068517984785,5
breast_cancer,diagnostic benchmark,13,5,1.0,free_l2,metric_clbr,73,1.0,1.0,0.0,1.3103136903668997,1.917808219178082,1.0,0.0027136000026075635,0.037172602775446074,5
breast_cancer,diagnostic benchmark,13,5,1.0,free_l2,exact_leaf,73,1.0,1.0,0.0,1.3103136903668997,1.917808219178082,1.0,0.012073799995960144,0.16539452049260472,5
breast_cancer,diagnostic benchmark,13,5,1.0,free_l2,exact_leaf_cached,73,1.0,1.0,0.0,1.3103136903668997,1.917808219178082,1.0,0.005877499997950508,0.08051369860206176,5
breast_cancer,diagnostic benchmark,13,5,1.0,free_l2,native_exact_k_sparse,73,1.0,1.0,0.0,1.3103136903668997,1.917808219178082,1.0,0.0060290999954304425,0.08259041089630743,5
breast_cancer,diagnostic benchmark,13,5,1.0,free_l2,clbr_uncached,73,1.0,1.0,0.0,1.458532188911289,1.917808219178082,1.0,0.0032500999977855827,0.044521917777884695,5
breast_cancer,diagnostic benchmark,13,5,1.0,immutable_l2,nn_positive_train,73,1.0,1.0,0.0,6.464286679958792,27.0,0.0,0.0031118000060814666,0.04262739734358174,5
breast_cancer,diagnostic benchmark,13,5,1.0,immutable_l2,leaf_centroid,73,1.0,1.0,0.0,5.999646560661849,27.0,0.0,0.005972900004962867,0.08182054801318996,5
breast_cancer,diagnostic benchmark,13,5,1.0,immutable_l2,raw_leaf_projection,73,1.0,1.0,0.0,1.458532188911289,1.917808219178082,1.0,0.0029934000012872275,0.04100547946968805,5
breast_cancer,diagnostic benchmark,13,5,1.0,immutable_l2,clbr,73,1.0,1.0,0.0,1.458532188911289,1.917808219178082,1.0,0.0028309000026638387,0.038779452091285464,5
breast_cancer,diagnostic benchmark,13,5,1.0,immutable_l2,metric_leaf_projection,73,1.0,1.0,0.0,1.3103136903668997,1.917808219178082,1.0,0.002851099997315032,0.03905616434678126,5
breast_cancer,diagnostic benchmark,13,5,1.0,immutable_l2,metric_clbr,73,1.0,1.0,0.0,1.3103136903668997,1.917808219178082,1.0,0.002973800000290794,0.04073698630535334,5
breast_cancer,diagnostic benchmark,13,5,1.0,immutable_l2,exact_leaf,73,1.0,1.0,0.0,1.3103136903668997,1.917808219178082,1.0,0.013834899999892514,0.18951917808071936,5
breast_cancer,diagnostic benchmark,13,5,1.0,immutable_l2,exact_leaf_cached,73,1.0,1.0,0.0,1.3103136903668997,1.917808219178082,1.0,0.006798900003559538,0.09313561648711696,5
breast_cancer,diagnostic benchmark,13,5,1.0,immutable_l2,native_exact_k_sparse,73,1.0,1.0,0.0,1.3103136903668997,1.917808219178082,1.0,0.0062735000010434305,0.08593835617867714,5
breast_cancer,diagnostic benchmark,13,5,1.0,immutable_l2,clbr_uncached,73,1.0,1.0,0.0,1.458532188911289,1.917808219178082,1.0,0.0035211999993407517,0.04823561642932536,5
breast_cancer,diagnostic benchmark,13,5,1.0,immutable_top3_l1,nn_positive_train,73,0.2876712328767123,0.2876712328767123,0.0,2.5033447868989174,3.0,1.0,0.0028078000041205087,0.038463013755075465,5
breast_cancer,diagnostic benchmark,13,5,1.0,immutable_top3_l1,leaf_centroid,73,0.2876712328767123,0.2876712328767123,0.0,2.8342530076983,3.0,1.0,0.0055664000028627925,0.07625205483373688,5
breast_cancer,diagnostic benchmark,13,5,1.0,immutable_top3_l1,raw_leaf_projection,73,0.273972602739726,0.273972602739726,0.0,0.6847573970998474,1.0,1.0,0.002774499998849933,0.03800684929931415,5
breast_cancer,diagnostic benchmark,13,5,1.0,immutable_top3_l1,clbr,73,0.2876712328767123,0.273972602739726,0.0136986301369863,0.704860145495141,1.0952380952380953,1.0,0.005687000005309528,0.07790410966177436,5
breast_cancer,diagnostic benchmark,13,5,1.0,immutable_top3_l1,metric_leaf_projection,73,0.2876712328767123,0.2876712328767123,0.0,0.7018517587196682,1.0476190476190477,1.0,0.002794700003505568,0.03828356169185709,5
breast_cancer,diagnostic benchmark,13,5,1.0,immutable_top3_l1,metric_clbr,73,0.2876712328767123,0.2876712328767123,0.0,0.7018517587196682,1.0476190476190477,1.0,0.005083099996227247,0.06963150679763352,5
breast_cancer,diagnostic benchmark,13,5,1.0,immutable_top3_l1,exact_leaf,73,0.2876712328767123,0.2876712328767123,0.0,0.7018517587196682,1.0476190476190477,1.0,0.010324700000637677,0.14143424658407777,5
breast_cancer,diagnostic benchmark,13,5,1.0,immutable_top3_l1,exact_leaf_cached,73,0.2876712328767123,0.2876712328767123,0.0,0.7018517587196682,1.0476190476190477,1.0,0.003902300000845571,0.053456164395144806,5
breast_cancer,diagnostic benchmark,13,5,1.0,immutable_top3_l1,native_exact_k_sparse,73,1.0,1.0,0.0,1.6399670473624983,1.917808219178082,1.0,0.005953999997473147,0.08156164380100202,5
breast_cancer,diagnostic benchmark,13,5,1.0,immutable_top3_l1,clbr_uncached,73,0.2876712328767123,0.273972602739726,0.0136986301369863,0.704860145495141,1.0952380952380953,1.0,0.006331699996735551,0.0867356163936377,5
breast_cancer,diagnostic benchmark,19,5,0.0,free_l2,nn_positive_train,73,1.0,1.0,0.0,7.825090140618956,29.931506849315067,0.0,0.003208600001016748,0.0439534246714623,6
breast_cancer,diagnostic benchmark,19,5,0.0,free_l2,leaf_centroid,73,1.0,1.0,0.0,6.986264714028307,30.0,0.0,0.006260499998461455,0.08576027395152679,6
breast_cancer,diagnostic benchmark,19,5,0.0,free_l2,raw_leaf_projection,73,1.0,1.0,0.0,0.9697043208627729,1.4383561643835616,1.0,0.0029781000012008008,0.04079589042740823,6
breast_cancer,diagnostic benchmark,19,5,0.0,free_l2,clbr,73,1.0,1.0,0.0,0.9697043208627729,1.4383561643835616,1.0,0.0030976000025475514,0.04243287674722673,6
breast_cancer,diagnostic benchmark,19,5,0.0,free_l2,metric_leaf_projection,73,1.0,1.0,0.0,0.8930076754047325,1.4657534246575343,1.0,0.0029044000011708704,0.039786301385902334,6
breast_cancer,diagnostic benchmark,19,5,0.0,free_l2,metric_clbr,73,1.0,1.0,0.0,0.8930076754047325,1.4657534246575343,1.0,0.002846099992893869,0.038987671135532455,6
breast_cancer,diagnostic benchmark,19,5,0.0,free_l2,exact_leaf,73,1.0,1.0,0.0,0.8930076754047325,1.4657534246575343,1.0,0.01521500000035303,0.2084246575390826,6
breast_cancer,diagnostic benchmark,19,5,0.0,free_l2,exact_leaf_cached,73,1.0,1.0,0.0,0.8930076754047325,1.4657534246575343,1.0,0.005862900002284732,0.08031369866143469,6
breast_cancer,diagnostic benchmark,19,5,0.0,free_l2,native_exact_k_sparse,73,1.0,1.0,0.0,0.8930076754047325,1.4657534246575343,1.0,0.005656199998156808,0.07748219175557271,6
breast_cancer,diagnostic benchmark,19,5,0.0,free_l2,clbr_uncached,73,1.0,1.0,0.0,0.9697043208627729,1.4383561643835616,1.0,0.003569900003640214,0.04890273977589334,6
breast_cancer,diagnostic benchmark,19,5,0.0,immutable_l2,nn_positive_train,73,0.1917808219178082,0.1917808219178082,0.0,7.342152184913734,26.857142857142858,0.0,0.0028899000035380595,0.03958767128134328,6
breast_cancer,diagnostic benchmark,19,5,0.0,immutable_l2,leaf_centroid,73,0.1917808219178082,0.1917808219178082,0.0,8.227372224856584,27.0,0.0,0.006123499997556792,0.083883561610367,6
breast_cancer,diagnostic benchmark,19,5,0.0,immutable_l2,raw_leaf_projection,73,0.684931506849315,0.684931506849315,0.0,0.944499126350845,1.64,1.0,0.0029030000005150214,0.03976712329472632,6
breast_cancer,diagnostic benchmark,19,5,0.0,immutable_l2,clbr,73,0.684931506849315,0.684931506849315,0.0,0.944499126350845,1.64,1.0,0.0037402999987534713,0.05123698628429413,6
breast_cancer,diagnostic benchmark,19,5,0.0,immutable_l2,metric_leaf_projection,73,0.6986301369863014,0.6986301369863014,0.0,0.8464729329267914,1.6470588235294117,1.0,0.0026715999956650194,0.036597260214589304,6
breast_cancer,diagnostic benchmark,19,5,0.0,immutable_l2,metric_clbr,73,0.7123287671232876,0.6986301369863014,0.0136986301369863,0.9420788662512769,2.1153846153846154,0.9807692307692307,0.0040709000031711184,0.05576575346809751,6
breast_cancer,diagnostic benchmark,19,5,0.0,immutable_l2,exact_leaf,73,1.0,1.0,0.0,1.1297510255346601,1.6027397260273972,1.0,0.014103999999861117,0.1932054794501523,6
breast_cancer,diagnostic benchmark,19,5,0.0,immutable_l2,exact_leaf_cached,73,1.0,1.0,0.0,1.1297510255346601,1.6027397260273972,1.0,0.006188400008795725,0.0847726028602154,6
breast_cancer,diagnostic benchmark,19,5,0.0,immutable_l2,native_exact_k_sparse,73,1.0,1.0,0.0,1.1297510255346601,1.6027397260273972,1.0,0.005591500003902183,0.07659589046441347,6
breast_cancer,diagnostic benchmark,19,5,0.0,immutable_l2,clbr_uncached,73,0.684931506849315,0.684931506849315,0.0,0.944499126350845,1.64,1.0,0.004485100001147657,0.06143972604311859,6
breast_cancer,diagnostic benchmark,19,5,0.0,immutable_top3_l1,nn_positive_train,73,0.0547945205479452,0.0547945205479452,0.0,2.145292911772338,3.0,1.0,0.0030824999967080657,0.04222602735216528,6
breast_cancer,diagnostic benchmark,19,5,0.0,immutable_top3_l1,leaf_centroid,73,0.0684931506849315,0.0684931506849315,0.0,2.3607045947900334,3.0,1.0,0.0059802999976454885,0.0819219177759656,6
breast_cancer,diagnostic benchmark,19,5,0.0,immutable_top3_l1,raw_leaf_projection,73,0.0,0.0,0.0,inf,nan,nan,0.002767800004221499,0.03791506855097944,6
breast_cancer,diagnostic benchmark,19,5,0.0,immutable_top3_l1,clbr,73,0.0547945205479452,0.0,0.0547945205479452,1.476849328995836,3.0,1.0,0.00701730000491807,0.09612739732764479,6
breast_cancer,diagnostic benchmark,19,5,0.0,immutable_top3_l1,metric_leaf_projection,73,0.0136986301369863,0.0136986301369863,0.0,0.3371112429893007,1.0,1.0,0.0025908000070558046,0.03549041105555897,6
breast_cancer,diagnostic benchmark,19,5,0.0,immutable_top3_l1,metric_clbr,73,0.0547945205479452,0.0136986301369863,0.0410958904109589,1.4107841514388226,2.5,1.0,0.006710299997394031,0.09192191777252098,6
breast_cancer,diagnostic benchmark,19,5,0.0,immutable_top3_l1,exact_leaf,73,0.0684931506849315,0.0684931506849315,0.0,1.415541750204291,1.0,1.0,0.011335700002746307,0.15528356168145627,6
breast_cancer,diagnostic benchmark,19,5,0.0,immutable_top3_l1,exact_leaf_cached,73,0.0684931506849315,0.0684931506849315,0.0,1.415541750204291,1.0,1.0,0.0032194000004892587,0.04410136986971587,6
breast_cancer,diagnostic benchmark,19,5,0.0,immutable_top3_l1,native_exact_k_sparse,73,1.0,1.0,0.0,1.3373435617526253,1.6027397260273972,1.0,0.005743899998378765,0.07868356162162692,6
breast_cancer,diagnostic benchmark,19,5,0.0,immutable_top3_l1,clbr_uncached,73,0.0547945205479452,0.0,0.0547945205479452,1.476849328995836,3.0,1.0,0.00804130000051373,0.11015479452758534,6
breast_cancer,diagnostic benchmark,19,5,1.0,free_l2,nn_positive_train,77,1.0,1.0,0.0,8.240157909607914,29.961038961038962,0.0,0.0036161000016363687,0.046962337683589206,6
breast_cancer,diagnostic benchmark,19,5,1.0,free_l2,leaf_centroid,77,1.0,1.0,0.0,7.507276030547283,30.0,0.0,0.007719200008068583,0.10024935075413745,6
breast_cancer,diagnostic benchmark,19,5,1.0,free_l2,raw_leaf_projection,77,1.0,1.0,0.0,1.1230300530245463,1.5194805194805194,1.0,0.0036147999999229796,0.04694545454445428,6
breast_cancer,diagnostic benchmark,19,5,1.0,free_l2,clbr,77,1.0,1.0,0.0,1.1230300530245463,1.5194805194805194,1.0,0.0032945999992080033,0.042787012976727316,6
breast_cancer,diagnostic benchmark,19,5,1.0,free_l2,metric_leaf_projection,77,1.0,1.0,0.0,1.039111652170963,1.5194805194805194,1.0,0.003442199999881268,0.04470389610235413,6
breast_cancer,diagnostic benchmark,19,5,1.0,free_l2,metric_clbr,77,1.0,1.0,0.0,1.039111652170963,1.5194805194805194,1.0,0.0033335999978589825,0.04329350646570107,6
breast_cancer,diagnostic benchmark,19,5,1.0,free_l2,exact_leaf,77,1.0,1.0,0.0,1.039111652170963,1.5194805194805194,1.0,0.017344699999739532,0.22525584415246147,6
breast_cancer,diagnostic benchmark,19,5,1.0,free_l2,exact_leaf_cached,77,1.0,1.0,0.0,1.039111652170963,1.5194805194805194,1.0,0.006797599997298676,0.08828051944543734,6
breast_cancer,diagnostic benchmark,19,5,1.0,free_l2,native_exact_k_sparse,77,1.0,1.0,0.0,1.039111652170963,1.5194805194805194,1.0,0.0067245000009279465,0.08733116884322009,6
breast_cancer,diagnostic benchmark,19,5,1.0,free_l2,clbr_uncached,77,1.0,1.0,0.0,1.1230300530245463,1.5194805194805194,1.0,0.004297200003748003,0.05580779225646757,6
breast_cancer,diagnostic benchmark,19,5,1.0,immutable_l2,nn_positive_train,77,0.19480519480519481,0.19480519480519481,0.0,7.071100016622125,26.866666666666667,0.0,0.003662899996015767,0.04757012981838658,6
breast_cancer,diagnostic benchmark,19,5,1.0,immutable_l2,leaf_centroid,77,0.18181818181818182,0.18181818181818182,0.0,8.227372224856584,27.0,0.0,0.007396700007120671,0.09606103905351521,6
breast_cancer,diagnostic benchmark,19,5,1.0,immutable_l2,raw_leaf_projection,77,0.8961038961038961,0.8961038961038961,0.0,1.0269508837519012,1.5797101449275361,1.0,0.0033105999955296284,0.04299480513674842,6
breast_cancer,diagnostic benchmark,19,5,1.0,immutable_l2,clbr,77,0.8961038961038961,0.8961038961038961,0.0,1.0269508837519012,1.5797101449275361,1.0,0.0037927999974272097,0.04925714282373,6
breast_cancer,diagnostic benchmark,19,5,1.0,immutable_l2,metric_leaf_projection,77,0.8961038961038961,0.8961038961038961,0.0,0.9333028132341342,1.5797101449275361,1.0,0.0033525000035297126,0.04353896108480146,6
breast_cancer,diagnostic benchmark,19,5,1.0,immutable_l2,metric_clbr,77,0.8961038961038961,0.8961038961038961,0.0,0.9333028132341342,1.5797101449275361,1.0,0.003627900005085394,0.04711558448162849,6
breast_cancer,diagnostic benchmark,19,5,1.0,immutable_l2,exact_leaf,77,1.0,1.0,0.0,1.0924510060608337,1.5714285714285714,1.0,0.01686080000217771,0.21897142859971053,6
breast_cancer,diagnostic benchmark,19,5,1.0,immutable_l2,exact_leaf_cached,77,1.0,1.0,0.0,1.0924510060608337,1.5714285714285714,1.0,0.006909499997163948,0.08973376619693439,6
breast_cancer,diagnostic benchmark,19,5,1.0,immutable_l2,native_exact_k_sparse,77,1.0,1.0,0.0,1.0924510060608337,1.5714285714285714,1.0,0.0067272000005687005,0.08736623377361949,6
breast_cancer,diagnostic benchmark,19,5,1.0,immutable_l2,clbr_uncached,77,0.8961038961038961,0.8961038961038961,0.0,1.0269508837519012,1.5797101449275361,1.0,0.0045404999973470694,0.058967532433078826,6
breast_cancer,diagnostic benchmark,19,5,1.0,immutable_top3_l1,nn_positive_train,77,0.05194805194805195,0.05194805194805195,0.0,2.145292911772338,3.0,1.0,0.003307000002678251,0.042948051982834426,6
breast_cancer,diagnostic benchmark,19,5,1.0,immutable_top3_l1,leaf_centroid,77,0.06493506493506493,0.06493506493506493,0.0,2.3607045947900334,3.0,1.0,0.007613899997522822,0.09888181814964704,6
breast_cancer,diagnostic benchmark,19,5,1.0,immutable_top3_l1,raw_leaf_projection,77,0.0,0.0,0.0,inf,nan,nan,0.003309599990643619,0.042981818060306744,6
breast_cancer,diagnostic benchmark,19,5,1.0,immutable_top3_l1,clbr,77,0.05194805194805195,0.0,0.05194805194805195,1.476849328995836,3.0,1.0,0.008029200002056314,0.10427532470203005,6
breast_cancer,diagnostic benchmark,19,5,1.0,immutable_top3_l1,metric_leaf_projection,77,0.012987012987012988,0.012987012987012988,0.0,0.3371112429893007,1.0,1.0,0.0030185999976310995,0.03920259737183246,6
breast_cancer,diagnostic benchmark,19,5,1.0,immutable_top3_l1,metric_clbr,77,0.05194805194805195,0.012987012987012988,0.03896103896103896,1.4107841514388226,2.5,1.0,0.007799000005434209,0.10128571435628843,6
breast_cancer,diagnostic benchmark,19,5,1.0,immutable_top3_l1,exact_leaf,77,0.06493506493506493,0.06493506493506493,0.0,1.415541750204291,1.0,1.0,0.012685499995313876,0.1647467531858945,6
breast_cancer,diagnostic benchmark,19,5,1.0,immutable_top3_l1,exact_leaf_cached,77,0.06493506493506493,0.06493506493506493,0.0,1.415541750204291,1.0,1.0,0.0036777000004803995,0.04776233766857662,6
breast_cancer,diagnostic benchmark,19,5,1.0,immutable_top3_l1,native_exact_k_sparse,77,1.0,1.0,0.0,1.2892595144233199,1.5714285714285714,1.0,0.0069178000012470875,0.08984155845775438,6
breast_cancer,diagnostic benchmark,19,5,1.0,immutable_top3_l1,clbr_uncached,77,0.05194805194805195,0.0,0.05194805194805195,1.476849328995836,3.0,1.0,0.00909800000317773,0.11815584419711339,6
breast_cancer,diagnostic benchmark,29,5,0.0,free_l2,nn_positive_train,89,1.0,1.0,0.0,7.550689642644707,29.97752808988764,0.0,0.003819200005636958,0.0429123596138984,5
breast_cancer,diagnostic benchmark,29,5,0.0,free_l2,leaf_centroid,89,1.0,1.0,0.0,6.395771734316551,30.0,0.0,0.0071921999979167595,0.08081123593164899,5
breast_cancer,diagnostic benchmark,29,5,0.0,free_l2,raw_leaf_projection,89,1.0,1.0,0.0,1.1139963654388865,1.5168539325842696,1.0,0.003610899999330286,0.04057191010483467,5
breast_cancer,diagnostic benchmark,29,5,0.0,free_l2,clbr,89,1.0,1.0,0.0,1.1139963654388865,1.5168539325842696,1.0,0.003528000003825582,0.039640449481186314,5
breast_cancer,diagnostic benchmark,29,5,0.0,free_l2,metric_leaf_projection,89,1.0,1.0,0.0,0.9227950965720401,1.6067415730337078,1.0,0.0036005000010845833,0.04045505619196161,5
breast_cancer,diagnostic benchmark,29,5,0.0,free_l2,metric_clbr,89,1.0,1.0,0.0,0.9227950965720401,1.6067415730337078,1.0,0.0035123000016028527,0.03946404496182981,5
breast_cancer,diagnostic benchmark,29,5,0.0,free_l2,exact_leaf,89,1.0,1.0,0.0,0.9227950965720401,1.6067415730337078,1.0,0.01589949999743112,0.17864606738686653,5
breast_cancer,diagnostic benchmark,29,5,0.0,free_l2,exact_leaf_cached,89,1.0,1.0,0.0,0.9227950965720401,1.6067415730337078,1.0,0.007402700004604412,0.083176404546117,5
breast_cancer,diagnostic benchmark,29,5,0.0,free_l2,native_exact_k_sparse,89,1.0,1.0,0.0,0.9227950965720401,1.6067415730337078,1.0,0.0073195000004488975,0.08224157303875165,5
breast_cancer,diagnostic benchmark,29,5,0.0,free_l2,clbr_uncached,89,1.0,1.0,0.0,1.1139963654388865,1.5168539325842696,1.0,0.004353300006187055,0.04891348321558489,5
breast_cancer,diagnostic benchmark,29,5,0.0,immutable_l2,nn_positive_train,89,1.0,1.0,0.0,7.285661461934856,26.98876404494382,0.0,0.0037971999945511925,0.04266516847810329,5
breast_cancer,diagnostic benchmark,29,5,0.0,immutable_l2,leaf_centroid,89,1.0,1.0,0.0,6.070395571860325,27.0,0.0,0.007041100005153567,0.07911348320397266,5
breast_cancer,diagnostic benchmark,29,5,0.0,immutable_l2,raw_leaf_projection,89,1.0,1.0,0.0,1.1139963654388865,1.5168539325842696,1.0,0.0035904000051232288,0.04034157309127223,5
breast_cancer,diagnostic benchmark,29,5,0.0,immutable_l2,clbr,89,1.0,1.0,0.0,1.1139963654388865,1.5168539325842696,1.0,0.003393199998754426,0.038125842682634,5
breast_cancer,diagnostic benchmark,29,5,0.0,immutable_l2,metric_leaf_projection,89,1.0,1.0,0.0,0.9227950965720401,1.6067415730337078,1.0,0.003362300000844698,0.037778651694884244,5
breast_cancer,diagnostic benchmark,29,5,0.0,immutable_l2,metric_clbr,89,1.0,1.0,0.0,0.9227950965720401,1.6067415730337078,1.0,0.003758499999094056,0.04223033706847254,5
breast_cancer,diagnostic benchmark,29,5,0.0,immutable_l2,exact_leaf,89,1.0,1.0,0.0,0.9227950965720401,1.6067415730337078,1.0,0.016047200004322804,0.18030561802609893,5
breast_cancer,diagnostic benchmark,29,5,0.0,immutable_l2,exact_leaf_cached,89,1.0,1.0,0.0,0.9227950965720401,1.6067415730337078,1.0,0.007290100000318489,0.08191123595863471,5
breast_cancer,diagnostic benchmark,29,5,0.0,immutable_l2,native_exact_k_sparse,89,1.0,1.0,0.0,0.9227950965720401,1.6067415730337078,1.0,0.006973599998673308,0.07835505616486863,5
breast_cancer,diagnostic benchmark,29,5,0.0,immutable_l2,clbr_uncached,89,1.0,1.0,0.0,1.1139963654388865,1.5168539325842696,1.0,0.004192999994302227,0.047112359486541876,5
breast_cancer,diagnostic benchmark,29,5,0.0,immutable_top3_l1,nn_positive_train,89,0.14606741573033707,0.14606741573033707,0.0,1.0859253161525837,3.0,1.0,0.0037036999992778874,0.04161460673345941,5
breast_cancer,diagnostic benchmark,29,5,0.0,immutable_top3_l1,leaf_centroid,89,0.06741573033707865,0.06741573033707865,0.0,1.9858734870177317,3.0,1.0,0.0072587999939059955,0.08155955049332579,5
breast_cancer,diagnostic benchmark,29,5,0.0,immutable_top3_l1,raw_leaf_projection,89,0.0449438202247191,0.0449438202247191,0.0,0.5296385291181371,1.0,1.0,0.0035583999951995793,0.0399820224179728,5
breast_cancer,diagnostic benchmark,29,5,0.0,immutable_top3_l1,clbr,89,0.14606741573033707,0.0449438202247191,0.10112359550561797,0.48663708199175,2.3846153846153846,1.0,0.010102100000949576,0.11350674158370311,5
breast_cancer,diagnostic benchmark,29,5,0.0,immutable_top3_l1,metric_leaf_projection,89,0.10112359550561797,0.10112359550561797,0.0,0.6878656602811488,1.0,1.0,0.0035242999974798295,0.03959887637617786,5
breast_cancer,diagnostic benchmark,29,5,0.0,immutable_top3_l1,metric_clbr,89,0.19101123595505617,0.10112359550561797,0.0898876404494382,0.6876167481641392,1.9411764705882353,1.0,0.009073699997315998,0.1019516853631011,5
breast_cancer,diagnostic benchmark,29,5,0.0,immutable_top3_l1,exact_leaf,89,0.29213483146067415,0.29213483146067415,0.0,0.9351492580592881,1.1923076923076923,1.0,0.01253559999895515,0.1408494381905073,5
breast_cancer,diagnostic benchmark,29,5,0.0,immutable_top3_l1,exact_leaf_cached,89,0.29213483146067415,0.29213483146067415,0.0,0.9351492580592881,1.1923076923076923,1.0,0.004933799997161259,0.055435955024283806,5
breast_cancer,diagnostic benchmark,29,5,0.0,immutable_top3_l1,native_exact_k_sparse,89,1.0,1.0,0.0,1.1150423430876677,1.595505617977528,1.0,0.007545099997514626,0.08477640446645647,5
breast_cancer,diagnostic benchmark,29,5,0.0,immutable_top3_l1,clbr_uncached,89,0.14606741573033707,0.0449438202247191,0.10112359550561797,0.48663708199175,2.3846153846153846,1.0,0.0108944000039628,0.12240898880857079,5
breast_cancer,diagnostic benchmark,29,5,1.0,free_l2,nn_positive_train,89,1.0,1.0,0.0,7.971570165373713,29.96629213483146,0.0,0.0036399000036908546,0.04089775285045904,5
breast_cancer,diagnostic benchmark,29,5,1.0,free_l2,leaf_centroid,89,1.0,1.0,0.0,7.027767963269551,30.0,0.0,0.006783899995753018,0.07622359545789907,5
breast_cancer,diagnostic benchmark,29,5,1.0,free_l2,raw_leaf_projection,89,1.0,1.0,0.0,1.1139963654388865,1.5168539325842696,1.0,0.0034387000032438664,0.03863707868813333,5
breast_cancer,diagnostic benchmark,29,5,1.0,free_l2,clbr,89,1.0,1.0,0.0,1.1139963654388865,1.5168539325842696,1.0,0.003476299997601018,0.0390595505348429,5
breast_cancer,diagnostic benchmark,29,5,1.0,free_l2,metric_leaf_projection,89,1.0,1.0,0.0,0.9227950965720401,1.6067415730337078,1.0,0.0035029999999096617,0.03935955056078272,5
breast_cancer,diagnostic benchmark,29,5,1.0,free_l2,metric_clbr,89,1.0,1.0,0.0,0.9227950965720401,1.6067415730337078,1.0,0.003506499997456558,0.03939887637591638,5
breast_cancer,diagnostic benchmark,29,5,1.0,free_l2,exact_leaf,89,1.0,1.0,0.0,0.9227950965720401,1.6067415730337078,1.0,0.01528679999501037,0.1717617976967457,5
breast_cancer,diagnostic benchmark,29,5,1.0,free_l2,exact_leaf_cached,89,1.0,1.0,0.0,0.9227950965720401,1.6067415730337078,1.0,0.007360500003414927,0.0827022472293812,5
breast_cancer,diagnostic benchmark,29,5,1.0,free_l2,native_exact_k_sparse,89,1.0,1.0,0.0,0.9227950965720401,1.6067415730337078,1.0,0.006788200002119993,0.07627191013617969,5
breast_cancer,diagnostic benchmark,29,5,1.0,free_l2,clbr_uncached,89,1.0,1.0,0.0,1.1139963654388865,1.5168539325842696,1.0,0.004117800003768934,0.04626741577268466,5
breast_cancer,diagnostic benchmark,29,5,1.0,immutable_l2,nn_positive_train,89,1.0,1.0,0.0,7.221700225882707,26.96629213483146,0.0,0.0038921999948797747,0.0437325842121323,5
breast_cancer,diagnostic benchmark,29,5,1.0,immutable_l2,leaf_centroid,89,1.0,1.0,0.0,6.070395571860325,27.0,0.0,0.007610000002387096,0.0855056180043494,5
breast_cancer,diagnostic benchmark,29,5,1.0,immutable_l2,raw_leaf_projection,89,1.0,1.0,0.0,1.1139963654388865,1.5168539325842696,1.0,0.0038873999919815105,0.04367865159529787,5
breast_cancer,diagnostic benchmark,29,5,1.0,immutable_l2,clbr,89,1.0,1.0,0.0,1.1139963654388865,1.5168539325842696,1.0,0.0034146000052714953,0.03836629219406174,5
breast_cancer,diagnostic benchmark,29,5,1.0,immutable_l2,metric_leaf_projection,89,1.0,1.0,0.0,0.9227950965720401,1.6067415730337078,1.0,0.003610500000831962,0.04056741573968497,5
breast_cancer,diagnostic benchmark,29,5,1.0,immutable_l2,metric_clbr,89,1.0,1.0,0.0,0.9227950965720401,1.6067415730337078,1.0,0.0034481000029700226,0.03874269666258452,5
breast_cancer,diagnostic benchmark,29,5,1.0,immutable_l2,exact_leaf,89,1.0,1.0,0.0,0.9227950965720401,1.6067415730337078,1.0,0.015659599998798512,0.17595056178425295,5
breast_cancer,diagnostic benchmark,29,5,1.0,immutable_l2,exact_leaf_cached,89,1.0,1.0,0.0,0.9227950965720401,1.6067415730337078,1.0,0.007167700005084043,0.08053595511330386,5
breast_cancer,diagnostic benchmark,29,5,1.0,immutable_l2,native_exact_k_sparse,89,1.0,1.0,0.0,0.9227950965720401,1.6067415730337078,1.0,0.006944799994016648,0.07803146060692863,5
breast_cancer,diagnostic benchmark,29,5,1.0,immutable_l2,clbr_uncached,89,1.0,1.0,0.0,1.1139963654388865,1.5168539325842696,1.0,0.003917800001545402,0.04402022473646519,5
breast_cancer,diagnostic benchmark,29,5,1.0,immutable_top3_l1,nn_positive_train,89,0.14606741573033707,0.14606741573033707,0.0,1.1521777304169807,3.0,1.0,0.0036410999946383527,0.04091123589481295,5
breast_cancer,diagnostic benchmark,29,5,1.0,immutable_top3_l1,leaf_centroid,89,0.056179775280898875,0.056179775280898875,0.0,2.2059301416270376,3.0,1.0,0.007339099998716847,0.08246179773839155,5
breast_cancer,diagnostic benchmark,29,5,1.0,immutable_top3_l1,raw_leaf_projection,89,0.0449438202247191,0.0449438202247191,0.0,0.5296385291181371,1.0,1.0,0.003507600004923006,0.03941123601037085,5
breast_cancer,diagnostic benchmark,29,5,1.0,immutable_top3_l1,clbr,89,0.14606741573033707,0.0449438202247191,0.10112359550561797,0.49617681961422994,2.3846153846153846,1.0,0.009553500000038184,0.10734269662964252,5
breast_cancer,diagnostic benchmark,29,5,1.0,immutable_top3_l1,metric_leaf_projection,89,0.10112359550561797,0.10112359550561797,0.0,0.6878656602811488,1.0,1.0,0.003392100003111409,0.038113483181027065,5
breast_cancer,diagnostic benchmark,29,5,1.0,immutable_top3_l1,metric_clbr,89,0.20224719101123595,0.10112359550561797,0.10112359550561797,0.6594639968108882,2.0,1.0,0.009724899997308967,0.10926853929560637,5
breast_cancer,diagnostic benchmark,29,5,1.0,immutable_top3_l1,exact_leaf,89,0.29213483146067415,0.29213483146067415,0.0,0.8824283697709604,1.1538461538461537,1.0,0.012708699999166129,0.14279438201310257,5
breast_cancer,diagnostic benchmark,29,5,1.0,immutable_top3_l1,exact_leaf_cached,89,0.29213483146067415,0.29213483146067415,0.0,0.8824283697709604,1.1538461538461537,1.0,0.005147599996234931,0.05783820220488686,5
breast_cancer,diagnostic benchmark,29,5,1.0,immutable_top3_l1,native_exact_k_sparse,89,1.0,1.0,0.0,1.1150423430876677,1.595505617977528,1.0,0.007422400001814822,0.08339775282938001,5
breast_cancer,diagnostic benchmark,29,5,1.0,immutable_top3_l1,clbr_uncached,89,0.14606741573033707,0.0449438202247191,0.10112359550561797,0.49617681961422994,2.3846153846153846,1.0,0.010983200004375249,0.12340674162219381,5
breast_cancer,diagnostic benchmark,37,5,0.0,free_l2,nn_positive_train,74,1.0,1.0,0.0,6.939944697628269,29.95945945945946,0.0,0.0033343000077366014,0.045058108212656774,5
breast_cancer,diagnostic benchmark,37,5,0.0,free_l2,leaf_centroid,74,1.0,1.0,0.0,5.9508722741825,30.0,0.0,0.006581300002835633,0.08893648652480585,5
breast_cancer,diagnostic benchmark,37,5,0.0,free_l2,raw_leaf_projection,74,1.0,1.0,0.0,1.3688897743293842,1.135135135135135,1.0,0.0034091000006810646,0.046068918928122496,5
breast_cancer,diagnostic benchmark,37,5,0.0,free_l2,clbr,74,1.0,1.0,0.0,1.3688897743293842,1.135135135135135,1.0,0.003177599998707592,0.04294054052307557,5
breast_cancer,diagnostic benchmark,37,5,0.0,free_l2,metric_leaf_projection,74,1.0,1.0,0.0,0.8461263562089794,1.6891891891891893,1.0,0.0031441999999515247,0.042489189188534116,5
breast_cancer,diagnostic benchmark,37,5,0.0,free_l2,metric_clbr,74,1.0,1.0,0.0,0.8461263562089794,1.6891891891891893,1.0,0.0030318000017359736,0.04097027029372937,5
breast_cancer,diagnostic benchmark,37,5,0.0,free_l2,exact_leaf,74,1.0,1.0,0.0,0.8461263562089794,1.6891891891891893,1.0,0.014668400001028203,0.19822162163551627,5
breast_cancer,diagnostic benchmark,37,5,0.0,free_l2,exact_leaf_cached,74,1.0,1.0,0.0,0.8461263562089794,1.6891891891891893,1.0,0.006801300001825439,0.09190945948412756,5
breast_cancer,diagnostic benchmark,37,5,0.0,free_l2,native_exact_k_sparse,74,1.0,1.0,0.0,0.8461263562089794,1.6891891891891893,1.0,0.00619720000304369,0.0837459459870769,5
breast_cancer,diagnostic benchmark,37,5,0.0,free_l2,clbr_uncached,74,1.0,1.0,0.0,1.3688897743293842,1.135135135135135,1.0,0.00354670000342594,0.047928378424674865,5
breast_cancer,diagnostic benchmark,37,5,0.0,immutable_l2,nn_positive_train,74,0.4189189189189189,0.4189189189189189,0.0,6.318209455626799,27.0,0.0,0.0030709000038768863,0.041498648701039004,5
breast_cancer,diagnostic benchmark,37,5,0.0,immutable_l2,leaf_centroid,74,0.25675675675675674,0.25675675675675674,0.0,6.147601099067096,27.0,0.0,0.005999700001666497,0.08107702704954725,5
breast_cancer,diagnostic benchmark,37,5,0.0,immutable_l2,raw_leaf_projection,74,0.28378378378378377,0.28378378378378377,0.0,0.41133346819786015,1.4761904761904763,1.0,0.003036699997210235,0.041036486448786956,5
breast_cancer,diagnostic benchmark,37,5,0.0,immutable_l2,clbr,74,0.4189189189189189,0.28378378378378377,0.13513513513513514,2.139085763856437,9.709677419354838,0.6774193548387096,0.007669800002076954,0.10364594597401289,5
breast_cancer,diagnostic benchmark,37,5,0.0,immutable_l2,metric_leaf_projection,74,0.7567567567567568,0.7567567567567568,0.0,0.7712114160286453,1.9107142857142858,1.0,0.002839600001607323,0.038372972994693555,5
breast_cancer,diagnostic benchmark,37,5,0.0,immutable_l2,metric_clbr,74,0.7837837837837838,0.7567567567567568,0.02702702702702703,1.0513390264538214,2.7758620689655173,0.9655172413793104,0.004663599996092671,0.06302162156881988,5
breast_cancer,diagnostic benchmark,37,5,0.0,immutable_l2,exact_leaf,74,1.0,1.0,0.0,1.074615378615568,2.0945945945945947,1.0,0.013172900000427035,0.1780121621679329,5
breast_cancer,diagnostic benchmark,37,5,0.0,immutable_l2,exact_leaf_cached,74,1.0,1.0,0.0,1.074615378615568,2.0945945945945947,1.0,0.006266599994887656,0.08468378371469805,5
breast_cancer,diagnostic benchmark,37,5,0.0,immutable_l2,native_exact_k_sparse,74,1.0,1.0,0.0,1.074615378615568,2.0945945945945947,1.0,0.00783300000239251,0.10585135138368255,5
breast_cancer,diagnostic benchmark,37,5,0.0,immutable_l2,clbr_uncached,74,0.4189189189189189,0.28378378378378377,0.13513513513513514,2.139085763856437,9.709677419354838,0.6774193548387096,0.00855779999983497,0.1156459459437158,5
breast_cancer,diagnostic benchmark,37,5,0.0,immutable_top3_l1,nn_positive_train,74,0.05405405405405406,0.05405405405405406,0.0,0.9363684460709634,3.0,1.0,0.0031613999972250895,0.04272162158412283,5
breast_cancer,diagnostic benchmark,37,5,0.0,immutable_top3_l1,leaf_centroid,74,0.04054054054054054,0.04054054054054054,0.0,1.4930259022134862,3.0,1.0,0.0062019999995754915,0.08381081080507422,5
breast_cancer,diagnostic benchmark,37,5,0.0,immutable_top3_l1,raw_leaf_projection,74,0.02702702702702703,0.02702702702702703,0.0,0.025463063182036966,1.0,1.0,0.002892199997404532,0.03908378374870989,5
breast_cancer,diagnostic benchmark,37,5,0.0,immutable_top3_l1,clbr,74,0.05405405405405406,0.02702702702702703,0.02702702702702703,0.2729236090256576,2.0,1.0,0.006906100001287996,0.09332567569308102,5
breast_cancer,diagnostic benchmark,37,5,0.0,immutable_top3_l1,metric_leaf_projection,74,0.06756756756756757,0.06756756756756757,0.0,0.25313330469709816,1.0,1.0,0.002749499999481486,0.03715540539839846,5
breast_cancer,diagnostic benchmark,37,5,0.0,immutable_top3_l1,metric_clbr,74,0.06756756756756757,0.06756756756756757,0.0,0.25313330469709816,1.0,1.0,0.006335400001262315,0.08561351353057182,5
breast_cancer,diagnostic benchmark,37,5,0.0,immutable_top3_l1,exact_leaf,74,0.06756756756756757,0.06756756756756757,0.0,0.25313330469709816,1.0,1.0,0.010414099996523873,0.1407310810341064,5
breast_cancer,diagnostic benchmark,37,5,0.0,immutable_top3_l1,exact_leaf_cached,74,0.06756756756756757,0.06756756756756757,0.0,0.25313330469709816,1.0,1.0,0.004019100001642073,0.054312162184352336,5
breast_cancer,diagnostic benchmark,37,5,0.0,immutable_top3_l1,native_exact_k_sparse,74,1.0,1.0,0.0,1.4559743424284664,2.0945945945945947,1.0,0.007093200002600497,0.09585405408919591,5
breast_cancer,diagnostic benchmark,37,5,0.0,immutable_top3_l1,clbr_uncached,74,0.05405405405405406,0.02702702702702703,0.02702702702702703,0.2729236090256576,2.0,1.0,0.007779300001857337,0.10512567570077481,5
breast_cancer,diagnostic benchmark,37,5,1.0,free_l2,nn_positive_train,78,1.0,1.0,0.0,7.3657939858146575,29.974358974358974,0.0,0.0031159000009211013,0.03994743590924489,5
breast_cancer,diagnostic benchmark,37,5,1.0,free_l2,leaf_centroid,78,1.0,1.0,0.0,6.509650471447076,30.0,0.0,0.005849000003763649,0.0749871795354314,5
breast_cancer,diagnostic benchmark,37,5,1.0,free_l2,raw_leaf_projection,78,1.0,1.0,0.0,1.8472990955600908,1.1666666666666667,1.0,0.003000499998051964,0.0384679486929739,5
breast_cancer,diagnostic benchmark,37,5,1.0,free_l2,clbr,78,1.0,1.0,0.0,1.8472990955600908,1.1666666666666667,1.0,0.002969600001051731,0.0380717948852786,5
breast_cancer,diagnostic benchmark,37,5,1.0,free_l2,metric_leaf_projection,78,1.0,1.0,0.0,0.9767002336877306,1.9230769230769231,1.0,0.0029758999990008306,0.03815256408975424,5
breast_cancer,diagnostic benchmark,37,5,1.0,free_l2,metric_clbr,78,1.0,1.0,0.0,0.9767002336877306,1.9230769230769231,1.0,0.0028885999954582076,0.037033333275105225,5
breast_cancer,diagnostic benchmark,37,5,1.0,free_l2,exact_leaf,78,1.0,1.0,0.0,0.9767002336877306,1.9230769230769231,1.0,0.013126200004080602,0.1682846154369308,5
breast_cancer,diagnostic benchmark,37,5,1.0,free_l2,exact_leaf_cached,78,1.0,1.0,0.0,0.9767002336877306,1.9230769230769231,1.0,0.005925400000705849,0.07596666667571601,5
breast_cancer,diagnostic benchmark,37,5,1.0,free_l2,native_exact_k_sparse,78,1.0,1.0,0.0,0.9767002336877306,1.9230769230769231,1.0,0.005910900001254049,0.07578076924684678,5
breast_cancer,diagnostic benchmark,37,5,1.0,free_l2,clbr_uncached,78,1.0,1.0,0.0,1.8472990955600908,1.1666666666666667,1.0,0.003431499997532228,0.04399358971195164,5
breast_cancer,diagnostic benchmark,37,5,1.0,immutable_l2,nn_positive_train,78,0.44871794871794873,0.44871794871794873,0.0,6.221427957914235,27.0,0.0,0.0033670000002530287,0.043166666669910626,5
breast_cancer,diagnostic benchmark,37,5,1.0,immutable_l2,leaf_centroid,78,0.24358974358974358,0.24358974358974358,0.0,6.147601099067096,27.0,0.0,0.00641419999737991,0.08223333329974244,5
breast_cancer,diagnostic benchmark,37,5,1.0,immutable_l2,raw_leaf_projection,78,0.358974358974359,0.358974358974359,0.0,0.4042261286044572,1.4642857142857142,1.0,0.003080499999668973,0.03949358973934581,5
breast_cancer,diagnostic benchmark,37,5,1.0,immutable_l2,clbr,78,0.46153846153846156,0.358974358974359,0.10256410256410256,1.9189816589956894,7.138888888888889,0.7777777777777778,0.007589400000142632,0.09730000000182862,5
breast_cancer,diagnostic benchmark,37,5,1.0,immutable_l2,metric_leaf_projection,78,0.8846153846153846,0.8846153846153846,0.0,0.9194787407004693,2.028985507246377,1.0,0.0030148000023473287,0.03865128208137601,5
breast_cancer,diagnostic benchmark,37,5,1.0,immutable_l2,metric_clbr,78,0.9230769230769231,0.8846153846153846,0.038461538461538464,1.1271179024343452,3.0694444444444446,0.9583333333333334,0.004240300001583819,0.05436282053312588,5
breast_cancer,diagnostic benchmark,37,5,1.0,immutable_l2,exact_leaf,78,1.0,1.0,0.0,1.0461099544648702,2.08974358974359,1.0,0.01367690000552102,0.1753448718656541,5
breast_cancer,diagnostic benchmark,37,5,1.0,immutable_l2,exact_leaf_cached,78,1.0,1.0,0.0,1.0461099544648702,2.08974358974359,1.0,0.006496199996945506,0.08328461534545521,5
breast_cancer,diagnostic benchmark,37,5,1.0,immutable_l2,native_exact_k_sparse,78,1.0,1.0,0.0,1.0461099544648702,2.08974358974359,1.0,0.006534499999361287,0.0837756410174524,5
breast_cancer,diagnostic benchmark,37,5,1.0,immutable_l2,clbr_uncached,78,0.46153846153846156,0.358974358974359,0.10256410256410256,1.9189816589956894,7.138888888888889,0.7777777777777778,0.008158499999808555,0.10459615384369943,5
breast_cancer,diagnostic benchmark,37,5,1.0,immutable_top3_l1,nn_positive_train,78,0.0641025641025641,0.0641025641025641,0.0,0.803980202534514,3.0,1.0,0.0038095999998404295,0.048841025638979865,5
breast_cancer,diagnostic benchmark,37,5,1.0,immutable_top3_l1,leaf_centroid,78,0.038461538461538464,0.038461538461538464,0.0,1.4930259022134862,3.0,1.0,0.006029199999829871,0.07729743589525476,5
breast_cancer,diagnostic benchmark,37,5,1.0,immutable_top3_l1,raw_leaf_projection,78,0.05128205128205128,0.05128205128205128,0.0,0.07114692190461785,1.0,1.0,0.0030763999984628754,0.03944102562131892,5
breast_cancer,diagnostic benchmark,37,5,1.0,immutable_top3_l1,clbr,78,0.0641025641025641,0.05128205128205128,0.01282051282051282,0.19873948433451533,1.4,1.0,0.006828000003224588,0.08753846157980241,5
breast_cancer,diagnostic benchmark,37,5,1.0,immutable_top3_l1,metric_leaf_projection,78,0.07692307692307693,0.07692307692307693,0.0,0.22167887606558292,1.0,1.0,0.002995400001964299,0.038402564127747424,5
breast_cancer,diagnostic benchmark,37,5,1.0,immutable_top3_l1,metric_clbr,78,0.07692307692307693,0.07692307692307693,0.0,0.22167887606558292,1.0,1.0,0.006361500003549736,0.08155769235320175,5
breast_cancer,diagnostic benchmark,37,5,1.0,immutable_top3_l1,exact_leaf,78,0.07692307692307693,0.07692307692307693,0.0,0.22167887606558292,1.0,1.0,0.010051399998701527,0.12886410254745548,5
breast_cancer,diagnostic benchmark,37,5,1.0,immutable_top3_l1,exact_leaf_cached,78,0.07692307692307693,0.07692307692307693,0.0,0.22167887606558292,1.0,1.0,0.003807800003414741,0.048817948761727445,5
breast_cancer,diagnostic benchmark,37,5,1.0,immutable_top3_l1,native_exact_k_sparse,78,1.0,1.0,0.0,1.4167737649902616,2.08974358974359,1.0,0.0066033999964929535,0.08465897431401223,5
breast_cancer,diagnostic benchmark,37,5,1.0,immutable_top3_l1,clbr_uncached,78,0.0641025641025641,0.05128205128205128,0.01282051282051282,0.19873948433451533,1.4,1.0,0.008615299995653913,0.11045256404684504,5
breast_cancer,diagnostic benchmark,41,5,0.0,free_l2,nn_positive_train,82,1.0,1.0,0.0,6.920309144504344,29.98780487804878,0.0,0.003664199997729156,0.04468536582596532,5
breast_cancer,diagnostic benchmark,41,5,0.0,free_l2,leaf_centroid,82,1.0,1.0,0.0,8.855604896902868,30.0,0.0,0.007164300005570112,0.08736951226305015,5
breast_cancer,diagnostic benchmark,41,5,0.0,free_l2,raw_leaf_projection,82,1.0,1.0,0.0,1.3766992014512507,1.2560975609756098,1.0,0.0038672999980917666,0.04716219509868008,5
breast_cancer,diagnostic benchmark,41,5,0.0,free_l2,clbr,82,1.0,1.0,0.0,1.3766992014512507,1.2560975609756098,1.0,0.003454299990153231,0.04212560963601501,5
breast_cancer,diagnostic benchmark,41,5,0.0,free_l2,metric_leaf_projection,82,1.0,1.0,0.0,1.215227437736161,1.3658536585365855,1.0,0.003485299999738345,0.04250365853339445,5
breast_cancer,diagnostic benchmark,41,5,0.0,free_l2,metric_clbr,82,1.0,1.0,0.0,1.215227437736161,1.3658536585365855,1.0,0.003500599995277298,0.0426902438448451,5
breast_cancer,diagnostic benchmark,41,5,0.0,free_l2,exact_leaf,82,1.0,1.0,0.0,1.215227437736161,1.3658536585365855,1.0,0.017403899999408168,0.2122426829196118,5
breast_cancer,diagnostic benchmark,41,5,0.0,free_l2,exact_leaf_cached,82,1.0,1.0,0.0,1.215227437736161,1.3658536585365855,1.0,0.007495700003346428,0.0914109756505662,5
breast_cancer,diagnostic benchmark,41,5,0.0,free_l2,native_exact_k_sparse,82,1.0,1.0,0.0,1.215227437736161,1.3658536585365855,1.0,0.007771000001412176,0.09476829270014848,5
breast_cancer,diagnostic benchmark,41,5,0.0,free_l2,clbr_uncached,82,1.0,1.0,0.0,1.3766992014512507,1.2560975609756098,1.0,0.0044671999939964735,0.05447804870727407,5
breast_cancer,diagnostic benchmark,41,5,0.0,immutable_l2,nn_positive_train,82,1.0,1.0,0.0,6.589479902655845,26.98780487804878,0.0,0.003531700000166893,0.04306951219715723,5
breast_cancer,diagnostic benchmark,41,5,0.0,immutable_l2,leaf_centroid,82,1.0,1.0,0.0,8.508357440649469,27.0,0.0,0.006670700001450314,0.08135000001768675,5
breast_cancer,diagnostic benchmark,41,5,0.0,immutable_l2,raw_leaf_projection,82,1.0,1.0,0.0,1.3766992014512507,1.2560975609756098,1.0,0.003377599997293146,0.04119024386942861,5
breast_cancer,diagnostic benchmark,41,5,0.0,immutable_l2,clbr,82,1.0,1.0,0.0,1.3766992014512507,1.2560975609756098,1.0,0.003163900006256881,0.03858414641776684,5
breast_cancer,diagnostic benchmark,41,5,0.0,immutable_l2,metric_leaf_projection,82,1.0,1.0,0.0,1.215227437736161,1.3658536585365855,1.0,0.003293499998108018,0.04016463412326851,5
breast_cancer,diagnostic benchmark,41,5,0.0,immutable_l2,metric_clbr,82,1.0,1.0,0.0,1.215227437736161,1.3658536585365855,1.0,0.003303400001641421,0.040285365873675864,5
breast_cancer,diagnostic benchmark,41,5,0.0,immutable_l2,exact_leaf,82,1.0,1.0,0.0,1.215227437736161,1.3658536585365855,1.0,0.01439789999039931,0.17558414622438182,5
breast_cancer,diagnostic benchmark,41,5,0.0,immutable_l2,exact_leaf_cached,82,1.0,1.0,0.0,1.215227437736161,1.3658536585365855,1.0,0.006582000005437294,0.08026829274923529,5
breast_cancer,diagnostic benchmark,41,5,0.0,immutable_l2,native_exact_k_sparse,82,1.0,1.0,0.0,1.215227437736161,1.3658536585365855,1.0,0.006568199998582713,0.08009999998271601,5
breast_cancer,diagnostic benchmark,41,5,0.0,immutable_l2,clbr_uncached,82,1.0,1.0,0.0,1.3766992014512507,1.2560975609756098,1.0,0.004020000002128654,0.049024390269861634,5
breast_cancer,diagnostic benchmark,41,5,0.0,immutable_top3_l1,nn_positive_train,82,0.13414634146341464,0.13414634146341464,0.0,1.306089821592671,3.0,1.0,0.0034811999985322473,0.04245365851868594,5
breast_cancer,diagnostic benchmark,41,5,0.0,immutable_top3_l1,leaf_centroid,82,0.3048780487804878,0.3048780487804878,0.0,2.567230875092703,3.0,1.0,0.006715700004860992,0.08189878054708527,5
breast_cancer,diagnostic benchmark,41,5,0.0,immutable_top3_l1,raw_leaf_projection,82,0.10975609756097561,0.10975609756097561,0.0,1.2217014595270381,1.0,1.0,0.003235599996514793,0.039458536542863326,5
breast_cancer,diagnostic benchmark,41,5,0.0,immutable_top3_l1,clbr,82,0.21951219512195122,0.10975609756097561,0.10975609756097561,1.2016785360253328,2.0,1.0,0.008707299995876383,0.10618658531556564,5
breast_cancer,diagnostic benchmark,41,5,0.0,immutable_top3_l1,metric_leaf_projection,82,0.23170731707317074,0.23170731707317074,0.0,0.6243505942807078,1.0,1.0,0.0037311999976736843,0.04550243899602054,5
breast_cancer,diagnostic benchmark,41,5,0.0,immutable_top3_l1,metric_clbr,82,0.23170731707317074,0.23170731707317074,0.0,0.6243505942807078,1.0,1.0,0.006042200000592857,0.0736853658608885,5
breast_cancer,diagnostic benchmark,41,5,0.0,immutable_top3_l1,exact_leaf,82,0.3048780487804878,0.3048780487804878,0.0,0.6797677987231885,1.0,1.0,0.01206460000412335,0.14712926834296766,5
breast_cancer,diagnostic benchmark,41,5,0.0,immutable_top3_l1,exact_leaf_cached,82,0.3048780487804878,0.3048780487804878,0.0,0.6797677987231885,1.0,1.0,0.004552299994429632,0.05551585359060526,5
breast_cancer,diagnostic benchmark,41,5,0.0,immutable_top3_l1,native_exact_k_sparse,82,1.0,1.0,0.0,1.2553402112017733,1.1341463414634145,1.0,0.0067210000024715555,0.08196341466428726,5
breast_cancer,diagnostic benchmark,41,5,0.0,immutable_top3_l1,clbr_uncached,82,0.21951219512195122,0.10975609756097561,0.10975609756097561,1.2016785360253328,2.0,1.0,0.010046400004284806,0.12251707322298544,5
breast_cancer,diagnostic benchmark,41,5,1.0,free_l2,nn_positive_train,82,1.0,1.0,0.0,7.459152080398528,29.98780487804878,0.0,0.003534999995281396,0.043109756040017023,5
breast_cancer,diagnostic benchmark,41,5,1.0,free_l2,leaf_centroid,82,1.0,1.0,0.0,9.276842711972655,30.0,0.0,0.006678899996586551,0.08144999995837258,5
breast_cancer,diagnostic benchmark,41,5,1.0,free_l2,raw_leaf_projection,82,1.0,1.0,0.0,1.3766992014512507,1.2560975609756098,1.0,0.003291299998636532,0.04013780486142112,5
breast_cancer,diagnostic benchmark,41,5,1.0,free_l2,clbr,82,1.0,1.0,0.0,1.3766992014512507,1.2560975609756098,1.0,0.0032450999997308827,0.03957439024062052,5
breast_cancer,diagnostic benchmark,41,5,1.0,free_l2,metric_leaf_projection,82,1.0,1.0,0.0,1.215227437736161,1.3658536585365855,1.0,0.0031559000026391004,0.03848658539803781,5
breast_cancer,diagnostic benchmark,41,5,1.0,free_l2,metric_clbr,82,1.0,1.0,0.0,1.215227437736161,1.3658536585365855,1.0,0.0031230000058712903,0.038085365925259636,5
breast_cancer,diagnostic benchmark,41,5,1.0,free_l2,exact_leaf,82,1.0,1.0,0.0,1.215227437736161,1.3658536585365855,1.0,0.015066500001012173,0.18373780489039235,5
breast_cancer,diagnostic benchmark,41,5,1.0,free_l2,exact_leaf_cached,82,1.0,1.0,0.0,1.215227437736161,1.3658536585365855,1.0,0.007285899998350942,0.08885243900427978,5
breast_cancer,diagnostic benchmark,41,5,1.0,free_l2,native_exact_k_sparse,82,1.0,1.0,0.0,1.215227437736161,1.3658536585365855,1.0,0.007083700001203397,0.08638658538052923,5
breast_cancer,diagnostic benchmark,41,5,1.0,free_l2,clbr_uncached,82,1.0,1.0,0.0,1.3766992014512507,1.2560975609756098,1.0,0.004305799998292059,0.05250975607673243,5
breast_cancer,diagnostic benchmark,41,5,1.0,immutable_l2,nn_positive_train,82,1.0,1.0,0.0,6.588653437004128,26.98780487804878,0.0,0.003317699992294365,0.040459756003589815,5
breast_cancer,diagnostic benchmark,41,5,1.0,immutable_l2,leaf_centroid,82,1.0,1.0,0.0,8.508357440649469,27.0,0.0,0.006531799992444576,0.07965609746883628,5
breast_cancer,diagnostic benchmark,41,5,1.0,immutable_l2,raw_leaf_projection,82,1.0,1.0,0.0,1.3766992014512507,1.2560975609756098,1.0,0.003347500000927539,0.04082317074301877,5
breast_cancer,diagnostic benchmark,41,5,1.0,immutable_l2,clbr,82,1.0,1.0,0.0,1.3766992014512507,1.2560975609756098,1.0,0.0031088000041563646,0.037912195172638594,5
breast_cancer,diagnostic benchmark,41,5,1.0,immutable_l2,metric_leaf_projection,82,1.0,1.0,0.0,1.215227437736161,1.3658536585365855,1.0,0.003058799999053008,0.03730243901284156,5
breast_cancer,diagnostic benchmark,41,5,1.0,immutable_l2,metric_clbr,82,1.0,1.0,0.0,1.215227437736161,1.3658536585365855,1.0,0.0031667000002926216,0.03861829268649539,5
breast_cancer,diagnostic benchmark,41,5,1.0,immutable_l2,exact_leaf,82,1.0,1.0,0.0,1.215227437736161,1.3658536585365855,1.0,0.013974600000437931,0.17042195122485282,5
breast_cancer,diagnostic benchmark,41,5,1.0,immutable_l2,exact_leaf_cached,82,1.0,1.0,0.0,1.215227437736161,1.3658536585365855,1.0,0.006640999999945052,0.08098780487737868,5
breast_cancer,diagnostic benchmark,41,5,1.0,immutable_l2,native_exact_k_sparse,82,1.0,1.0,0.0,1.215227437736161,1.3658536585365855,1.0,0.006589600003280793,0.08036097564976577,5
breast_cancer,diagnostic benchmark,41,5,1.0,immutable_l2,clbr_uncached,82,1.0,1.0,0.0,1.3766992014512507,1.2560975609756098,1.0,0.0037110999937794986,0.04525731699731096,5
breast_cancer,diagnostic benchmark,41,5,1.0,immutable_top3_l1,nn_positive_train,82,0.13414634146341464,0.13414634146341464,0.0,1.306089821592671,3.0,1.0,0.004228499996315804,0.05156707312580249,5
breast_cancer,diagnostic benchmark,41,5,1.0,immutable_top3_l1,leaf_centroid,82,0.3048780487804878,0.3048780487804878,0.0,2.567230875092703,3.0,1.0,0.007768400003442366,0.09473658540783374,5
breast_cancer,diagnostic benchmark,41,5,1.0,immutable_top3_l1,raw_leaf_projection,82,0.10975609756097561,0.10975609756097561,0.0,1.2217014595270381,1.0,1.0,0.003849199999422126,0.046941463407586904,5
breast_cancer,diagnostic benchmark,41,5,1.0,immutable_top3_l1,clbr,82,0.21951219512195122,0.10975609756097561,0.10975609756097561,1.2016785360253328,2.0,1.0,0.01090540000313922,0.13299268296511244,5
breast_cancer,diagnostic benchmark,41,5,1.0,immutable_top3_l1,metric_leaf_projection,82,0.23170731707317074,0.23170731707317074,0.0,0.6243505942807078,1.0,1.0,0.003601500002332614,0.04392073173576358,5
breast_cancer,diagnostic benchmark,41,5,1.0,immutable_top3_l1,metric_clbr,82,0.23170731707317074,0.23170731707317074,0.0,0.6243505942807078,1.0,1.0,0.0072407999950883095,0.08830243896449158,5
breast_cancer,diagnostic benchmark,41,5,1.0,immutable_top3_l1,exact_leaf,82,0.3048780487804878,0.3048780487804878,0.0,0.6797677987231885,1.0,1.0,0.01323929999853135,0.16145487803087014,5
breast_cancer,diagnostic benchmark,41,5,1.0,immutable_top3_l1,exact_leaf_cached,82,0.3048780487804878,0.3048780487804878,0.0,0.6797677987231885,1.0,1.0,0.006229000000530505,0.07596341464061591,5
breast_cancer,diagnostic benchmark,41,5,1.0,immutable_top3_l1,native_exact_k_sparse,82,1.0,1.0,0.0,1.2553402112017733,1.1341463414634145,1.0,0.008606600001257902,0.10495853660070613,5
breast_cancer,diagnostic benchmark,41,5,1.0,immutable_top3_l1,clbr_uncached,82,0.21951219512195122,0.10975609756097561,0.10975609756097561,1.2016785360253328,2.0,1.0,0.012784099997588783,0.15590365850718027,5
breast_cancer,diagnostic benchmark,53,5,0.0,free_l2,nn_positive_train,83,1.0,1.0,0.0,8.01851058752799,30.0,0.0,0.003372499997567502,0.04063253009117472,4
breast_cancer,diagnostic benchmark,53,5,0.0,free_l2,leaf_centroid,83,1.0,1.0,0.0,6.712391281926428,30.0,0.0,0.006086400000640424,0.07333012048964366,4
breast_cancer,diagnostic benchmark,53,5,0.0,free_l2,raw_leaf_projection,83,1.0,1.0,0.0,1.4115016124092123,1.6265060240963856,1.0,0.0033824000020103995,0.040751807253137345,4
breast_cancer,diagnostic benchmark,53,5,0.0,free_l2,clbr,83,1.0,1.0,0.0,1.4115016124092123,1.6265060240963856,1.0,0.0030666000002383953,0.03694698795467946,4
breast_cancer,diagnostic benchmark,53,5,0.0,free_l2,metric_leaf_projection,83,1.0,1.0,0.0,0.9629099752767167,1.8433734939759037,1.0,0.0031411999980264227,0.03784578310875208,4
breast_cancer,diagnostic benchmark,53,5,0.0,free_l2,metric_clbr,83,1.0,1.0,0.0,0.9629099752767167,1.8433734939759037,1.0,0.0030972000013207435,0.03731566266651498,4
breast_cancer,diagnostic benchmark,53,5,0.0,free_l2,exact_leaf,83,1.0,1.0,0.0,0.9629099752767167,1.8433734939759037,1.0,0.011987600008978916,0.1444289157708303,4
breast_cancer,diagnostic benchmark,53,5,0.0,free_l2,exact_leaf_cached,83,1.0,1.0,0.0,0.9629099752767167,1.8433734939759037,1.0,0.0065743999930418795,0.07920963847038409,4
breast_cancer,diagnostic benchmark,53,5,0.0,free_l2,native_exact_k_sparse,83,1.0,1.0,0.0,0.9629099752767167,1.8433734939759037,1.0,0.006706399992253864,0.08079999990667307,4
breast_cancer,diagnostic benchmark,53,5,0.0,free_l2,clbr_uncached,83,1.0,1.0,0.0,1.4115016124092123,1.6265060240963856,1.0,0.003666999999040854,0.04418072288001029,4
breast_cancer,diagnostic benchmark,53,5,0.0,immutable_l2,nn_positive_train,83,1.0,1.0,0.0,7.77715249256192,27.0,0.0,0.0033317999996143044,0.04014216867005186,4
breast_cancer,diagnostic benchmark,53,5,0.0,immutable_l2,leaf_centroid,83,1.0,1.0,0.0,6.428521495651417,27.0,0.0,0.006414399999812304,0.07728192770858197,4
breast_cancer,diagnostic benchmark,53,5,0.0,immutable_l2,raw_leaf_projection,83,1.0,1.0,0.0,1.4115016124092123,1.6265060240963856,1.0,0.0032944999966275645,0.039692771043705596,4
breast_cancer,diagnostic benchmark,53,5,0.0,immutable_l2,clbr,83,1.0,1.0,0.0,1.4115016124092123,1.6265060240963856,1.0,0.0031110999998418265,0.03748313252821478,4
breast_cancer,diagnostic benchmark,53,5,0.0,immutable_l2,metric_leaf_projection,83,1.0,1.0,0.0,0.9629099752767167,1.8433734939759037,1.0,0.0032182000013563083,0.03877349399224468,4
breast_cancer,diagnostic benchmark,53,5,0.0,immutable_l2,metric_clbr,83,1.0,1.0,0.0,0.9629099752767167,1.8433734939759037,1.0,0.0031004999991637305,0.037355421676671455,4
breast_cancer,diagnostic benchmark,53,5,0.0,immutable_l2,exact_leaf,83,1.0,1.0,0.0,0.9629099752767167,1.8433734939759037,1.0,0.011986999991677294,0.1444216866467144,4
breast_cancer,diagnostic benchmark,53,5,0.0,immutable_l2,exact_leaf_cached,83,1.0,1.0,0.0,0.9629099752767167,1.8433734939759037,1.0,0.006687199997941207,0.08056867467399044,4
breast_cancer,diagnostic benchmark,53,5,0.0,immutable_l2,native_exact_k_sparse,83,1.0,1.0,0.0,0.9629099752767167,1.8433734939759037,1.0,0.006406800000149815,0.07719036144758813,4
breast_cancer,diagnostic benchmark,53,5,0.0,immutable_l2,clbr_uncached,83,1.0,1.0,0.0,1.4115016124092123,1.6265060240963856,1.0,0.0035142999959134613,0.04234096380618628,4
breast_cancer,diagnostic benchmark,53,5,0.0,immutable_top3_l1,nn_positive_train,83,0.12048192771084337,0.12048192771084337,0.0,1.2022110117397304,3.0,1.0,0.0033283000002484187,0.040100000002993,4
breast_cancer,diagnostic benchmark,53,5,0.0,immutable_top3_l1,leaf_centroid,83,0.10843373493975904,0.10843373493975904,0.0,1.4652629997357078,3.0,1.0,0.006130499995379068,0.07386144572745866,4
breast_cancer,diagnostic benchmark,53,5,0.0,immutable_top3_l1,raw_leaf_projection,83,0.03614457831325301,0.03614457831325301,0.0,0.9905143326381928,1.0,1.0,0.0031832999948164797,0.03835301198574072,4
breast_cancer,diagnostic benchmark,53,5,0.0,immutable_top3_l1,clbr,83,0.12048192771084337,0.03614457831325301,0.08433734939759036,0.7350961292414823,2.4,1.0,0.008784899993770523,0.10584216859964486,4
breast_cancer,diagnostic benchmark,53,5,0.0,immutable_top3_l1,metric_leaf_projection,83,0.13253012048192772,0.13253012048192772,0.0,0.2600699310552267,1.0909090909090908,1.0,0.0029906999925515265,0.036032530030741285,4
breast_cancer,diagnostic benchmark,53,5,0.0,immutable_top3_l1,metric_clbr,83,0.1686746987951807,0.13253012048192772,0.03614457831325301,0.6205389211323721,1.5,1.0,0.007108500009053387,0.08564457842232996,4
breast_cancer,diagnostic benchmark,53,5,0.0,immutable_top3_l1,exact_leaf,83,0.1927710843373494,0.1927710843373494,0.0,0.7510668101888041,1.0625,1.0,0.00953890000073443,0.11492650603294494,4
breast_cancer,diagnostic benchmark,53,5,0.0,immutable_top3_l1,exact_leaf_cached,83,0.1927710843373494,0.1927710843373494,0.0,0.7510668101888041,1.0625,1.0,0.0039872999986982904,0.04803975902046133,4
breast_cancer,diagnostic benchmark,53,5,0.0,immutable_top3_l1,native_exact_k_sparse,83,1.0,1.0,0.0,1.2691233911689994,1.7951807228915662,1.0,0.00698480000210111,0.08415421689278446,4
breast_cancer,diagnostic benchmark,53,5,0.0,immutable_top3_l1,clbr_uncached,83,0.12048192771084337,0.03614457831325301,0.08433734939759036,0.7350961292414823,2.4,1.0,0.009499500004494621,0.11445180728306772,4
breast_cancer,diagnostic benchmark,53,5,1.0,free_l2,nn_positive_train,83,1.0,1.0,0.0,8.444203667944352,30.0,0.0,0.0034135999985664967,0.04112771082610237,4
breast_cancer,diagnostic benchmark,53,5,1.0,free_l2,leaf_centroid,83,1.0,1.0,0.0,7.279223963656215,30.0,0.0,0.0065380000005461625,0.07877108434392967,4
breast_cancer,diagnostic benchmark,53,5,1.0,free_l2,raw_leaf_projection,83,1.0,1.0,0.0,1.4115016124092123,1.6265060240963856,1.0,0.0034243999998579966,0.04125783132359032,4
breast_cancer,diagnostic benchmark,53,5,1.0,free_l2,clbr,83,1.0,1.0,0.0,1.4115016124092123,1.6265060240963856,1.0,0.003223399998205423,0.03883614455669184,4
breast_cancer,diagnostic benchmark,53,5,1.0,free_l2,metric_leaf_projection,83,1.0,1.0,0.0,0.9629099752767167,1.8433734939759037,1.0,0.0034125000011044904,0.04111445784463241,4
breast_cancer,diagnostic benchmark,53,5,1.0,free_l2,metric_clbr,83,1.0,1.0,0.0,0.9629099752767167,1.8433734939759037,1.0,0.0032843999997567153,0.039571084334418256,4
breast_cancer,diagnostic benchmark,53,5,1.0,free_l2,exact_leaf,83,1.0,1.0,0.0,0.9629099752767167,1.8433734939759037,1.0,0.012562900005832489,0.15136024103412637,4
breast_cancer,diagnostic benchmark,53,5,1.0,free_l2,exact_leaf_cached,83,1.0,1.0,0.0,0.9629099752767167,1.8433734939759037,1.0,0.007958799995321897,0.09588915657014334,4
breast_cancer,diagnostic benchmark,53,5,1.0,free_l2,native_exact_k_sparse,83,1.0,1.0,0.0,0.9629099752767167,1.8433734939759037,1.0,0.006532200003675825,0.07870120486356416,4
breast_cancer,diagnostic benchmark,53,5,1.0,free_l2,clbr_uncached,83,1.0,1.0,0.0,1.4115016124092123,1.6265060240963856,1.0,0.003796900000452297,0.04574578313797948,4
breast_cancer,diagnostic benchmark,53,5,1.0,immutable_l2,nn_positive_train,83,1.0,1.0,0.0,7.77715249256192,27.0,0.0,0.0033503999966342235,0.04036626501968944,4
breast_cancer,diagnostic benchmark,53,5,1.0,immutable_l2,leaf_centroid,83,1.0,1.0,0.0,6.428521495651417,27.0,0.0,0.007499999997889972,0.0903614457577105,4
breast_cancer,diagnostic benchmark,53,5,1.0,immutable_l2,raw_leaf_projection,83,1.0,1.0,0.0,1.4115016124092123,1.6265060240963856,1.0,0.003264900002250215,0.03933614460542428,4
breast_cancer,diagnostic benchmark,53,5,1.0,immutable_l2,clbr,83,1.0,1.0,0.0,1.4115016124092123,1.6265060240963856,1.0,0.003113099997790414,0.03750722888904113,4
breast_cancer,diagnostic benchmark,53,5,1.0,immutable_l2,metric_leaf_projection,83,1.0,1.0,0.0,0.9629099752767167,1.8433734939759037,1.0,0.003632100000686478,0.04376024097212624,4
breast_cancer,diagnostic benchmark,53,5,1.0,immutable_l2,metric_clbr,83,1.0,1.0,0.0,0.9629099752767167,1.8433734939759037,1.0,0.003523499996845203,0.04245180719090606,4
breast_cancer,diagnostic benchmark,53,5,1.0,immutable_l2,exact_leaf,83,1.0,1.0,0.0,0.9629099752767167,1.8433734939759037,1.0,0.012899400000605965,0.1554144578386261,4
breast_cancer,diagnostic benchmark,53,5,1.0,immutable_l2,exact_leaf_cached,83,1.0,1.0,0.0,0.9629099752767167,1.8433734939759037,1.0,0.006771999994271027,0.08159036137675936,4
breast_cancer,diagnostic benchmark,53,5,1.0,immutable_l2,native_exact_k_sparse,83,1.0,1.0,0.0,0.9629099752767167,1.8433734939759037,1.0,0.006944599997041223,0.08366987948242438,4
breast_cancer,diagnostic benchmark,53,5,1.0,immutable_l2,clbr_uncached,83,1.0,1.0,0.0,1.4115016124092123,1.6265060240963856,1.0,0.003640200001427729,0.04385783134250276,4
breast_cancer,diagnostic benchmark,53,5,1.0,immutable_top3_l1,nn_positive_train,83,0.12048192771084337,0.12048192771084337,0.0,1.2022110117397304,3.0,1.0,0.004587899997204659,0.055275903580779016,4
breast_cancer,diagnostic benchmark,53,5,1.0,immutable_top3_l1,leaf_centroid,83,0.10843373493975904,0.10843373493975904,0.0,1.4652629997357078,3.0,1.0,0.006668000005447539,0.08033734946322335,4
breast_cancer,diagnostic benchmark,53,5,1.0,immutable_top3_l1,raw_leaf_projection,83,0.03614457831325301,0.03614457831325301,0.0,0.9905143326381928,1.0,1.0,0.0035448999915388413,0.0427096384522752,4
breast_cancer,diagnostic benchmark,53,5,1.0,immutable_top3_l1,clbr,83,0.12048192771084337,0.03614457831325301,0.08433734939759036,0.7350961292414823,2.4,1.0,0.010370499999226013,0.12494578312320498,4
breast_cancer,diagnostic benchmark,53,5,1.0,immutable_top3_l1,metric_leaf_projection,83,0.13253012048192772,0.13253012048192772,0.0,0.2600699310552267,1.0909090909090908,1.0,0.0039442999977836735,0.04752168672028522,4
breast_cancer,diagnostic benchmark,53,5,1.0,immutable_top3_l1,metric_clbr,83,0.1686746987951807,0.13253012048192772,0.03614457831325301,0.6205389211323721,1.5,1.0,0.008346700000402052,0.10056265060725364,4
breast_cancer,diagnostic benchmark,53,5,1.0,immutable_top3_l1,exact_leaf,83,0.1927710843373494,0.1927710843373494,0.0,0.7510668101888041,1.0625,1.0,0.010898900003667222,0.1313120482369545,4
breast_cancer,diagnostic benchmark,53,5,1.0,immutable_top3_l1,exact_leaf_cached,83,0.1927710843373494,0.1927710843373494,0.0,0.7510668101888041,1.0625,1.0,0.004909300000690564,0.059148192779404384,4
breast_cancer,diagnostic benchmark,53,5,1.0,immutable_top3_l1,native_exact_k_sparse,83,1.0,1.0,0.0,1.2691233911689994,1.7951807228915662,1.0,0.007241899998007284,0.08725180720490704,4
breast_cancer,diagnostic benchmark,53,5,1.0,immutable_top3_l1,clbr_uncached,83,0.12048192771084337,0.03614457831325301,0.08433734939759036,0.7350961292414823,2.4,1.0,0.010865699998248601,0.1309120481716699,4
breast_cancer,diagnostic benchmark,61,5,0.0,free_l2,nn_positive_train,77,1.0,1.0,0.0,6.936075482517889,29.974025974025974,0.0,0.0032868999978745705,0.042687012959410006,6
breast_cancer,diagnostic benchmark,61,5,0.0,free_l2,leaf_centroid,77,1.0,1.0,0.0,6.040085787925656,30.0,0.0,0.007673099998100952,0.09965064932598638,6
breast_cancer,diagnostic benchmark,61,5,0.0,free_l2,raw_leaf_projection,77,1.0,1.0,0.0,1.2199964739626874,1.6233766233766234,1.0,0.0033213999995496124,0.04313506492921575,6
breast_cancer,diagnostic benchmark,61,5,0.0,free_l2,clbr,77,1.0,1.0,0.0,1.2199964739626874,1.6233766233766234,1.0,0.003168499997627805,0.04114935061854292,6
breast_cancer,diagnostic benchmark,61,5,0.0,free_l2,metric_leaf_projection,77,1.0,1.0,0.0,0.8936025707399937,1.3116883116883118,1.0,0.0030628999966211268,0.03977792203404061,6
breast_cancer,diagnostic benchmark,61,5,0.0,free_l2,metric_clbr,77,1.0,1.0,0.0,0.8936025707399937,1.3116883116883118,1.0,0.0031574000022374094,0.04100519483425207,6
breast_cancer,diagnostic benchmark,61,5,0.0,free_l2,exact_leaf,77,1.0,1.0,0.0,0.8936025707399937,1.3116883116883118,1.0,0.01595860000452376,0.20725454551329558,6
breast_cancer,diagnostic benchmark,61,5,0.0,free_l2,exact_leaf_cached,77,1.0,1.0,0.0,0.8936025707399937,1.3116883116883118,1.0,0.0066093000014006975,0.08583506495325581,6
breast_cancer,diagnostic benchmark,61,5,0.0,free_l2,native_exact_k_sparse,77,1.0,1.0,0.0,0.8936025707399937,1.3116883116883118,1.0,0.0062672000012753415,0.08139220780877067,6
breast_cancer,diagnostic benchmark,61,5,0.0,free_l2,clbr_uncached,77,1.0,1.0,0.0,1.2199964739626874,1.6233766233766234,1.0,0.004063700002916448,0.05277532471320063,6
breast_cancer,diagnostic benchmark,61,5,0.0,immutable_l2,nn_positive_train,77,0.5974025974025974,0.5974025974025974,0.0,5.17775991894353,26.97826086956522,0.0,0.0033795000044847257,0.04388961044785358,6
breast_cancer,diagnostic benchmark,61,5,0.0,immutable_l2,leaf_centroid,77,0.948051948051948,0.948051948051948,0.0,5.801835336894756,27.0,0.0,0.006729900001118949,0.08740129871583051,6
breast_cancer,diagnostic benchmark,61,5,0.0,immutable_l2,raw_leaf_projection,77,1.0,1.0,0.0,1.2199964739626874,1.6233766233766234,1.0,0.0033778000015445286,0.04386753248759128,6
breast_cancer,diagnostic benchmark,61,5,0.0,immutable_l2,clbr,77,1.0,1.0,0.0,1.2199964739626874,1.6233766233766234,1.0,0.003020800005288038,0.03923116889984465,6
breast_cancer,diagnostic benchmark,61,5,0.0,immutable_l2,metric_leaf_projection,77,0.948051948051948,0.948051948051948,0.0,0.8246573677142739,1.2191780821917808,1.0,0.0030775999921388575,0.03996883106673841,6
breast_cancer,diagnostic benchmark,61,5,0.0,immutable_l2,metric_clbr,77,0.948051948051948,0.948051948051948,0.0,0.8246573677142739,1.2191780821917808,1.0,0.003977799992753717,0.051659740165632684,6
breast_cancer,diagnostic benchmark,61,5,0.0,immutable_l2,exact_leaf,77,1.0,1.0,0.0,0.8975472963137153,1.2077922077922079,1.0,0.016575399995417683,0.21526493500542446,6
breast_cancer,diagnostic benchmark,61,5,0.0,immutable_l2,exact_leaf_cached,77,1.0,1.0,0.0,0.8975472963137153,1.2077922077922079,1.0,0.006619800001317344,0.08597142858853693,6
breast_cancer,diagnostic benchmark,61,5,0.0,immutable_l2,native_exact_k_sparse,77,1.0,1.0,0.0,0.8975472963137153,1.2077922077922079,1.0,0.006216200008566375,0.08072987024112176,6
breast_cancer,diagnostic benchmark,61,5,0.0,immutable_l2,clbr_uncached,77,1.0,1.0,0.0,1.2199964739626874,1.6233766233766234,1.0,0.0038359000045602443,0.049816883176107066,6
breast_cancer,diagnostic benchmark,61,5,0.0,immutable_top3_l1,nn_positive_train,77,0.06493506493506493,0.06493506493506493,0.0,0.5716861891592242,3.0,1.0,0.003393299997696886,0.04406883113892059,6
breast_cancer,diagnostic benchmark,61,5,0.0,immutable_top3_l1,leaf_centroid,77,0.8311688311688312,0.8311688311688312,0.0,3.904146113781921,3.0,1.0,0.007423900002322625,0.09641428574444968,6
breast_cancer,diagnostic benchmark,61,5,0.0,immutable_top3_l1,raw_leaf_projection,77,0.025974025974025976,0.025974025974025976,0.0,0.2553234452751542,1.0,1.0,0.003461700004663726,0.044957142917710725,6
breast_cancer,diagnostic benchmark,61,5,0.0,immutable_top3_l1,clbr,77,0.06493506493506493,0.025974025974025976,0.03896103896103896,0.3191103100869729,2.2,1.0,0.007839099996090226,0.10180649345571723,6
breast_cancer,diagnostic benchmark,61,5,0.0,immutable_top3_l1,metric_leaf_projection,77,0.5714285714285714,0.5714285714285714,0.0,1.0741313433895898,1.0,1.0,0.0030828000026303926,0.04003636367052458,6
breast_cancer,diagnostic benchmark,61,5,0.0,immutable_top3_l1,metric_clbr,77,0.5714285714285714,0.5714285714285714,0.0,1.0741313433895898,1.0,1.0,0.005340000003343448,0.06935064939407075,6
breast_cancer,diagnostic benchmark,61,5,0.0,immutable_top3_l1,exact_leaf,77,0.8961038961038961,0.8961038961038961,0.0,1.09487318948143,1.0,1.0,0.01527390000228479,0.19836233769201025,6
breast_cancer,diagnostic benchmark,61,5,0.0,immutable_top3_l1,exact_leaf_cached,77,0.8961038961038961,0.8961038961038961,0.0,1.09487318948143,1.0,1.0,0.006280199993852875,0.08156103888120617,6
breast_cancer,diagnostic benchmark,61,5,0.0,immutable_top3_l1,native_exact_k_sparse,77,1.0,1.0,0.0,0.9186115434878185,1.103896103896104,1.0,0.006764599999769416,0.08785194804895345,6
breast_cancer,diagnostic benchmark,61,5,0.0,immutable_top3_l1,clbr_uncached,77,0.06493506493506493,0.025974025974025976,0.03896103896103896,0.3191103100869729,2.2,1.0,0.009254399998098961,0.12018701296232417,6
breast_cancer,diagnostic benchmark,61,5,1.0,free_l2,nn_positive_train,83,1.0,1.0,0.0,7.374214447694541,30.0,0.0,0.003544100002727646,0.04270000003286321,6
breast_cancer,diagnostic benchmark,61,5,1.0,free_l2,leaf_centroid,83,1.0,1.0,0.0,6.505259394418765,30.0,0.0,0.007322399997065077,0.08822168671162743,6
breast_cancer,diagnostic benchmark,61,5,1.0,free_l2,raw_leaf_projection,83,1.0,1.0,0.0,1.2392812283822519,1.6385542168674698,1.0,0.0034965999984706286,0.04212771082494733,6
breast_cancer,diagnostic benchmark,61,5,1.0,free_l2,clbr,83,1.0,1.0,0.0,1.2392812283822519,1.6385542168674698,1.0,0.0031451000013476005,0.0378927711005735,6
breast_cancer,diagnostic benchmark,61,5,1.0,free_l2,metric_leaf_projection,83,1.0,1.0,0.0,0.8588464038465445,1.216867469879518,1.0,0.003147600001284445,0.0379228915817403,6
breast_cancer,diagnostic benchmark,61,5,1.0,free_l2,metric_clbr,83,1.0,1.0,0.0,0.8588464038465445,1.216867469879518,1.0,0.0032143000044015935,0.03872650607712763,6
breast_cancer,diagnostic benchmark,61,5,1.0,free_l2,exact_leaf,83,1.0,1.0,0.0,0.8588464038465445,1.216867469879518,1.0,0.01625309999417368,0.19582048185751422,6
breast_cancer,diagnostic benchmark,61,5,1.0,free_l2,exact_leaf_cached,83,1.0,1.0,0.0,0.8588464038465445,1.216867469879518,1.0,0.00733420000597107,0.08836385549362735,6
breast_cancer,diagnostic benchmark,61,5,1.0,free_l2,native_exact_k_sparse,83,1.0,1.0,0.0,0.8588464038465445,1.216867469879518,1.0,0.006582099997103796,0.0793024096036602,6
breast_cancer,diagnostic benchmark,61,5,1.0,free_l2,clbr_uncached,83,1.0,1.0,0.0,1.2392812283822519,1.6385542168674698,1.0,0.005473499997606268,0.06594578310368998,6
breast_cancer,diagnostic benchmark,61,5,1.0,immutable_l2,nn_positive_train,83,0.3614457831325301,0.3614457831325301,0.0,5.029523707411083,27.0,0.0,0.003678199998830678,0.044315662636514194,6
breast_cancer,diagnostic benchmark,61,5,1.0,immutable_l2,leaf_centroid,83,0.927710843373494,0.927710843373494,0.0,5.719802173103271,27.0,0.0,0.008952100002716179,0.10785662653874914,6
breast_cancer,diagnostic benchmark,61,5,1.0,immutable_l2,raw_leaf_projection,83,1.0,1.0,0.0,1.2392812283822519,1.6385542168674698,1.0,0.003942699999242905,0.047502409629432585,6
breast_cancer,diagnostic benchmark,61,5,1.0,immutable_l2,clbr,83,1.0,1.0,0.0,1.2392812283822519,1.6385542168674698,1.0,0.003994399995463027,0.04812530115015695,6
breast_cancer,diagnostic benchmark,61,5,1.0,immutable_l2,metric_leaf_projection,83,0.963855421686747,0.963855421686747,0.0,0.8456349578344664,1.1625,1.0,0.0035459999990052893,0.04272289155428059,6
breast_cancer,diagnostic benchmark,61,5,1.0,immutable_l2,metric_clbr,83,0.963855421686747,0.963855421686747,0.0,0.8456349578344664,1.1625,1.0,0.003869099999064929,0.046615662639336496,6
breast_cancer,diagnostic benchmark,61,5,1.0,immutable_l2,exact_leaf,83,1.0,1.0,0.0,0.8654401293077357,1.1686746987951808,1.0,0.01771789999656903,0.2134686746574582,6
breast_cancer,diagnostic benchmark,61,5,1.0,immutable_l2,exact_leaf_cached,83,1.0,1.0,0.0,0.8654401293077357,1.1686746987951808,1.0,0.007574899999781337,0.09126385541905226,6
breast_cancer,diagnostic benchmark,61,5,1.0,immutable_l2,native_exact_k_sparse,83,1.0,1.0,0.0,0.8654401293077357,1.1686746987951808,1.0,0.007631399997990229,0.0919445782890389,6
breast_cancer,diagnostic benchmark,61,5,1.0,immutable_l2,clbr_uncached,83,1.0,1.0,0.0,1.2392812283822519,1.6385542168674698,1.0,0.005134299998644565,0.061859036128247766,6
breast_cancer,diagnostic benchmark,61,5,1.0,immutable_top3_l1,nn_positive_train,83,0.04819277108433735,0.04819277108433735,0.0,0.4839833266783821,3.0,1.0,0.003565200002412894,0.04295421689654089,6
breast_cancer,diagnostic benchmark,61,5,1.0,immutable_top3_l1,leaf_centroid,83,0.7831325301204819,0.7831325301204819,0.0,3.8530032832601875,3.0,1.0,0.007451699997545802,0.08977951804272051,6
breast_cancer,diagnostic benchmark,61,5,1.0,immutable_top3_l1,raw_leaf_projection,83,0.012048192771084338,0.012048192771084338,0.0,0.13430309109033323,1.0,1.0,0.0033795000044847257,0.040716867523912355,6
breast_cancer,diagnostic benchmark,61,5,1.0,immutable_top3_l1,clbr,83,0.04819277108433735,0.012048192771084338,0.03614457831325301,0.30480193774372233,2.5,1.0,0.007870099998399382,0.09482048190842629,6
breast_cancer,diagnostic benchmark,61,5,1.0,immutable_top3_l1,metric_leaf_projection,83,0.6506024096385542,0.6506024096385542,0.0,1.0270750061331293,1.0185185185185186,1.0,0.0030664000023534754,0.036944578341608136,6
breast_cancer,diagnostic benchmark,61,5,1.0,immutable_top3_l1,metric_clbr,83,0.6506024096385542,0.6506024096385542,0.0,1.0270750061331293,1.0185185185185186,1.0,0.004541599996628065,0.054718072248530904,6
breast_cancer,diagnostic benchmark,61,5,1.0,immutable_top3_l1,exact_leaf,83,0.891566265060241,0.891566265060241,0.0,1.0652848311101373,1.0135135135135136,1.0,0.016713700003492704,0.20136987956015306,6
breast_cancer,diagnostic benchmark,61,5,1.0,immutable_top3_l1,exact_leaf_cached,83,0.891566265060241,0.891566265060241,0.0,1.0652848311101373,1.0135135135135136,1.0,0.006819899998845358,0.08216746986560672,6
breast_cancer,diagnostic benchmark,61,5,1.0,immutable_top3_l1,native_exact_k_sparse,83,1.0,1.0,0.0,0.883498881305101,1.0481927710843373,1.0,0.007713899994996609,0.09293855415658565,6
breast_cancer,diagnostic benchmark,61,5,1.0,immutable_top3_l1,clbr_uncached,83,0.04819277108433735,0.012048192771084338,0.03614457831325301,0.30480193774372233,2.5,1.0,0.00937320000048203,0.11293012048773529,6
breast_cancer,diagnostic benchmark,73,5,0.0,free_l2,nn_positive_train,83,1.0,1.0,0.0,7.2073845378866075,30.0,0.0,0.003706799997416965,0.04466024093273452,5
breast_cancer,diagnostic benchmark,73,5,0.0,free_l2,leaf_centroid,83,1.0,1.0,0.0,6.406935752158592,30.0,0.0,0.006716000003507361,0.08091566269285977,5
breast_cancer,diagnostic benchmark,73,5,0.0,free_l2,raw_leaf_projection,83,1.0,1.0,0.0,1.346986599912617,1.7108433734939759,1.0,0.00338720000036119,0.040809638558568555,5
breast_cancer,diagnostic benchmark,73,5,0.0,free_l2,clbr,83,1.0,1.0,0.0,1.346986599912617,1.7108433734939759,1.0,0.0032122999982675537,0.03870240961768137,5
breast_cancer,diagnostic benchmark,73,5,0.0,free_l2,metric_leaf_projection,83,1.0,1.0,0.0,1.0146922885566902,1.0963855421686748,1.0,0.003227700001843914,0.038887951829444746,5
breast_cancer,diagnostic benchmark,73,5,0.0,free_l2,metric_clbr,83,1.0,1.0,0.0,1.0146922885566902,1.0963855421686748,1.0,0.0032002999951146194,0.038557831266441196,5
breast_cancer,diagnostic benchmark,73,5,0.0,free_l2,exact_leaf,83,1.0,1.0,0.0,1.0146922885566902,1.0963855421686748,1.0,0.015118700003768026,0.18215301209359067,5
breast_cancer,diagnostic benchmark,73,5,0.0,free_l2,exact_leaf_cached,83,1.0,1.0,0.0,1.0146922885566902,1.0963855421686748,1.0,0.006677399994259758,0.08045060234047902,5
breast_cancer,diagnostic benchmark,73,5,0.0,free_l2,native_exact_k_sparse,83,1.0,1.0,0.0,1.0146922885566902,1.0963855421686748,1.0,0.006703700004436541,0.08076746993297038,5
breast_cancer,diagnostic benchmark,73,5,0.0,free_l2,clbr_uncached,83,1.0,1.0,0.0,1.346986599912617,1.7108433734939759,1.0,0.003713300001436437,0.04473855423417394,5
breast_cancer,diagnostic benchmark,73,5,0.0,immutable_l2,nn_positive_train,83,1.0,1.0,0.0,6.885208647900979,27.0,0.0,0.003750499995476275,0.045186746933449096,5
breast_cancer,diagnostic benchmark,73,5,0.0,immutable_l2,leaf_centroid,83,1.0,1.0,0.0,6.125399000538518,27.0,0.0,0.007090599998264224,0.08542891564173764,5
breast_cancer,diagnostic benchmark,73,5,0.0,immutable_l2,raw_leaf_projection,83,1.0,1.0,0.0,1.346986599912617,1.7108433734939759,1.0,0.0036599000013666227,0.0440951807393569,5
breast_cancer,diagnostic benchmark,73,5,0.0,immutable_l2,clbr,83,1.0,1.0,0.0,1.346986599912617,1.7108433734939759,1.0,0.003391199999896344,0.04085783132405234,5
breast_cancer,diagnostic benchmark,73,5,0.0,immutable_l2,metric_leaf_projection,83,1.0,1.0,0.0,1.0146922885566902,1.0963855421686748,1.0,0.0033246000011786236,0.04005542170094727,5
breast_cancer,diagnostic benchmark,73,5,0.0,immutable_l2,metric_clbr,83,1.0,1.0,0.0,1.0146922885566902,1.0963855421686748,1.0,0.003240699996240437,0.03904457826795707,5
breast_cancer,diagnostic benchmark,73,5,0.0,immutable_l2,exact_leaf,83,1.0,1.0,0.0,1.0146922885566902,1.0963855421686748,1.0,0.01603869999780727,0.19323734937117193,5
breast_cancer,diagnostic benchmark,73,5,0.0,immutable_l2,exact_leaf_cached,83,1.0,1.0,0.0,1.0146922885566902,1.0963855421686748,1.0,0.007030500002656481,0.08470481930911423,5
breast_cancer,diagnostic benchmark,73,5,0.0,immutable_l2,native_exact_k_sparse,83,1.0,1.0,0.0,1.0146922885566902,1.0963855421686748,1.0,0.00696929999958229,0.08396746987448542,5
breast_cancer,diagnostic benchmark,73,5,0.0,immutable_l2,clbr_uncached,83,1.0,1.0,0.0,1.346986599912617,1.7108433734939759,1.0,0.004054400004861236,0.04884819282965345,5
breast_cancer,diagnostic benchmark,73,5,0.0,immutable_top3_l1,nn_positive_train,83,0.07228915662650602,0.07228915662650602,0.0,0.5583668656429814,3.0,1.0,0.003420399996684864,0.04120963851427547,5
breast_cancer,diagnostic benchmark,73,5,0.0,immutable_top3_l1,leaf_centroid,83,0.024096385542168676,0.024096385542168676,0.0,0.8120324904481152,3.0,1.0,0.006617600002755353,0.07973012051512474,5
breast_cancer,diagnostic benchmark,73,5,0.0,immutable_top3_l1,raw_leaf_projection,83,0.0,0.0,0.0,inf,nan,nan,0.0032484999937878456,0.03913855414202223,5
breast_cancer,diagnostic benchmark,73,5,0.0,immutable_top3_l1,clbr,83,0.07228915662650602,0.0,0.07228915662650602,0.44169543201566186,3.0,1.0,0.00853869999809831,0.1028759035915459,5
breast_cancer,diagnostic benchmark,73,5,0.0,immutable_top3_l1,metric_leaf_projection,83,0.21686746987951808,0.21686746987951808,0.0,1.0104140515930817,1.0,1.0,0.0034743999885904486,0.04186024082639095,5
breast_cancer,diagnostic benchmark,73,5,0.0,immutable_top3_l1,metric_clbr,83,0.24096385542168675,0.21686746987951808,0.024096385542168676,0.9734525305776701,1.2,1.0,0.007844799994927598,0.09451566258948914,5
breast_cancer,diagnostic benchmark,73,5,0.0,immutable_top3_l1,exact_leaf,83,0.26506024096385544,0.26506024096385544,0.0,0.9149258547427469,1.0,1.0,0.013260299992907676,0.15976265051695995,5
breast_cancer,diagnostic benchmark,73,5,0.0,immutable_top3_l1,exact_leaf_cached,83,0.26506024096385544,0.26506024096385544,0.0,0.9149258547427469,1.0,1.0,0.005157899998266657,0.062143373473092255,5
breast_cancer,diagnostic benchmark,73,5,0.0,immutable_top3_l1,native_exact_k_sparse,83,1.0,1.0,0.0,1.024031370500212,1.0240963855421688,1.0,0.007242400004543015,0.08725783138003633,5
breast_cancer,diagnostic benchmark,73,5,0.0,immutable_top3_l1,clbr_uncached,83,0.07228915662650602,0.0,0.07228915662650602,0.44169543201566186,3.0,1.0,0.009795899997698143,0.11802289153853185,5
breast_cancer,diagnostic benchmark,73,5,1.0,free_l2,nn_positive_train,83,1.0,1.0,0.0,7.77621652430093,30.0,0.0,0.0037510999991354765,0.04519397589319851,5
breast_cancer,diagnostic benchmark,73,5,1.0,free_l2,leaf_centroid,83,1.0,1.0,0.0,7.003441433114772,30.0,0.0,0.007068199996865587,0.0851590361068143,5
breast_cancer,diagnostic benchmark,73,5,1.0,free_l2,raw_leaf_projection,83,1.0,1.0,0.0,1.346986599912617,1.7108433734939759,1.0,0.0036303000033512944,0.04373855425724451,5
breast_cancer,diagnostic benchmark,73,5,1.0,free_l2,clbr,83,1.0,1.0,0.0,1.346986599912617,1.7108433734939759,1.0,0.00340420000065933,0.04101445783926903,5
breast_cancer,diagnostic benchmark,73,5,1.0,free_l2,metric_leaf_projection,83,1.0,1.0,0.0,1.0146922885566902,1.0963855421686748,1.0,0.003442599997470097,0.041477108403254186,5
breast_cancer,diagnostic benchmark,73,5,1.0,free_l2,metric_clbr,83,1.0,1.0,0.0,1.0146922885566902,1.0963855421686748,1.0,0.0036377000005813898,0.04382771085037819,5
breast_cancer,diagnostic benchmark,73,5,1.0,free_l2,exact_leaf,83,1.0,1.0,0.0,1.0146922885566902,1.0963855421686748,1.0,0.015561099993647076,0.18748313245357923,5
breast_cancer,diagnostic benchmark,73,5,1.0,free_l2,exact_leaf_cached,83,1.0,1.0,0.0,1.0146922885566902,1.0963855421686748,1.0,0.007114099998943857,0.08571204818004646,5
breast_cancer,diagnostic benchmark,73,5,1.0,free_l2,native_exact_k_sparse,83,1.0,1.0,0.0,1.0146922885566902,1.0963855421686748,1.0,0.006697899999380752,0.08069759035398497,5
breast_cancer,diagnostic benchmark,73,5,1.0,free_l2,clbr_uncached,83,1.0,1.0,0.0,1.346986599912617,1.7108433734939759,1.0,0.004061599999658938,0.048934939754926965,5
breast_cancer,diagnostic benchmark,73,5,1.0,immutable_l2,nn_positive_train,83,1.0,1.0,0.0,6.857997599017711,27.0,0.0,0.003403100007744797,0.041001204912587914,5
breast_cancer,diagnostic benchmark,73,5,1.0,immutable_l2,leaf_centroid,83,1.0,1.0,0.0,6.125399000538518,27.0,0.0,0.006421699999918928,0.07736987951709552,5
breast_cancer,diagnostic benchmark,73,5,1.0,immutable_l2,raw_leaf_projection,83,1.0,1.0,0.0,1.346986599912617,1.7108433734939759,1.0,0.0032173999979931978,0.03876385539750841,5
breast_cancer,diagnostic benchmark,73,5,1.0,immutable_l2,clbr,83,1.0,1.0,0.0,1.346986599912617,1.7108433734939759,1.0,0.003133400001388509,0.037751807245644683,5
breast_cancer,diagnostic benchmark,73,5,1.0,immutable_l2,metric_leaf_projection,83,1.0,1.0,0.0,1.0146922885566902,1.0963855421686748,1.0,0.0032332999999198364,0.038955421685781165,5
breast_cancer,diagnostic benchmark,73,5,1.0,immutable_l2,metric_clbr,83,1.0,1.0,0.0,1.0146922885566902,1.0963855421686748,1.0,0.0031208000000333413,0.0376000000004017,5
breast_cancer,diagnostic benchmark,73,5,1.0,immutable_l2,exact_leaf,83,1.0,1.0,0.0,1.0146922885566902,1.0963855421686748,1.0,0.015270899998540699,0.18398674697036987,5
breast_cancer,diagnostic benchmark,73,5,1.0,immutable_l2,exact_leaf_cached,83,1.0,1.0,0.0,1.0146922885566902,1.0963855421686748,1.0,0.006527500003358,0.07864457835371085,5
breast_cancer,diagnostic benchmark,73,5,1.0,immutable_l2,native_exact_k_sparse,83,1.0,1.0,0.0,1.0146922885566902,1.0963855421686748,1.0,0.006372999992890982,0.07678313244446966,5
breast_cancer,diagnostic benchmark,73,5,1.0,immutable_l2,clbr_uncached,83,1.0,1.0,0.0,1.346986599912617,1.7108433734939759,1.0,0.004461699994863011,0.053755421624855554,5
breast_cancer,diagnostic benchmark,73,5,1.0,immutable_top3_l1,nn_positive_train,83,0.07228915662650602,0.07228915662650602,0.0,0.5583668656429814,3.0,1.0,0.003582900001674716,0.043167469899695374,5
breast_cancer,diagnostic benchmark,73,5,1.0,immutable_top3_l1,leaf_centroid,83,0.024096385542168676,0.024096385542168676,0.0,0.8120324904481152,3.0,1.0,0.0067262000011396594,0.0810385542305983,5
breast_cancer,diagnostic benchmark,73,5,1.0,immutable_top3_l1,raw_leaf_projection,83,0.0,0.0,0.0,inf,nan,nan,0.003200600008312904,0.038561445883288,5
breast_cancer,diagnostic benchmark,73,5,1.0,immutable_top3_l1,clbr,83,0.07228915662650602,0.0,0.07228915662650602,0.44169543201566186,3.0,1.0,0.008546299999579787,0.10296746987445526,5
breast_cancer,diagnostic benchmark,73,5,1.0,immutable_top3_l1,metric_leaf_projection,83,0.21686746987951808,0.21686746987951808,0.0,1.0104140515930817,1.0,1.0,0.0031310000013036188,0.03772289158197131,5
breast_cancer,diagnostic benchmark,73,5,1.0,immutable_top3_l1,metric_clbr,83,0.24096385542168675,0.21686746987951808,0.024096385542168676,0.9734525305776701,1.2,1.0,0.006784900000639027,0.08174578314022925,5
breast_cancer,diagnostic benchmark,73,5,1.0,immutable_top3_l1,exact_leaf,83,0.26506024096385544,0.26506024096385544,0.0,0.9149258547427469,1.0,1.0,0.011951900002713955,0.14399879521342115,5
breast_cancer,diagnostic benchmark,73,5,1.0,immutable_top3_l1,exact_leaf_cached,83,0.26506024096385544,0.26506024096385544,0.0,0.9149258547427469,1.0,1.0,0.0047670999983893125,0.05743493973963027,5
breast_cancer,diagnostic benchmark,73,5,1.0,immutable_top3_l1,native_exact_k_sparse,83,1.0,1.0,0.0,1.024031370500212,1.0240963855421688,1.0,0.007100200003151258,0.08554457835121998,5
breast_cancer,diagnostic benchmark,73,5,1.0,immutable_top3_l1,clbr_uncached,83,0.07228915662650602,0.0,0.07228915662650602,0.44169543201566186,3.0,1.0,0.010037000005468144,0.12092771090925475,5
breast_cancer,diagnostic benchmark,89,5,0.0,free_l2,nn_positive_train,72,1.0,1.0,0.0,6.674423275602373,29.944444444444443,0.0,0.0032484000021213433,0.045116666696129765,5
breast_cancer,diagnostic benchmark,89,5,0.0,free_l2,leaf_centroid,72,1.0,1.0,0.0,6.23361150634926,30.0,0.0,0.0061199000037959195,0.08499861116383221,5
breast_cancer,diagnostic benchmark,89,5,0.0,free_l2,raw_leaf_projection,72,1.0,1.0,0.0,1.1216932243054876,1.3472222222222223,1.0,0.0031987999982447946,0.04442777775339993,5
breast_cancer,diagnostic benchmark,89,5,0.0,free_l2,clbr,72,1.0,1.0,0.0,1.1216932243054876,1.3472222222222223,1.0,0.0034696999928200967,0.0481902776780569,5
breast_cancer,diagnostic benchmark,89,5,0.0,free_l2,metric_leaf_projection,72,1.0,1.0,0.0,0.9328650910054334,1.5833333333333333,0.9861111111111112,0.003189199998814729,0.044294444427982346,5
breast_cancer,diagnostic benchmark,89,5,0.0,free_l2,metric_clbr,72,1.0,1.0,0.0,0.9328650910054334,1.5833333333333333,0.9861111111111112,0.003119000002698158,0.04331944448191886,5
breast_cancer,diagnostic benchmark,89,5,0.0,free_l2,exact_leaf,72,1.0,1.0,0.0,0.9328650910054334,1.5833333333333333,0.9861111111111112,0.014065099998333608,0.19534861108796678,5
breast_cancer,diagnostic benchmark,89,5,0.0,free_l2,exact_leaf_cached,72,1.0,1.0,0.0,0.9328650910054334,1.5833333333333333,0.9861111111111112,0.0062665000041306484,0.08703472227959234,5
breast_cancer,diagnostic benchmark,89,5,0.0,free_l2,native_exact_k_sparse,72,1.0,1.0,0.0,0.9328650910054334,1.5833333333333333,0.9861111111111112,0.006159399998978188,0.08554722220803039,5
breast_cancer,diagnostic benchmark,89,5,0.0,free_l2,clbr_uncached,72,1.0,1.0,0.0,1.1216932243054876,1.3472222222222223,1.0,0.0035197000033804215,0.04888472226917252,5
breast_cancer,diagnostic benchmark,89,5,0.0,immutable_l2,nn_positive_train,72,1.0,1.0,0.0,6.393115564348662,26.944444444444443,0.0,0.0033852000033220975,0.04701666671280691,5
breast_cancer,diagnostic benchmark,89,5,0.0,immutable_l2,leaf_centroid,72,0.9722222222222222,0.9722222222222222,0.0,5.915234678790171,27.0,0.0,0.006742200002008758,0.09364166669456608,5
breast_cancer,diagnostic benchmark,89,5,0.0,immutable_l2,raw_leaf_projection,72,1.0,1.0,0.0,1.1216932243054876,1.3472222222222223,1.0,0.003097299998444214,0.043018055533947414,5
breast_cancer,diagnostic benchmark,89,5,0.0,immutable_l2,clbr,72,1.0,1.0,0.0,1.1216932243054876,1.3472222222222223,1.0,0.0028986000015720492,0.04025833335516735,5
breast_cancer,diagnostic benchmark,89,5,0.0,immutable_l2,metric_leaf_projection,72,0.9861111111111112,0.9861111111111112,0.0,0.9384956685885586,1.5492957746478873,1.0,0.0035075000014330726,0.04871527779768156,5
breast_cancer,diagnostic benchmark,89,5,0.0,immutable_l2,metric_clbr,72,1.0,0.9861111111111112,0.013888888888888888,0.9677751794432585,1.9027777777777777,0.9861111111111112,0.0035431000014796155,0.04920972224277244,5
breast_cancer,diagnostic benchmark,89,5,0.0,immutable_l2,exact_leaf,72,1.0,1.0,0.0,0.9331302635754187,1.5416666666666667,1.0,0.013708799995583831,0.19039999993866433,5
breast_cancer,diagnostic benchmark,89,5,0.0,immutable_l2,exact_leaf_cached,72,1.0,1.0,0.0,0.9331302635754187,1.5416666666666667,1.0,0.0063073999945117976,0.08760277770155274,5
breast_cancer,diagnostic benchmark,89,5,0.0,immutable_l2,native_exact_k_sparse,72,1.0,1.0,0.0,0.9331302635754187,1.5416666666666667,1.0,0.006292700001722551,0.08739861113503543,5
breast_cancer,diagnostic benchmark,89,5,0.0,immutable_l2,clbr_uncached,72,1.0,1.0,0.0,1.1216932243054876,1.3472222222222223,1.0,0.003622999998697196,0.050319444426349946,5
breast_cancer,diagnostic benchmark,89,5,0.0,immutable_top3_l1,nn_positive_train,72,0.5277777777777778,0.5277777777777778,0.0,2.863784775790212,3.0,1.0,0.0031480999978157342,0.043723611080774084,5
breast_cancer,diagnostic benchmark,89,5,0.0,immutable_top3_l1,leaf_centroid,72,0.5416666666666666,0.5416666666666666,0.0,3.2418159199940595,3.0,1.0,0.006332199996904819,0.0879472221792336,5
breast_cancer,diagnostic benchmark,89,5,0.0,immutable_top3_l1,raw_leaf_projection,72,0.1388888888888889,0.1388888888888889,0.0,0.6772945890943186,1.0,1.0,0.003481600003397034,0.048355555602736584,5
breast_cancer,diagnostic benchmark,89,5,0.0,immutable_top3_l1,clbr,72,0.5277777777777778,0.1388888888888889,0.3888888888888889,2.359760529460088,2.473684210526316,1.0,0.01284140000007028,0.17835277777875388,5
breast_cancer,diagnostic benchmark,89,5,0.0,immutable_top3_l1,metric_leaf_projection,72,0.4027777777777778,0.4027777777777778,0.0,0.5682168341224518,1.1724137931034482,1.0,0.002992799998537521,0.04156666664635446,5
breast_cancer,diagnostic benchmark,89,5,0.0,immutable_top3_l1,metric_clbr,72,0.5694444444444444,0.4027777777777778,0.16666666666666666,1.8006710641176429,1.7073170731707317,1.0,0.008323099998051475,0.11559861108404827,5
breast_cancer,diagnostic benchmark,89,5,0.0,immutable_top3_l1,exact_leaf,72,0.625,0.625,0.0,1.2381181463286186,1.1555555555555554,1.0,0.011438900001849106,0.15887361113679313,5
breast_cancer,diagnostic benchmark,89,5,0.0,immutable_top3_l1,exact_leaf_cached,72,0.625,0.625,0.0,1.2381181463286186,1.1555555555555554,1.0,0.00500190000366274,0.06947083338420473,5
breast_cancer,diagnostic benchmark,89,5,0.0,immutable_top3_l1,native_exact_k_sparse,72,1.0,1.0,0.0,1.0270362658848597,1.2777777777777777,1.0,0.00648650000221096,0.09009027780848555,5
breast_cancer,diagnostic benchmark,89,5,0.0,immutable_top3_l1,clbr_uncached,72,0.5277777777777778,0.1388888888888889,0.3888888888888889,2.359760529460088,2.473684210526316,1.0,0.014416700000765559,0.2002319444550772,5
breast_cancer,diagnostic benchmark,89,5,1.0,free_l2,nn_positive_train,77,1.0,1.0,0.0,7.006841785135447,29.90909090909091,0.0,0.003445800000008603,0.044750649350761076,5
breast_cancer,diagnostic benchmark,89,5,1.0,free_l2,leaf_centroid,77,1.0,1.0,0.0,6.67794969698156,30.0,0.0,0.00645429999622138,0.08382207787300493,5
breast_cancer,diagnostic benchmark,89,5,1.0,free_l2,raw_leaf_projection,77,1.0,1.0,0.0,1.051971255011639,1.3246753246753247,1.0,0.0032821000031617587,0.04262467536573712,5
breast_cancer,diagnostic benchmark,89,5,1.0,free_l2,clbr,77,1.0,1.0,0.0,1.051971255011639,1.3246753246753247,1.0,0.0029341999979806133,0.038106493480267706,5
breast_cancer,diagnostic benchmark,89,5,1.0,free_l2,metric_leaf_projection,77,1.0,1.0,0.0,0.8756526423809252,1.5064935064935066,1.0,0.0029983999966134434,0.038940259696278484,5
breast_cancer,diagnostic benchmark,89,5,1.0,free_l2,metric_clbr,77,1.0,1.0,0.0,0.8756526423809252,1.5064935064935066,1.0,0.003169500000694825,0.04116233767136136,5
breast_cancer,diagnostic benchmark,89,5,1.0,free_l2,exact_leaf,77,1.0,1.0,0.0,0.8756526423809252,1.5064935064935066,1.0,0.015027100004772365,0.19515714291912162,5
breast_cancer,diagnostic benchmark,89,5,1.0,free_l2,exact_leaf_cached,77,1.0,1.0,0.0,0.8756526423809252,1.5064935064935066,1.0,0.0065514000025359564,0.08508311691605139,5
breast_cancer,diagnostic benchmark,89,5,1.0,free_l2,native_exact_k_sparse,77,1.0,1.0,0.0,0.8756526423809252,1.5064935064935066,1.0,0.006680000004052999,0.08675324680588312,5
breast_cancer,diagnostic benchmark,89,5,1.0,free_l2,clbr_uncached,77,1.0,1.0,0.0,1.051971255011639,1.3246753246753247,1.0,0.003526999998939573,0.045805194791423025,5
breast_cancer,diagnostic benchmark,89,5,1.0,immutable_l2,nn_positive_train,77,0.987012987012987,0.987012987012987,0.0,6.188840163247161,26.907894736842106,0.0,0.0034927000060633873,0.04535974033848555,5
breast_cancer,diagnostic benchmark,89,5,1.0,immutable_l2,leaf_centroid,77,0.948051948051948,0.948051948051948,0.0,5.815705982507237,27.0,0.0,0.007249200004480372,0.0941454546036412,5
breast_cancer,diagnostic benchmark,89,5,1.0,immutable_l2,raw_leaf_projection,77,1.0,1.0,0.0,1.051971255011639,1.3246753246753247,1.0,0.0033937999978661537,0.044075324647612386,5
breast_cancer,diagnostic benchmark,89,5,1.0,immutable_l2,clbr,77,1.0,1.0,0.0,1.051971255011639,1.3246753246753247,1.0,0.003117300002486445,0.04048441561670708,5
breast_cancer,diagnostic benchmark,89,5,1.0,immutable_l2,metric_leaf_projection,77,1.0,1.0,0.0,0.8756526423809252,1.5064935064935066,1.0,0.0035200999991502613,0.04571558440454885,5
breast_cancer,diagnostic benchmark,89,5,1.0,immutable_l2,metric_clbr,77,1.0,1.0,0.0,0.8756526423809252,1.5064935064935066,1.0,0.0033675999957267777,0.04373506487956854,5
breast_cancer,diagnostic benchmark,89,5,1.0,immutable_l2,exact_leaf,77,1.0,1.0,0.0,0.8756526423809252,1.5064935064935066,1.0,0.014528300001984462,0.18867922080499303,5
breast_cancer,diagnostic benchmark,89,5,1.0,immutable_l2,exact_leaf_cached,77,1.0,1.0,0.0,0.8756526423809252,1.5064935064935066,1.0,0.007079300002260425,0.0919389610683172,5
breast_cancer,diagnostic benchmark,89,5,1.0,immutable_l2,native_exact_k_sparse,77,1.0,1.0,0.0,0.8756526423809252,1.5064935064935066,1.0,0.006785200004742364,0.08811948058106966,5
breast_cancer,diagnostic benchmark,89,5,1.0,immutable_l2,clbr_uncached,77,1.0,1.0,0.0,1.051971255011639,1.3246753246753247,1.0,0.0038850000009915675,0.05045454546742296,5
breast_cancer,diagnostic benchmark,89,5,1.0,immutable_top3_l1,nn_positive_train,77,0.4805194805194805,0.4805194805194805,0.0,2.9251893651112546,3.0,1.0,0.0032519000005777343,0.04223246753997058,5
breast_cancer,diagnostic benchmark,89,5,1.0,immutable_top3_l1,leaf_centroid,77,0.5194805194805194,0.5194805194805194,0.0,3.1524434551654226,3.0,1.0,0.006061300002329517,0.07871818184843529,5
breast_cancer,diagnostic benchmark,89,5,1.0,immutable_top3_l1,raw_leaf_projection,77,0.12987012987012986,0.12987012987012986,0.0,0.6772945890943186,1.0,1.0,0.002988300002471078,0.03880909094118283,5
breast_cancer,diagnostic benchmark,89,5,1.0,immutable_top3_l1,clbr,77,0.4805194805194805,0.12987012987012986,0.35064935064935066,2.3677464676953797,2.4594594594594597,1.0,0.01287189999857219,0.16716753244898946,5
breast_cancer,diagnostic benchmark,89,5,1.0,immutable_top3_l1,metric_leaf_projection,77,0.37662337662337664,0.37662337662337664,0.0,0.566494750443525,1.1724137931034482,1.0,0.0031289000044125714,0.04063506499237106,5
breast_cancer,diagnostic benchmark,89,5,1.0,immutable_top3_l1,metric_clbr,77,0.5324675324675324,0.37662337662337664,0.15584415584415584,1.7994530049301087,1.7073170731707317,1.0,0.008210200001485646,0.10662597404526812,5
breast_cancer,diagnostic benchmark,89,5,1.0,immutable_top3_l1,exact_leaf,77,0.6103896103896104,0.6103896103896104,0.0,1.2005683600720105,1.148936170212766,1.0,0.012665500004914065,0.16448701305083202,5
breast_cancer,diagnostic benchmark,89,5,1.0,immutable_top3_l1,exact_leaf_cached,77,0.6103896103896104,0.6103896103896104,0.0,1.2005683600720105,1.148936170212766,1.0,0.0052620000042225,0.0683376623925,5
breast_cancer,diagnostic benchmark,89,5,1.0,immutable_top3_l1,native_exact_k_sparse,77,1.0,1.0,0.0,0.9634608523326104,1.2597402597402598,1.0,0.006400200002644851,0.08311948055382924,5
breast_cancer,diagnostic benchmark,89,5,1.0,immutable_top3_l1,clbr_uncached,77,0.4805194805194805,0.12987012987012986,0.35064935064935066,2.3677464676953797,2.4594594594594597,1.0,0.013378800002101343,0.17375064937793952,5
wine_binary,product recognition,7,5,0.0,free_l2,nn_positive_train,21,1.0,1.0,0.0,6.907851947744624,12.904761904761905,0.0,0.0007974000054673525,0.03797142883177869,3
wine_binary,product recognition,7,5,0.0,free_l2,leaf_centroid,21,1.0,1.0,0.0,5.722047805713105,13.0,0.0,0.0012855999975727173,0.06121904750346273,3
wine_binary,product recognition,7,5,0.0,free_l2,raw_leaf_projection,21,1.0,1.0,0.0,1.3028600692352097,1.9047619047619047,1.0,0.0009053999992829631,0.0431142856801411,3
wine_binary,product recognition,7,5,0.0,free_l2,clbr,21,1.0,1.0,0.0,1.3028600692352097,1.9047619047619047,1.0,0.0008146999998643878,0.03879523808878037,3
wine_binary,product recognition,7,5,0.0,free_l2,metric_leaf_projection,21,1.0,1.0,0.0,1.0128851526943157,1.380952380952381,1.0,0.00080579999848851,0.03837142849945286,3
wine_binary,product recognition,7,5,0.0,free_l2,metric_clbr,21,1.0,1.0,0.0,1.0128851526943157,1.380952380952381,1.0,0.0007924999972601654,0.03773809510762692,3
wine_binary,product recognition,7,5,0.0,free_l2,exact_leaf,21,1.0,1.0,0.0,1.0128851526943157,1.380952380952381,1.0,0.0024481000000378117,0.11657619047799103,3
wine_binary,product recognition,7,5,0.0,free_l2,exact_leaf_cached,21,1.0,1.0,0.0,1.0128851526943157,1.380952380952381,1.0,0.0016508000026078662,0.07860952393370792,3
wine_binary,product recognition,7,5,0.0,free_l2,native_exact_k_sparse,21,1.0,1.0,0.0,1.0128851526943157,1.380952380952381,1.0,0.0017389000013281475,0.08280476196800703,3
wine_binary,product recognition,7,5,0.0,free_l2,clbr_uncached,21,1.0,1.0,0.0,1.3028600692352097,1.9047619047619047,1.0,0.0008291000021927175,0.0394809524853675,3
wine_binary,product recognition,7,5,0.0,immutable_l2,nn_positive_train,21,0.09523809523809523,0.09523809523809523,0.0,5.8392334233572,12.0,0.0,0.0007042999986879295,0.03353809517561569,3
wine_binary,product recognition,7,5,0.0,immutable_l2,leaf_centroid,21,0.09523809523809523,0.09523809523809523,0.0,5.494041070885809,12.0,0.0,0.0011733000010281103,0.0558714286203862,3
wine_binary,product recognition,7,5,0.0,immutable_l2,raw_leaf_projection,21,0.09523809523809523,0.09523809523809523,0.0,0.9460345117684656,1.0,1.0,0.0007514000017181388,0.035780952462768516,3
wine_binary,product recognition,7,5,0.0,immutable_l2,clbr,21,0.09523809523809523,0.09523809523809523,0.0,0.9460345117684656,1.0,1.0,0.0015830999982426874,0.07538571420203273,3
wine_binary,product recognition,7,5,0.0,immutable_l2,metric_leaf_projection,21,0.0,0.0,0.0,inf,nan,nan,0.0007716999971307814,0.03674761891098959,3
wine_binary,product recognition,7,5,0.0,immutable_l2,metric_clbr,21,0.09523809523809523,0.0,0.09523809523809523,2.534163834413336,12.0,0.0,0.0021616000012727454,0.10293333339394026,3
wine_binary,product recognition,7,5,0.0,immutable_l2,exact_leaf,21,0.09523809523809523,0.09523809523809523,0.0,0.9460345117684656,1.0,1.0,0.001668299999437295,0.07944285711606167,3
wine_binary,product recognition,7,5,0.0,immutable_l2,exact_leaf_cached,21,0.09523809523809523,0.09523809523809523,0.0,0.9460345117684656,1.0,1.0,0.0009242999985872302,0.044014285647010966,3
wine_binary,product recognition,7,5,0.0,immutable_l2,native_exact_k_sparse,21,0.09523809523809523,0.09523809523809523,0.0,0.9460345117684656,1.0,1.0,0.0008628000005046488,0.04108571430974518,3
wine_binary,product recognition,7,5,0.0,immutable_l2,clbr_uncached,21,0.09523809523809523,0.09523809523809523,0.0,0.9460345117684656,1.0,1.0,0.001736700000037672,0.08270000000179391,3
wine_binary,product recognition,7,5,0.0,immutable_top3_l1,nn_positive_train,21,0.0,0.0,0.0,inf,nan,nan,0.0006986999951550388,0.033271428340716135,3
wine_binary,product recognition,7,5,0.0,immutable_top3_l1,leaf_centroid,21,0.0,0.0,0.0,inf,nan,nan,0.0011577999985092902,0.05513333326234715,3
wine_binary,product recognition,7,5,0.0,immutable_top3_l1,raw_leaf_projection,21,0.0,0.0,0.0,inf,nan,nan,0.0007378000027529197,0.035133333464424744,3
wine_binary,product recognition,7,5,0.0,immutable_top3_l1,clbr,21,0.0,0.0,0.0,inf,nan,nan,0.0016645999985485105,0.07926666659754812,3
wine_binary,product recognition,7,5,0.0,immutable_top3_l1,metric_leaf_projection,21,0.0,0.0,0.0,inf,nan,nan,0.0007053000017549493,0.0335857143692833,3
wine_binary,product recognition,7,5,0.0,immutable_top3_l1,metric_clbr,21,0.0,0.0,0.0,inf,nan,nan,0.0016484000007039867,0.07849523812876127,3
wine_binary,product recognition,7,5,0.0,immutable_top3_l1,exact_leaf,21,0.0,0.0,0.0,inf,nan,nan,0.0015874000009716838,0.07559047623674685,3
wine_binary,product recognition,7,5,0.0,immutable_top3_l1,exact_leaf_cached,21,0.0,0.0,0.0,inf,nan,nan,0.0008066999989750911,0.03841428566548053,3
wine_binary,product recognition,7,5,0.0,immutable_top3_l1,native_exact_k_sparse,21,0.09523809523809523,0.09523809523809523,0.0,0.9460345117684656,1.0,1.0,0.0009052999985215138,0.04310952373911971,3
wine_binary,product recognition,7,5,0.0,immutable_top3_l1,clbr_uncached,21,0.0,0.0,0.0,inf,nan,nan,0.0017831000013757148,0.08490952387503403,3
wine_binary,product recognition,7,5,1.0,free_l2,nn_positive_train,21,1.0,1.0,0.0,7.119181518274104,12.904761904761905,0.0,0.0007910000012998353,0.037666666728563586,3
wine_binary,product recognition,7,5,1.0,free_l2,leaf_centroid,21,1.0,1.0,0.0,6.074100091830799,13.0,0.0,0.0013614999988931231,0.0648333332806249,3
wine_binary,product recognition,7,5,1.0,free_l2,raw_leaf_projection,21,1.0,1.0,0.0,1.3028600692352097,1.9047619047619047,1.0,0.0008376000005227979,0.03988571431060942,3
wine_binary,product recognition,7,5,1.0,free_l2,clbr,21,1.0,1.0,0.0,1.3028600692352097,1.9047619047619047,1.0,0.0008786000016698381,0.04183809531761134,3
wine_binary,product recognition,7,5,1.0,free_l2,metric_leaf_projection,21,1.0,1.0,0.0,1.0128851526943157,1.380952380952381,1.0,0.0010871000004044618,0.05176666668592675,3
wine_binary,product recognition,7,5,1.0,free_l2,metric_clbr,21,1.0,1.0,0.0,1.0128851526943157,1.380952380952381,1.0,0.0008326999968630844,0.03965238080300402,3
wine_binary,product recognition,7,5,1.0,free_l2,exact_leaf,21,1.0,1.0,0.0,1.0128851526943157,1.380952380952381,1.0,0.002542400000493217,0.12106666669015317,3
wine_binary,product recognition,7,5,1.0,free_l2,exact_leaf_cached,21,1.0,1.0,0.0,1.0128851526943157,1.380952380952381,1.0,0.0016831000020829379,0.08014761914680657,3
wine_binary,product recognition,7,5,1.0,free_l2,native_exact_k_sparse,21,1.0,1.0,0.0,1.0128851526943157,1.380952380952381,1.0,0.0016443000022263732,0.07830000010601777,3
wine_binary,product recognition,7,5,1.0,free_l2,clbr_uncached,21,1.0,1.0,0.0,1.3028600692352097,1.9047619047619047,1.0,0.000973500001236971,0.046357142916046236,3
wine_binary,product recognition,7,5,1.0,immutable_l2,nn_positive_train,21,0.09523809523809523,0.09523809523809523,0.0,6.3997558581546,12.0,0.0,0.001305500000853499,0.06216666670730947,3
wine_binary,product recognition,7,5,1.0,immutable_l2,leaf_centroid,21,0.09523809523809523,0.09523809523809523,0.0,6.144903302529363,12.0,0.0,0.0013096999991830671,0.0623666666277651,3
wine_binary,product recognition,7,5,1.0,immutable_l2,raw_leaf_projection,21,0.09523809523809523,0.09523809523809523,0.0,0.9460345117684656,1.0,1.0,0.0009694999980638386,0.0461666665744685,3
wine_binary,product recognition,7,5,1.0,immutable_l2,clbr,21,0.09523809523809523,0.09523809523809523,0.0,0.9460345117684656,1.0,1.0,0.0017675000008239294,0.08416666670590141,3
wine_binary,product recognition,7,5,1.0,immutable_l2,metric_leaf_projection,21,0.0,0.0,0.0,inf,nan,nan,0.0008547999977963627,0.040704761799826794,3
wine_binary,product recognition,7,5,1.0,immutable_l2,metric_clbr,21,0.09523809523809523,0.0,0.09523809523809523,2.7998610115513713,12.0,0.0,0.0022506000013891025,0.10717142863757631,3
wine_binary,product recognition,7,5,1.0,immutable_l2,exact_leaf,21,0.09523809523809523,0.09523809523809523,0.0,0.9460345117684656,1.0,1.0,0.001970499999515596,0.09383333331026647,3
wine_binary,product recognition,7,5,1.0,immutable_l2,exact_leaf_cached,21,0.09523809523809523,0.09523809523809523,0.0,0.9460345117684656,1.0,1.0,0.0011513999997987412,0.05482857141898768,3
wine_binary,product recognition,7,5,1.0,immutable_l2,native_exact_k_sparse,21,0.09523809523809523,0.09523809523809523,0.0,0.9460345117684656,1.0,1.0,0.0010064000016427599,0.04792380960203618,3
wine_binary,product recognition,7,5,1.0,immutable_l2,clbr_uncached,21,0.09523809523809523,0.09523809523809523,0.0,0.9460345117684656,1.0,1.0,0.0020417000005181762,0.09722380954848459,3
wine_binary,product recognition,7,5,1.0,immutable_top3_l1,nn_positive_train,21,0.0,0.0,0.0,inf,nan,nan,0.0006892999990668613,0.03282380947937435,3
wine_binary,product recognition,7,5,1.0,immutable_top3_l1,leaf_centroid,21,0.0,0.0,0.0,inf,nan,nan,0.0011335000008330098,0.053976190515857614,3
wine_binary,product recognition,7,5,1.0,immutable_top3_l1,raw_leaf_projection,21,0.0,0.0,0.0,inf,nan,nan,0.0007263999996212078,0.03459047617243847,3
wine_binary,product recognition,7,5,1.0,immutable_top3_l1,clbr,21,0.0,0.0,0.0,inf,nan,nan,0.0016516999994564685,0.0786523809264985,3
wine_binary,product recognition,7,5,1.0,immutable_top3_l1,metric_leaf_projection,21,0.0,0.0,0.0,inf,nan,nan,0.000700599995070661,0.03336190452717433,3
wine_binary,product recognition,7,5,1.0,immutable_top3_l1,metric_clbr,21,0.0,0.0,0.0,inf,nan,nan,0.0016274999989036587,0.07749999994779327,3
wine_binary,product recognition,7,5,1.0,immutable_top3_l1,exact_leaf,21,0.0,0.0,0.0,inf,nan,nan,0.001576799996655609,0.07508571412645756,3
wine_binary,product recognition,7,5,1.0,immutable_top3_l1,exact_leaf_cached,21,0.0,0.0,0.0,inf,nan,nan,0.000789400000940077,0.03759047623524176,3
wine_binary,product recognition,7,5,1.0,immutable_top3_l1,native_exact_k_sparse,21,0.09523809523809523,0.09523809523809523,0.0,0.9460345117684656,1.0,1.0,0.0008887000003596768,0.04231904763617508,3
wine_binary,product recognition,7,5,1.0,immutable_top3_l1,clbr_uncached,21,0.0,0.0,0.0,inf,nan,nan,0.001800899998670502,0.08575714279383344,3
wine_binary,product recognition,13,5,0.0,free_l2,nn_positive_train,22,1.0,1.0,0.0,4.377757880814875,12.818181818181818,0.0,0.0007946999976411462,0.03612272716550664,3
wine_binary,product recognition,13,5,0.0,free_l2,leaf_centroid,22,1.0,1.0,0.0,4.869581111399927,12.954545454545455,0.0,0.0012715000029857038,0.057795454681168354,3
wine_binary,product recognition,13,5,0.0,free_l2,raw_leaf_projection,22,1.0,1.0,0.0,0.8698686399801784,1.0,1.0,0.0008427999973719125,0.038309090789632384,3
wine_binary,product recognition,13,5,0.0,free_l2,clbr,22,1.0,1.0,0.0,0.8698686399801784,1.0,1.0,0.0007867999984227936,0.035763636291945164,3
wine_binary,product recognition,13,5,0.0,free_l2,metric_leaf_projection,22,1.0,1.0,0.0,0.7248164702488751,1.0,1.0,0.000794599999608181,0.03611818180037186,3
wine_binary,product recognition,13,5,0.0,free_l2,metric_clbr,22,1.0,1.0,0.0,0.7248164702488751,1.0,1.0,0.000794900001892529,0.036131818267842224,3
wine_binary,product recognition,13,5,0.0,free_l2,exact_leaf,22,1.0,1.0,0.0,0.7248164702488751,1.0,1.0,0.002416600000287872,0.10984545455853963,3
wine_binary,product recognition,13,5,0.0,free_l2,exact_leaf_cached,22,1.0,1.0,0.0,0.7248164702488751,1.0,1.0,0.0016216000012718723,0.07370909096690328,3
wine_binary,product recognition,13,5,0.0,free_l2,native_exact_k_sparse,22,1.0,1.0,0.0,0.7248164702488751,1.0,1.0,0.0015679999960411806,0.07127272709278093,3
wine_binary,product recognition,13,5,0.0,free_l2,clbr_uncached,22,1.0,1.0,0.0,0.8698686399801784,1.0,1.0,0.0008564000027035945,0.03892727285016339,3
wine_binary,product recognition,13,5,0.0,immutable_l2,nn_positive_train,22,1.0,1.0,0.0,4.28482826605099,11.818181818181818,0.0,0.0008563000001231558,0.03892272727832526,3
wine_binary,product recognition,13,5,0.0,immutable_l2,leaf_centroid,22,1.0,1.0,0.0,4.769469863403269,11.954545454545455,0.0,0.0013120000003254972,0.059636363651158965,3
wine_binary,product recognition,13,5,0.0,immutable_l2,raw_leaf_projection,22,1.0,1.0,0.0,0.8698686399801784,1.0,1.0,0.0008367000018552062,0.03803181826614574,3
wine_binary,product recognition,13,5,0.0,immutable_l2,clbr,22,1.0,1.0,0.0,0.8698686399801784,1.0,1.0,0.0007848000022931956,0.035672727376963434,3
wine_binary,product recognition,13,5,0.0,immutable_l2,metric_leaf_projection,22,0.5454545454545454,0.5454545454545454,0.0,0.7256666613691078,1.0,1.0,0.0007966000011947472,0.0362090909633976,3
wine_binary,product recognition,13,5,0.0,immutable_l2,metric_clbr,22,1.0,0.5454545454545454,0.45454545454545453,2.027727423417244,5.909090909090909,0.5454545454545454,0.00353360000099201,0.16061818186327317,3
wine_binary,product recognition,13,5,0.0,immutable_l2,exact_leaf,22,1.0,1.0,0.0,0.8698686399801784,1.0,1.0,0.002341999997042876,0.10645454532013074,3
wine_binary,product recognition,13,5,0.0,immutable_l2,exact_leaf_cached,22,1.0,1.0,0.0,0.8698686399801784,1.0,1.0,0.0016415999989476404,0.07461818177034729,3
wine_binary,product recognition,13,5,0.0,immutable_l2,native_exact_k_sparse,22,1.0,1.0,0.0,0.8698686399801784,1.0,1.0,0.001607499996680417,0.07306818166729169,3
wine_binary,product recognition,13,5,0.0,immutable_l2,clbr_uncached,22,1.0,1.0,0.0,0.8698686399801784,1.0,1.0,0.0008425999985774979,0.03829999993534081,3
wine_binary,product recognition,13,5,0.0,immutable_top3_l1,nn_positive_train,22,0.0,0.0,0.0,inf,nan,nan,0.0008411999961026595,0.038236363459211796,3
wine_binary,product recognition,13,5,0.0,immutable_top3_l1,leaf_centroid,22,0.0,0.0,0.0,inf,nan,nan,0.001372700001411431,0.0623954546096105,3
wine_binary,product recognition,13,5,0.0,immutable_top3_l1,raw_leaf_projection,22,0.0,0.0,0.0,inf,nan,nan,0.0009130000016739359,0.041500000076088,3
wine_binary,product recognition,13,5,0.0,immutable_top3_l1,clbr,22,0.0,0.0,0.0,inf,nan,nan,0.0018863999994209735,0.08574545451913516,3
wine_binary,product recognition,13,5,0.0,immutable_top3_l1,metric_leaf_projection,22,0.0,0.0,0.0,inf,nan,nan,0.0007968000018081511,0.03621818190037051,3
wine_binary,product recognition,13,5,0.0,immutable_top3_l1,metric_clbr,22,0.0,0.0,0.0,inf,nan,nan,0.0017386999979862594,0.07903181809028452,3
wine_binary,product recognition,13,5,0.0,immutable_top3_l1,exact_leaf,22,0.0,0.0,0.0,inf,nan,nan,0.00164309999672696,0.07468636348758909,3
wine_binary,product recognition,13,5,0.0,immutable_top3_l1,exact_leaf_cached,22,0.0,0.0,0.0,inf,nan,nan,0.0008853000017552404,0.04024090917069274,3
wine_binary,product recognition,13,5,0.0,immutable_top3_l1,native_exact_k_sparse,22,1.0,1.0,0.0,0.8698686399801784,1.0,1.0,0.0018909999998868443,0.08595454544940201,3
wine_binary,product recognition,13,5,0.0,immutable_top3_l1,clbr_uncached,22,0.0,0.0,0.0,inf,nan,nan,0.002270900000439724,0.10322272729271473,3
wine_binary,product recognition,13,5,1.0,free_l2,nn_positive_train,22,1.0,1.0,0.0,5.342907429908706,12.909090909090908,0.0,0.0009686000012152363,0.044027272782510736,3
wine_binary,product recognition,13,5,1.0,free_l2,leaf_centroid,22,1.0,1.0,0.0,5.360632134553008,12.954545454545455,0.0,0.0015004999986558687,0.06820454539344857,3
wine_binary,product recognition,13,5,1.0,free_l2,raw_leaf_projection,22,1.0,1.0,0.0,0.8698686399801784,1.0,1.0,0.0009353000023111235,0.04251363646868744,3
wine_binary,product recognition,13,5,1.0,free_l2,clbr,22,1.0,1.0,0.0,0.8698686399801784,1.0,1.0,0.0008765999982642825,0.039845454466558294,3
wine_binary,product recognition,13,5,1.0,free_l2,metric_leaf_projection,22,1.0,1.0,0.0,0.7248164702488751,1.0,1.0,0.0008833999991111341,0.040154545414142456,3
wine_binary,product recognition,13,5,1.0,free_l2,metric_clbr,22,1.0,1.0,0.0,0.7248164702488751,1.0,1.0,0.0008719000006749411,0.039631818212497325,3
wine_binary,product recognition,13,5,1.0,free_l2,exact_leaf,22,1.0,1.0,0.0,0.7248164702488751,1.0,1.0,0.002790900000036345,0.12685909091074296,3
wine_binary,product recognition,13,5,1.0,free_l2,exact_leaf_cached,22,1.0,1.0,0.0,0.7248164702488751,1.0,1.0,0.0020334000000730157,0.09242727273059162,3
wine_binary,product recognition,13,5,1.0,free_l2,native_exact_k_sparse,22,1.0,1.0,0.0,0.7248164702488751,1.0,1.0,0.0017790999982025824,0.08086818173648101,3
wine_binary,product recognition,13,5,1.0,free_l2,clbr_uncached,22,1.0,1.0,0.0,0.8698686399801784,1.0,1.0,0.0009654999994381797,0.043886363610826346,3
wine_binary,product recognition,13,5,1.0,immutable_l2,nn_positive_train,22,1.0,1.0,0.0,5.268204998947306,11.909090909090908,0.0,0.0008993000019472674,0.04087727281578488,3
wine_binary,product recognition,13,5,1.0,immutable_l2,leaf_centroid,22,1.0,1.0,0.0,5.270552258719755,11.954545454545455,0.0,0.0017090999981519417,0.07768636355236098,3
wine_binary,product recognition,13,5,1.0,immutable_l2,raw_leaf_projection,22,1.0,1.0,0.0,0.8698686399801784,1.0,1.0,0.0009694999962448492,0.04406818164749315,3
wine_binary,product recognition,13,5,1.0,immutable_l2,clbr,22,1.0,1.0,0.0,0.8698686399801784,1.0,1.0,0.0009029000002556131,0.04104090910252787,3
wine_binary,product recognition,13,5,1.0,immutable_l2,metric_leaf_projection,22,0.5454545454545454,0.5454545454545454,0.0,0.7256666613691078,1.0,1.0,0.0009023000002343906,0.04101363637429048,3
wine_binary,product recognition,13,5,1.0,immutable_l2,metric_clbr,22,1.0,0.5454545454545454,0.45454545454545453,2.4019960482376876,5.954545454545454,0.5454545454545454,0.0042261000016878825,0.19209545462217648,3
wine_binary,product recognition,13,5,1.0,immutable_l2,exact_leaf,22,1.0,1.0,0.0,0.8698686399801784,1.0,1.0,0.002668100001756102,0.12127727280709553,3
wine_binary,product recognition,13,5,1.0,immutable_l2,exact_leaf_cached,22,1.0,1.0,0.0,0.8698686399801784,1.0,1.0,0.002093100002639403,0.09514090921088196,3
wine_binary,product recognition,13,5,1.0,immutable_l2,native_exact_k_sparse,22,1.0,1.0,0.0,0.8698686399801784,1.0,1.0,0.0019528000020727632,0.08876363645785287,3
wine_binary,product recognition,13,5,1.0,immutable_l2,clbr_uncached,22,1.0,1.0,0.0,0.8698686399801784,1.0,1.0,0.0009927999999490567,0.04512727272495712,3
wine_binary,product recognition,13,5,1.0,immutable_top3_l1,nn_positive_train,22,0.0,0.0,0.0,inf,nan,nan,0.0008561999984522117,0.0389181817478278,3
wine_binary,product recognition,13,5,1.0,immutable_top3_l1,leaf_centroid,22,0.0,0.0,0.0,inf,nan,nan,0.00172620000103052,0.07846363641047818,3
wine_binary,product recognition,13,5,1.0,immutable_top3_l1,raw_leaf_projection,22,0.0,0.0,0.0,inf,nan,nan,0.000901999999769032,0.040999999989501455,3
wine_binary,product recognition,13,5,1.0,immutable_top3_l1,clbr,22,0.0,0.0,0.0,inf,nan,nan,0.0020002000010208576,0.09091818186458443,3
wine_binary,product recognition,13,5,1.0,immutable_top3_l1,metric_leaf_projection,22,0.0,0.0,0.0,inf,nan,nan,0.0008986000002551009,0.04084545455705004,3
wine_binary,product recognition,13,5,1.0,immutable_top3_l1,metric_clbr,22,0.0,0.0,0.0,inf,nan,nan,0.0020314999965194147,0.09234090893270067,3
wine_binary,product recognition,13,5,1.0,immutable_top3_l1,exact_leaf,22,0.0,0.0,0.0,inf,nan,nan,0.0020747999997183797,0.09430909089628998,3
wine_binary,product recognition,13,5,1.0,immutable_top3_l1,exact_leaf_cached,22,0.0,0.0,0.0,inf,nan,nan,0.001095500000701577,0.049795454577344404,3
wine_binary,product recognition,13,5,1.0,immutable_top3_l1,native_exact_k_sparse,22,1.0,1.0,0.0,0.8698686399801784,1.0,1.0,0.002398600000560691,0.10902727275275868,3
wine_binary,product recognition,13,5,1.0,immutable_top3_l1,clbr_uncached,22,0.0,0.0,0.0,inf,nan,nan,0.0022291999994195066,0.10132727270088666,3
wine_binary,product recognition,19,5,0.0,free_l2,nn_positive_train,22,1.0,1.0,0.0,3.5164302127495515,12.818181818181818,0.0,0.0008681000017531915,0.03945909098878143,4
wine_binary,product recognition,19,5,0.0,free_l2,leaf_centroid,22,1.0,1.0,0.0,3.801972405074861,12.954545454545455,0.0,0.001602399996954773,0.07283636349794423,4
wine_binary,product recognition,19,5,0.0,free_l2,raw_leaf_projection,22,1.0,1.0,0.0,1.0570903802514908,1.0,1.0,0.0009592999995220453,0.04360454543282024,4
wine_binary,product recognition,19,5,0.0,free_l2,clbr,22,1.0,1.0,0.0,1.0570903802514908,1.0,1.0,0.0008877000036591198,0.040350000166323625,4
wine_binary,product recognition,19,5,0.0,free_l2,metric_leaf_projection,22,1.0,1.0,0.0,0.8270896706142626,1.0,1.0,0.000955400000748341,0.04342727276128822,4
wine_binary,product recognition,19,5,0.0,free_l2,metric_clbr,22,1.0,1.0,0.0,0.8270896706142626,1.0,1.0,0.0009116999954130733,0.041440908882412426,4
wine_binary,product recognition,19,5,0.0,free_l2,exact_leaf,22,1.0,1.0,0.0,0.8270896706142626,1.0,1.0,0.003459500004282745,0.15725000019467023,4
wine_binary,product recognition,19,5,0.0,free_l2,exact_leaf_cached,22,1.0,1.0,0.0,0.8270896706142626,1.0,1.0,0.0018754000002445537,0.08524545455657062,4
wine_binary,product recognition,19,5,0.0,free_l2,native_exact_k_sparse,22,1.0,1.0,0.0,0.8270896706142626,1.0,1.0,0.0019348000023455825,0.08794545465207193,4
wine_binary,product recognition,19,5,0.0,free_l2,clbr_uncached,22,1.0,1.0,0.0,1.0570903802514908,1.0,1.0,0.0010185000001001754,0.04629545455000797,4
wine_binary,product recognition,19,5,0.0,immutable_l2,nn_positive_train,22,0.9545454545454546,0.9545454545454546,0.0,3.3054958228230684,11.857142857142858,0.0,0.0008553000006941147,0.0388772727588234,4
wine_binary,product recognition,19,5,0.0,immutable_l2,leaf_centroid,22,0.9545454545454546,0.9545454545454546,0.0,3.5690497964266408,11.952380952380953,0.0,0.0014659999969808268,0.06663636349912849,4
wine_binary,product recognition,19,5,0.0,immutable_l2,raw_leaf_projection,22,1.0,1.0,0.0,1.0570903802514908,1.0,1.0,0.0009264999980587163,0.042113636275396195,4
wine_binary,product recognition,19,5,0.0,immutable_l2,clbr,22,1.0,1.0,0.0,1.0570903802514908,1.0,1.0,0.000866899999891757,0.03940454544962532,4
wine_binary,product recognition,19,5,0.0,immutable_l2,metric_leaf_projection,22,0.6818181818181818,0.6818181818181818,0.0,0.9418035158757011,1.0,1.0,0.0008433000020886539,0.038331818276756996,4
wine_binary,product recognition,19,5,0.0,immutable_l2,metric_clbr,22,0.9545454545454546,0.6818181818181818,0.2727272727272727,1.5243272659350529,4.095238095238095,0.7142857142857143,0.0027724999990823562,0.12602272723101618,4
wine_binary,product recognition,19,5,0.0,immutable_l2,exact_leaf,22,1.0,1.0,0.0,1.0570903802514908,1.0,1.0,0.0030838999973639147,0.14017727260745066,4
wine_binary,product recognition,19,5,0.0,immutable_l2,exact_leaf_cached,22,1.0,1.0,0.0,1.0570903802514908,1.0,1.0,0.0018329999975321698,0.08331818170600772,4
wine_binary,product recognition,19,5,0.0,immutable_l2,native_exact_k_sparse,22,1.0,1.0,0.0,1.0570903802514908,1.0,1.0,0.001765999999406631,0.08027272724575596,4
wine_binary,product recognition,19,5,0.0,immutable_l2,clbr_uncached,22,1.0,1.0,0.0,1.0570903802514908,1.0,1.0,0.0009937000004356378,0.04516818183798354,4
wine_binary,product recognition,19,5,0.0,immutable_top3_l1,nn_positive_train,22,0.36363636363636365,0.36363636363636365,0.0,2.8707050559239238,3.0,1.0,0.000885299999936251,0.04024090908801141,4
wine_binary,product recognition,19,5,0.0,immutable_top3_l1,leaf_centroid,22,0.36363636363636365,0.36363636363636365,0.0,3.7257915329231777,3.0,1.0,0.0016132000018842518,0.07332727281292054,4
wine_binary,product recognition,19,5,0.0,immutable_top3_l1,raw_leaf_projection,22,0.36363636363636365,0.36363636363636365,0.0,1.0775388884598673,1.0,1.0,0.0009843999996519415,0.0447454545296337,4
wine_binary,product recognition,19,5,0.0,immutable_top3_l1,clbr,22,0.36363636363636365,0.36363636363636365,0.0,1.0775388884598673,1.0,1.0,0.0019852000004902948,0.09023636365864976,4
wine_binary,product recognition,19,5,0.0,immutable_top3_l1,metric_leaf_projection,22,0.2727272727272727,0.2727272727272727,0.0,1.0134360040115757,1.0,1.0,0.0009782000024642912,0.0444636364756496,4
wine_binary,product recognition,19,5,0.0,immutable_top3_l1,metric_clbr,22,0.36363636363636365,0.2727272727272727,0.09090909090909091,1.3083636917421917,1.5,1.0,0.002348699998947268,0.10675909086123946,4
wine_binary,product recognition,19,5,0.0,immutable_top3_l1,exact_leaf,22,0.36363636363636365,0.36363636363636365,0.0,1.0775388884598673,1.0,1.0,0.0028943000006620423,0.13155909093918375,4
wine_binary,product recognition,19,5,0.0,immutable_top3_l1,exact_leaf_cached,22,0.36363636363636365,0.36363636363636365,0.0,1.0775388884598673,1.0,1.0,0.0013673999992533936,0.0621545454206088,4
wine_binary,product recognition,19,5,0.0,immutable_top3_l1,native_exact_k_sparse,22,1.0,1.0,0.0,1.0570903802514908,1.0,1.0,0.0020176999996692757,0.09171363634860344,4
wine_binary,product recognition,19,5,0.0,immutable_top3_l1,clbr_uncached,22,0.36363636363636365,0.36363636363636365,0.0,1.0775388884598673,1.0,1.0,0.0020910000012008823,0.0950454546000401,4
wine_binary,product recognition,19,5,1.0,free_l2,nn_positive_train,24,1.0,1.0,0.0,4.202609371587959,12.833333333333334,0.0,0.0010206000033576856,0.04252500013990357,4
wine_binary,product recognition,19,5,1.0,free_l2,leaf_centroid,24,1.0,1.0,0.0,4.3825538989594826,12.958333333333334,0.0,0.0019599999986894545,0.08166666661206061,4
wine_binary,product recognition,19,5,1.0,free_l2,raw_leaf_projection,24,1.0,1.0,0.0,1.767686414478406,1.0,1.0,0.0011443000021245098,0.04767916675518791,4
wine_binary,product recognition,19,5,1.0,free_l2,clbr,24,1.0,1.0,0.0,1.767686414478406,1.0,1.0,0.0012188000000605825,0.050783333335857606,4
wine_binary,product recognition,19,5,1.0,free_l2,metric_leaf_projection,24,1.0,1.0,0.0,1.2029450281762069,1.0833333333333333,1.0,0.0011704999997164123,0.04877083332151718,4
wine_binary,product recognition,19,5,1.0,free_l2,metric_clbr,24,1.0,1.0,0.0,1.2029450281762069,1.0833333333333333,1.0,0.0011668000024656067,0.048616666769400275,4
wine_binary,product recognition,19,5,1.0,free_l2,exact_leaf,24,1.0,1.0,0.0,1.2029450281762069,1.0833333333333333,1.0,0.004078799999660987,0.16994999998587446,4
wine_binary,product recognition,19,5,1.0,free_l2,exact_leaf_cached,24,1.0,1.0,0.0,1.2029450281762069,1.0833333333333333,1.0,0.0021919999990132055,0.09133333329221689,4
wine_binary,product recognition,19,5,1.0,free_l2,native_exact_k_sparse,24,1.0,1.0,0.0,1.2029450281762069,1.0833333333333333,1.0,0.002095799999551673,0.0873249999813197,4
wine_binary,product recognition,19,5,1.0,free_l2,clbr_uncached,24,1.0,1.0,0.0,1.767686414478406,1.0,1.0,0.0012526000009529525,0.05219166670637302,4
wine_binary,product recognition,19,5,1.0,immutable_l2,nn_positive_train,24,0.9166666666666666,0.9166666666666666,0.0,4.0776574268033405,11.863636363636363,0.0,0.0008963000000221655,0.037345833334256895,4
wine_binary,product recognition,19,5,1.0,immutable_l2,leaf_centroid,24,0.875,0.875,0.0,4.372507368681029,11.952380952380953,0.0,0.0016483999988849973,0.06868333328687488,4
wine_binary,product recognition,19,5,1.0,immutable_l2,raw_leaf_projection,24,1.0,1.0,0.0,1.767686414478406,1.0,1.0,0.0009549000014885678,0.03978750006202366,4
wine_binary,product recognition,19,5,1.0,immutable_l2,clbr,24,1.0,1.0,0.0,1.767686414478406,1.0,1.0,0.0009865000038189464,0.041104166825789434,4
wine_binary,product recognition,19,5,1.0,immutable_l2,metric_leaf_projection,24,0.20833333333333334,0.20833333333333334,0.0,1.7667923607579552,1.0,1.0,0.0010369999972681399,0.043208333219505825,4
wine_binary,product recognition,19,5,1.0,immutable_l2,metric_clbr,24,0.9166666666666666,0.20833333333333334,0.7083333333333334,2.9547862030186307,9.454545454545455,0.22727272727272727,0.00566779999917344,0.23615833329889332,4
wine_binary,product recognition,19,5,1.0,immutable_l2,exact_leaf,24,1.0,1.0,0.0,1.767686414478406,1.0,1.0,0.003269500001806591,0.1362291667419413,4
wine_binary,product recognition,19,5,1.0,immutable_l2,exact_leaf_cached,24,1.0,1.0,0.0,1.767686414478406,1.0,1.0,0.0022472000009656767,0.09363333337356987,4
wine_binary,product recognition,19,5,1.0,immutable_l2,native_exact_k_sparse,24,1.0,1.0,0.0,1.767686414478406,1.0,1.0,0.002281800000673684,0.09507500002807016,4
wine_binary,product recognition,19,5,1.0,immutable_l2,clbr_uncached,24,1.0,1.0,0.0,1.767686414478406,1.0,1.0,0.0010652000019035768,0.04438333341264903,4
wine_binary,product recognition,19,5,1.0,immutable_top3_l1,nn_positive_train,24,0.5833333333333334,0.5833333333333334,0.0,4.527464137791971,3.0,1.0,0.0009652000007918105,0.04021666669965877,4
wine_binary,product recognition,19,5,1.0,immutable_top3_l1,leaf_centroid,24,0.5833333333333334,0.5833333333333334,0.0,4.740223323978056,3.0,1.0,0.0017374000017298386,0.07239166673874327,4
wine_binary,product recognition,19,5,1.0,immutable_top3_l1,raw_leaf_projection,24,0.5833333333333334,0.5833333333333334,0.0,2.077102441644699,1.0,1.0,0.0010181000006923568,0.04242083336218153,4
wine_binary,product recognition,19,5,1.0,immutable_top3_l1,clbr,24,0.5833333333333334,0.5833333333333334,0.0,2.077102441644699,1.0,1.0,0.0015475999998670886,0.06448333332779536,4
wine_binary,product recognition,19,5,1.0,immutable_top3_l1,metric_leaf_projection,24,0.16666666666666666,0.16666666666666666,0.0,1.9157552051620497,1.0,1.0,0.0009646000016800826,0.04019166673667011,4
wine_binary,product recognition,19,5,1.0,immutable_top3_l1,metric_clbr,24,0.5833333333333334,0.16666666666666666,0.4166666666666667,3.5612362021658415,2.4285714285714284,1.0,0.0046963000004325295,0.19567916668468874,4
wine_binary,product recognition,19,5,1.0,immutable_top3_l1,exact_leaf,24,0.5833333333333334,0.5833333333333334,0.0,2.077102441644699,1.0,1.0,0.003380599995580269,0.14085833314917787,4
wine_binary,product recognition,19,5,1.0,immutable_top3_l1,exact_leaf_cached,24,0.5833333333333334,0.5833333333333334,0.0,2.077102441644699,1.0,1.0,0.0016668000034769648,0.06945000014487353,4
wine_binary,product recognition,19,5,1.0,immutable_top3_l1,native_exact_k_sparse,24,1.0,1.0,0.0,1.767686414478406,1.0,1.0,0.0020977999975002604,0.08740833322917752,4
wine_binary,product recognition,19,5,1.0,immutable_top3_l1,clbr_uncached,24,0.5833333333333334,0.5833333333333334,0.0,2.077102441644699,1.0,1.0,0.0017439999983253074,0.07266666659688781,4
wine_binary,product recognition,29,5,0.0,free_l2,nn_positive_train,17,1.0,1.0,0.0,4.189816778959186,12.882352941176471,0.0,0.0006114000007073628,0.03596470592396252,3
wine_binary,product recognition,29,5,0.0,free_l2,leaf_centroid,17,1.0,1.0,0.0,3.749116164646978,13.0,0.0,0.0009827000021687127,0.05780588248051251,3
wine_binary,product recognition,29,5,0.0,free_l2,raw_leaf_projection,17,1.0,1.0,0.0,0.9109691715891167,1.0,1.0,0.0006422999986170908,0.037782352859828866,3
wine_binary,product recognition,29,5,0.0,free_l2,clbr,17,1.0,1.0,0.0,0.9109691715891167,1.0,1.0,0.0006041999977242085,0.03554117633671815,3
wine_binary,product recognition,29,5,0.0,free_l2,metric_leaf_projection,17,1.0,1.0,0.0,0.9109691715891167,1.0,1.0,0.0006500999988929834,0.03824117640546961,3
wine_binary,product recognition,29,5,0.0,free_l2,metric_clbr,17,1.0,1.0,0.0,0.9109691715891167,1.0,1.0,0.0006309000000328524,0.03711176470781485,3
wine_binary,product recognition,29,5,0.0,free_l2,exact_leaf,17,1.0,1.0,0.0,0.9109691715891167,1.0,1.0,0.001915799999551382,0.11269411762066953,3
wine_binary,product recognition,29,5,0.0,free_l2,exact_leaf_cached,17,1.0,1.0,0.0,0.9109691715891167,1.0,1.0,0.0012885000023743487,0.0757941177867264,3
wine_binary,product recognition,29,5,0.0,free_l2,native_exact_k_sparse,17,1.0,1.0,0.0,0.9109691715891167,1.0,1.0,0.0012396999982229318,0.07292352930723128,3
wine_binary,product recognition,29,5,0.0,free_l2,clbr_uncached,17,1.0,1.0,0.0,0.9109691715891167,1.0,1.0,0.0006576999985554721,0.03868823520914542,3
wine_binary,product recognition,29,5,0.0,immutable_l2,nn_positive_train,17,0.058823529411764705,0.058823529411764705,0.0,4.668801538434087,12.0,0.0,0.0005433999986053095,0.031964705800312326,3
wine_binary,product recognition,29,5,0.0,immutable_l2,leaf_centroid,17,0.058823529411764705,0.058823529411764705,0.0,3.6468592167437093,12.0,0.0,0.000901899998098088,0.053052941064593406,3
wine_binary,product recognition,29,5,0.0,immutable_l2,raw_leaf_projection,17,0.058823529411764705,0.058823529411764705,0.0,0.17062208192446077,1.0,1.0,0.0005746999986513401,0.03380588227360824,3
wine_binary,product recognition,29,5,0.0,immutable_l2,clbr,17,0.058823529411764705,0.058823529411764705,0.0,0.17062208192446077,1.0,1.0,0.0012647999992623227,0.07439999995660722,3
wine_binary,product recognition,29,5,0.0,immutable_l2,metric_leaf_projection,17,0.058823529411764705,0.058823529411764705,0.0,0.17062208192446077,1.0,1.0,0.0005811999981233384,0.03418823518372579,3
wine_binary,product recognition,29,5,0.0,immutable_l2,metric_clbr,17,0.058823529411764705,0.058823529411764705,0.0,0.17062208192446077,1.0,1.0,0.0012870000000475557,0.07570588235573857,3
wine_binary,product recognition,29,5,0.0,immutable_l2,exact_leaf,17,0.058823529411764705,0.058823529411764705,0.0,0.17062208192446077,1.0,1.0,0.00127509999947506,0.07500588232206236,3
wine_binary,product recognition,29,5,0.0,immutable_l2,exact_leaf_cached,17,0.058823529411764705,0.058823529411764705,0.0,0.17062208192446077,1.0,1.0,0.0006667000006927992,0.039217647099576425,3
wine_binary,product recognition,29,5,0.0,immutable_l2,native_exact_k_sparse,17,0.058823529411764705,0.058823529411764705,0.0,0.17062208192446077,1.0,1.0,0.0006521999994220096,0.038364705848353504,3
wine_binary,product recognition,29,5,0.0,immutable_l2,clbr_uncached,17,0.058823529411764705,0.058823529411764705,0.0,0.17062208192446077,1.0,1.0,0.0013697999993382837,0.0805764705493108,3
wine_binary,product recognition,29,5,0.0,immutable_top3_l1,nn_positive_train,17,0.0,0.0,0.0,inf,nan,nan,0.0006844999988970812,0.04026470581747537,3
wine_binary,product recognition,29,5,0.0,immutable_top3_l1,leaf_centroid,17,0.0,0.0,0.0,inf,nan,nan,0.0010993999994752812,0.06467058820442831,3
wine_binary,product recognition,29,5,0.0,immutable_top3_l1,raw_leaf_projection,17,0.0,0.0,0.0,inf,nan,nan,0.0007099000031303149,0.041758823713547936,3
wine_binary,product recognition,29,5,0.0,immutable_top3_l1,clbr,17,0.0,0.0,0.0,inf,nan,nan,0.001564800001688127,0.092047058922831,3
wine_binary,product recognition,29,5,0.0,immutable_top3_l1,metric_leaf_projection,17,0.0,0.0,0.0,inf,nan,nan,0.0008380999988730764,0.04929999993371038,3
wine_binary,product recognition,29,5,0.0,immutable_top3_l1,metric_clbr,17,0.0,0.0,0.0,inf,nan,nan,0.0015599000016663922,0.09175882362743483,3
wine_binary,product recognition,29,5,0.0,immutable_top3_l1,exact_leaf,17,0.0,0.0,0.0,inf,nan,nan,0.0015744000020276872,0.09261176482515807,3
wine_binary,product recognition,29,5,0.0,immutable_top3_l1,exact_leaf_cached,17,0.0,0.0,0.0,inf,nan,nan,0.0007806999992681085,0.04592352936871227,3
wine_binary,product recognition,29,5,0.0,immutable_top3_l1,native_exact_k_sparse,17,0.058823529411764705,0.058823529411764705,0.0,0.17062208192446077,1.0,1.0,0.000947400000768539,0.05572941180991406,3
wine_binary,product recognition,29,5,0.0,immutable_top3_l1,clbr_uncached,17,0.0,0.0,0.0,inf,nan,nan,0.0019976000012320583,0.1175058824254152,3
wine_binary,product recognition,29,5,1.0,free_l2,nn_positive_train,26,1.0,1.0,0.0,5.176302461374807,12.76923076923077,0.0,0.0010521999993216014,0.04046923074313851,3
wine_binary,product recognition,29,5,1.0,free_l2,leaf_centroid,26,1.0,1.0,0.0,4.7152496064116,13.0,0.0,0.0016943999999057269,0.06516923076560488,3
wine_binary,product recognition,29,5,1.0,free_l2,raw_leaf_projection,26,1.0,1.0,0.0,0.8123243398377524,1.2307692307692308,1.0,0.0012158999979874352,0.04676538453797828,3
wine_binary,product recognition,29,5,1.0,free_l2,clbr,26,1.0,1.0,0.0,0.8123243398377524,1.2307692307692308,1.0,0.0011912000036318204,0.045815384755070014,3
wine_binary,product recognition,29,5,1.0,free_l2,metric_leaf_projection,26,1.0,1.0,0.0,0.8123243398377524,1.2307692307692308,1.0,0.0012918000020363252,0.04968461546293558,3
wine_binary,product recognition,29,5,1.0,free_l2,metric_clbr,26,1.0,1.0,0.0,0.8123243398377524,1.2307692307692308,1.0,0.001120999999329797,0.04311538458960758,3
wine_binary,product recognition,29,5,1.0,free_l2,exact_leaf,26,1.0,1.0,0.0,0.8123243398377524,1.2307692307692308,1.0,0.003318000000945176,0.12761538465173755,3
wine_binary,product recognition,29,5,1.0,free_l2,exact_leaf_cached,26,1.0,1.0,0.0,0.8123243398377524,1.2307692307692308,1.0,0.0021570999970208504,0.08296538450080194,3
wine_binary,product recognition,29,5,1.0,free_l2,native_exact_k_sparse,26,1.0,1.0,0.0,0.8123243398377524,1.2307692307692308,1.0,0.00213370000346913,0.0820653847488127,3
wine_binary,product recognition,29,5,1.0,free_l2,clbr_uncached,26,1.0,1.0,0.0,0.8123243398377524,1.2307692307692308,1.0,0.0011039000000891974,0.04245769231112298,3
wine_binary,product recognition,29,5,1.0,immutable_l2,nn_positive_train,26,0.38461538461538464,0.38461538461538464,0.0,5.114657720496052,11.8,0.0,0.0009013999997478095,0.034669230759531135,3
wine_binary,product recognition,29,5,1.0,immutable_l2,leaf_centroid,26,0.38461538461538464,0.38461538461538464,0.0,4.9723918484721334,12.0,0.0,0.0014464999994743266,0.05563461536439718,3
wine_binary,product recognition,29,5,1.0,immutable_l2,raw_leaf_projection,26,0.38461538461538464,0.38461538461538464,0.0,0.5188454671231789,1.0,1.0,0.0009494000014456105,0.03651538467098502,3
wine_binary,product recognition,29,5,1.0,immutable_l2,clbr,26,0.38461538461538464,0.38461538461538464,0.0,0.5188454671231789,1.0,1.0,0.0017965000015465193,0.06909615390563537,3
wine_binary,product recognition,29,5,1.0,immutable_l2,metric_leaf_projection,26,0.38461538461538464,0.38461538461538464,0.0,0.5188454671231789,1.0,1.0,0.0009139000012510223,0.03515000004811624,3
wine_binary,product recognition,29,5,1.0,immutable_l2,metric_clbr,26,0.38461538461538464,0.38461538461538464,0.0,0.5188454671231789,1.0,1.0,0.0017510000034235418,0.06734615397782853,3
wine_binary,product recognition,29,5,1.0,immutable_l2,exact_leaf,26,0.38461538461538464,0.38461538461538464,0.0,0.5188454671231789,1.0,1.0,0.002368499999647611,0.09109615383260042,3
wine_binary,product recognition,29,5,1.0,immutable_l2,exact_leaf_cached,26,0.38461538461538464,0.38461538461538464,0.0,0.5188454671231789,1.0,1.0,0.0013976000027469127,0.05375384625949664,3
wine_binary,product recognition,29,5,1.0,immutable_l2,native_exact_k_sparse,26,0.38461538461538464,0.38461538461538464,0.0,0.5188454671231789,1.0,1.0,0.0013123999970048317,0.0504769229617243,3
wine_binary,product recognition,29,5,1.0,immutable_l2,clbr_uncached,26,0.38461538461538464,0.38461538461538464,0.0,0.5188454671231789,1.0,1.0,0.0019151000014971942,0.0736576923652767,3
wine_binary,product recognition,29,5,1.0,immutable_top3_l1,nn_positive_train,26,0.0,0.0,0.0,inf,nan,nan,0.0010999000014635385,0.042303846210136095,3
wine_binary,product recognition,29,5,1.0,immutable_top3_l1,leaf_centroid,26,0.0,0.0,0.0,inf,nan,nan,0.0016005999996195897,0.061561538446907295,3
wine_binary,product recognition,29,5,1.0,immutable_top3_l1,raw_leaf_projection,26,0.0,0.0,0.0,inf,nan,nan,0.0009606000012354343,0.03694615389367055,3
wine_binary,product recognition,29,5,1.0,immutable_top3_l1,clbr,26,0.0,0.0,0.0,inf,nan,nan,0.002281200001561956,0.08773846159853677,3
wine_binary,product recognition,29,5,1.0,immutable_top3_l1,metric_leaf_projection,26,0.0,0.0,0.0,inf,nan,nan,0.0009678000014901045,0.03722307698038863,3
wine_binary,product recognition,29,5,1.0,immutable_top3_l1,metric_clbr,26,0.0,0.0,0.0,inf,nan,nan,0.002232500001809967,0.08586538468499874,3
wine_binary,product recognition,29,5,1.0,immutable_top3_l1,exact_leaf,26,0.0,0.0,0.0,inf,nan,nan,0.0020255999979781336,0.07790769222992822,3
wine_binary,product recognition,29,5,1.0,immutable_top3_l1,exact_leaf_cached,26,0.0,0.0,0.0,inf,nan,nan,0.0011334000000715605,0.04359230769506002,3
wine_binary,product recognition,29,5,1.0,immutable_top3_l1,native_exact_k_sparse,26,0.38461538461538464,0.38461538461538464,0.0,0.5188454671231789,1.0,1.0,0.0016172000014194055,0.062200000054592516,3
wine_binary,product recognition,29,5,1.0,immutable_top3_l1,clbr_uncached,26,0.0,0.0,0.0,inf,nan,nan,0.002460999998220359,0.09465384608539842,3
wine_binary,product recognition,37,5,0.0,free_l2,nn_positive_train,25,1.0,1.0,0.0,5.33712911141149,12.8,0.0,0.0009265000053346739,0.03706000021338696,2
wine_binary,product recognition,37,5,0.0,free_l2,leaf_centroid,25,1.0,1.0,0.0,4.603231891185918,13.0,0.0,0.0013817999988532392,0.05527199995412957,2
wine_binary,product recognition,37,5,0.0,free_l2,raw_leaf_projection,25,1.0,1.0,0.0,0.8131615543257545,1.68,1.0,0.0010747000014816877,0.042988000059267506,2
wine_binary,product recognition,37,5,0.0,free_l2,clbr,25,1.0,1.0,0.0,0.8131615543257545,1.68,1.0,0.000979699999334116,0.03918799997336464,2
wine_binary,product recognition,37,5,0.0,free_l2,metric_leaf_projection,25,1.0,1.0,0.0,0.7749911965401612,1.68,1.0,0.0009901999992507626,0.039607999970030505,2
wine_binary,product recognition,37,5,0.0,free_l2,metric_clbr,25,1.0,1.0,0.0,0.7749911965401612,1.68,1.0,0.0009259000025849673,0.03703600010339869,2
wine_binary,product recognition,37,5,0.0,free_l2,exact_leaf,25,1.0,1.0,0.0,0.7749911965401612,1.68,1.0,0.0022806000015407335,0.09122400006162934,2
wine_binary,product recognition,37,5,0.0,free_l2,exact_leaf_cached,25,1.0,1.0,0.0,0.7749911965401612,1.68,1.0,0.0019548999962353264,0.07819599984941306,2
wine_binary,product recognition,37,5,0.0,free_l2,native_exact_k_sparse,25,1.0,1.0,0.0,0.7749911965401612,1.68,1.0,0.0019272000045020832,0.07708800018008333,2
wine_binary,product recognition,37,5,0.0,free_l2,clbr_uncached,25,1.0,1.0,0.0,0.8131615543257545,1.68,1.0,0.0009567999977662112,0.038271999910648447,2
wine_binary,product recognition,37,5,0.0,immutable_l2,nn_positive_train,25,0.16,0.16,0.0,4.765798737907955,11.75,0.0,0.0008836999995764927,0.03534799998305971,2
wine_binary,product recognition,37,5,0.0,immutable_l2,leaf_centroid,25,0.16,0.16,0.0,4.157211166320044,12.0,0.0,0.0013797000037811813,0.05518800015124725,2
wine_binary,product recognition,37,5,0.0,immutable_l2,raw_leaf_projection,25,0.16,0.16,0.0,0.5234144305243111,1.0,1.0,0.0013323999983185786,0.05329599993274314,2
wine_binary,product recognition,37,5,0.0,immutable_l2,clbr,25,0.16,0.16,0.0,0.5234144305243111,1.0,1.0,0.002044700002443278,0.08178800009773113,2
wine_binary,product recognition,37,5,0.0,immutable_l2,metric_leaf_projection,25,0.0,0.0,0.0,inf,nan,nan,0.0009728000004542992,0.038912000018171966,2
wine_binary,product recognition,37,5,0.0,immutable_l2,metric_clbr,25,0.16,0.0,0.16,1.5830284798866414,11.75,0.0,0.003390400002899696,0.13561600011598784,2
wine_binary,product recognition,37,5,0.0,immutable_l2,exact_leaf,25,0.16,0.16,0.0,0.5234144305243111,1.0,1.0,0.0018156999994971557,0.07262799997988623,2
wine_binary,product recognition,37,5,0.0,immutable_l2,exact_leaf_cached,25,0.16,0.16,0.0,0.5234144305243111,1.0,1.0,0.0014508999993267935,0.05803599997307174,2
wine_binary,product recognition,37,5,0.0,immutable_l2,native_exact_k_sparse,25,0.16,0.16,0.0,0.5234144305243111,1.0,1.0,0.001351299999441835,0.054051999977673404,2
wine_binary,product recognition,37,5,0.0,immutable_l2,clbr_uncached,25,0.16,0.16,0.0,0.5234144305243111,1.0,1.0,0.002099500004987931,0.08398000019951724,2
wine_binary,product recognition,37,5,0.0,immutable_top3_l1,nn_positive_train,25,0.08,0.08,0.0,5.906905119812613,3.0,1.0,0.0009251999990738113,0.037007999962952454,2
wine_binary,product recognition,37,5,0.0,immutable_top3_l1,leaf_centroid,25,0.08,0.08,0.0,5.158433212321093,3.0,1.0,0.0013603999987026327,0.05441599994810531,2
wine_binary,product recognition,37,5,0.0,immutable_top3_l1,raw_leaf_projection,25,0.08,0.08,0.0,0.8564962974332693,1.0,1.0,0.0009545999992042198,0.03818399996816879,2
wine_binary,product recognition,37,5,0.0,immutable_top3_l1,clbr,25,0.08,0.08,0.0,0.8564962974332693,1.0,1.0,0.001951799999915238,0.07807199999660952,2
wine_binary,product recognition,37,5,0.0,immutable_top3_l1,metric_leaf_projection,25,0.0,0.0,0.0,inf,nan,nan,0.0009380999999848427,0.03752399999939371,2
wine_binary,product recognition,37,5,0.0,immutable_top3_l1,metric_clbr,25,0.08,0.0,0.08,1.6820254571555262,3.0,1.0,0.0027498999988893047,0.10999599995557219,2
wine_binary,product recognition,37,5,0.0,immutable_top3_l1,exact_leaf,25,0.08,0.08,0.0,0.8564962974332693,1.0,1.0,0.0019512999988364754,0.07805199995345902,2
wine_binary,product recognition,37,5,0.0,immutable_top3_l1,exact_leaf_cached,25,0.08,0.08,0.0,0.8564962974332693,1.0,1.0,0.001229999998031417,0.049199999921256676,2
wine_binary,product recognition,37,5,0.0,immutable_top3_l1,native_exact_k_sparse,25,0.16,0.16,0.0,0.5234144305243111,1.0,1.0,0.0013187000013203942,0.05274800005281577,2
wine_binary,product recognition,37,5,0.0,immutable_top3_l1,clbr_uncached,25,0.08,0.08,0.0,0.8564962974332693,1.0,1.0,0.0021781999994345824,0.0871279999773833,2
wine_binary,product recognition,37,5,1.0,free_l2,nn_positive_train,25,1.0,1.0,0.0,5.979725789224729,12.8,0.0,0.0015131000009205309,0.060524000036821235,2
wine_binary,product recognition,37,5,1.0,free_l2,leaf_centroid,25,1.0,1.0,0.0,5.0398480126773935,13.0,0.0,0.0019922999972550315,0.07969199989020126,2
wine_binary,product recognition,37,5,1.0,free_l2,raw_leaf_projection,25,1.0,1.0,0.0,0.8131615543257545,1.68,1.0,0.0010085999992952566,0.04034399997181026,2
wine_binary,product recognition,37,5,1.0,free_l2,clbr,25,1.0,1.0,0.0,0.8131615543257545,1.68,1.0,0.0010215000020252774,0.040860000081011094,2
wine_binary,product recognition,37,5,1.0,free_l2,metric_leaf_projection,25,1.0,1.0,0.0,0.7749911965401612,1.68,1.0,0.0009961000005205278,0.03984400002082111,2
wine_binary,product recognition,37,5,1.0,free_l2,metric_clbr,25,1.0,1.0,0.0,0.7749911965401612,1.68,1.0,0.0009608000009393436,0.038432000037573744,2
wine_binary,product recognition,37,5,1.0,free_l2,exact_leaf,25,1.0,1.0,0.0,0.7749911965401612,1.68,1.0,0.002321199997822987,0.09284799991291948,2
wine_binary,product recognition,37,5,1.0,free_l2,exact_leaf_cached,25,1.0,1.0,0.0,0.7749911965401612,1.68,1.0,0.0019500000025800546,0.07800000010320218,2
wine_binary,product recognition,37,5,1.0,free_l2,native_exact_k_sparse,25,1.0,1.0,0.0,0.7749911965401612,1.68,1.0,0.0019304000006741262,0.07721600002696505,2
wine_binary,product recognition,37,5,1.0,free_l2,clbr_uncached,25,1.0,1.0,0.0,0.8131615543257545,1.68,1.0,0.0009700000036900747,0.03880000014760299,2
wine_binary,product recognition,37,5,1.0,immutable_l2,nn_positive_train,25,0.16,0.16,0.0,5.0138433645812714,11.75,0.0,0.00140060000376252,0.0560240001505008,2
wine_binary,product recognition,37,5,1.0,immutable_l2,leaf_centroid,25,0.16,0.16,0.0,4.243611000856096,12.0,0.0,0.0013840999972671852,0.05536399989068741,2
wine_binary,product recognition,37,5,1.0,immutable_l2,raw_leaf_projection,25,0.16,0.16,0.0,0.5234144305243111,1.0,1.0,0.0009366000003865338,0.03746400001546135,2
wine_binary,product recognition,37,5,1.0,immutable_l2,clbr,25,0.16,0.16,0.0,0.5234144305243111,1.0,1.0,0.001983400004064606,0.07933600016258424,2
wine_binary,product recognition,37,5,1.0,immutable_l2,metric_leaf_projection,25,0.0,0.0,0.0,inf,nan,nan,0.000984100001915067,0.03936400007660268,2
wine_binary,product recognition,37,5,1.0,immutable_l2,metric_clbr,25,0.16,0.0,0.16,1.711180766779133,11.75,0.0,0.00314390000221465,0.125756000088586,2
wine_binary,product recognition,37,5,1.0,immutable_l2,exact_leaf,25,0.16,0.16,0.0,0.5234144305243111,1.0,1.0,0.0015640999999959604,0.06256399999983842,2
wine_binary,product recognition,37,5,1.0,immutable_l2,exact_leaf_cached,25,0.16,0.16,0.0,0.5234144305243111,1.0,1.0,0.0017699999998512794,0.07079999999405118,2
wine_binary,product recognition,37,5,1.0,immutable_l2,native_exact_k_sparse,25,0.16,0.16,0.0,0.5234144305243111,1.0,1.0,0.0013381999988268944,0.05352799995307578,2
wine_binary,product recognition,37,5,1.0,immutable_l2,clbr_uncached,25,0.16,0.16,0.0,0.5234144305243111,1.0,1.0,0.002340699996238982,0.09362799984955927,2
wine_binary,product recognition,37,5,1.0,immutable_top3_l1,nn_positive_train,25,0.08,0.08,0.0,5.906905119812613,3.0,1.0,0.0009445000023333705,0.03778000009333482,2
wine_binary,product recognition,37,5,1.0,immutable_top3_l1,leaf_centroid,25,0.08,0.08,0.0,5.158433212321093,3.0,1.0,0.0013877999990654644,0.055511999962618575,2
wine_binary,product recognition,37,5,1.0,immutable_top3_l1,raw_leaf_projection,25,0.08,0.08,0.0,0.8564962974332693,1.0,1.0,0.0010245999983453657,0.04098399993381463,2
wine_binary,product recognition,37,5,1.0,immutable_top3_l1,clbr,25,0.08,0.08,0.0,0.8564962974332693,1.0,1.0,0.0021253000004435307,0.08501200001774123,2
wine_binary,product recognition,37,5,1.0,immutable_top3_l1,metric_leaf_projection,25,0.0,0.0,0.0,inf,nan,nan,0.0009586000005583628,0.03834400002233451,2
wine_binary,product recognition,37,5,1.0,immutable_top3_l1,metric_clbr,25,0.08,0.0,0.08,1.6820254571555262,3.0,1.0,0.0025544000000081724,0.1021760000003269,2
wine_binary,product recognition,37,5,1.0,immutable_top3_l1,exact_leaf,25,0.08,0.08,0.0,0.8564962974332693,1.0,1.0,0.0016863000000739703,0.06745200000295881,2
wine_binary,product recognition,37,5,1.0,immutable_top3_l1,exact_leaf_cached,25,0.08,0.08,0.0,0.8564962974332693,1.0,1.0,0.001268900001377915,0.0507560000551166,2
wine_binary,product recognition,37,5,1.0,immutable_top3_l1,native_exact_k_sparse,25,0.16,0.16,0.0,0.5234144305243111,1.0,1.0,0.0014162999987092917,0.05665199994837167,2
wine_binary,product recognition,37,5,1.0,immutable_top3_l1,clbr_uncached,25,0.08,0.08,0.0,0.8564962974332693,1.0,1.0,0.0025592999982109177,0.10237199992843671,2
wine_binary,product recognition,41,5,0.0,free_l2,nn_positive_train,19,1.0,1.0,0.0,3.8590283027929875,12.842105263157896,0.0,0.0008170999972207937,0.04300526301162072,4
wine_binary,product recognition,41,5,0.0,free_l2,leaf_centroid,19,1.0,1.0,0.0,3.5990613267018206,13.0,0.0,0.0015057999989949167,0.07925263152604825,4
wine_binary,product recognition,41,5,0.0,free_l2,raw_leaf_projection,19,1.0,1.0,0.0,0.8093802233707988,1.0,1.0,0.0008496000018567429,0.04471578957140752,4
wine_binary,product recognition,41,5,0.0,free_l2,clbr,19,1.0,1.0,0.0,0.8093802233707988,1.0,1.0,0.0007886999965194263,0.04151052613260139,4
wine_binary,product recognition,41,5,0.0,free_l2,metric_leaf_projection,19,1.0,1.0,0.0,0.6201505537098916,1.0,1.0,0.0008323999982167152,0.04381052622193238,4
wine_binary,product recognition,41,5,0.0,free_l2,metric_clbr,19,1.0,1.0,0.0,0.6201505537098916,1.0,1.0,0.0007963999996718485,0.041915789456413076,4
wine_binary,product recognition,41,5,0.0,free_l2,exact_leaf,19,1.0,1.0,0.0,0.6201505537098916,1.0,1.0,0.0029595000023618923,0.15576315801904697,4
wine_binary,product recognition,41,5,0.0,free_l2,exact_leaf_cached,19,1.0,1.0,0.0,0.6201505537098916,1.0,1.0,0.001651300002777134,0.08691052646195442,4
wine_binary,product recognition,41,5,0.0,free_l2,native_exact_k_sparse,19,1.0,1.0,0.0,0.6201505537098916,1.0,1.0,0.0015773999994053156,0.08302105260027977,4
wine_binary,product recognition,41,5,0.0,free_l2,clbr_uncached,19,1.0,1.0,0.0,0.8093802233707988,1.0,1.0,0.0008862000004228321,0.04664210528541222,4
wine_binary,product recognition,41,5,0.0,immutable_l2,nn_positive_train,19,0.9473684210526315,0.9473684210526315,0.0,3.7648528246402293,11.833333333333334,0.0,0.000742000003810972,0.03905263177952484,4
wine_binary,product recognition,41,5,0.0,immutable_l2,leaf_centroid,19,1.0,1.0,0.0,3.548478103852257,12.0,0.0,0.0013211000004957896,0.06953157897346261,4
wine_binary,product recognition,41,5,0.0,immutable_l2,raw_leaf_projection,19,1.0,1.0,0.0,0.8093802233707988,1.0,1.0,0.0007935999992696452,0.04176842101419185,4
wine_binary,product recognition,41,5,0.0,immutable_l2,clbr,19,1.0,1.0,0.0,0.8093802233707988,1.0,1.0,0.0007396999972115736,0.038931578800609136,4
wine_binary,product recognition,41,5,0.0,immutable_l2,metric_leaf_projection,19,0.631578947368421,0.631578947368421,0.0,0.6869998294141876,1.0,1.0,0.0007482000009986223,0.039378947420980116,4
wine_binary,product recognition,41,5,0.0,immutable_l2,metric_clbr,19,0.9473684210526315,0.631578947368421,0.3157894736842105,1.1319672550027189,4.666666666666667,0.6666666666666666,0.0026404999998703715,0.13897368420370376,4
wine_binary,product recognition,41,5,0.0,immutable_l2,exact_leaf,19,1.0,1.0,0.0,0.8093802233707988,1.0,1.0,0.0027830000008179923,0.14647368425357854,4
wine_binary,product recognition,41,5,0.0,immutable_l2,exact_leaf_cached,19,1.0,1.0,0.0,0.8093802233707988,1.0,1.0,0.00156059999972058,0.08213684209055684,4
wine_binary,product recognition,41,5,0.0,immutable_l2,native_exact_k_sparse,19,1.0,1.0,0.0,0.8093802233707988,1.0,1.0,0.0014820999986113748,0.07800526308480919,4
wine_binary,product recognition,41,5,0.0,immutable_l2,clbr_uncached,19,1.0,1.0,0.0,0.8093802233707988,1.0,1.0,0.000832099999570346,0.04379473681949189,4
wine_binary,product recognition,41,5,0.0,immutable_top3_l1,nn_positive_train,19,0.9473684210526315,0.9473684210526315,0.0,4.105968186510024,3.0,1.0,0.0007446000017807819,0.03918947377793589,4
wine_binary,product recognition,41,5,0.0,immutable_top3_l1,leaf_centroid,19,0.9473684210526315,0.9473684210526315,0.0,3.744492796754593,3.0,1.0,0.0014495999994323938,0.07629473681223126,4
wine_binary,product recognition,41,5,0.0,immutable_top3_l1,raw_leaf_projection,19,0.9473684210526315,0.9473684210526315,0.0,0.7942933810155188,1.0,1.0,0.0008449000006294227,0.04446842108575909,4
wine_binary,product recognition,41,5,0.0,immutable_top3_l1,clbr,19,0.9473684210526315,0.9473684210526315,0.0,0.7942933810155188,1.0,1.0,0.000807500001428707,0.04250000007519511,4
wine_binary,product recognition,41,5,0.0,immutable_top3_l1,metric_leaf_projection,19,0.631578947368421,0.631578947368421,0.0,0.6869998294141876,1.0,1.0,0.0007648999971934245,0.0402578945891276,4
wine_binary,product recognition,41,5,0.0,immutable_top3_l1,metric_clbr,19,0.9473684210526315,0.631578947368421,0.3157894736842105,1.1760477388363486,1.6666666666666667,1.0,0.002837199998793949,0.1493263157259973,4
wine_binary,product recognition,41,5,0.0,immutable_top3_l1,exact_leaf,19,0.9473684210526315,0.9473684210526315,0.0,0.7942933810155188,1.0,1.0,0.003532699999595934,0.1859315789261018,4
wine_binary,product recognition,41,5,0.0,immutable_top3_l1,exact_leaf_cached,19,0.9473684210526315,0.9473684210526315,0.0,0.7942933810155188,1.0,1.0,0.0016628999983367976,0.08752105254404198,4
wine_binary,product recognition,41,5,0.0,immutable_top3_l1,native_exact_k_sparse,19,1.0,1.0,0.0,0.8093802233707988,1.0,1.0,0.0016688000005160575,0.08783157897452934,4
wine_binary,product recognition,41,5,0.0,immutable_top3_l1,clbr_uncached,19,0.9473684210526315,0.9473684210526315,0.0,0.7942933810155188,1.0,1.0,0.0010709000016504433,0.056363157981602276,4
wine_binary,product recognition,41,5,1.0,free_l2,nn_positive_train,19,1.0,1.0,0.0,4.235802802855543,12.894736842105264,0.0,0.0008714000014151679,0.045863157969219366,4
wine_binary,product recognition,41,5,1.0,free_l2,leaf_centroid,19,1.0,1.0,0.0,3.9793481563912483,13.0,0.0,0.001366500000585802,0.07192105266241063,4
wine_binary,product recognition,41,5,1.0,free_l2,raw_leaf_projection,19,1.0,1.0,0.0,0.8093802233707988,1.0,1.0,0.0008177999989129603,0.04304210520594528,4
wine_binary,product recognition,41,5,1.0,free_l2,clbr,19,1.0,1.0,0.0,0.8093802233707988,1.0,1.0,0.0007778999970469158,0.04094210510773241,4
wine_binary,product recognition,41,5,1.0,free_l2,metric_leaf_projection,19,1.0,1.0,0.0,0.6201505537098916,1.0,1.0,0.0007785000007061171,0.04097368424769038,4
wine_binary,product recognition,41,5,1.0,free_l2,metric_clbr,19,1.0,1.0,0.0,0.6201505537098916,1.0,1.0,0.0007852999988244846,0.04133157888549919,4
wine_binary,product recognition,41,5,1.0,free_l2,exact_leaf,19,1.0,1.0,0.0,0.6201505537098916,1.0,1.0,0.0030002000003150897,0.1579052631744784,4
wine_binary,product recognition,41,5,1.0,free_l2,exact_leaf_cached,19,1.0,1.0,0.0,0.6201505537098916,1.0,1.0,0.0016823000005388167,0.08854210529151667,4
wine_binary,product recognition,41,5,1.0,free_l2,native_exact_k_sparse,19,1.0,1.0,0.0,0.6201505537098916,1.0,1.0,0.0015763999999762746,0.08296842105138287,4
wine_binary,product recognition,41,5,1.0,free_l2,clbr_uncached,19,1.0,1.0,0.0,0.8093802233707988,1.0,1.0,0.0009043000009114621,0.047594736890076955,4
wine_binary,product recognition,41,5,1.0,immutable_l2,nn_positive_train,19,0.9473684210526315,0.9473684210526315,0.0,4.137187149471582,11.88888888888889,0.0,0.0008834000000206288,0.04649473684319099,4
wine_binary,product recognition,41,5,1.0,immutable_l2,leaf_centroid,19,1.0,1.0,0.0,3.9343836576764972,12.0,0.0,0.0014997999987826915,0.07893684204119429,4
wine_binary,product recognition,41,5,1.0,immutable_l2,raw_leaf_projection,19,1.0,1.0,0.0,0.8093802233707988,1.0,1.0,0.0008245999979408225,0.043399999891622236,4
wine_binary,product recognition,41,5,1.0,immutable_l2,clbr,19,1.0,1.0,0.0,0.8093802233707988,1.0,1.0,0.0007636999980604742,0.04019473674002496,4
wine_binary,product recognition,41,5,1.0,immutable_l2,metric_leaf_projection,19,0.631578947368421,0.631578947368421,0.0,0.6869998294141876,1.0,1.0,0.0011662000024443842,0.06137894749707285,4
wine_binary,product recognition,41,5,1.0,immutable_l2,metric_clbr,19,0.9473684210526315,0.631578947368421,0.3157894736842105,1.1861791171834095,4.666666666666667,0.6666666666666666,0.0026885999968726537,0.14150526299329758,4
wine_binary,product recognition,41,5,1.0,immutable_l2,exact_leaf,19,1.0,1.0,0.0,0.8093802233707988,1.0,1.0,0.0029210000020611915,0.15373684221374692,4
wine_binary,product recognition,41,5,1.0,immutable_l2,exact_leaf_cached,19,1.0,1.0,0.0,0.8093802233707988,1.0,1.0,0.0016779000006863498,0.08831052635191315,4
wine_binary,product recognition,41,5,1.0,immutable_l2,native_exact_k_sparse,19,1.0,1.0,0.0,0.8093802233707988,1.0,1.0,0.001544299997476628,0.081278947235612,4
wine_binary,product recognition,41,5,1.0,immutable_l2,clbr_uncached,19,1.0,1.0,0.0,0.8093802233707988,1.0,1.0,0.0008700999978827895,0.04579473673067313,4
wine_binary,product recognition,41,5,1.0,immutable_top3_l1,nn_positive_train,19,0.9473684210526315,0.9473684210526315,0.0,4.365773004108695,3.0,1.0,0.0009395000006406917,0.049447368454773245,4
wine_binary,product recognition,41,5,1.0,immutable_top3_l1,leaf_centroid,19,0.9473684210526315,0.9473684210526315,0.0,4.022765608159191,3.0,1.0,0.0016871999996510567,0.08879999998163457,4
wine_binary,product recognition,41,5,1.0,immutable_top3_l1,raw_leaf_projection,19,0.9473684210526315,0.9473684210526315,0.0,0.7942933810155188,1.0,1.0,0.0008643999990454176,0.04549473679186409,4
wine_binary,product recognition,41,5,1.0,immutable_top3_l1,clbr,19,0.9473684210526315,0.9473684210526315,0.0,0.7942933810155188,1.0,1.0,0.0008600000001024455,0.04526315790012871,4
wine_binary,product recognition,41,5,1.0,immutable_top3_l1,metric_leaf_projection,19,0.631578947368421,0.631578947368421,0.0,0.6869998294141876,1.0,1.0,0.0008439000030193711,0.04441578963259848,4
wine_binary,product recognition,41,5,1.0,immutable_top3_l1,metric_clbr,19,0.9473684210526315,0.631578947368421,0.3157894736842105,1.2572383235533386,1.6666666666666667,1.0,0.0027430000018284773,0.14436842114886722,4
wine_binary,product recognition,41,5,1.0,immutable_top3_l1,exact_leaf,19,0.9473684210526315,0.9473684210526315,0.0,0.7942933810155188,1.0,1.0,0.0028931000006195973,0.15226842108524197,4
wine_binary,product recognition,41,5,1.0,immutable_top3_l1,exact_leaf_cached,19,0.9473684210526315,0.9473684210526315,0.0,0.7942933810155188,1.0,1.0,0.001630900001146074,0.08583684216558284,4
wine_binary,product recognition,41,5,1.0,immutable_top3_l1,native_exact_k_sparse,19,1.0,1.0,0.0,0.8093802233707988,1.0,1.0,0.0017842999995991704,0.09391052629469318,4
wine_binary,product recognition,41,5,1.0,immutable_top3_l1,clbr_uncached,19,0.9473684210526315,0.9473684210526315,0.0,0.7942933810155188,1.0,1.0,0.0010194999995292164,0.05365789471206402,4
wine_binary,product recognition,53,5,0.0,free_l2,nn_positive_train,28,1.0,1.0,0.0,4.976351998550796,12.928571428571429,0.0,0.0010776000008263509,0.038485714315226814,3
wine_binary,product recognition,53,5,0.0,free_l2,leaf_centroid,28,1.0,1.0,0.0,3.6595015400449404,12.821428571428571,0.0,0.001591299997016904,0.05683214275060371,3
wine_binary,product recognition,53,5,0.0,free_l2,raw_leaf_projection,28,1.0,1.0,0.0,1.0404444490265223,1.0,1.0,0.0010754000031738542,0.038407142970494794,3
wine_binary,product recognition,53,5,0.0,free_l2,clbr,28,1.0,1.0,0.0,1.0404444490265223,1.0,1.0,0.0010006000002249493,0.03573571429374819,3
wine_binary,product recognition,53,5,0.0,free_l2,metric_leaf_projection,28,1.0,1.0,0.0,1.0404444490265223,1.0,1.0,0.0009959000017261133,0.03556785720450405,3
wine_binary,product recognition,53,5,0.0,free_l2,metric_clbr,28,1.0,1.0,0.0,1.0404444490265223,1.0,1.0,0.0010004000014305348,0.03572857147966196,3
wine_binary,product recognition,53,5,0.0,free_l2,exact_leaf,28,1.0,1.0,0.0,1.0404444490265223,1.0,1.0,0.0031405999980052,0.11216428564304286,3
wine_binary,product recognition,53,5,0.0,free_l2,exact_leaf_cached,28,1.0,1.0,0.0,1.0404444490265223,1.0,1.0,0.00207589999990887,0.07413928571103108,3
wine_binary,product recognition,53,5,0.0,free_l2,native_exact_k_sparse,28,1.0,1.0,0.0,1.0404444490265223,1.0,1.0,0.0019803999985015253,0.07072857137505448,3
wine_binary,product recognition,53,5,0.0,free_l2,clbr_uncached,28,1.0,1.0,0.0,1.0404444490265223,1.0,1.0,0.0010562000006757444,0.0377214285955623,3
wine_binary,product recognition,53,5,0.0,immutable_l2,nn_positive_train,28,0.0,0.0,0.0,inf,nan,nan,0.0009790999965844094,0.03496785702087176,3
wine_binary,product recognition,53,5,0.0,immutable_l2,leaf_centroid,28,0.0,0.0,0.0,inf,nan,nan,0.001984400004403142,0.07087142872868364,3
wine_binary,product recognition,53,5,0.0,immutable_l2,raw_leaf_projection,28,0.0,0.0,0.0,inf,nan,nan,0.0010033000016846927,0.035832142917310454,3
wine_binary,product recognition,53,5,0.0,immutable_l2,clbr,28,0.0,0.0,0.0,inf,nan,nan,0.002487200000359735,0.0888285714414191,3
wine_binary,product recognition,53,5,0.0,immutable_l2,metric_leaf_projection,28,0.0,0.0,0.0,inf,nan,nan,0.001052500002515444,0.037589285804123004,3
wine_binary,product recognition,53,5,0.0,immutable_l2,metric_clbr,28,0.0,0.0,0.0,inf,nan,nan,0.0022526000029756688,0.08045000010627389,3
wine_binary,product recognition,53,5,0.0,immutable_l2,exact_leaf,28,0.0,0.0,0.0,inf,nan,nan,0.0021853000016562873,0.07804642863058169,3
wine_binary,product recognition,53,5,0.0,immutable_l2,exact_leaf_cached,28,0.0,0.0,0.0,inf,nan,nan,0.0011425999973653234,0.04080714276304726,3
wine_binary,product recognition,53,5,0.0,immutable_l2,native_exact_k_sparse,28,0.0,0.0,0.0,inf,nan,nan,0.0014821999984633294,0.052935714230833195,3
wine_binary,product recognition,53,5,0.0,immutable_l2,clbr_uncached,28,0.0,0.0,0.0,inf,nan,nan,0.002532400000745838,0.09044285716949421,3
wine_binary,product recognition,53,5,0.0,immutable_top3_l1,nn_positive_train,28,0.0,0.0,0.0,inf,nan,nan,0.0010061999983008718,0.03593571422503113,3
wine_binary,product recognition,53,5,0.0,immutable_top3_l1,leaf_centroid,28,0.0,0.0,0.0,inf,nan,nan,0.0016489999998157145,0.05889285713627552,3
wine_binary,product recognition,53,5,0.0,immutable_top3_l1,raw_leaf_projection,28,0.0,0.0,0.0,inf,nan,nan,0.0013630999992528814,0.04868214283046005,3
wine_binary,product recognition,53,5,0.0,immutable_top3_l1,clbr,28,0.0,0.0,0.0,inf,nan,nan,0.0035976999988633906,0.12848928567369253,3
wine_binary,product recognition,53,5,0.0,immutable_top3_l1,metric_leaf_projection,28,0.0,0.0,0.0,inf,nan,nan,0.0010439999996378901,0.03728571427278179,3
wine_binary,product recognition,53,5,0.0,immutable_top3_l1,metric_clbr,28,0.0,0.0,0.0,inf,nan,nan,0.002454500004205329,0.0876607144359046,3
wine_binary,product recognition,53,5,0.0,immutable_top3_l1,exact_leaf,28,0.0,0.0,0.0,inf,nan,nan,0.002365500000450993,0.08448214287324975,3
wine_binary,product recognition,53,5,0.0,immutable_top3_l1,exact_leaf_cached,28,0.0,0.0,0.0,inf,nan,nan,0.0012588000017785816,0.04495714292066363,3
wine_binary,product recognition,53,5,0.0,immutable_top3_l1,native_exact_k_sparse,28,0.0,0.0,0.0,inf,nan,nan,0.0012322999982643523,0.04401071422372687,3
wine_binary,product recognition,53,5,0.0,immutable_top3_l1,clbr_uncached,28,0.0,0.0,0.0,inf,nan,nan,0.00285619999976916,0.10200714284889857,3
wine_binary,product recognition,53,5,1.0,free_l2,nn_positive_train,28,1.0,1.0,0.0,4.983888550997322,12.928571428571429,0.0,0.0013602999979411834,0.04858214278361369,3
wine_binary,product recognition,53,5,1.0,free_l2,leaf_centroid,28,1.0,1.0,0.0,4.078524107919518,12.821428571428571,0.0,0.0019656999993458157,0.07020357140520771,3
wine_binary,product recognition,53,5,1.0,free_l2,raw_leaf_projection,28,1.0,1.0,0.0,1.0404444490265223,1.0,1.0,0.0011933000023418572,0.0426178572264949,3
wine_binary,product recognition,53,5,1.0,free_l2,clbr,28,1.0,1.0,0.0,1.0404444490265223,1.0,1.0,0.0011222999992241967,0.0400821428294356,3
wine_binary,product recognition,53,5,1.0,free_l2,metric_leaf_projection,28,1.0,1.0,0.0,1.0404444490265223,1.0,1.0,0.001137600000220118,0.04062857143643279,3
wine_binary,product recognition,53,5,1.0,free_l2,metric_clbr,28,1.0,1.0,0.0,1.0404444490265223,1.0,1.0,0.0011587999979383312,0.04138571421208326,3
wine_binary,product recognition,53,5,1.0,free_l2,exact_leaf,28,1.0,1.0,0.0,1.0404444490265223,1.0,1.0,0.003902300000845571,0.1393678571730561,3
wine_binary,product recognition,53,5,1.0,free_l2,exact_leaf_cached,28,1.0,1.0,0.0,1.0404444490265223,1.0,1.0,0.002443599998514401,0.08727142851837145,3
wine_binary,product recognition,53,5,1.0,free_l2,native_exact_k_sparse,28,1.0,1.0,0.0,1.0404444490265223,1.0,1.0,0.0022663000045213266,0.08093928587576167,3
wine_binary,product recognition,53,5,1.0,free_l2,clbr_uncached,28,1.0,1.0,0.0,1.0404444490265223,1.0,1.0,0.0014246000009734416,0.0508785714633372,3
wine_binary,product recognition,53,5,1.0,immutable_l2,nn_positive_train,28,0.0,0.0,0.0,inf,nan,nan,0.0010668999966583215,0.038103571309225766,3
wine_binary,product recognition,53,5,1.0,immutable_l2,leaf_centroid,28,0.0,0.0,0.0,inf,nan,nan,0.0018432999986544019,0.06583214280908578,3
wine_binary,product recognition,53,5,1.0,immutable_l2,raw_leaf_projection,28,0.0,0.0,0.0,inf,nan,nan,0.0012334000020928215,0.04405000007474363,3
wine_binary,product recognition,53,5,1.0,immutable_l2,clbr,28,0.0,0.0,0.0,inf,nan,nan,0.0029298999997990904,0.10463928570711037,3
wine_binary,product recognition,53,5,1.0,immutable_l2,metric_leaf_projection,28,0.0,0.0,0.0,inf,nan,nan,0.0011910999983228976,0.0425392856543892,3
wine_binary,product recognition,53,5,1.0,immutable_l2,metric_clbr,28,0.0,0.0,0.0,inf,nan,nan,0.0027594000011958997,0.09855000004271071,3
wine_binary,product recognition,53,5,1.0,immutable_l2,exact_leaf,28,0.0,0.0,0.0,inf,nan,nan,0.002503600000636652,0.08941428573702329,3
wine_binary,product recognition,53,5,1.0,immutable_l2,exact_leaf_cached,28,0.0,0.0,0.0,inf,nan,nan,0.0013393999979598448,0.0478357142128516,3
wine_binary,product recognition,53,5,1.0,immutable_l2,native_exact_k_sparse,28,0.0,0.0,0.0,inf,nan,nan,0.0011925000017072307,0.04258928577525824,3
wine_binary,product recognition,53,5,1.0,immutable_l2,clbr_uncached,28,0.0,0.0,0.0,inf,nan,nan,0.003233199999158387,0.11547142854137096,3
wine_binary,product recognition,53,5,1.0,immutable_top3_l1,nn_positive_train,28,0.0,0.0,0.0,inf,nan,nan,0.001042700004290964,0.03723928586753443,3
wine_binary,product recognition,53,5,1.0,immutable_top3_l1,leaf_centroid,28,0.0,0.0,0.0,inf,nan,nan,0.0019025000037800055,0.06794642870642877,3
wine_binary,product recognition,53,5,1.0,immutable_top3_l1,raw_leaf_projection,28,0.0,0.0,0.0,inf,nan,nan,0.001209399994877458,0.043192856959909216,3
wine_binary,product recognition,53,5,1.0,immutable_top3_l1,clbr,28,0.0,0.0,0.0,inf,nan,nan,0.002993499998410698,0.1069107142289535,3
wine_binary,product recognition,53,5,1.0,immutable_top3_l1,metric_leaf_projection,28,0.0,0.0,0.0,inf,nan,nan,0.001416899999640009,0.0506035714157146,3
wine_binary,product recognition,53,5,1.0,immutable_top3_l1,metric_clbr,28,0.0,0.0,0.0,inf,nan,nan,0.0029538999988290016,0.1054964285296072,3
wine_binary,product recognition,53,5,1.0,immutable_top3_l1,exact_leaf,28,0.0,0.0,0.0,inf,nan,nan,0.0032285000052070245,0.1153035716145366,3
wine_binary,product recognition,53,5,1.0,immutable_top3_l1,exact_leaf_cached,28,0.0,0.0,0.0,inf,nan,nan,0.001398200000039651,0.049935714287130395,3
wine_binary,product recognition,53,5,1.0,immutable_top3_l1,native_exact_k_sparse,28,0.0,0.0,0.0,inf,nan,nan,0.0013388000024860958,0.04781428580307485,3
wine_binary,product recognition,53,5,1.0,immutable_top3_l1,clbr_uncached,28,0.0,0.0,0.0,inf,nan,nan,0.003536700000950077,0.1263107143196456,3
wine_binary,product recognition,61,5,0.0,free_l2,nn_positive_train,21,1.0,1.0,0.0,4.781131322685719,12.904761904761905,0.0,0.0008882000001904089,0.04229523810430519,3
wine_binary,product recognition,61,5,0.0,free_l2,leaf_centroid,21,1.0,1.0,0.0,4.396657251531492,13.0,0.0,0.0013743999970756704,0.06544761890836526,3
wine_binary,product recognition,61,5,0.0,free_l2,raw_leaf_projection,21,1.0,1.0,0.0,0.7602238321731998,1.0,1.0,0.0008747999972911202,0.041657142728148584,3
wine_binary,product recognition,61,5,0.0,free_l2,clbr,21,1.0,1.0,0.0,0.7602238321731998,1.0,1.0,0.0008233999978983775,0.039209523709446546,3
wine_binary,product recognition,61,5,0.0,free_l2,metric_leaf_projection,21,1.0,1.0,0.0,0.6899091114626134,1.0,1.0,0.0008237999991251854,0.03922857138691359,3
wine_binary,product recognition,61,5,0.0,free_l2,metric_clbr,21,1.0,1.0,0.0,0.6899091114626134,1.0,1.0,0.0008435999998255284,0.0401714285631204,3
wine_binary,product recognition,61,5,0.0,free_l2,exact_leaf,21,1.0,1.0,0.0,0.6899091114626134,1.0,1.0,0.0026198000014119316,0.12475238101961579,3
wine_binary,product recognition,61,5,0.0,free_l2,exact_leaf_cached,21,1.0,1.0,0.0,0.6899091114626134,1.0,1.0,0.0017853999997896608,0.08501904760903146,3
wine_binary,product recognition,61,5,0.0,free_l2,native_exact_k_sparse,21,1.0,1.0,0.0,0.6899091114626134,1.0,1.0,0.0016686999997546081,0.07946190475021944,3
wine_binary,product recognition,61,5,0.0,free_l2,clbr_uncached,21,1.0,1.0,0.0,0.7602238321731998,1.0,1.0,0.000898500001312641,0.042785714348220996,3
wine_binary,product recognition,61,5,0.0,immutable_l2,nn_positive_train,21,1.0,1.0,0.0,4.758088436115497,11.904761904761905,0.0,0.000857100001667277,0.04081428579367986,3
wine_binary,product recognition,61,5,0.0,immutable_l2,leaf_centroid,21,1.0,1.0,0.0,4.295699660541315,12.0,0.0,0.0012906999972983613,0.0614619046332553,3
wine_binary,product recognition,61,5,0.0,immutable_l2,raw_leaf_projection,21,1.0,1.0,0.0,0.7602238321731998,1.0,1.0,0.0008689999967828044,0.041380952227752586,3
wine_binary,product recognition,61,5,0.0,immutable_l2,clbr,21,1.0,1.0,0.0,0.7602238321731998,1.0,1.0,0.0007881999981691479,0.0375333332461499,3
wine_binary,product recognition,61,5,0.0,immutable_l2,metric_leaf_projection,21,0.7142857142857143,0.7142857142857143,0.0,0.7158452931162297,1.0,1.0,0.0008615999986432143,0.04102857136396259,3
wine_binary,product recognition,61,5,0.0,immutable_l2,metric_clbr,21,1.0,0.7142857142857143,0.2857142857142857,1.5515328240430912,4.142857142857143,0.7142857142857143,0.0029765999988740077,0.14174285708923845,3
wine_binary,product recognition,61,5,0.0,immutable_l2,exact_leaf,21,1.0,1.0,0.0,0.7602238321731998,1.0,1.0,0.0023351000008915435,0.11119523813769254,3
wine_binary,product recognition,61,5,0.0,immutable_l2,exact_leaf_cached,21,1.0,1.0,0.0,0.7602238321731998,1.0,1.0,0.001664199999140692,0.07924761900669962,3
wine_binary,product recognition,61,5,0.0,immutable_l2,native_exact_k_sparse,21,1.0,1.0,0.0,0.7602238321731998,1.0,1.0,0.0016287999978885637,0.07756190466136018,3
wine_binary,product recognition,61,5,0.0,immutable_l2,clbr_uncached,21,1.0,1.0,0.0,0.7602238321731998,1.0,1.0,0.0008495000001857989,0.040452380961228517,3
wine_binary,product recognition,61,5,0.0,immutable_top3_l1,nn_positive_train,21,0.3333333333333333,0.3333333333333333,0.0,3.792011414186491,3.0,1.0,0.0007081000012476579,0.0337190476784599,3
wine_binary,product recognition,61,5,0.0,immutable_top3_l1,leaf_centroid,21,0.3333333333333333,0.3333333333333333,0.0,3.185594233164213,3.0,1.0,0.001135500002419576,0.05407142868664648,3
wine_binary,product recognition,61,5,0.0,immutable_top3_l1,raw_leaf_projection,21,0.3333333333333333,0.3333333333333333,0.0,0.8755115665369152,1.0,1.0,0.0007433999981003581,0.03539999990954086,3
wine_binary,product recognition,61,5,0.0,immutable_top3_l1,clbr,21,0.3333333333333333,0.3333333333333333,0.0,0.8755115665369152,1.0,1.0,0.0013495000021066517,0.06426190486222151,3
wine_binary,product recognition,61,5,0.0,immutable_top3_l1,metric_leaf_projection,21,0.2857142857142857,0.2857142857142857,0.0,0.9066247843694342,1.0,1.0,0.0007071000018186169,0.03367142865802938,3
wine_binary,product recognition,61,5,0.0,immutable_top3_l1,metric_clbr,21,0.3333333333333333,0.2857142857142857,0.047619047619047616,0.9606955130961499,1.2857142857142858,1.0,0.0015953000020090258,0.07596666676233456,3
wine_binary,product recognition,61,5,0.0,immutable_top3_l1,exact_leaf,21,0.3333333333333333,0.3333333333333333,0.0,0.8755115665369152,1.0,1.0,0.0017582999980731984,0.08372857133681896,3
wine_binary,product recognition,61,5,0.0,immutable_top3_l1,exact_leaf_cached,21,0.3333333333333333,0.3333333333333333,0.0,0.8755115665369152,1.0,1.0,0.0010214000030828174,0.048638095384896066,3
wine_binary,product recognition,61,5,0.0,immutable_top3_l1,native_exact_k_sparse,21,1.0,1.0,0.0,0.7602238321731998,1.0,1.0,0.0014952999981687753,0.07120476181756073,3
wine_binary,product recognition,61,5,0.0,immutable_top3_l1,clbr_uncached,21,0.3333333333333333,0.3333333333333333,0.0,0.8755115665369152,1.0,1.0,0.0014590999999199994,0.06948095237714283,3
wine_binary,product recognition,61,5,1.0,free_l2,nn_positive_train,21,1.0,1.0,0.0,5.482422435349663,12.904761904761905,0.0,0.0008652000014990335,0.041200000071382546,3
wine_binary,product recognition,61,5,1.0,free_l2,leaf_centroid,21,1.0,1.0,0.0,4.972581020328234,13.0,0.0,0.0015465999977095635,0.07364761893855064,3
wine_binary,product recognition,61,5,1.0,free_l2,raw_leaf_projection,21,1.0,1.0,0.0,0.7602238321731998,1.0,1.0,0.000908700000763929,0.04327142860780614,3
wine_binary,product recognition,61,5,1.0,free_l2,clbr,21,1.0,1.0,0.0,0.7602238321731998,1.0,1.0,0.0008058999992499594,0.03837619044047426,3
wine_binary,product recognition,61,5,1.0,free_l2,metric_leaf_projection,21,1.0,1.0,0.0,0.6899091114626134,1.0,1.0,0.0010754999948403565,0.0512142854685884,3
wine_binary,product recognition,61,5,1.0,free_l2,metric_clbr,21,1.0,1.0,0.0,0.6899091114626134,1.0,1.0,0.0009425999951417907,0.04488571405437099,3
wine_binary,product recognition,61,5,1.0,free_l2,exact_leaf,21,1.0,1.0,0.0,0.6899091114626134,1.0,1.0,0.002634199999192788,0.12543809519965657,3
wine_binary,product recognition,61,5,1.0,free_l2,exact_leaf_cached,21,1.0,1.0,0.0,0.6899091114626134,1.0,1.0,0.0017833000019891188,0.08491904771376756,3
wine_binary,product recognition,61,5,1.0,free_l2,native_exact_k_sparse,21,1.0,1.0,0.0,0.6899091114626134,1.0,1.0,0.0016634999992675148,0.07921428567940547,3
wine_binary,product recognition,61,5,1.0,free_l2,clbr_uncached,21,1.0,1.0,0.0,0.7602238321731998,1.0,1.0,0.0010976000003211084,0.05226666668195754,3
wine_binary,product recognition,61,5,1.0,immutable_l2,nn_positive_train,21,1.0,1.0,0.0,5.463347229656866,11.904761904761905,0.0,0.0008725000016056583,0.04154761912407897,3
wine_binary,product recognition,61,5,1.0,immutable_l2,leaf_centroid,21,1.0,1.0,0.0,4.8836006278008925,12.0,0.0,0.0014616999997087987,0.06960476189089518,3
wine_binary,product recognition,61,5,1.0,immutable_l2,raw_leaf_projection,21,1.0,1.0,0.0,0.7602238321731998,1.0,1.0,0.0012349000026006252,0.0588047620286012,3
wine_binary,product recognition,61,5,1.0,immutable_l2,clbr,21,1.0,1.0,0.0,0.7602238321731998,1.0,1.0,0.0009288000010201358,0.04422857147714933,3
wine_binary,product recognition,61,5,1.0,immutable_l2,metric_leaf_projection,21,0.7142857142857143,0.7142857142857143,0.0,0.7158452931162297,1.0,1.0,0.0009151999975074432,0.0435809522622592,3
wine_binary,product recognition,61,5,1.0,immutable_l2,metric_clbr,21,1.0,0.7142857142857143,0.2857142857142857,1.6523407634484595,4.142857142857143,0.7142857142857143,0.0027905000006285263,0.1328809524108822,3
wine_binary,product recognition,61,5,1.0,immutable_l2,exact_leaf,21,1.0,1.0,0.0,0.7602238321731998,1.0,1.0,0.0025222000003850553,0.12010476192309787,3
wine_binary,product recognition,61,5,1.0,immutable_l2,exact_leaf_cached,21,1.0,1.0,0.0,0.7602238321731998,1.0,1.0,0.0017861000014818273,0.08505238102294416,3
wine_binary,product recognition,61,5,1.0,immutable_l2,native_exact_k_sparse,21,1.0,1.0,0.0,0.7602238321731998,1.0,1.0,0.0017025999986799434,0.08107619041333064,3
wine_binary,product recognition,61,5,1.0,immutable_l2,clbr_uncached,21,1.0,1.0,0.0,0.7602238321731998,1.0,1.0,0.0009582000011505443,0.04562857148335925,3
wine_binary,product recognition,61,5,1.0,immutable_top3_l1,nn_positive_train,21,0.09523809523809523,0.09523809523809523,0.0,4.659148697711625,3.0,1.0,0.0007958000005601207,0.03789523812191051,3
wine_binary,product recognition,61,5,1.0,immutable_top3_l1,leaf_centroid,21,0.09523809523809523,0.09523809523809523,0.0,3.6443408825666728,3.0,1.0,0.0013663000008818926,0.06506190480389965,3
wine_binary,product recognition,61,5,1.0,immutable_top3_l1,raw_leaf_projection,21,0.09523809523809523,0.09523809523809523,0.0,1.1700018295180699,1.0,1.0,0.0008030999997572508,0.03824285713129766,3
wine_binary,product recognition,61,5,1.0,immutable_top3_l1,clbr,21,0.09523809523809523,0.09523809523809523,0.0,1.1700018295180699,1.0,1.0,0.0022112000006018206,0.10529523812389623,3
wine_binary,product recognition,61,5,1.0,immutable_top3_l1,metric_leaf_projection,21,0.047619047619047616,0.047619047619047616,0.0,1.651171399494338,1.0,1.0,0.0008540999988326803,0.04067142851584192,3
wine_binary,product recognition,61,5,1.0,immutable_top3_l1,metric_clbr,21,0.09523809523809523,0.047619047619047616,0.047619047619047616,1.4681456424753911,2.0,1.0,0.002169599996705074,0.10331428555738446,3
wine_binary,product recognition,61,5,1.0,immutable_top3_l1,exact_leaf,21,0.09523809523809523,0.09523809523809523,0.0,1.1700018295180699,1.0,1.0,0.0019896000003427616,0.09474285715917913,3
wine_binary,product recognition,61,5,1.0,immutable_top3_l1,exact_leaf_cached,21,0.09523809523809523,0.09523809523809523,0.0,1.1700018295180699,1.0,1.0,0.0010756999990917393,0.05122380948055901,3
wine_binary,product recognition,61,5,1.0,immutable_top3_l1,native_exact_k_sparse,21,1.0,1.0,0.0,0.7602238321731998,1.0,1.0,0.002193799999076873,0.10446666662270825,3
wine_binary,product recognition,61,5,1.0,immutable_top3_l1,clbr_uncached,21,0.09523809523809523,0.09523809523809523,0.0,1.1700018295180699,1.0,1.0,0.0020211999981256668,0.09624761895836509,3
wine_binary,product recognition,73,5,0.0,free_l2,nn_positive_train,20,1.0,1.0,0.0,4.648788715628724,12.8,0.0,0.0008249000011346652,0.04124500005673326,3
wine_binary,product recognition,73,5,0.0,free_l2,leaf_centroid,20,1.0,1.0,0.0,4.13101691706239,13.0,0.0,0.0013001999996049562,0.06500999998024781,3
wine_binary,product recognition,73,5,0.0,free_l2,raw_leaf_projection,20,1.0,1.0,0.0,0.7486337726164418,1.0,1.0,0.0009485999980825,0.047429999904125,3
wine_binary,product recognition,73,5,0.0,free_l2,clbr,20,1.0,1.0,0.0,0.7486337726164418,1.0,1.0,0.0007980000000316068,0.03990000000158034,3
wine_binary,product recognition,73,5,0.0,free_l2,metric_leaf_projection,20,1.0,1.0,0.0,0.739927502120683,1.0,1.0,0.000810200001069461,0.04051000005347305,3
wine_binary,product recognition,73,5,0.0,free_l2,metric_clbr,20,1.0,1.0,0.0,0.739927502120683,1.0,1.0,0.0008138999965012772,0.04069499982506386,3
wine_binary,product recognition,73,5,0.0,free_l2,exact_leaf,20,1.0,1.0,0.0,0.739927502120683,1.0,1.0,0.002605799999400915,0.13028999997004576,3
wine_binary,product recognition,73,5,0.0,free_l2,exact_leaf_cached,20,1.0,1.0,0.0,0.739927502120683,1.0,1.0,0.0016515000015715486,0.08257500007857743,3
wine_binary,product recognition,73,5,0.0,free_l2,native_exact_k_sparse,20,1.0,1.0,0.0,0.739927502120683,1.0,1.0,0.0015740999988338444,0.07870499994169222,3
wine_binary,product recognition,73,5,0.0,free_l2,clbr_uncached,20,1.0,1.0,0.0,0.7486337726164418,1.0,1.0,0.0008525999992343714,0.04262999996171857,3
wine_binary,product recognition,73,5,0.0,immutable_l2,nn_positive_train,20,1.0,1.0,0.0,4.624711909787341,11.8,0.0,0.0007963999987623538,0.03981999993811769,3
wine_binary,product recognition,73,5,0.0,immutable_l2,leaf_centroid,20,1.0,1.0,0.0,4.0110319872738724,12.0,0.0,0.0012326000005487003,0.06163000002743502,3
wine_binary,product recognition,73,5,0.0,immutable_l2,raw_leaf_projection,20,1.0,1.0,0.0,0.7486337726164418,1.0,1.0,0.0007969999987835763,0.039849999939178815,3
wine_binary,product recognition,73,5,0.0,immutable_l2,clbr,20,1.0,1.0,0.0,0.7486337726164418,1.0,1.0,0.0007881999972596532,0.03940999986298266,3
wine_binary,product recognition,73,5,0.0,immutable_l2,metric_leaf_projection,20,0.9,0.9,0.0,0.7562458766634755,1.0,1.0,0.0007609000012962497,0.038045000064812484,3
wine_binary,product recognition,73,5,0.0,immutable_l2,metric_clbr,20,1.0,0.9,0.1,1.0034357329393822,2.05,0.9,0.0013707999987673247,0.06853999993836624,3
wine_binary,product recognition,73,5,0.0,immutable_l2,exact_leaf,20,1.0,1.0,0.0,0.7486337726164418,1.0,1.0,0.0022642000003543217,0.11321000001771608,3
wine_binary,product recognition,73,5,0.0,immutable_l2,exact_leaf_cached,20,1.0,1.0,0.0,0.7486337726164418,1.0,1.0,0.0016006000032575685,0.08003000016287842,3
wine_binary,product recognition,73,5,0.0,immutable_l2,native_exact_k_sparse,20,1.0,1.0,0.0,0.7486337726164418,1.0,1.0,0.0018512999995436985,0.09256499997718493,3
wine_binary,product recognition,73,5,0.0,immutable_l2,clbr_uncached,20,1.0,1.0,0.0,0.7486337726164418,1.0,1.0,0.0008956999981819536,0.04478499990909768,3
wine_binary,product recognition,73,5,0.0,immutable_top3_l1,nn_positive_train,20,0.2,0.2,0.0,3.7482623310272487,3.0,1.0,0.0007214999986899784,0.03607499993449892,3
wine_binary,product recognition,73,5,0.0,immutable_top3_l1,leaf_centroid,20,0.2,0.2,0.0,3.421947776936871,3.0,1.0,0.0011794000001827953,0.05897000000913977,3
wine_binary,product recognition,73,5,0.0,immutable_top3_l1,raw_leaf_projection,20,0.2,0.2,0.0,1.1368509409274894,1.0,1.0,0.0008230000003095483,0.04115000001547742,3
wine_binary,product recognition,73,5,0.0,immutable_top3_l1,clbr,20,0.2,0.2,0.0,1.1368509409274894,1.0,1.0,0.001471999999921536,0.0735999999960768,3
wine_binary,product recognition,73,5,0.0,immutable_top3_l1,metric_leaf_projection,20,0.2,0.2,0.0,1.1368509409274894,1.0,1.0,0.0007966999992277124,0.03983499996138562,3
wine_binary,product recognition,73,5,0.0,immutable_top3_l1,metric_clbr,20,0.2,0.2,0.0,1.1368509409274894,1.0,1.0,0.0023995999981707428,0.11997999990853714,3
wine_binary,product recognition,73,5,0.0,immutable_top3_l1,exact_leaf,20,0.2,0.2,0.0,1.1368509409274894,1.0,1.0,0.0019123000001854962,0.09561500000927481,3
wine_binary,product recognition,73,5,0.0,immutable_top3_l1,exact_leaf_cached,20,0.2,0.2,0.0,1.1368509409274894,1.0,1.0,0.0010409000005893176,0.05204500002946588,3
wine_binary,product recognition,73,5,0.0,immutable_top3_l1,native_exact_k_sparse,20,1.0,1.0,0.0,0.7486337726164418,1.0,1.0,0.0015818999982002424,0.07909499991001212,3
wine_binary,product recognition,73,5,0.0,immutable_top3_l1,clbr_uncached,20,0.2,0.2,0.0,1.1368509409274894,1.0,1.0,0.0016211999991355697,0.08105999995677848,3
wine_binary,product recognition,73,5,1.0,free_l2,nn_positive_train,20,1.0,1.0,0.0,5.456170528014486,12.8,0.0,0.0007580999999845517,0.037904999999227584,3
wine_binary,product recognition,73,5,1.0,free_l2,leaf_centroid,20,1.0,1.0,0.0,4.908732239777907,13.0,0.0,0.0012444999983927119,0.06222499991963559,3
wine_binary,product recognition,73,5,1.0,free_l2,raw_leaf_projection,20,1.0,1.0,0.0,0.7486337726164418,1.0,1.0,0.0009442999999009771,0.047214999995048856,3
wine_binary,product recognition,73,5,1.0,free_l2,clbr,20,1.0,1.0,0.0,0.7486337726164418,1.0,1.0,0.0007961999990584445,0.039809999952922226,3
wine_binary,product recognition,73,5,1.0,free_l2,metric_leaf_projection,20,1.0,1.0,0.0,0.739927502120683,1.0,1.0,0.0008012999969650991,0.040064999848254956,3
wine_binary,product recognition,73,5,1.0,free_l2,metric_clbr,20,1.0,1.0,0.0,0.739927502120683,1.0,1.0,0.0008408000003328198,0.04204000001664099,3
wine_binary,product recognition,73,5,1.0,free_l2,exact_leaf,20,1.0,1.0,0.0,0.739927502120683,1.0,1.0,0.002955399996608321,0.14776999983041605,3
wine_binary,product recognition,73,5,1.0,free_l2,exact_leaf_cached,20,1.0,1.0,0.0,0.739927502120683,1.0,1.0,0.0016769000012573088,0.08384500006286544,3
wine_binary,product recognition,73,5,1.0,free_l2,native_exact_k_sparse,20,1.0,1.0,0.0,0.739927502120683,1.0,1.0,0.0022002000023348955,0.11001000011674478,3
wine_binary,product recognition,73,5,1.0,free_l2,clbr_uncached,20,1.0,1.0,0.0,0.7486337726164418,1.0,1.0,0.0009794000006877468,0.04897000003438734,3
wine_binary,product recognition,73,5,1.0,immutable_l2,nn_positive_train,20,1.0,1.0,0.0,5.436237648865605,11.8,0.0,0.0009242999976777355,0.046214999883886776,3
wine_binary,product recognition,73,5,1.0,immutable_l2,leaf_centroid,20,1.0,1.0,0.0,4.806841686851912,12.0,0.0,0.0014724000020578387,0.07362000010289194,3
wine_binary,product recognition,73,5,1.0,immutable_l2,raw_leaf_projection,20,1.0,1.0,0.0,0.7486337726164418,1.0,1.0,0.0015227999965645722,0.07613999982822861,3
wine_binary,product recognition,73,5,1.0,immutable_l2,clbr,20,1.0,1.0,0.0,0.7486337726164418,1.0,1.0,0.0009038999978656648,0.04519499989328324,3
wine_binary,product recognition,73,5,1.0,immutable_l2,metric_leaf_projection,20,0.9,0.9,0.0,0.7562458766634755,1.0,1.0,0.0009239000000889064,0.04619500000444532,3
wine_binary,product recognition,73,5,1.0,immutable_l2,metric_clbr,20,1.0,0.9,0.1,1.041090967952751,2.05,0.9,0.0015578000020468608,0.07789000010234304,3
wine_binary,product recognition,73,5,1.0,immutable_l2,exact_leaf,20,1.0,1.0,0.0,0.7486337726164418,1.0,1.0,0.0030498000005536596,0.15249000002768298,3
wine_binary,product recognition,73,5,1.0,immutable_l2,exact_leaf_cached,20,1.0,1.0,0.0,0.7486337726164418,1.0,1.0,0.0018896000010499847,0.09448000005249924,3
wine_binary,product recognition,73,5,1.0,immutable_l2,native_exact_k_sparse,20,1.0,1.0,0.0,0.7486337726164418,1.0,1.0,0.0017653999984759139,0.0882699999237957,3
wine_binary,product recognition,73,5,1.0,immutable_l2,clbr_uncached,20,1.0,1.0,0.0,0.7486337726164418,1.0,1.0,0.0009489000012763427,0.04744500006381713,3
wine_binary,product recognition,73,5,1.0,immutable_top3_l1,nn_positive_train,20,0.05,0.05,0.0,4.763772690358582,3.0,1.0,0.0007830000004105386,0.03915000002052693,3
wine_binary,product recognition,73,5,1.0,immutable_top3_l1,leaf_centroid,20,0.05,0.05,0.0,4.302935687412212,3.0,1.0,0.0013212000003477442,0.06606000001738721,3
wine_binary,product recognition,73,5,1.0,immutable_top3_l1,raw_leaf_projection,20,0.05,0.05,0.0,1.6183992124178848,1.0,1.0,0.0008183000009012176,0.04091500004506088,3
wine_binary,product recognition,73,5,1.0,immutable_top3_l1,clbr,20,0.05,0.05,0.0,1.6183992124178848,1.0,1.0,0.0018595000001369044,0.09297500000684522,3
wine_binary,product recognition,73,5,1.0,immutable_top3_l1,metric_leaf_projection,20,0.05,0.05,0.0,1.6183992124178848,1.0,1.0,0.0008067000007940806,0.04033500003970403,3
wine_binary,product recognition,73,5,1.0,immutable_top3_l1,metric_clbr,20,0.05,0.05,0.0,1.6183992124178848,1.0,1.0,0.0015817999992577825,0.07908999996288912,3
wine_binary,product recognition,73,5,1.0,immutable_top3_l1,exact_leaf,20,0.05,0.05,0.0,1.6183992124178848,1.0,1.0,0.0015615999982401263,0.07807999991200631,3
wine_binary,product recognition,73,5,1.0,immutable_top3_l1,exact_leaf_cached,20,0.05,0.05,0.0,1.6183992124178848,1.0,1.0,0.0008602000016253442,0.04301000008126721,3
wine_binary,product recognition,73,5,1.0,immutable_top3_l1,native_exact_k_sparse,20,1.0,1.0,0.0,0.7486337726164418,1.0,1.0,0.0015330000005633337,0.07665000002816669,3
wine_binary,product recognition,73,5,1.0,immutable_top3_l1,clbr_uncached,20,0.05,0.05,0.0,1.6183992124178848,1.0,1.0,0.0017329999991488876,0.08664999995744438,3
wine_binary,product recognition,89,5,0.0,free_l2,nn_positive_train,20,1.0,1.0,0.0,3.229919199158683,12.75,0.0,0.0007356000005529495,0.036780000027647475,2
wine_binary,product recognition,89,5,0.0,free_l2,leaf_centroid,20,1.0,1.0,0.0,3.9036863970397526,13.0,0.0,0.001066400001036527,0.053320000051826355,2
wine_binary,product recognition,89,5,0.0,free_l2,raw_leaf_projection,20,1.0,1.0,0.0,0.6599096717890561,1.0,1.0,0.0007747999998173327,0.038739999990866636,2
wine_binary,product recognition,89,5,0.0,free_l2,clbr,20,1.0,1.0,0.0,0.6599096717890561,1.0,1.0,0.0007176000008257688,0.03588000004128844,2
wine_binary,product recognition,89,5,0.0,free_l2,metric_leaf_projection,20,1.0,1.0,0.0,0.57023933286931,1.0,1.0,0.000715400000444788,0.0357700000222394,2
wine_binary,product recognition,89,5,0.0,free_l2,metric_clbr,20,1.0,1.0,0.0,0.57023933286931,1.0,1.0,0.0007260000020323787,0.036300000101618934,2
wine_binary,product recognition,89,5,0.0,free_l2,exact_leaf,20,1.0,1.0,0.0,0.57023933286931,1.0,1.0,0.0017735000001266599,0.088675000006333,2
wine_binary,product recognition,89,5,0.0,free_l2,exact_leaf_cached,20,1.0,1.0,0.0,0.57023933286931,1.0,1.0,0.0015211000009003328,0.07605500004501664,2
wine_binary,product recognition,89,5,0.0,free_l2,native_exact_k_sparse,20,1.0,1.0,0.0,0.57023933286931,1.0,1.0,0.0015573000018775929,0.07786500009387964,2
wine_binary,product recognition,89,5,0.0,free_l2,clbr_uncached,20,1.0,1.0,0.0,0.6599096717890561,1.0,1.0,0.00074390000099811,0.0371950000499055,2
wine_binary,product recognition,89,5,0.0,immutable_l2,nn_positive_train,20,1.0,1.0,0.0,3.21485507549309,11.8,0.0,0.0007429999977830448,0.03714999988915224,2
wine_binary,product recognition,89,5,0.0,immutable_l2,leaf_centroid,20,1.0,1.0,0.0,3.840518856822576,12.0,0.0,0.0011118000011265394,0.05559000005632697,2
wine_binary,product recognition,89,5,0.0,immutable_l2,raw_leaf_projection,20,1.0,1.0,0.0,0.6599096717890561,1.0,1.0,0.0008046000002650544,0.04023000001325272,2
wine_binary,product recognition,89,5,0.0,immutable_l2,clbr,20,1.0,1.0,0.0,0.6599096717890561,1.0,1.0,0.0007347999990088283,0.036739999950441415,2
wine_binary,product recognition,89,5,0.0,immutable_l2,metric_leaf_projection,20,0.85,0.85,0.0,0.5708561004721667,1.0,1.0,0.0007349000024987618,0.03674500012493809,2
wine_binary,product recognition,89,5,0.0,immutable_l2,metric_clbr,20,1.0,0.85,0.15,0.8079022280316923,2.65,0.85,0.0016137000002345303,0.08068500001172652,2
wine_binary,product recognition,89,5,0.0,immutable_l2,exact_leaf,20,1.0,1.0,0.0,0.6599096717890561,1.0,1.0,0.0018565000000307919,0.09282500000153959,2
wine_binary,product recognition,89,5,0.0,immutable_l2,exact_leaf_cached,20,1.0,1.0,0.0,0.6599096717890561,1.0,1.0,0.001586499999575608,0.0793249999787804,2
wine_binary,product recognition,89,5,0.0,immutable_l2,native_exact_k_sparse,20,1.0,1.0,0.0,0.6599096717890561,1.0,1.0,0.0015395000009448268,0.07697500004724134,2
wine_binary,product recognition,89,5,0.0,immutable_l2,clbr_uncached,20,1.0,1.0,0.0,0.6599096717890561,1.0,1.0,0.0008042000017667306,0.04021000008833653,2
wine_binary,product recognition,89,5,0.0,immutable_top3_l1,nn_positive_train,20,0.15,0.15,0.0,6.690953986212224,3.0,1.0,0.0007786999995005317,0.038934999975026585,2
wine_binary,product recognition,89,5,0.0,immutable_top3_l1,leaf_centroid,20,0.15,0.15,0.0,5.824216871415043,3.0,1.0,0.0011579000001802342,0.05789500000901171,2
wine_binary,product recognition,89,5,0.0,immutable_top3_l1,raw_leaf_projection,20,0.15,0.15,0.0,0.9004770769852716,1.0,1.0,0.000838700001622783,0.04193500008113915,2
wine_binary,product recognition,89,5,0.0,immutable_top3_l1,clbr,20,0.15,0.15,0.0,0.9004770769852716,1.0,1.0,0.0016726000039852806,0.08363000019926403,2
wine_binary,product recognition,89,5,0.0,immutable_top3_l1,metric_leaf_projection,20,0.1,0.1,0.0,0.5545459855343753,1.0,1.0,0.0007654999999431311,0.038274999997156556,2
wine_binary,product recognition,89,5,0.0,immutable_top3_l1,metric_clbr,20,0.15,0.1,0.05,1.203988967486696,1.6666666666666667,1.0,0.0019741000005524256,0.09870500002762128,2
wine_binary,product recognition,89,5,0.0,immutable_top3_l1,exact_leaf,20,0.15,0.15,0.0,0.9004770769852716,1.0,1.0,0.0014927999991414254,0.07463999995707127,2
wine_binary,product recognition,89,5,0.0,immutable_top3_l1,exact_leaf_cached,20,0.15,0.15,0.0,0.9004770769852716,1.0,1.0,0.0010586000016701291,0.05293000008350646,2
wine_binary,product recognition,89,5,0.0,immutable_top3_l1,native_exact_k_sparse,20,1.0,1.0,0.0,0.6599096717890561,1.0,1.0,0.0017996999995375518,0.08998499997687759,2
wine_binary,product recognition,89,5,0.0,immutable_top3_l1,clbr_uncached,20,0.15,0.15,0.0,0.9004770769852716,1.0,1.0,0.0017876999991131015,0.08938499995565508,2
wine_binary,product recognition,89,5,1.0,free_l2,nn_positive_train,20,1.0,1.0,0.0,3.670652634738198,12.75,0.0,0.0008747000010771444,0.04373500005385722,2
wine_binary,product recognition,89,5,1.0,free_l2,leaf_centroid,20,1.0,1.0,0.0,4.3913499970313286,13.0,0.0,0.0011674000024868292,0.05837000012434146,2
wine_binary,product recognition,89,5,1.0,free_l2,raw_leaf_projection,20,1.0,1.0,0.0,0.6599096717890561,1.0,1.0,0.0011451000009401469,0.05725500004700734,2
wine_binary,product recognition,89,5,1.0,free_l2,clbr,20,1.0,1.0,0.0,0.6599096717890561,1.0,1.0,0.0008947000023908913,0.044735000119544566,2
wine_binary,product recognition,89,5,1.0,free_l2,metric_leaf_projection,20,1.0,1.0,0.0,0.57023933286931,1.0,1.0,0.0008453000018562307,0.04226500009281153,2
wine_binary,product recognition,89,5,1.0,free_l2,metric_clbr,20,1.0,1.0,0.0,0.57023933286931,1.0,1.0,0.0007979999973031227,0.03989999986515613,2
wine_binary,product recognition,89,5,1.0,free_l2,exact_leaf,20,1.0,1.0,0.0,0.57023933286931,1.0,1.0,0.0021641999992425554,0.10820999996212777,2
wine_binary,product recognition,89,5,1.0,free_l2,exact_leaf_cached,20,1.0,1.0,0.0,0.57023933286931,1.0,1.0,0.0017833000001701294,0.08916500000850647,2
wine_binary,product recognition,89,5,1.0,free_l2,native_exact_k_sparse,20,1.0,1.0,0.0,0.57023933286931,1.0,1.0,0.0015431000001626671,0.07715500000813336,2
wine_binary,product recognition,89,5,1.0,free_l2,clbr_uncached,20,1.0,1.0,0.0,0.6599096717890561,1.0,1.0,0.0007557999988421216,0.03778999994210608,2
wine_binary,product recognition,89,5,1.0,immutable_l2,nn_positive_train,20,1.0,1.0,0.0,3.657625860805264,11.8,0.0,0.000763300000471645,0.03816500002358225,2
wine_binary,product recognition,89,5,1.0,immutable_l2,leaf_centroid,20,1.0,1.0,0.0,4.335980786090169,12.0,0.0,0.001131099999838625,0.056554999991931254,2
wine_binary,product recognition,89,5,1.0,immutable_l2,raw_leaf_projection,20,1.0,1.0,0.0,0.6599096717890561,1.0,1.0,0.0007807000001776032,0.03903500000888016,2
wine_binary,product recognition,89,5,1.0,immutable_l2,clbr,20,1.0,1.0,0.0,0.6599096717890561,1.0,1.0,0.0008029999989958014,0.04014999994979007,2
wine_binary,product recognition,89,5,1.0,immutable_l2,metric_leaf_projection,20,0.85,0.85,0.0,0.5708561004721667,1.0,1.0,0.0008125999975163722,0.04062999987581861,2
wine_binary,product recognition,89,5,1.0,immutable_l2,metric_clbr,20,1.0,0.85,0.15,0.8477755414094752,2.65,0.85,0.0015683999981774832,0.07841999990887416,2
wine_binary,product recognition,89,5,1.0,immutable_l2,exact_leaf,20,1.0,1.0,0.0,0.6599096717890561,1.0,1.0,0.0017413000005035428,0.08706500002517714,2
wine_binary,product recognition,89,5,1.0,immutable_l2,exact_leaf_cached,20,1.0,1.0,0.0,0.6599096717890561,1.0,1.0,0.0016271000004053349,0.08135500002026674,2
wine_binary,product recognition,89,5,1.0,immutable_l2,native_exact_k_sparse,20,1.0,1.0,0.0,0.6599096717890561,1.0,1.0,0.0018030000010185177,0.09015000005092588,2
wine_binary,product recognition,89,5,1.0,immutable_l2,clbr_uncached,20,1.0,1.0,0.0,0.6599096717890561,1.0,1.0,0.0007640000003448222,0.03820000001724111,2
wine_binary,product recognition,89,5,1.0,immutable_top3_l1,nn_positive_train,20,0.1,0.1,0.0,7.666505806027422,3.0,1.0,0.0007236999981614645,0.03618499990807322,2
wine_binary,product recognition,89,5,1.0,immutable_top3_l1,leaf_centroid,20,0.1,0.1,0.0,6.5489538957525895,3.0,1.0,0.0012064000020473031,0.06032000010236516,2
wine_binary,product recognition,89,5,1.0,immutable_top3_l1,raw_leaf_projection,20,0.1,0.1,0.0,0.895195692043341,1.0,1.0,0.000898199999028293,0.04490999995141465,2
wine_binary,product recognition,89,5,1.0,immutable_top3_l1,clbr,20,0.1,0.1,0.0,0.895195692043341,1.0,1.0,0.0018001999997068197,0.09000999998534098,2
wine_binary,product recognition,89,5,1.0,immutable_top3_l1,metric_leaf_projection,20,0.05,0.05,0.0,0.198052124199618,1.0,1.0,0.000761599997531448,0.0380799998765724,2
wine_binary,product recognition,89,5,1.0,immutable_top3_l1,metric_clbr,20,0.1,0.05,0.05,1.3504635277954777,2.0,1.0,0.0019384000006539281,0.09692000003269641,2
wine_binary,product recognition,89,5,1.0,immutable_top3_l1,exact_leaf,20,0.1,0.1,0.0,0.895195692043341,1.0,1.0,0.0011686000007102848,0.05843000003551424,2
wine_binary,product recognition,89,5,1.0,immutable_top3_l1,exact_leaf_cached,20,0.1,0.1,0.0,0.895195692043341,1.0,1.0,0.0009184000009554438,0.04592000004777219,2
wine_binary,product recognition,89,5,1.0,immutable_top3_l1,native_exact_k_sparse,20,1.0,1.0,0.0,0.6599096717890561,1.0,1.0,0.001549900000100024,0.0774950000050012,2
wine_binary,product recognition,89,5,1.0,immutable_top3_l1,clbr_uncached,20,0.1,0.1,0.0,0.895195692043341,1.0,1.0,0.0016821000026538968,0.08410500013269484,2
credit_default,credit risk,7,5,0.0,free_l2,nn_positive_train,200,1.0,1.0,0.0,4.457139901665254,17.55,0.005,0.019294799997624068,0.09647399998812034,18
credit_default,credit risk,7,5,0.0,free_l2,leaf_centroid,200,1.0,1.0,0.0,4.079468606565012,22.155,0.0,0.07579589999841119,0.37897949999205593,18
credit_default,credit risk,7,5,0.0,free_l2,raw_leaf_projection,200,1.0,1.0,0.0,0.7376655897699433,1.145,1.0,0.009226299994224973,0.04613149997112487,18
credit_default,credit risk,7,5,0.0,free_l2,clbr,200,1.0,1.0,0.0,0.7376655897699433,1.145,1.0,0.008311800001138181,0.041559000005690905,18
credit_default,credit risk,7,5,0.0,free_l2,metric_leaf_projection,200,1.0,1.0,0.0,0.27868201863056724,1.45,1.0,0.00895459999628656,0.044772999981432804,18
credit_default,credit risk,7,5,0.0,free_l2,metric_clbr,200,1.0,1.0,0.0,0.27868201863056724,1.45,1.0,0.008242499996413244,0.04121249998206622,18
credit_default,credit risk,7,5,0.0,free_l2,exact_leaf,200,1.0,1.0,0.0,0.27868201863056724,1.45,1.0,0.10941419999471691,0.5470709999735845,18
credit_default,credit risk,7,5,0.0,free_l2,exact_leaf_cached,200,1.0,1.0,0.0,0.27868201863056724,1.45,1.0,0.01816590000726137,0.09082950003630685,18
credit_default,credit risk,7,5,0.0,free_l2,native_exact_k_sparse,200,1.0,1.0,0.0,0.27868201863056724,1.45,1.0,0.01689039999473607,0.08445199997368036,18
credit_default,credit risk,7,5,0.0,free_l2,clbr_uncached,200,1.0,1.0,0.0,0.7376655897699433,1.145,1.0,0.015496099998927093,0.07748049999463547,18
credit_default,credit risk,7,5,0.0,immutable_l2,nn_positive_train,200,0.985,0.985,0.0,3.4666540802350703,15.065989847715736,0.005076142131979695,0.019582099999752245,0.09791049999876122,18
credit_default,credit risk,7,5,0.0,immutable_l2,leaf_centroid,200,0.67,0.67,0.0,3.474237784192821,17.828358208955223,0.0,0.07275840001057077,0.36379200005285384,18
credit_default,credit risk,7,5,0.0,immutable_l2,raw_leaf_projection,200,0.995,0.995,0.0,0.741097391786173,1.1457286432160805,1.0,0.009127199995418778,0.04563599997709389,18
credit_default,credit risk,7,5,0.0,immutable_l2,clbr,200,1.0,0.995,0.005,0.7480406346079126,1.23,0.995,0.008648900003208837,0.043244500016044185,18
credit_default,credit risk,7,5,0.0,immutable_l2,metric_leaf_projection,200,0.97,0.97,0.0,0.27827232448766,1.4639175257731958,1.0,0.008215700002438098,0.04107850001219049,18
credit_default,credit risk,7,5,0.0,immutable_l2,metric_clbr,200,1.0,0.97,0.03,0.3216729544367844,1.945,0.97,0.01032409999970696,0.0516204999985348,18
credit_default,credit risk,7,5,0.0,immutable_l2,exact_leaf,200,1.0,1.0,0.0,0.2821162219700197,1.475,1.0,0.10745009999391186,0.5372504999695593,18
credit_default,credit risk,7,5,0.0,immutable_l2,exact_leaf_cached,200,1.0,1.0,0.0,0.2821162219700197,1.475,1.0,0.018235800011098036,0.09117900005549018,18
credit_default,credit risk,7,5,0.0,immutable_l2,native_exact_k_sparse,200,1.0,1.0,0.0,0.2821162219700197,1.475,1.0,0.017274199997700634,0.08637099998850317,18
credit_default,credit risk,7,5,0.0,immutable_l2,clbr_uncached,200,1.0,0.995,0.005,0.7480406346079126,1.23,0.995,0.0164377000019158,0.082188500009579,18
credit_default,credit risk,7,5,0.0,immutable_top3_l1,nn_positive_train,200,0.01,0.01,0.0,1.552412019742102,2.0,1.0,0.01968909999322932,0.0984454999661466,18
credit_default,credit risk,7,5,0.0,immutable_top3_l1,leaf_centroid,200,0.025,0.025,0.0,1.518419344793022,3.0,1.0,0.07215750000341359,0.36078750001706794,18
credit_default,credit risk,7,5,0.0,immutable_top3_l1,raw_leaf_projection,200,0.005,0.005,0.0,0.45222475200431883,1.0,1.0,0.008537599997907819,0.042687999989539094,18
credit_default,credit risk,7,5,0.0,immutable_top3_l1,clbr,200,0.01,0.005,0.005,0.37062189688031766,2.0,1.0,0.01803230000587064,0.09016150002935319,18
credit_default,credit risk,7,5,0.0,immutable_top3_l1,metric_leaf_projection,200,0.09,0.09,0.0,0.21585329024953057,1.1111111111111112,1.0,0.007931500003905967,0.039657500019529834,18
credit_default,credit risk,7,5,0.0,immutable_top3_l1,metric_clbr,200,0.095,0.09,0.005,0.22847984117741596,1.105263157894737,1.0,0.01744379999672674,0.0872189999836337,18
credit_default,credit risk,7,5,0.0,immutable_top3_l1,exact_leaf,200,0.24,0.24,0.0,1.1038115143370186,1.3125,1.0,0.09284990000105608,0.4642495000052804,18
credit_default,credit risk,7,5,0.0,immutable_top3_l1,exact_leaf_cached,200,0.24,0.24,0.0,1.1038115143370186,1.3125,1.0,0.012147300006290607,0.06073650003145303,18
credit_default,credit risk,7,5,0.0,immutable_top3_l1,native_exact_k_sparse,200,1.0,1.0,0.0,0.30503268798201966,1.29,1.0,0.01777989999663987,0.08889949998319935,18
credit_default,credit risk,7,5,0.0,immutable_top3_l1,clbr_uncached,200,0.01,0.005,0.005,0.37062189688031766,2.0,1.0,0.02687380001134443,0.13436900005672214,18
credit_default,credit risk,7,5,1.0,free_l2,nn_positive_train,200,1.0,1.0,0.0,4.870058250875022,19.6,0.0,0.019899600002645457,0.09949800001322728,18
credit_default,credit risk,7,5,1.0,free_l2,leaf_centroid,200,1.0,1.0,0.0,4.878002245416636,22.82,0.0,0.07542580000699672,0.3771290000349836,18
credit_default,credit risk,7,5,1.0,free_l2,raw_leaf_projection,200,1.0,1.0,0.0,0.7150078308994224,1.16,1.0,0.009300199995777803,0.04650099997888901,18
credit_default,credit risk,7,5,1.0,free_l2,clbr,200,1.0,1.0,0.0,0.7150078308994224,1.16,1.0,0.00798380000742327,0.03991900003711635,18
credit_default,credit risk,7,5,1.0,free_l2,metric_leaf_projection,200,1.0,1.0,0.0,0.2923145893589071,1.485,1.0,0.008660100000270177,0.04330050000135088,18
credit_default,credit risk,7,5,1.0,free_l2,metric_clbr,200,1.0,1.0,0.0,0.2923145893589071,1.485,1.0,0.008076000005530659,0.040380000027653296,18
credit_default,credit risk,7,5,1.0,free_l2,exact_leaf,200,1.0,1.0,0.0,0.2923145893589071,1.485,1.0,0.10856390000117244,0.5428195000058622,18
credit_default,credit risk,7,5,1.0,free_l2,exact_leaf_cached,200,1.0,1.0,0.0,0.2923145893589071,1.485,1.0,0.017695300012746884,0.08847650006373442,18
credit_default,credit risk,7,5,1.0,free_l2,native_exact_k_sparse,200,1.0,1.0,0.0,0.2923145893589071,1.485,1.0,0.016414700001405436,0.08207350000702718,18
credit_default,credit risk,7,5,1.0,free_l2,clbr_uncached,200,1.0,1.0,0.0,0.7150078308994224,1.16,1.0,0.01525710000169056,0.0762855000084528,18
credit_default,credit risk,7,5,1.0,immutable_l2,nn_positive_train,200,1.0,1.0,0.0,3.662487643297717,16.135,0.0,0.01930440000978706,0.0965220000489353,18
credit_default,credit risk,7,5,1.0,immutable_l2,leaf_centroid,200,1.0,1.0,0.0,4.166257608459041,18.82,0.0,0.07324320000680018,0.3662160000340009,18
credit_default,credit risk,7,5,1.0,immutable_l2,raw_leaf_projection,200,0.995,0.995,0.0,0.7183257748308758,1.1608040201005025,1.0,0.009026900002027105,0.045134500010135525,18
credit_default,credit risk,7,5,1.0,immutable_l2,clbr,200,1.0,0.995,0.005,0.7244840253537199,1.24,0.995,0.008778300003541517,0.043891500017707585,18
credit_default,credit risk,7,5,1.0,immutable_l2,metric_leaf_projection,200,0.97,0.97,0.0,0.29345511020622295,1.5,1.0,0.00834930000200984,0.0417465000100492,18
credit_default,credit risk,7,5,1.0,immutable_l2,metric_clbr,200,1.0,0.97,0.03,0.3270524681535349,1.96,0.97,0.010483900014151004,0.05241950007075502,18
credit_default,credit risk,7,5,1.0,immutable_l2,exact_leaf,200,1.0,1.0,0.0,0.29620239606234583,1.51,1.0,0.11191189999499329,0.5595594999749665,18
credit_default,credit risk,7,5,1.0,immutable_l2,exact_leaf_cached,200,1.0,1.0,0.0,0.29620239606234583,1.51,1.0,0.018438700013575726,0.09219350006787863,18
credit_default,credit risk,7,5,1.0,immutable_l2,native_exact_k_sparse,200,1.0,1.0,0.0,0.29620239606234583,1.51,1.0,0.016933899999457935,0.08466949999728968,18
credit_default,credit risk,7,5,1.0,immutable_l2,clbr_uncached,200,1.0,0.995,0.005,0.7244840253537199,1.24,0.995,0.015679500007536262,0.07839750003768131,18
credit_default,credit risk,7,5,1.0,immutable_top3_l1,nn_positive_train,200,0.015,0.015,0.0,1.257723739273094,3.0,1.0,0.019660700002532394,0.09830350001266197,18
credit_default,credit risk,7,5,1.0,immutable_top3_l1,leaf_centroid,200,0.015,0.015,0.0,0.738315394716676,3.0,1.0,0.0748392999967109,0.37419649998355453,18
credit_default,credit risk,7,5,1.0,immutable_top3_l1,raw_leaf_projection,200,0.0,0.0,0.0,inf,nan,nan,0.008943799999542534,0.04471899999771267,18
credit_default,credit risk,7,5,1.0,immutable_top3_l1,clbr,200,0.015,0.0,0.015,0.1741258856605172,3.0,1.0,0.019749199995203526,0.09874599997601763,18
credit_default,credit risk,7,5,1.0,immutable_top3_l1,metric_leaf_projection,200,0.105,0.105,0.0,0.19509142228919385,1.1428571428571428,1.0,0.007993500011252763,0.039967500056263816,18
credit_default,credit risk,7,5,1.0,immutable_top3_l1,metric_clbr,200,0.105,0.105,0.0,0.19509142228919385,1.1428571428571428,1.0,0.017856500002380926,0.08928250001190463,18
credit_default,credit risk,7,5,1.0,immutable_top3_l1,exact_leaf,200,0.175,0.175,0.0,0.5279275466961227,1.2285714285714286,1.0,0.0946492999955808,0.473246499977904,18
credit_default,credit risk,7,5,1.0,immutable_top3_l1,exact_leaf_cached,200,0.175,0.175,0.0,0.5279275466961227,1.2285714285714286,1.0,0.011590800005251367,0.057954000026256836,18
credit_default,credit risk,7,5,1.0,immutable_top3_l1,native_exact_k_sparse,200,1.0,1.0,0.0,0.32135453512180456,1.325,1.0,0.017967899992981984,0.08983949996490992,18
credit_default,credit risk,7,5,1.0,immutable_top3_l1,clbr_uncached,200,0.015,0.0,0.015,0.1741258856605172,3.0,1.0,0.02781449999747565,0.13907249998737825,18
credit_default,credit risk,13,5,0.0,free_l2,nn_positive_train,200,1.0,1.0,0.0,5.027456807276972,17.775,0.0,0.021196100006818597,0.10598050003409298,17
credit_default,credit risk,13,5,0.0,free_l2,leaf_centroid,200,1.0,1.0,0.0,4.647188087168939,22.795,0.0,0.07397459999447165,0.36987299997235823,17
credit_default,credit risk,13,5,0.0,free_l2,raw_leaf_projection,200,1.0,1.0,0.0,0.7931901950855343,1.205,1.0,0.009550699986903055,0.047753499934515276,17
credit_default,credit risk,13,5,0.0,free_l2,clbr,200,1.0,1.0,0.0,0.7931901950855343,1.205,1.0,0.009119799992731714,0.04559899996365857,17
credit_default,credit risk,13,5,0.0,free_l2,metric_leaf_projection,200,1.0,1.0,0.0,0.2559242838134148,1.06,1.0,0.008477799996398971,0.04238899998199486,17
credit_default,credit risk,13,5,0.0,free_l2,metric_clbr,200,1.0,1.0,0.0,0.2559242838134148,1.06,1.0,0.00887690000126895,0.04438450000634475,17
credit_default,credit risk,13,5,0.0,free_l2,exact_leaf,200,1.0,1.0,0.0,0.2559242838134148,1.06,1.0,0.11239129998830322,0.5619564999415161,17
credit_default,credit risk,13,5,0.0,free_l2,exact_leaf_cached,200,1.0,1.0,0.0,0.2559242838134148,1.06,1.0,0.018684899991058046,0.09342449995529023,17
credit_default,credit risk,13,5,0.0,free_l2,native_exact_k_sparse,200,1.0,1.0,0.0,0.2559242838134148,1.06,1.0,0.018698000010772375,0.09349000005386188,17
credit_default,credit risk,13,5,0.0,free_l2,clbr_uncached,200,1.0,1.0,0.0,0.7931901950855343,1.205,1.0,0.016005700006644474,0.08002850003322237,17
credit_default,credit risk,13,5,0.0,immutable_l2,nn_positive_train,200,1.0,1.0,0.0,4.022071606271542,15.16,0.005,0.020462399998905312,0.10231199999452656,17
credit_default,credit risk,13,5,0.0,immutable_l2,leaf_centroid,200,0.985,0.985,0.0,4.1209196769541805,18.83756345177665,0.0,0.07210429999304324,0.3605214999652162,17
credit_default,credit risk,13,5,0.0,immutable_l2,raw_leaf_projection,200,0.975,0.975,0.0,0.7885555208543117,1.205128205128205,1.0,0.008951000003435183,0.04475500001717592,17
credit_default,credit risk,13,5,0.0,immutable_l2,clbr,200,1.0,0.975,0.025,0.8528023335918644,1.475,0.98,0.00976189999619237,0.048809499980961846,17
credit_default,credit risk,13,5,0.0,immutable_l2,metric_leaf_projection,200,1.0,1.0,0.0,0.2559242838134148,1.06,1.0,0.008527199999662116,0.04263599999831058,17
credit_default,credit risk,13,5,0.0,immutable_l2,metric_clbr,200,1.0,1.0,0.0,0.2559242838134148,1.06,1.0,0.008057300004111312,0.04028650002055656,17
credit_default,credit risk,13,5,0.0,immutable_l2,exact_leaf,200,1.0,1.0,0.0,0.2559242838134148,1.06,1.0,0.10830969999642548,0.5415484999821274,17
credit_default,credit risk,13,5,0.0,immutable_l2,exact_leaf_cached,200,1.0,1.0,0.0,0.2559242838134148,1.06,1.0,0.01805449999847042,0.0902724999923521,17
credit_default,credit risk,13,5,0.0,immutable_l2,native_exact_k_sparse,200,1.0,1.0,0.0,0.2559242838134148,1.06,1.0,0.017405899993718776,0.08702949996859388,17
credit_default,credit risk,13,5,0.0,immutable_l2,clbr_uncached,200,1.0,0.975,0.025,0.8528023335918644,1.475,0.98,0.01640250000582455,0.08201250002912275,17
credit_default,credit risk,13,5,0.0,immutable_top3_l1,nn_positive_train,200,0.035,0.035,0.0,1.9366024616356075,3.0,1.0,0.020110999993448786,0.10055499996724393,17
credit_default,credit risk,13,5,0.0,immutable_top3_l1,leaf_centroid,200,0.03,0.03,0.0,0.8922100844055163,3.0,1.0,0.07634350000807899,0.38171750004039495,17
credit_default,credit risk,13,5,0.0,immutable_top3_l1,raw_leaf_projection,200,0.01,0.01,0.0,0.4279176135493441,1.0,1.0,0.009611900003619667,0.04805950001809833,17
credit_default,credit risk,13,5,0.0,immutable_top3_l1,clbr,200,0.035,0.01,0.025,0.31655100000256425,2.4285714285714284,1.0,0.02056770000854158,0.10283850004270789,17
credit_default,credit risk,13,5,0.0,immutable_top3_l1,metric_leaf_projection,200,0.215,0.215,0.0,0.18944627596778169,1.0,1.0,0.008149100002810883,0.040745500014054414,17
credit_default,credit risk,13,5,0.0,immutable_top3_l1,metric_clbr,200,0.22,0.215,0.005,0.20544253110578295,1.0454545454545454,1.0,0.016510099992956384,0.08255049996478192,17
credit_default,credit risk,13,5,0.0,immutable_top3_l1,exact_leaf,200,0.455,0.455,0.0,0.5172688806159486,1.021978021978022,1.0,0.09426869999515475,0.47134349997577374,17
credit_default,credit risk,13,5,0.0,immutable_top3_l1,exact_leaf_cached,200,0.455,0.455,0.0,0.5172688806159486,1.021978021978022,1.0,0.013800799991258828,0.06900399995629414,17
credit_default,credit risk,13,5,0.0,immutable_top3_l1,native_exact_k_sparse,200,1.0,1.0,0.0,0.26448066159156197,1.03,1.0,0.01790730000084295,0.08953650000421476,17
credit_default,credit risk,13,5,0.0,immutable_top3_l1,clbr_uncached,200,0.035,0.01,0.025,0.31655100000256425,2.4285714285714284,1.0,0.028527199998279684,0.14263599999139842,17
credit_default,credit risk,13,5,1.0,free_l2,nn_positive_train,200,1.0,1.0,0.0,5.202579729091672,19.88,0.0,0.01968720000149915,0.09843600000749575,17
credit_default,credit risk,13,5,1.0,free_l2,leaf_centroid,200,1.0,1.0,0.0,5.628165100131607,22.77,0.0,0.07472569999663392,0.3736284999831696,17
credit_default,credit risk,13,5,1.0,free_l2,raw_leaf_projection,200,1.0,1.0,0.0,0.7708211879317167,1.15,1.0,0.009050699999534118,0.04525349999767059,17
credit_default,credit risk,13,5,1.0,free_l2,clbr,200,1.0,1.0,0.0,0.7708211879317167,1.15,1.0,0.008352899995770713,0.041764499978853564,17
credit_default,credit risk,13,5,1.0,free_l2,metric_leaf_projection,200,1.0,1.0,0.0,0.24759916338903729,1.055,1.0,0.00815490001332364,0.0407745000666182,17
credit_default,credit risk,13,5,1.0,free_l2,metric_clbr,200,1.0,1.0,0.0,0.24759916338903729,1.055,1.0,0.008388100003685395,0.041940500018426974,17
credit_default,credit risk,13,5,1.0,free_l2,exact_leaf,200,1.0,1.0,0.0,0.24759916338903729,1.055,1.0,0.1097401000042737,0.5487005000213685,17
credit_default,credit risk,13,5,1.0,free_l2,exact_leaf_cached,200,1.0,1.0,0.0,0.24759916338903729,1.055,1.0,0.01739479999832838,0.0869739999916419,17
credit_default,credit risk,13,5,1.0,free_l2,native_exact_k_sparse,200,1.0,1.0,0.0,0.24759916338903729,1.055,1.0,0.017622599998503574,0.08811299999251787,17
credit_default,credit risk,13,5,1.0,free_l2,clbr_uncached,200,1.0,1.0,0.0,0.7708211879317167,1.15,1.0,0.015901300002042262,0.07950650001021131,17
credit_default,credit risk,13,5,1.0,immutable_l2,nn_positive_train,200,1.0,1.0,0.0,4.2126873652732595,16.485,0.0,0.02037439999912749,0.10187199999563745,17
credit_default,credit risk,13,5,1.0,immutable_l2,leaf_centroid,200,0.975,0.975,0.0,4.876296849505177,18.794871794871796,0.0,0.0712158999967869,0.3560794999839345,17
credit_default,credit risk,13,5,1.0,immutable_l2,raw_leaf_projection,200,0.97,0.97,0.0,0.7646458820713428,1.1494845360824741,1.0,0.008622499998637068,0.04311249999318534,17
credit_default,credit risk,13,5,1.0,immutable_l2,clbr,200,1.0,0.97,0.03,0.8221927038802059,1.52,0.97,0.01040319999356143,0.05201599996780715,17
credit_default,credit risk,13,5,1.0,immutable_l2,metric_leaf_projection,200,1.0,1.0,0.0,0.24759916338903729,1.055,1.0,0.008476199996948708,0.04238099998474354,17
credit_default,credit risk,13,5,1.0,immutable_l2,metric_clbr,200,1.0,1.0,0.0,0.24759916338903729,1.055,1.0,0.00795909999669675,0.03979549998348375,17
credit_default,credit risk,13,5,1.0,immutable_l2,exact_leaf,200,1.0,1.0,0.0,0.24759916338903729,1.055,1.0,0.10728939999989962,0.5364469999994981,17
credit_default,credit risk,13,5,1.0,immutable_l2,exact_leaf_cached,200,1.0,1.0,0.0,0.24759916338903729,1.055,1.0,0.01857230000587151,0.09286150002935756,17
credit_default,credit risk,13,5,1.0,immutable_l2,native_exact_k_sparse,200,1.0,1.0,0.0,0.24759916338903729,1.055,1.0,0.017170100008115696,0.08585050004057848,17
credit_default,credit risk,13,5,1.0,immutable_l2,clbr_uncached,200,1.0,0.97,0.03,0.8221927038802059,1.52,0.97,0.0167985999960365,0.0839929999801825,17
credit_default,credit risk,13,5,1.0,immutable_top3_l1,nn_positive_train,200,0.04,0.04,0.0,0.7653551626293299,3.0,1.0,0.01916429999164393,0.09582149995821965,17
credit_default,credit risk,13,5,1.0,immutable_top3_l1,leaf_centroid,200,0.06,0.06,0.0,0.7043643860520863,3.0,1.0,0.06897989999833953,0.34489949999169767,17
credit_default,credit risk,13,5,1.0,immutable_top3_l1,raw_leaf_projection,200,0.0,0.0,0.0,inf,nan,nan,0.008159799996064976,0.04079899998032488,17
credit_default,credit risk,13,5,1.0,immutable_top3_l1,clbr,200,0.04,0.0,0.04,0.2411616204787222,3.0,1.0,0.01996670000062295,0.09983350000311475,17
credit_default,credit risk,13,5,1.0,immutable_top3_l1,metric_leaf_projection,200,0.22,0.22,0.0,0.18424813802709503,1.0,1.0,0.007540300001892319,0.0377015000094616,17
credit_default,credit risk,13,5,1.0,immutable_top3_l1,metric_clbr,200,0.225,0.22,0.005,0.18476998029766295,1.0444444444444445,1.0,0.015724400002909533,0.07862200001454767,17
credit_default,credit risk,13,5,1.0,immutable_top3_l1,exact_leaf,200,0.46,0.46,0.0,0.5702900941354428,1.0108695652173914,1.0,0.0879986000027202,0.439993000013601,17
credit_default,credit risk,13,5,1.0,immutable_top3_l1,exact_leaf_cached,200,0.46,0.46,0.0,0.5702900941354428,1.0108695652173914,1.0,0.01319580000017595,0.06597900000087975,17
credit_default,credit risk,13,5,1.0,immutable_top3_l1,native_exact_k_sparse,200,1.0,1.0,0.0,0.2550180638231742,1.02,1.0,0.017618700004277343,0.08809350002138672,17
credit_default,credit risk,13,5,1.0,immutable_top3_l1,clbr_uncached,200,0.04,0.0,0.04,0.2411616204787222,3.0,1.0,0.02763359999516979,0.13816799997584894,17
credit_default,credit risk,19,5,0.0,free_l2,nn_positive_train,200,1.0,1.0,0.0,4.494339749784778,17.175,0.0,0.019821299998511677,0.09910649999255838,15
credit_default,credit risk,19,5,0.0,free_l2,leaf_centroid,200,1.0,1.0,0.0,4.545381696598627,22.475,0.0,0.06768199999896751,0.33840999999483756,15
credit_default,credit risk,19,5,0.0,free_l2,raw_leaf_projection,200,1.0,1.0,0.0,0.7432637730269298,1.21,1.0,0.009438099993531068,0.04719049996765534,15
credit_default,credit risk,19,5,0.0,free_l2,clbr,200,1.0,1.0,0.0,0.7432637730269298,1.21,1.0,0.008488500000567,0.042442500002835004,15
credit_default,credit risk,19,5,0.0,free_l2,metric_leaf_projection,200,1.0,1.0,0.0,0.12113026869130056,1.28,1.0,0.00849070000822394,0.042453500041119696,15
credit_default,credit risk,19,5,0.0,free_l2,metric_clbr,200,1.0,1.0,0.0,0.12113026869130056,1.28,1.0,0.008491499997035135,0.04245749998517567,15
credit_default,credit risk,19,5,0.0,free_l2,exact_leaf,200,1.0,1.0,0.0,0.12113026869130056,1.28,1.0,0.09631190000527567,0.4815595000263784,15
credit_default,credit risk,19,5,0.0,free_l2,exact_leaf_cached,200,1.0,1.0,0.0,0.12113026869130056,1.28,1.0,0.0197132000066631,0.0985660000333155,15
credit_default,credit risk,19,5,0.0,free_l2,native_exact_k_sparse,200,1.0,1.0,0.0,0.12113026869130056,1.28,1.0,0.0178550000055111,0.0892750000275555,15
credit_default,credit risk,19,5,0.0,free_l2,clbr_uncached,200,1.0,1.0,0.0,0.7432637730269298,1.21,1.0,0.014766999996936647,0.07383499998468324,15
credit_default,credit risk,19,5,0.0,immutable_l2,nn_positive_train,200,1.0,1.0,0.0,3.553388694018805,14.705,0.005,0.019164900003488583,0.09582450001744292,15
credit_default,credit risk,19,5,0.0,immutable_l2,leaf_centroid,200,0.94,0.94,0.0,3.9062287289280566,18.54255319148936,0.0,0.06447069999376254,0.3223534999688127,15
credit_default,credit risk,19,5,0.0,immutable_l2,raw_leaf_projection,200,0.97,0.97,0.0,0.7426143641148595,1.190721649484536,1.0,0.009080199994969007,0.045400999974845035,15
credit_default,credit risk,19,5,0.0,immutable_l2,clbr,200,1.0,0.97,0.03,0.8570691551417201,1.6,0.97,0.009739500006617163,0.04869750003308582,15
credit_default,credit risk,19,5,0.0,immutable_l2,metric_leaf_projection,200,1.0,1.0,0.0,0.12113026869130056,1.28,1.0,0.008055399999648216,0.04027699999824108,15
credit_default,credit risk,19,5,0.0,immutable_l2,metric_clbr,200,1.0,1.0,0.0,0.12113026869130056,1.28,1.0,0.007870299993555818,0.03935149996777909,15
credit_default,credit risk,19,5,0.0,immutable_l2,exact_leaf,200,1.0,1.0,0.0,0.12113026869130056,1.28,1.0,0.09159520000412158,0.4579760000206079,15
credit_default,credit risk,19,5,0.0,immutable_l2,exact_leaf_cached,200,1.0,1.0,0.0,0.12113026869130056,1.28,1.0,0.01749640001253283,0.08748200006266416,15
credit_default,credit risk,19,5,0.0,immutable_l2,native_exact_k_sparse,200,1.0,1.0,0.0,0.12113026869130056,1.28,1.0,0.016175900001144328,0.08087950000572164,15
credit_default,credit risk,19,5,0.0,immutable_l2,clbr_uncached,200,1.0,0.97,0.03,0.8570691551417201,1.6,0.97,0.016315899996698136,0.08157949998349068,15
credit_default,credit risk,19,5,0.0,immutable_top3_l1,nn_positive_train,200,0.105,0.105,0.0,0.4348726476577557,3.0,1.0,0.01928560000305879,0.09642800001529395,15
credit_default,credit risk,19,5,0.0,immutable_top3_l1,leaf_centroid,200,0.12,0.12,0.0,0.5409023556595964,3.0,1.0,0.06676129999596014,0.3338064999798007,15
credit_default,credit risk,19,5,0.0,immutable_top3_l1,raw_leaf_projection,200,0.005,0.005,0.0,0.4446019900998822,1.0,1.0,0.009290099993449985,0.046450499967249925,15
credit_default,credit risk,19,5,0.0,immutable_top3_l1,clbr,200,0.105,0.005,0.1,0.06697682040265336,2.9047619047619047,1.0,0.023330999997597246,0.11665499998798623,15
credit_default,credit risk,19,5,0.0,immutable_top3_l1,metric_leaf_projection,200,0.195,0.195,0.0,0.06856860136046576,1.0,1.0,0.007827600004929991,0.039138000024649955,15
credit_default,credit risk,19,5,0.0,immutable_top3_l1,metric_clbr,200,0.2,0.195,0.005,0.07076967972347678,1.05,1.0,0.01606319999882544,0.0803159999941272,15
credit_default,credit risk,19,5,0.0,immutable_top3_l1,exact_leaf,200,0.49,0.49,0.0,0.5538405495875811,1.0,1.0,0.07844090000253345,0.39220450001266727,15
credit_default,credit risk,19,5,0.0,immutable_top3_l1,exact_leaf_cached,200,0.49,0.49,0.0,0.5538405495875811,1.0,1.0,0.013566200000241224,0.06783100000120612,15
credit_default,credit risk,19,5,0.0,immutable_top3_l1,native_exact_k_sparse,200,1.0,1.0,0.0,0.13195198890787962,1.265,1.0,0.0172104999946896,0.086052499973448,15
credit_default,credit risk,19,5,0.0,immutable_top3_l1,clbr_uncached,200,0.105,0.005,0.1,0.06697682040265336,2.9047619047619047,1.0,0.03036240000074031,0.15181200000370154,15
credit_default,credit risk,19,5,1.0,free_l2,nn_positive_train,200,1.0,1.0,0.0,4.841658827647443,19.3,0.0,0.01945110000178829,0.09725550000894145,15
credit_default,credit risk,19,5,1.0,free_l2,leaf_centroid,200,1.0,1.0,0.0,5.215044081801559,22.705,0.0,0.06572880000021541,0.3286440000010771,15
credit_default,credit risk,19,5,1.0,free_l2,raw_leaf_projection,200,1.0,1.0,0.0,0.705611039498828,1.135,1.0,0.008977100002084626,0.04488550001042313,15
credit_default,credit risk,19,5,1.0,free_l2,clbr,200,1.0,1.0,0.0,0.705611039498828,1.135,1.0,0.008030899998630048,0.04015449999315024,15
credit_default,credit risk,19,5,1.0,free_l2,metric_leaf_projection,200,1.0,1.0,0.0,0.12896872488936803,1.265,1.0,0.008361500004866684,0.04180750002433342,15
credit_default,credit risk,19,5,1.0,free_l2,metric_clbr,200,1.0,1.0,0.0,0.12896872488936803,1.265,1.0,0.007976799999596551,0.039883999997982755,15
credit_default,credit risk,19,5,1.0,free_l2,exact_leaf,200,1.0,1.0,0.0,0.12896872488936803,1.265,1.0,0.09204559999579942,0.4602279999789971,15
credit_default,credit risk,19,5,1.0,free_l2,exact_leaf_cached,200,1.0,1.0,0.0,0.12896872488936803,1.265,1.0,0.018041599997559388,0.09020799998779694,15
credit_default,credit risk,19,5,1.0,free_l2,native_exact_k_sparse,200,1.0,1.0,0.0,0.12896872488936803,1.265,1.0,0.016837699996358424,0.08418849998179212,15
credit_default,credit risk,19,5,1.0,free_l2,clbr_uncached,200,1.0,1.0,0.0,0.705611039498828,1.135,1.0,0.014535300000716234,0.07267650000358117,15
credit_default,credit risk,19,5,1.0,immutable_l2,nn_positive_train,200,1.0,1.0,0.0,3.714438058830217,15.845,0.0,0.01992290000725916,0.0996145000362958,15
credit_default,credit risk,19,5,1.0,immutable_l2,leaf_centroid,200,1.0,1.0,0.0,4.4677153056837104,18.705,0.0,0.06632259999696544,0.3316129999848272,15
credit_default,credit risk,19,5,1.0,immutable_l2,raw_leaf_projection,200,0.975,0.975,0.0,0.7072993310819902,1.1128205128205129,1.0,0.008992500002023007,0.044962500010115036,15
credit_default,credit risk,19,5,1.0,immutable_l2,clbr,200,1.0,0.975,0.025,0.772381702223592,1.5,0.975,0.009904099993946147,0.049520499969730736,15
credit_default,credit risk,19,5,1.0,immutable_l2,metric_leaf_projection,200,0.995,0.995,0.0,0.12485830940260956,1.256281407035176,1.0,0.008282599994345219,0.041412999971726094,15
credit_default,credit risk,19,5,1.0,immutable_l2,metric_clbr,200,1.0,0.995,0.005,0.13638957184343145,1.335,0.995,0.00864769999316195,0.04323849996580975,15
credit_default,credit risk,19,5,1.0,immutable_l2,exact_leaf,200,1.0,1.0,0.0,0.13090304770709477,1.255,1.0,0.09092979999422823,0.45464899997114117,15
credit_default,credit risk,19,5,1.0,immutable_l2,exact_leaf_cached,200,1.0,1.0,0.0,0.13090304770709477,1.255,1.0,0.01743280000573577,0.08716400002867886,15
credit_default,credit risk,19,5,1.0,immutable_l2,native_exact_k_sparse,200,1.0,1.0,0.0,0.13090304770709477,1.255,1.0,0.016685099989445007,0.08342549994722503,15
credit_default,credit risk,19,5,1.0,immutable_l2,clbr_uncached,200,1.0,0.975,0.025,0.772381702223592,1.5,0.975,0.015843700004552375,0.07921850002276187,15
credit_default,credit risk,19,5,1.0,immutable_top3_l1,nn_positive_train,200,0.09,0.09,0.0,0.5520951427589472,3.0,1.0,0.018002199991315138,0.09001099995657569,15
credit_default,credit risk,19,5,1.0,immutable_top3_l1,leaf_centroid,200,0.1,0.1,0.0,0.6742207610011295,3.0,1.0,0.06349949999639648,0.3174974999819824,15
credit_default,credit risk,19,5,1.0,immutable_top3_l1,raw_leaf_projection,200,0.0,0.0,0.0,inf,nan,nan,0.008393899986913311,0.041969499934566556,15
credit_default,credit risk,19,5,1.0,immutable_top3_l1,clbr,200,0.09,0.0,0.09,0.3436160076288833,3.0,1.0,0.02167650000046706,0.10838250000233529,15
credit_default,credit risk,19,5,1.0,immutable_top3_l1,metric_leaf_projection,200,0.14,0.14,0.0,0.08598329893286948,1.0,1.0,0.007670999993933947,0.038354999969669734,15
credit_default,credit risk,19,5,1.0,immutable_top3_l1,metric_clbr,200,0.16,0.14,0.02,0.1098575723986337,1.25,1.0,0.017599599995264725,0.08799799997632363,15
credit_default,credit risk,19,5,1.0,immutable_top3_l1,exact_leaf,200,0.45,0.45,0.0,0.6552916960372205,1.0,1.0,0.07773509999606176,0.3886754999803088,15
credit_default,credit risk,19,5,1.0,immutable_top3_l1,exact_leaf_cached,200,0.45,0.45,0.0,0.6552916960372205,1.0,1.0,0.012649999986933835,0.06324999993466918,15
credit_default,credit risk,19,5,1.0,immutable_top3_l1,native_exact_k_sparse,200,1.0,1.0,0.0,0.13980597328601596,1.255,1.0,0.017044700012775138,0.08522350006387569,15
credit_default,credit risk,19,5,1.0,immutable_top3_l1,clbr_uncached,200,0.09,0.0,0.09,0.3436160076288833,3.0,1.0,0.029206399994109233,0.14603199997054617,15
credit_default,credit risk,29,5,0.0,free_l2,nn_positive_train,200,1.0,1.0,0.0,4.627887301137134,17.25,0.015,0.020512900001449452,0.10256450000724726,17
credit_default,credit risk,29,5,0.0,free_l2,leaf_centroid,200,1.0,1.0,0.0,4.350853265305058,22.855,0.0,0.0723853999934363,0.3619269999671815,17
credit_default,credit risk,29,5,0.0,free_l2,raw_leaf_projection,200,1.0,1.0,0.0,0.8358600632661333,1.285,1.0,0.0091777999932674,0.045888999966336996,17
credit_default,credit risk,29,5,0.0,free_l2,clbr,200,1.0,1.0,0.0,0.8358600632661333,1.285,1.0,0.008434500004113943,0.042172500020569714,17
credit_default,credit risk,29,5,0.0,free_l2,metric_leaf_projection,200,1.0,1.0,0.0,0.42101699598550424,1.12,1.0,0.008380500005841895,0.04190250002920948,17
credit_default,credit risk,29,5,0.0,free_l2,metric_clbr,200,1.0,1.0,0.0,0.42101699598550424,1.12,1.0,0.008215000001655426,0.04107500000827713,17
credit_default,credit risk,29,5,0.0,free_l2,exact_leaf,200,1.0,1.0,0.0,0.42101699598550424,1.12,1.0,0.11100199999509641,0.5550099999754821,17
credit_default,credit risk,29,5,0.0,free_l2,exact_leaf_cached,200,1.0,1.0,0.0,0.42101699598550424,1.12,1.0,0.020046900001943868,0.10023450000971934,17
credit_default,credit risk,29,5,0.0,free_l2,native_exact_k_sparse,200,1.0,1.0,0.0,0.42101699598550424,1.12,1.0,0.017996300003687793,0.08998150001843896,17
credit_default,credit risk,29,5,0.0,free_l2,clbr_uncached,200,1.0,1.0,0.0,0.8358600632661333,1.285,1.0,0.01537680000092223,0.07688400000461115,17
credit_default,credit risk,29,5,0.0,immutable_l2,nn_positive_train,200,0.96,0.96,0.0,3.685533913342653,14.953125,0.03125,0.01875979999294941,0.09379899996474705,17
credit_default,credit risk,29,5,0.0,immutable_l2,leaf_centroid,200,0.56,0.56,0.0,4.15318512636294,18.866071428571427,0.0,0.07285859999319655,0.36429299996598274,17
credit_default,credit risk,29,5,0.0,immutable_l2,raw_leaf_projection,200,0.91,0.91,0.0,0.7985826528027856,1.2472527472527473,1.0,0.009253200001694495,0.046266000008472474,17
credit_default,credit risk,29,5,0.0,immutable_l2,clbr,200,1.0,0.91,0.09,1.0118367228241183,2.57,0.91,0.013982400000713824,0.06991200000356912,17
credit_default,credit risk,29,5,0.0,immutable_l2,metric_leaf_projection,200,0.875,0.875,0.0,0.41952317291239444,1.12,1.0,0.008772999998654996,0.04386499999327498,17
credit_default,credit risk,29,5,0.0,immutable_l2,metric_clbr,200,1.0,0.875,0.125,0.5702572491430696,2.82,0.875,0.015156699994804512,0.07578349997402256,17
credit_default,credit risk,29,5,0.0,immutable_l2,exact_leaf,200,1.0,1.0,0.0,0.47110984154508984,1.175,1.0,0.10845969999627414,0.5422984999813707,17
credit_default,credit risk,29,5,0.0,immutable_l2,exact_leaf_cached,200,1.0,1.0,0.0,0.47110984154508984,1.175,1.0,0.018944600001304934,0.09472300000652467,17
credit_default,credit risk,29,5,0.0,immutable_l2,native_exact_k_sparse,200,1.0,1.0,0.0,0.47110984154508984,1.175,1.0,0.017894899989187252,0.08947449994593626,17
credit_default,credit risk,29,5,0.0,immutable_l2,clbr_uncached,200,1.0,0.91,0.09,1.0118367228241183,2.57,0.91,0.02021430000240798,0.1010715000120399,17
credit_default,credit risk,29,5,0.0,immutable_top3_l1,nn_positive_train,200,0.055,0.055,0.0,2.266479473771969,2.6363636363636362,1.0,0.019024299993361637,0.09512149996680819,17
credit_default,credit risk,29,5,0.0,immutable_top3_l1,leaf_centroid,200,0.05,0.05,0.0,2.009806813017039,3.0,1.0,0.07247319998987223,0.36236599994936114,17
credit_default,credit risk,29,5,0.0,immutable_top3_l1,raw_leaf_projection,200,0.04,0.04,0.0,0.8903774920116959,1.25,1.0,0.009097699985431973,0.045488499927159864,17
credit_default,credit risk,29,5,0.0,immutable_top3_l1,clbr,200,0.065,0.04,0.025,0.5774973612751272,1.9230769230769231,1.0,0.020140200000241748,0.10070100000120874,17
credit_default,credit risk,29,5,0.0,immutable_top3_l1,metric_leaf_projection,200,0.06,0.06,0.0,0.6028481050746827,1.0,1.0,0.007885800006988575,0.039429000034942874,17
credit_default,credit risk,29,5,0.0,immutable_top3_l1,metric_clbr,200,0.095,0.06,0.035,0.7380985290634542,1.5263157894736843,1.0,0.01969920000374259,0.09849600001871295,17
credit_default,credit risk,29,5,0.0,immutable_top3_l1,exact_leaf,200,0.135,0.135,0.0,0.6905004426188467,1.0740740740740742,1.0,0.0920661999962249,0.4603309999811245,17
credit_default,credit risk,29,5,0.0,immutable_top3_l1,exact_leaf_cached,200,0.135,0.135,0.0,0.6905004426188467,1.0740740740740742,1.0,0.01162040000599518,0.0581020000299759,17
credit_default,credit risk,29,5,0.0,immutable_top3_l1,native_exact_k_sparse,200,1.0,1.0,0.0,0.48821954189456385,1.145,1.0,0.01865679999900749,0.09328399999503745,17
credit_default,credit risk,29,5,0.0,immutable_top3_l1,clbr_uncached,200,0.065,0.04,0.025,0.5774973612751272,1.9230769230769231,1.0,0.02862370000275405,0.14311850001377024,17
credit_default,credit risk,29,5,1.0,free_l2,nn_positive_train,200,1.0,1.0,0.0,4.960888608421801,19.14,0.0,0.020228600002155872,0.10114300001077936,17
credit_default,credit risk,29,5,1.0,free_l2,leaf_centroid,200,1.0,1.0,0.0,5.405763447989821,22.79,0.0,0.07220299999153212,0.3610149999576606,17
credit_default,credit risk,29,5,1.0,free_l2,raw_leaf_projection,200,1.0,1.0,0.0,0.790322582137013,1.265,1.0,0.009524000002784305,0.047620000013921526,17
credit_default,credit risk,29,5,1.0,free_l2,clbr,200,1.0,1.0,0.0,0.790322582137013,1.265,1.0,0.008240599998316611,0.041202999991583056,17
credit_default,credit risk,29,5,1.0,free_l2,metric_leaf_projection,200,1.0,1.0,0.0,0.43848300033283705,1.105,1.0,0.008257800010142091,0.041289000050710456,17
credit_default,credit risk,29,5,1.0,free_l2,metric_clbr,200,1.0,1.0,0.0,0.43848300033283705,1.105,1.0,0.008436100004473701,0.042180500022368506,17
credit_default,credit risk,29,5,1.0,free_l2,exact_leaf,200,1.0,1.0,0.0,0.43848300033283705,1.105,1.0,0.1091617000010956,0.545808500005478,17
credit_default,credit risk,29,5,1.0,free_l2,exact_leaf_cached,200,1.0,1.0,0.0,0.43848300033283705,1.105,1.0,0.01853849999315571,0.09269249996577855,17
credit_default,credit risk,29,5,1.0,free_l2,native_exact_k_sparse,200,1.0,1.0,0.0,0.43848300033283705,1.105,1.0,0.01744090000192955,0.08720450000964775,17
credit_default,credit risk,29,5,1.0,free_l2,clbr_uncached,200,1.0,1.0,0.0,0.790322582137013,1.265,1.0,0.015606300000399642,0.07803150000199821,17
credit_default,credit risk,29,5,1.0,immutable_l2,nn_positive_train,200,0.99,0.99,0.0,3.912825035676164,15.747474747474747,0.03535353535353535,0.019622199998593715,0.09811099999296857,17
credit_default,credit risk,29,5,1.0,immutable_l2,leaf_centroid,200,0.965,0.965,0.0,4.793416592196968,18.78238341968912,0.0,0.07434649999777321,0.37173249998886604,17
credit_default,credit risk,29,5,1.0,immutable_l2,raw_leaf_projection,200,0.83,0.83,0.0,0.8205712751592934,1.2469879518072289,1.0,0.009309200000643614,0.04654600000321807,17
credit_default,credit risk,29,5,1.0,immutable_l2,clbr,200,0.99,0.83,0.16,1.0186401596884709,3.1414141414141414,0.8737373737373737,0.019780099999479717,0.09890049999739858,17
credit_default,credit risk,29,5,1.0,immutable_l2,metric_leaf_projection,200,0.905,0.905,0.0,0.43375366419007094,1.0994475138121547,1.0,0.00836179999896558,0.0418089999948279,17
credit_default,credit risk,29,5,1.0,immutable_l2,metric_clbr,200,1.0,0.905,0.095,0.567071697141807,2.445,0.905,0.013988699993205955,0.06994349996602978,17
credit_default,credit risk,29,5,1.0,immutable_l2,exact_leaf,200,1.0,1.0,0.0,0.47000368901053874,1.135,1.0,0.10739369999282644,0.5369684999641322,17
credit_default,credit risk,29,5,1.0,immutable_l2,exact_leaf_cached,200,1.0,1.0,0.0,0.47000368901053874,1.135,1.0,0.018940499996460858,0.09470249998230429,17
credit_default,credit risk,29,5,1.0,immutable_l2,native_exact_k_sparse,200,1.0,1.0,0.0,0.47000368901053874,1.135,1.0,0.017443400001866394,0.08721700000933197,17
credit_default,credit risk,29,5,1.0,immutable_l2,clbr_uncached,200,0.99,0.83,0.16,1.0186401596884709,3.1414141414141414,0.8737373737373737,0.02603789999284345,0.13018949996421725,17
credit_default,credit risk,29,5,1.0,immutable_top3_l1,nn_positive_train,200,0.065,0.065,0.0,1.8783830297103987,2.4615384615384617,1.0,0.018927500000245345,0.09463750000122673,17
credit_default,credit risk,29,5,1.0,immutable_top3_l1,leaf_centroid,200,0.05,0.05,0.0,1.8668650438086427,3.0,1.0,0.07067700000334298,0.3533850000167149,17
credit_default,credit risk,29,5,1.0,immutable_top3_l1,raw_leaf_projection,200,0.0,0.0,0.0,inf,nan,nan,0.00957039999866538,0.0478519999933269,17
credit_default,credit risk,29,5,1.0,immutable_top3_l1,clbr,200,0.065,0.0,0.065,0.4342536117405078,2.4615384615384617,1.0,0.022474300008070713,0.11237150004035357,17
credit_default,credit risk,29,5,1.0,immutable_top3_l1,metric_leaf_projection,200,0.05,0.05,0.0,0.3804079220349995,1.0,1.0,0.007905200009190594,0.03952600004595297,17
credit_default,credit risk,29,5,1.0,immutable_top3_l1,metric_clbr,200,0.09,0.05,0.04,0.5109347872221188,1.5,1.0,0.019543999997949868,0.09771999998974934,17
credit_default,credit risk,29,5,1.0,immutable_top3_l1,exact_leaf,200,0.1,0.1,0.0,0.5401427838978275,1.0,1.0,0.08973450000303274,0.4486725000151637,17
credit_default,credit risk,29,5,1.0,immutable_top3_l1,exact_leaf_cached,200,0.1,0.1,0.0,0.5401427838978275,1.0,1.0,0.010502400003133516,0.05251200001566758,17
credit_default,credit risk,29,5,1.0,immutable_top3_l1,native_exact_k_sparse,200,1.0,1.0,0.0,0.4814742056426565,1.11,1.0,0.017677700009699038,0.08838850004849519,17
credit_default,credit risk,29,5,1.0,immutable_top3_l1,clbr_uncached,200,0.065,0.0,0.065,0.4342536117405078,2.4615384615384617,1.0,0.02937130000191246,0.1468565000095623,17
credit_default,credit risk,37,5,0.0,free_l2,nn_positive_train,200,1.0,1.0,0.0,4.58131626767773,17.595,0.0,0.020578499998009647,0.10289249999004824,17
credit_default,credit risk,37,5,0.0,free_l2,leaf_centroid,200,1.0,1.0,0.0,4.827461160574069,22.745,0.0,0.07363779999559483,0.36818899997797416,17
credit_default,credit risk,37,5,0.0,free_l2,raw_leaf_projection,200,1.0,1.0,0.0,0.6087336080732871,1.2,1.0,0.009720600006403401,0.04860300003201701,17
credit_default,credit risk,37,5,0.0,free_l2,clbr,200,1.0,1.0,0.0,0.6087336080732871,1.2,1.0,0.008679200005644816,0.04339600002822408,17
credit_default,credit risk,37,5,0.0,free_l2,metric_leaf_projection,200,1.0,1.0,0.0,0.3210935460396553,1.135,1.0,0.008743300014430133,0.043716500072150666,17
credit_default,credit risk,37,5,0.0,free_l2,metric_clbr,200,1.0,1.0,0.0,0.3210935460396553,1.135,1.0,0.008755199996812735,0.043775999984063674,17
credit_default,credit risk,37,5,0.0,free_l2,exact_leaf,200,1.0,1.0,0.0,0.3210935460396553,1.135,1.0,0.10769719999734662,0.5384859999867331,17
credit_default,credit risk,37,5,0.0,free_l2,exact_leaf_cached,200,1.0,1.0,0.0,0.3210935460396553,1.135,1.0,0.01881819999380241,0.09409099996901205,17
credit_default,credit risk,37,5,0.0,free_l2,native_exact_k_sparse,200,1.0,1.0,0.0,0.3210935460396553,1.135,1.0,0.017846699999608973,0.08923349999804486,17
credit_default,credit risk,37,5,0.0,free_l2,clbr_uncached,200,1.0,1.0,0.0,0.6087336080732871,1.2,1.0,0.015987300003871496,0.07993650001935748,17
credit_default,credit risk,37,5,0.0,immutable_l2,nn_positive_train,200,0.995,0.995,0.0,3.5349574882802526,15.045226130653266,0.005025125628140704,0.01956379999865021,0.09781899999325105,17
credit_default,credit risk,37,5,0.0,immutable_l2,leaf_centroid,200,0.99,0.99,0.0,4.289102915406376,18.772727272727273,0.0,0.07380480000665557,0.36902400003327784,17
credit_default,credit risk,37,5,0.0,immutable_l2,raw_leaf_projection,200,0.995,0.995,0.0,0.609439925429391,1.1959798994974875,1.0,0.009235999998963962,0.04617999999481981,17
credit_default,credit risk,37,5,0.0,immutable_l2,clbr,200,0.995,0.995,0.0,0.609439925429391,1.1959798994974875,1.0,0.00855940000656119,0.042797000032805954,17
credit_default,credit risk,37,5,0.0,immutable_l2,metric_leaf_projection,200,0.99,0.99,0.0,0.3236952559429921,1.1262626262626263,1.0,0.008572000003368885,0.042860000016844424,17
credit_default,credit risk,37,5,0.0,immutable_l2,metric_clbr,200,1.0,0.99,0.01,0.32686709630914135,1.27,0.99,0.00897110000369139,0.04485550001845695,17
credit_default,credit risk,37,5,0.0,immutable_l2,exact_leaf,200,1.0,1.0,0.0,0.3218048157356058,1.125,1.0,0.10544340000524244,0.5272170000262122,17
credit_default,credit risk,37,5,0.0,immutable_l2,exact_leaf_cached,200,1.0,1.0,0.0,0.3218048157356058,1.125,1.0,0.018605399987791316,0.09302699993895658,17
credit_default,credit risk,37,5,0.0,immutable_l2,native_exact_k_sparse,200,1.0,1.0,0.0,0.3218048157356058,1.125,1.0,0.017112199999246513,0.08556099999623257,17
credit_default,credit risk,37,5,0.0,immutable_l2,clbr_uncached,200,0.995,0.995,0.0,0.609439925429391,1.1959798994974875,1.0,0.015571400000226276,0.07785700000113138,17
credit_default,credit risk,37,5,0.0,immutable_top3_l1,nn_positive_train,200,0.05,0.05,0.0,0.9135157512823385,3.0,1.0,0.01891469999736728,0.0945734999868364,17
credit_default,credit risk,37,5,0.0,immutable_top3_l1,leaf_centroid,200,0.04,0.04,0.0,1.4994091918175516,3.0,1.0,0.0703391999923042,0.351695999961521,17
credit_default,credit risk,37,5,0.0,immutable_top3_l1,raw_leaf_projection,200,0.005,0.005,0.0,0.43879032448975996,1.0,1.0,0.008503700003529957,0.042518500017649785,17
credit_default,credit risk,37,5,0.0,immutable_top3_l1,clbr,200,0.05,0.005,0.045,0.31721751781085283,2.8,1.0,0.020356700002594152,0.10178350001297076,17
credit_default,credit risk,37,5,0.0,immutable_top3_l1,metric_leaf_projection,200,0.095,0.095,0.0,0.14697206524131276,1.0,1.0,0.007952100004331442,0.03976050002165721,17
credit_default,credit risk,37,5,0.0,immutable_top3_l1,metric_clbr,200,0.105,0.095,0.01,0.2100319702235642,1.1904761904761905,1.0,0.017010200001095654,0.08505100000547827,17
credit_default,credit risk,37,5,0.0,immutable_top3_l1,exact_leaf,200,0.175,0.175,0.0,0.2579438770466848,1.0285714285714285,1.0,0.08728359999804525,0.43641799999022624,17
credit_default,credit risk,37,5,0.0,immutable_top3_l1,exact_leaf_cached,200,0.175,0.175,0.0,0.2579438770466848,1.0285714285714285,1.0,0.011225400000512309,0.056127000002561545,17
credit_default,credit risk,37,5,0.0,immutable_top3_l1,native_exact_k_sparse,200,1.0,1.0,0.0,0.3393700204903057,1.095,1.0,0.01771990000088408,0.0885995000044204,17
credit_default,credit risk,37,5,0.0,immutable_top3_l1,clbr_uncached,200,0.05,0.005,0.045,0.31721751781085283,2.8,1.0,0.02835200000936311,0.14176000004681555,17
credit_default,credit risk,37,5,1.0,free_l2,nn_positive_train,200,1.0,1.0,0.0,4.803644867092763,19.725,0.0,0.01891960001194093,0.09459800005970465,17
credit_default,credit risk,37,5,1.0,free_l2,leaf_centroid,200,1.0,1.0,0.0,4.856837363181467,22.675,0.0,0.06968769999457436,0.3484384999728718,17
credit_default,credit risk,37,5,1.0,free_l2,raw_leaf_projection,200,1.0,1.0,0.0,0.5815761402276466,1.175,1.0,0.008888600001228042,0.04444300000614021,17
credit_default,credit risk,37,5,1.0,free_l2,clbr,200,1.0,1.0,0.0,0.5815761402276466,1.175,1.0,0.00797930000044289,0.03989650000221445,17
credit_default,credit risk,37,5,1.0,free_l2,metric_leaf_projection,200,1.0,1.0,0.0,0.33843124493279236,1.14,1.0,0.008263800002168864,0.04131900001084432,17
credit_default,credit risk,37,5,1.0,free_l2,metric_clbr,200,1.0,1.0,0.0,0.33843124493279236,1.14,1.0,0.00844549999510491,0.04222749997552455,17
credit_default,credit risk,37,5,1.0,free_l2,exact_leaf,200,1.0,1.0,0.0,0.33843124493279236,1.14,1.0,0.10412550000182819,0.5206275000091409,17
credit_default,credit risk,37,5,1.0,free_l2,exact_leaf_cached,200,1.0,1.0,0.0,0.33843124493279236,1.14,1.0,0.01742069999454543,0.08710349997272715,17
credit_default,credit risk,37,5,1.0,free_l2,native_exact_k_sparse,200,1.0,1.0,0.0,0.33843124493279236,1.14,1.0,0.016579600003751693,0.08289800001875847,17
credit_default,credit risk,37,5,1.0,free_l2,clbr_uncached,200,1.0,1.0,0.0,0.5815761402276466,1.175,1.0,0.014718100000209233,0.07359050000104617,17
credit_default,credit risk,37,5,1.0,immutable_l2,nn_positive_train,200,0.99,0.99,0.0,3.5972236530691775,16.252525252525253,0.0,0.02036639999187173,0.10183199995935865,17
credit_default,credit risk,37,5,1.0,immutable_l2,leaf_centroid,200,0.915,0.915,0.0,4.054954027790282,18.6448087431694,0.0,0.07487279999168095,0.37436399995840475,17
credit_default,credit risk,37,5,1.0,immutable_l2,raw_leaf_projection,200,1.0,1.0,0.0,0.5815761402276466,1.175,1.0,0.010354599999118363,0.05177299999559182,17
credit_default,credit risk,37,5,1.0,immutable_l2,clbr,200,1.0,1.0,0.0,0.5815761402276466,1.175,1.0,0.00907449999886012,0.0453724999943006,17
credit_default,credit risk,37,5,1.0,immutable_l2,metric_leaf_projection,200,0.995,0.995,0.0,0.3398572793752758,1.135678391959799,1.0,0.008650999996461906,0.04325499998230953,17
credit_default,credit risk,37,5,1.0,immutable_l2,metric_clbr,200,0.995,0.995,0.0,0.3398572793752758,1.135678391959799,1.0,0.008726200003366102,0.04363100001683051,17
credit_default,credit risk,37,5,1.0,immutable_l2,exact_leaf,200,1.0,1.0,0.0,0.33893805329938764,1.135,1.0,0.10910190000322473,0.5455095000161236,17
credit_default,credit risk,37,5,1.0,immutable_l2,exact_leaf_cached,200,1.0,1.0,0.0,0.33893805329938764,1.135,1.0,0.019179600002644293,0.09589800001322146,17
credit_default,credit risk,37,5,1.0,immutable_l2,native_exact_k_sparse,200,1.0,1.0,0.0,0.33893805329938764,1.135,1.0,0.01851370000258612,0.0925685000129306,17
credit_default,credit risk,37,5,1.0,immutable_l2,clbr_uncached,200,1.0,1.0,0.0,0.5815761402276466,1.175,1.0,0.015754299995023757,0.07877149997511879,17
credit_default,credit risk,37,5,1.0,immutable_top3_l1,nn_positive_train,200,0.06,0.06,0.0,0.5989602339688481,3.0,1.0,0.019448300001386087,0.09724150000693044,17
credit_default,credit risk,37,5,1.0,immutable_top3_l1,leaf_centroid,200,0.06,0.06,0.0,0.8234667937244243,3.0,1.0,0.07075280000390194,0.3537640000195097,17
credit_default,credit risk,37,5,1.0,immutable_top3_l1,raw_leaf_projection,200,0.0,0.0,0.0,inf,nan,nan,0.00864660001025186,0.043233000051259296,17
credit_default,credit risk,37,5,1.0,immutable_top3_l1,clbr,200,0.06,0.0,0.06,0.4147517755746062,3.0,1.0,0.020663699993747286,0.10331849996873643,17
credit_default,credit risk,37,5,1.0,immutable_top3_l1,metric_leaf_projection,200,0.095,0.095,0.0,0.1367847949451636,1.0526315789473684,1.0,0.008330700007718406,0.04165350003859203,17
credit_default,credit risk,37,5,1.0,immutable_top3_l1,metric_clbr,200,0.11,0.095,0.015,0.2817260677296553,1.3181818181818181,1.0,0.01749550000204181,0.08747750001020904,17
credit_default,credit risk,37,5,1.0,immutable_top3_l1,exact_leaf,200,0.185,0.185,0.0,0.35768639692914145,1.0810810810810811,1.0,0.08974540000508568,0.4487270000254284,17
credit_default,credit risk,37,5,1.0,immutable_top3_l1,exact_leaf_cached,200,0.185,0.185,0.0,0.35768639692914145,1.0810810810810811,1.0,0.011768799998208124,0.05884399999104062,17
credit_default,credit risk,37,5,1.0,immutable_top3_l1,native_exact_k_sparse,200,1.0,1.0,0.0,0.35653677698230263,1.095,1.0,0.01876280000033148,0.0938140000016574,17
credit_default,credit risk,37,5,1.0,immutable_top3_l1,clbr_uncached,200,0.06,0.0,0.06,0.4147517755746062,3.0,1.0,0.030551699999705306,0.15275849999852653,17
credit_default,credit risk,41,5,0.0,free_l2,nn_positive_train,200,1.0,1.0,0.0,4.705794896653867,17.61,0.0,0.019152700001541234,0.09576350000770617,15
credit_default,credit risk,41,5,0.0,free_l2,leaf_centroid,200,1.0,1.0,0.0,4.407503735135542,22.915,0.0,0.0667678000036176,0.333839000018088,15
credit_default,credit risk,41,5,0.0,free_l2,raw_leaf_projection,200,1.0,1.0,0.0,0.6725533551789772,1.395,1.0,0.008944900001552014,0.04472450000776007,15
credit_default,credit risk,41,5,0.0,free_l2,clbr,200,1.0,1.0,0.0,0.6725533551789772,1.395,1.0,0.00808339998820884,0.040416999941044196,15
credit_default,credit risk,41,5,0.0,free_l2,metric_leaf_projection,200,1.0,1.0,0.0,0.18816770834368626,1.055,1.0,0.008128200001010555,0.040641000005052774,15
credit_default,credit risk,41,5,0.0,free_l2,metric_clbr,200,1.0,1.0,0.0,0.18816770834368626,1.055,1.0,0.008439800003543496,0.04219900001771748,15
credit_default,credit risk,41,5,0.0,free_l2,exact_leaf,200,1.0,1.0,0.0,0.18816770834368626,1.055,1.0,0.09439130000009754,0.4719565000004877,15
credit_default,credit risk,41,5,0.0,free_l2,exact_leaf_cached,200,1.0,1.0,0.0,0.18816770834368626,1.055,1.0,0.01881489999777841,0.09407449998889206,15
credit_default,credit risk,41,5,0.0,free_l2,native_exact_k_sparse,200,1.0,1.0,0.0,0.18816770834368626,1.055,1.0,0.016698099998393445,0.08349049999196723,15
credit_default,credit risk,41,5,0.0,free_l2,clbr_uncached,200,1.0,1.0,0.0,0.6725533551789772,1.395,1.0,0.014158899995891261,0.0707944999794563,15
credit_default,credit risk,41,5,0.0,immutable_l2,nn_positive_train,200,1.0,1.0,0.0,3.813199352270742,15.15,0.015,0.019839099995806464,0.09919549997903232,15
credit_default,credit risk,41,5,0.0,immutable_l2,leaf_centroid,200,1.0,1.0,0.0,3.8664946772647992,18.92,0.0,0.06641449999824545,0.33207249999122723,15
credit_default,credit risk,41,5,0.0,immutable_l2,raw_leaf_projection,200,1.0,1.0,0.0,0.6725533551789772,1.395,1.0,0.008831699996335374,0.04415849998167687,15
credit_default,credit risk,41,5,0.0,immutable_l2,clbr,200,1.0,1.0,0.0,0.6725533551789772,1.395,1.0,0.00826340000548953,0.04131700002744765,15
credit_default,credit risk,41,5,0.0,immutable_l2,metric_leaf_projection,200,1.0,1.0,0.0,0.18816770834368626,1.055,1.0,0.008400900004744472,0.04200450002372236,15
credit_default,credit risk,41,5,0.0,immutable_l2,metric_clbr,200,1.0,1.0,0.0,0.18816770834368626,1.055,1.0,0.00814809999519639,0.04074049997598195,15
credit_default,credit risk,41,5,0.0,immutable_l2,exact_leaf,200,1.0,1.0,0.0,0.18816770834368626,1.055,1.0,0.09391970000342553,0.46959850001712766,15
credit_default,credit risk,41,5,0.0,immutable_l2,exact_leaf_cached,200,1.0,1.0,0.0,0.18816770834368626,1.055,1.0,0.018591299994113797,0.09295649997056898,15
credit_default,credit risk,41,5,0.0,immutable_l2,native_exact_k_sparse,200,1.0,1.0,0.0,0.18816770834368626,1.055,1.0,0.017021600002408377,0.08510800001204188,15
credit_default,credit risk,41,5,0.0,immutable_l2,clbr_uncached,200,1.0,1.0,0.0,0.6725533551789772,1.395,1.0,0.014007600003424159,0.0700380000171208,15
credit_default,credit risk,41,5,0.0,immutable_top3_l1,nn_positive_train,200,0.08,0.08,0.0,1.5680376777747085,3.0,1.0,0.019943100004638836,0.09971550002319418,15
credit_default,credit risk,41,5,0.0,immutable_top3_l1,leaf_centroid,200,0.135,0.135,0.0,1.188687938903515,3.0,1.0,0.06685239999205805,0.33426199996029027,15
credit_default,credit risk,41,5,0.0,immutable_top3_l1,raw_leaf_projection,200,0.015,0.015,0.0,0.4493930326104891,1.0,1.0,0.008491000000503846,0.04245500000251923,15
credit_default,credit risk,41,5,0.0,immutable_top3_l1,clbr,200,0.08,0.015,0.065,0.2789605530693938,2.625,1.0,0.02215280001200881,0.11076400006004405,15
credit_default,credit risk,41,5,0.0,immutable_top3_l1,metric_leaf_projection,200,0.115,0.115,0.0,0.1522843105264576,1.0,1.0,0.008403299998462899,0.04201649999231449,15
credit_default,credit risk,41,5,0.0,immutable_top3_l1,metric_clbr,200,0.165,0.115,0.05,0.24088479341789215,1.606060606060606,1.0,0.01967500000318978,0.0983750000159489,15
credit_default,credit risk,41,5,0.0,immutable_top3_l1,exact_leaf,200,0.405,0.405,0.0,0.6157104179578344,1.0246913580246915,1.0,0.08125809998819022,0.4062904999409511,15
credit_default,credit risk,41,5,0.0,immutable_top3_l1,exact_leaf_cached,200,0.405,0.405,0.0,0.6157104179578344,1.0246913580246915,1.0,0.013058699994871859,0.06529349997435929,15
credit_default,credit risk,41,5,0.0,immutable_top3_l1,native_exact_k_sparse,200,1.0,1.0,0.0,0.19085346175915174,1.055,1.0,0.018300699994142633,0.09150349997071316,15
credit_default,credit risk,41,5,0.0,immutable_top3_l1,clbr_uncached,200,0.08,0.015,0.065,0.2789605530693938,2.625,1.0,0.029322500004127505,0.14661250002063753,15
credit_default,credit risk,41,5,1.0,free_l2,nn_positive_train,200,1.0,1.0,0.0,5.02628652061825,19.77,0.0,0.020145699994827737,0.10072849997413869,15
credit_default,credit risk,41,5,1.0,free_l2,leaf_centroid,200,1.0,1.0,0.0,5.360328246287083,22.925,0.0,0.06693590000850236,0.3346795000425118,15
credit_default,credit risk,41,5,1.0,free_l2,raw_leaf_projection,200,1.0,1.0,0.0,0.6703645089854551,1.385,1.0,0.009622299997317896,0.04811149998658948,15
credit_default,credit risk,41,5,1.0,free_l2,clbr,200,1.0,1.0,0.0,0.6703645089854551,1.385,1.0,0.008423600006608467,0.042118000033042335,15
credit_default,credit risk,41,5,1.0,free_l2,metric_leaf_projection,200,1.0,1.0,0.0,0.1907742255539515,1.06,1.0,0.008424599997852056,0.04212299998926028,15
credit_default,credit risk,41,5,1.0,free_l2,metric_clbr,200,1.0,1.0,0.0,0.1907742255539515,1.06,1.0,0.008396099998208228,0.04198049999104114,15
credit_default,credit risk,41,5,1.0,free_l2,exact_leaf,200,1.0,1.0,0.0,0.1907742255539515,1.06,1.0,0.09569819999524043,0.47849099997620215,15
credit_default,credit risk,41,5,1.0,free_l2,exact_leaf_cached,200,1.0,1.0,0.0,0.1907742255539515,1.06,1.0,0.018360499998379964,0.09180249999189982,15
credit_default,credit risk,41,5,1.0,free_l2,native_exact_k_sparse,200,1.0,1.0,0.0,0.1907742255539515,1.06,1.0,0.0170079999961672,0.085039999980836,15
credit_default,credit risk,41,5,1.0,free_l2,clbr_uncached,200,1.0,1.0,0.0,0.6703645089854551,1.385,1.0,0.014519899999868358,0.07259949999934179,15
credit_default,credit risk,41,5,1.0,immutable_l2,nn_positive_train,200,1.0,1.0,0.0,4.03317215693702,16.335,0.005,0.01968610000312765,0.09843050001563824,15
credit_default,credit risk,41,5,1.0,immutable_l2,leaf_centroid,200,1.0,1.0,0.0,4.67174425513399,18.925,0.0,0.06764039999234228,0.3382019999617114,15
credit_default,credit risk,41,5,1.0,immutable_l2,raw_leaf_projection,200,1.0,1.0,0.0,0.6703645089854551,1.385,1.0,0.009107100001529034,0.04553550000764517,15
credit_default,credit risk,41,5,1.0,immutable_l2,clbr,200,1.0,1.0,0.0,0.6703645089854551,1.385,1.0,0.008485800000926247,0.042429000004631234,15
credit_default,credit risk,41,5,1.0,immutable_l2,metric_leaf_projection,200,1.0,1.0,0.0,0.1907742255539515,1.06,1.0,0.008262099991043215,0.04131049995521607,15
credit_default,credit risk,41,5,1.0,immutable_l2,metric_clbr,200,1.0,1.0,0.0,0.1907742255539515,1.06,1.0,0.008269699993434187,0.04134849996717094,15
credit_default,credit risk,41,5,1.0,immutable_l2,exact_leaf,200,1.0,1.0,0.0,0.1907742255539515,1.06,1.0,0.09512510000695329,0.47562550003476645,15
credit_default,credit risk,41,5,1.0,immutable_l2,exact_leaf_cached,200,1.0,1.0,0.0,0.1907742255539515,1.06,1.0,0.01794970000082685,0.08974850000413426,15
credit_default,credit risk,41,5,1.0,immutable_l2,native_exact_k_sparse,200,1.0,1.0,0.0,0.1907742255539515,1.06,1.0,0.016724999995858525,0.08362499997929262,15
credit_default,credit risk,41,5,1.0,immutable_l2,clbr_uncached,200,1.0,1.0,0.0,0.6703645089854551,1.385,1.0,0.014503099992907664,0.07251549996453832,15
credit_default,credit risk,41,5,1.0,immutable_top3_l1,nn_positive_train,200,0.065,0.065,0.0,0.8504834599635014,3.0,1.0,0.018913899996732653,0.09456949998366326,15
credit_default,credit risk,41,5,1.0,immutable_top3_l1,leaf_centroid,200,0.135,0.135,0.0,1.067803415551001,3.0,1.0,0.06683740000244143,0.33418700001220714,15
credit_default,credit risk,41,5,1.0,immutable_top3_l1,raw_leaf_projection,200,0.005,0.005,0.0,0.4493930326104891,1.0,1.0,0.00872239999989688,0.0436119999994844,15
credit_default,credit risk,41,5,1.0,immutable_top3_l1,clbr,200,0.065,0.005,0.06,0.23312027885676256,2.8461538461538463,1.0,0.022167099985381356,0.11083549992690678,15
credit_default,credit risk,41,5,1.0,immutable_top3_l1,metric_leaf_projection,200,0.125,0.125,0.0,0.12945514544758238,1.0,1.0,0.008181999999578693,0.040909999997893465,15
credit_default,credit risk,41,5,1.0,immutable_top3_l1,metric_clbr,200,0.14,0.125,0.015,0.21518723820431362,1.2142857142857142,1.0,0.01749159999872063,0.08745799999360315,15
credit_default,credit risk,41,5,1.0,immutable_top3_l1,exact_leaf,200,0.37,0.37,0.0,0.7844331814829484,1.027027027027027,1.0,0.07957319999877654,0.3978659999938827,15
credit_default,credit risk,41,5,1.0,immutable_top3_l1,exact_leaf_cached,200,0.37,0.37,0.0,0.7844331814829484,1.027027027027027,1.0,0.01257900000018708,0.0628950000009354,15
credit_default,credit risk,41,5,1.0,immutable_top3_l1,native_exact_k_sparse,200,1.0,1.0,0.0,0.1935539337443131,1.06,1.0,0.018838599996342964,0.09419299998171482,15
credit_default,credit risk,41,5,1.0,immutable_top3_l1,clbr_uncached,200,0.065,0.005,0.06,0.23312027885676256,2.8461538461538463,1.0,0.028169399993203115,0.14084699996601557,15
credit_default,credit risk,53,5,0.0,free_l2,nn_positive_train,200,1.0,1.0,0.0,4.710666420385354,17.67,0.0,0.020128400003159186,0.10064200001579593,17
credit_default,credit risk,53,5,0.0,free_l2,leaf_centroid,200,1.0,1.0,0.0,4.434798966498675,21.81,0.0,0.07337659999484458,0.3668829999742229,17
credit_default,credit risk,53,5,0.0,free_l2,raw_leaf_projection,200,1.0,1.0,0.0,0.7019962891995769,1.175,1.0,0.009607300001334806,0.04803650000667403,17
credit_default,credit risk,53,5,0.0,free_l2,clbr,200,1.0,1.0,0.0,0.7019962891995769,1.175,1.0,0.008361200001672842,0.04180600000836421,17
credit_default,credit risk,53,5,0.0,free_l2,metric_leaf_projection,200,1.0,1.0,0.0,0.16026010021089757,1.16,1.0,0.008529899989298428,0.04264949994649214,17
credit_default,credit risk,53,5,0.0,free_l2,metric_clbr,200,1.0,1.0,0.0,0.16026010021089757,1.16,1.0,0.008624099997177836,0.04312049998588918,17
credit_default,credit risk,53,5,0.0,free_l2,exact_leaf,200,1.0,1.0,0.0,0.16026010021089757,1.16,1.0,0.10816239999985555,0.5408119999992778,17
credit_default,credit risk,53,5,0.0,free_l2,exact_leaf_cached,200,1.0,1.0,0.0,0.16026010021089757,1.16,1.0,0.01866460000474035,0.09332300002370175,17
credit_default,credit risk,53,5,0.0,free_l2,native_exact_k_sparse,200,1.0,1.0,0.0,0.16026010021089757,1.16,1.0,0.0173908000033407,0.0869540000167035,17
credit_default,credit risk,53,5,0.0,free_l2,clbr_uncached,200,1.0,1.0,0.0,0.7019962891995769,1.175,1.0,0.015424799999891547,0.07712399999945774,17
credit_default,credit risk,53,5,0.0,immutable_l2,nn_positive_train,200,0.995,0.995,0.0,3.681361662145836,15.140703517587939,0.005025125628140704,0.019951699998273398,0.09975849999136699,17
credit_default,credit risk,53,5,0.0,immutable_l2,leaf_centroid,200,0.83,0.83,0.0,3.9268660794310692,17.981927710843372,0.0,0.07398870000815805,0.36994350004079024,17
credit_default,credit risk,53,5,0.0,immutable_l2,raw_leaf_projection,200,0.945,0.945,0.0,0.7197268681047828,1.1534391534391535,1.0,0.009486599995398137,0.047432999976990686,17
credit_default,credit risk,53,5,0.0,immutable_l2,clbr,200,1.0,0.945,0.055,0.7683054938712717,1.9,0.945,0.011669899994558364,0.05834949997279182,17
credit_default,credit risk,53,5,0.0,immutable_l2,metric_leaf_projection,200,0.945,0.945,0.0,0.1589616447030052,1.1693121693121693,1.0,0.008600100003604894,0.04300050001802447,17
credit_default,credit risk,53,5,0.0,immutable_l2,metric_clbr,200,1.0,0.945,0.055,0.2111841513301784,1.935,0.945,0.01173550000294199,0.05867750001470995,17
credit_default,credit risk,53,5,0.0,immutable_l2,exact_leaf,200,1.0,1.0,0.0,0.16427415741034881,1.165,1.0,0.10656140000537562,0.5328070000268781,17
credit_default,credit risk,53,5,0.0,immutable_l2,exact_leaf_cached,200,1.0,1.0,0.0,0.16427415741034881,1.165,1.0,0.018619999998009007,0.09309999999004503,17
credit_default,credit risk,53,5,0.0,immutable_l2,native_exact_k_sparse,200,1.0,1.0,0.0,0.16427415741034881,1.165,1.0,0.017237899999599904,0.08618949999799952,17
credit_default,credit risk,53,5,0.0,immutable_l2,clbr_uncached,200,1.0,0.945,0.055,0.7683054938712717,1.9,0.945,0.018772800000988354,0.09386400000494177,17
credit_default,credit risk,53,5,0.0,immutable_top3_l1,nn_positive_train,200,0.085,0.085,0.0,2.396101056287139,3.0,1.0,0.018996499989043514,0.09498249994521757,17
credit_default,credit risk,53,5,0.0,immutable_top3_l1,leaf_centroid,200,0.075,0.075,0.0,3.60761137185144,3.0,1.0,0.07063740000558028,0.3531870000279014,17
credit_default,credit risk,53,5,0.0,immutable_top3_l1,raw_leaf_projection,200,0.005,0.005,0.0,0.4507564706821243,1.0,1.0,0.008469799997328664,0.04234899998664332,17
credit_default,credit risk,53,5,0.0,immutable_top3_l1,clbr,200,0.085,0.005,0.08,0.9154945648083894,2.8823529411764706,1.0,0.021359099992878328,0.10679549996439164,17
credit_default,credit risk,53,5,0.0,immutable_top3_l1,metric_leaf_projection,200,0.145,0.145,0.0,0.16993470441170602,1.0344827586206897,1.0,0.007644199987225875,0.038220999936129374,17
credit_default,credit risk,53,5,0.0,immutable_top3_l1,metric_clbr,200,0.175,0.145,0.03,0.4415095891770085,1.3714285714285714,1.0,0.017174700006762578,0.08587350003381289,17
credit_default,credit risk,53,5,0.0,immutable_top3_l1,exact_leaf,200,0.195,0.195,0.0,0.7573072439310717,1.0256410256410255,1.0,0.08735200000137411,0.43676000000687054,17
credit_default,credit risk,53,5,0.0,immutable_top3_l1,exact_leaf_cached,200,0.195,0.195,0.0,0.7573072439310717,1.0256410256410255,1.0,0.010955399995509651,0.05477699997754826,17
credit_default,credit risk,53,5,0.0,immutable_top3_l1,native_exact_k_sparse,200,1.0,1.0,0.0,0.16962775230156424,1.165,1.0,0.017022799999722338,0.08511399999861169,17
credit_default,credit risk,53,5,0.0,immutable_top3_l1,clbr_uncached,200,0.085,0.005,0.08,0.9154945648083894,2.8823529411764706,1.0,0.029366700010541535,0.14683350005270768,17
credit_default,credit risk,53,5,1.0,free_l2,nn_positive_train,200,1.0,1.0,0.0,5.045450715138372,19.765,0.0,0.021053200000096695,0.10526600000048347,17
credit_default,credit risk,53,5,1.0,free_l2,leaf_centroid,200,1.0,1.0,0.0,5.566357520541633,22.555,0.0,0.07605820000662789,0.3802910000331394,17
credit_default,credit risk,53,5,1.0,free_l2,raw_leaf_projection,200,1.0,1.0,0.0,0.7037445382277971,1.17,1.0,0.009806300005948287,0.04903150002974144,17
credit_default,credit risk,53,5,1.0,free_l2,clbr,200,1.0,1.0,0.0,0.7037445382277971,1.17,1.0,0.008703499996954633,0.04351749998477317,17
credit_default,credit risk,53,5,1.0,free_l2,metric_leaf_projection,200,1.0,1.0,0.0,0.1617766288106888,1.17,1.0,0.008498299989696534,0.04249149994848267,17
credit_default,credit risk,53,5,1.0,free_l2,metric_clbr,200,1.0,1.0,0.0,0.1617766288106888,1.17,1.0,0.008633899994492822,0.04316949997246411,17
credit_default,credit risk,53,5,1.0,free_l2,exact_leaf,200,1.0,1.0,0.0,0.1617766288106888,1.17,1.0,0.1117305000034321,0.5586525000171605,17
credit_default,credit risk,53,5,1.0,free_l2,exact_leaf_cached,200,1.0,1.0,0.0,0.1617766288106888,1.17,1.0,0.01946930000485736,0.0973465000242868,17
credit_default,credit risk,53,5,1.0,free_l2,native_exact_k_sparse,200,1.0,1.0,0.0,0.1617766288106888,1.17,1.0,0.017687700003079954,0.08843850001539977,17
credit_default,credit risk,53,5,1.0,free_l2,clbr_uncached,200,1.0,1.0,0.0,0.7037445382277971,1.17,1.0,0.016265899997051747,0.08132949998525874,17
credit_default,credit risk,53,5,1.0,immutable_l2,nn_positive_train,200,1.0,1.0,0.0,3.9344621481940227,16.34,0.0,0.019681900003888586,0.09840950001944293,17
credit_default,credit risk,53,5,1.0,immutable_l2,leaf_centroid,200,1.0,1.0,0.0,4.895561713479314,18.555,0.0,0.07082609999906708,0.3541304999953354,17
credit_default,credit risk,53,5,1.0,immutable_l2,raw_leaf_projection,200,0.95,0.95,0.0,0.7222007687947783,1.1578947368421053,1.0,0.008660099997541693,0.04330049998770846,17
credit_default,credit risk,53,5,1.0,immutable_l2,clbr,200,1.0,0.95,0.05,0.7926676364995493,1.9,0.95,0.010944999997263949,0.054724999986319744,17
credit_default,credit risk,53,5,1.0,immutable_l2,metric_leaf_projection,200,0.95,0.95,0.0,0.1597213514519924,1.1789473684210525,1.0,0.008030600002712163,0.04015300001356081,17
credit_default,credit risk,53,5,1.0,immutable_l2,metric_clbr,200,1.0,0.95,0.05,0.20315101697127866,1.9,0.95,0.010779000001093664,0.05389500000546832,17
credit_default,credit risk,53,5,1.0,immutable_l2,exact_leaf,200,1.0,1.0,0.0,0.16353690469199106,1.175,1.0,0.10369009999976697,0.5184504999988349,17
credit_default,credit risk,53,5,1.0,immutable_l2,exact_leaf_cached,200,1.0,1.0,0.0,0.16353690469199106,1.175,1.0,0.01761640000222542,0.08808200001112709,17
credit_default,credit risk,53,5,1.0,immutable_l2,native_exact_k_sparse,200,1.0,1.0,0.0,0.16353690469199106,1.175,1.0,0.016570800001318275,0.08285400000659138,17
credit_default,credit risk,53,5,1.0,immutable_l2,clbr_uncached,200,1.0,0.95,0.05,0.7926676364995493,1.9,0.95,0.017997500003730238,0.08998750001865119,17
credit_default,credit risk,53,5,1.0,immutable_top3_l1,nn_positive_train,200,0.055,0.055,0.0,2.9152036502719256,3.0,1.0,0.02105569999821455,0.10527849999107275,17
credit_default,credit risk,53,5,1.0,immutable_top3_l1,leaf_centroid,200,0.05,0.05,0.0,4.160925330872715,3.0,1.0,0.07679009999537811,0.38395049997689057,17
credit_default,credit risk,53,5,1.0,immutable_top3_l1,raw_leaf_projection,200,0.0,0.0,0.0,inf,nan,nan,0.009446699994441587,0.04723349997220794,17
credit_default,credit risk,53,5,1.0,immutable_top3_l1,clbr,200,0.055,0.0,0.055,1.2935636864398075,3.0,1.0,0.02238270000270859,0.11191350001354294,17
credit_default,credit risk,53,5,1.0,immutable_top3_l1,metric_leaf_projection,200,0.055,0.055,0.0,0.19221011409140523,1.0,1.0,0.008443599997917772,0.04221799998958886,17
credit_default,credit risk,53,5,1.0,immutable_top3_l1,metric_clbr,200,0.075,0.055,0.02,0.8169267784584494,1.5333333333333334,1.0,0.019532600003913103,0.09766300001956552,17
credit_default,credit risk,53,5,1.0,immutable_top3_l1,exact_leaf,200,0.09,0.09,0.0,1.3715531582222038,1.0,1.0,0.0930919999946127,0.46545999997306353,17
credit_default,credit risk,53,5,1.0,immutable_top3_l1,exact_leaf_cached,200,0.09,0.09,0.0,1.3715531582222038,1.0,1.0,0.011591399996177643,0.05795699998088821,17
credit_default,credit risk,53,5,1.0,immutable_top3_l1,native_exact_k_sparse,200,1.0,1.0,0.0,0.16931126919059708,1.175,1.0,0.018971700004840386,0.09485850002420193,17
credit_default,credit risk,53,5,1.0,immutable_top3_l1,clbr_uncached,200,0.055,0.0,0.055,1.2935636864398075,3.0,1.0,0.03161760000966751,0.15808800004833756,17
credit_default,credit risk,61,5,0.0,free_l2,nn_positive_train,200,1.0,1.0,0.0,4.714764337866832,16.995,0.0,0.02010140000766114,0.1005070000383057,14
credit_default,credit risk,61,5,0.0,free_l2,leaf_centroid,200,1.0,1.0,0.0,4.8392419211465105,22.86,0.0,0.06497059999219346,0.3248529999609673,14
credit_default,credit risk,61,5,0.0,free_l2,raw_leaf_projection,200,1.0,1.0,0.0,0.6505945871601106,1.08,1.0,0.009175900004265714,0.04587950002132857,14
credit_default,credit risk,61,5,0.0,free_l2,clbr,200,1.0,1.0,0.0,0.6505945871601106,1.08,1.0,0.008197200003451144,0.04098600001725572,14
credit_default,credit risk,61,5,0.0,free_l2,metric_leaf_projection,200,1.0,1.0,0.0,0.12275475314314413,1.53,1.0,0.008353900005204196,0.04176950002602098,14
credit_default,credit risk,61,5,0.0,free_l2,metric_clbr,200,1.0,1.0,0.0,0.12275475314314413,1.53,1.0,0.008009000003767142,0.04004500001883571,14
credit_default,credit risk,61,5,0.0,free_l2,exact_leaf,200,1.0,1.0,0.0,0.12275475314314413,1.53,1.0,0.08863330000440328,0.4431665000220164,14
credit_default,credit risk,61,5,0.0,free_l2,exact_leaf_cached,200,1.0,1.0,0.0,0.12275475314314413,1.53,1.0,0.01788189999479073,0.08940949997395364,14
credit_default,credit risk,61,5,0.0,free_l2,native_exact_k_sparse,200,1.0,1.0,0.0,0.12275475314314413,1.53,1.0,0.016839900000377384,0.08419950000188692,14
credit_default,credit risk,61,5,0.0,free_l2,clbr_uncached,200,1.0,1.0,0.0,0.6505945871601106,1.08,1.0,0.013752099992416333,0.06876049996208167,14
credit_default,credit risk,61,5,0.0,immutable_l2,nn_positive_train,200,0.96,0.96,0.0,3.65291593794815,14.583333333333334,0.005208333333333333,0.019794299997556664,0.09897149998778332,14
credit_default,credit risk,61,5,0.0,immutable_l2,leaf_centroid,200,1.0,1.0,0.0,4.2401774695641254,18.86,0.0,0.06306779999613354,0.3153389999806677,14
credit_default,credit risk,61,5,0.0,immutable_l2,raw_leaf_projection,200,0.99,0.99,0.0,0.6566199074877547,1.0808080808080809,1.0,0.009061500000825617,0.04530750000412809,14
credit_default,credit risk,61,5,0.0,immutable_l2,clbr,200,0.995,0.99,0.005,0.6545938461478616,1.135678391959799,0.9949748743718593,0.008515600008649926,0.04257800004324963,14
credit_default,credit risk,61,5,0.0,immutable_l2,metric_leaf_projection,200,1.0,1.0,0.0,0.12275475314314413,1.53,1.0,0.00827880000906589,0.04139400004532945,14
credit_default,credit risk,61,5,0.0,immutable_l2,metric_clbr,200,1.0,1.0,0.0,0.12275475314314413,1.53,1.0,0.00824689999990369,0.04123449999951845,14
credit_default,credit risk,61,5,0.0,immutable_l2,exact_leaf,200,1.0,1.0,0.0,0.12275475314314413,1.53,1.0,0.08942349999051658,0.4471174999525829,14
credit_default,credit risk,61,5,0.0,immutable_l2,exact_leaf_cached,200,1.0,1.0,0.0,0.12275475314314413,1.53,1.0,0.017935600001692364,0.08967800000846182,14
credit_default,credit risk,61,5,0.0,immutable_l2,native_exact_k_sparse,200,1.0,1.0,0.0,0.12275475314314413,1.53,1.0,0.017002499995214748,0.08501249997607374,14
credit_default,credit risk,61,5,0.0,immutable_l2,clbr_uncached,200,0.995,0.99,0.005,0.6545938461478616,1.135678391959799,0.9949748743718593,0.014841500001239183,0.07420750000619591,14
credit_default,credit risk,61,5,0.0,immutable_top3_l1,nn_positive_train,200,0.035,0.035,0.0,3.289165234425845,3.0,1.0,0.01922959999228624,0.0961479999614312,14
credit_default,credit risk,61,5,0.0,immutable_top3_l1,leaf_centroid,200,0.07,0.07,0.0,1.5165315332106704,3.0,1.0,0.06305070000598789,0.31525350002993946,14
credit_default,credit risk,61,5,0.0,immutable_top3_l1,raw_leaf_projection,200,0.01,0.01,0.0,0.4422858386726466,1.0,1.0,0.008259100000941544,0.04129550000470772,14
credit_default,credit risk,61,5,0.0,immutable_top3_l1,clbr,200,0.035,0.01,0.025,0.44085653665247937,2.4285714285714284,1.0,0.019222900001295784,0.09611450000647892,14
credit_default,credit risk,61,5,0.0,immutable_top3_l1,metric_leaf_projection,200,0.06,0.06,0.0,0.09322995409967305,1.0833333333333333,1.0,0.007849800003896235,0.03924900001948117,14
credit_default,credit risk,61,5,0.0,immutable_top3_l1,metric_clbr,200,0.075,0.06,0.015,0.24218795398690057,1.4666666666666666,1.0,0.017704799990497122,0.08852399995248561,14
credit_default,credit risk,61,5,0.0,immutable_top3_l1,exact_leaf,200,0.32,0.32,0.0,0.7019807058290901,1.078125,1.0,0.07388749999972788,0.3694374999986394,14
credit_default,credit risk,61,5,0.0,immutable_top3_l1,exact_leaf_cached,200,0.32,0.32,0.0,0.7019807058290901,1.078125,1.0,0.011764199999561242,0.05882099999780621,14
credit_default,credit risk,61,5,0.0,immutable_top3_l1,native_exact_k_sparse,200,1.0,1.0,0.0,0.13968773348701355,1.505,1.0,0.01718420000270271,0.08592100001351355,14
credit_default,credit risk,61,5,0.0,immutable_top3_l1,clbr_uncached,200,0.035,0.01,0.025,0.44085653665247937,2.4285714285714284,1.0,0.02618570000049658,0.1309285000024829,14
credit_default,credit risk,61,5,1.0,free_l2,nn_positive_train,200,1.0,1.0,0.0,5.157390099577628,19.39,0.0,0.02068650000546768,0.10343250002733839,14
credit_default,credit risk,61,5,1.0,free_l2,leaf_centroid,200,1.0,1.0,0.0,5.572352680771266,22.845,0.0,0.06528120000257331,0.32640600001286657,14
credit_default,credit risk,61,5,1.0,free_l2,raw_leaf_projection,200,1.0,1.0,0.0,0.6548916059817175,1.07,1.0,0.009344600001895742,0.04672300000947871,14
credit_default,credit risk,61,5,1.0,free_l2,clbr,200,1.0,1.0,0.0,0.6548916059817175,1.07,1.0,0.008265999994364392,0.04132999997182196,14
credit_default,credit risk,61,5,1.0,free_l2,metric_leaf_projection,200,1.0,1.0,0.0,0.12011842469902063,1.54,1.0,0.008435000000645232,0.04217500000322616,14
credit_default,credit risk,61,5,1.0,free_l2,metric_clbr,200,1.0,1.0,0.0,0.12011842469902063,1.54,1.0,0.008604799987551814,0.04302399993775907,14
credit_default,credit risk,61,5,1.0,free_l2,exact_leaf,200,1.0,1.0,0.0,0.12011842469902063,1.54,1.0,0.09109820000321633,0.45549100001608167,14
credit_default,credit risk,61,5,1.0,free_l2,exact_leaf_cached,200,1.0,1.0,0.0,0.12011842469902063,1.54,1.0,0.01844370000253548,0.0922185000126774,14
credit_default,credit risk,61,5,1.0,free_l2,native_exact_k_sparse,200,1.0,1.0,0.0,0.12011842469902063,1.54,1.0,0.01743499999975029,0.08717499999875145,14
credit_default,credit risk,61,5,1.0,free_l2,clbr_uncached,200,1.0,1.0,0.0,0.6548916059817175,1.07,1.0,0.014165199998387834,0.07082599999193917,14
credit_default,credit risk,61,5,1.0,immutable_l2,nn_positive_train,200,0.985,0.985,0.0,4.009204011417779,16.00507614213198,0.0,0.020287099997403857,0.10143549998701928,14
credit_default,credit risk,61,5,1.0,immutable_l2,leaf_centroid,200,0.965,0.965,0.0,4.891408849840573,18.865284974093264,0.0,0.06463460000213672,0.3231730000106836,14
credit_default,credit risk,61,5,1.0,immutable_l2,raw_leaf_projection,200,0.99,0.99,0.0,0.6609603305398828,1.0707070707070707,1.0,0.00998669999626145,0.04993349998130725,14
credit_default,credit risk,61,5,1.0,immutable_l2,clbr,200,0.995,0.99,0.005,0.6764440632691219,1.1608040201005025,0.9949748743718593,0.008760900004745054,0.04380450002372527,14
credit_default,credit risk,61,5,1.0,immutable_l2,metric_leaf_projection,200,1.0,1.0,0.0,0.12011842469902063,1.54,1.0,0.008512999994309212,0.04256499997154606,14
credit_default,credit risk,61,5,1.0,immutable_l2,metric_clbr,200,1.0,1.0,0.0,0.12011842469902063,1.54,1.0,0.008345200001713238,0.04172600000856619,14
credit_default,credit risk,61,5,1.0,immutable_l2,exact_leaf,200,1.0,1.0,0.0,0.12011842469902063,1.54,1.0,0.08885400000872323,0.44427000004361616,14
credit_default,credit risk,61,5,1.0,immutable_l2,exact_leaf_cached,200,1.0,1.0,0.0,0.12011842469902063,1.54,1.0,0.018295999999281776,0.09147999999640888,14
credit_default,credit risk,61,5,1.0,immutable_l2,native_exact_k_sparse,200,1.0,1.0,0.0,0.12011842469902063,1.54,1.0,0.017341800004942343,0.08670900002471171,14
credit_default,credit risk,61,5,1.0,immutable_l2,clbr_uncached,200,0.995,0.99,0.005,0.6764440632691219,1.1608040201005025,0.9949748743718593,0.014447799994741217,0.07223899997370609,14
credit_default,credit risk,61,5,1.0,immutable_top3_l1,nn_positive_train,200,0.025,0.025,0.0,0.5118583016469643,3.0,1.0,0.021153199992113514,0.10576599996056757,14
credit_default,credit risk,61,5,1.0,immutable_top3_l1,leaf_centroid,200,0.05,0.05,0.0,1.5010323853864227,3.0,1.0,0.06796089998897514,0.3398044999448757,14
credit_default,credit risk,61,5,1.0,immutable_top3_l1,raw_leaf_projection,200,0.0,0.0,0.0,inf,nan,nan,0.009727400004521769,0.048637000022608845,14
credit_default,credit risk,61,5,1.0,immutable_top3_l1,clbr,200,0.025,0.0,0.025,0.25683894032551036,3.0,1.0,0.022007100004884705,0.11003550002442353,14
credit_default,credit risk,61,5,1.0,immutable_top3_l1,metric_leaf_projection,200,0.035,0.035,0.0,0.08250333290819059,1.1428571428571428,1.0,0.008901800000785443,0.04450900000392721,14
credit_default,credit risk,61,5,1.0,immutable_top3_l1,metric_clbr,200,0.045,0.035,0.01,0.184707231788422,1.5555555555555556,1.0,0.019979999993665842,0.09989999996832921,14
credit_default,credit risk,61,5,1.0,immutable_top3_l1,exact_leaf,200,0.325,0.325,0.0,0.8220585920254682,1.0769230769230769,1.0,0.08101319999605039,0.40506599998025195,14
credit_default,credit risk,61,5,1.0,immutable_top3_l1,exact_leaf_cached,200,0.325,0.325,0.0,0.8220585920254682,1.0769230769230769,1.0,0.013921100004154141,0.0696055000207707,14
credit_default,credit risk,61,5,1.0,immutable_top3_l1,native_exact_k_sparse,200,1.0,1.0,0.0,0.13503767110167597,1.515,1.0,0.019138899997415137,0.09569449998707569,14
credit_default,credit risk,61,5,1.0,immutable_top3_l1,clbr_uncached,200,0.025,0.0,0.025,0.25683894032551036,3.0,1.0,0.02828000000499742,0.1414000000249871,14
credit_default,credit risk,73,5,0.0,free_l2,nn_positive_train,200,1.0,1.0,0.0,4.817596283850532,18.03,0.0,0.019676700001582503,0.09838350000791252,15
credit_default,credit risk,73,5,0.0,free_l2,leaf_centroid,200,1.0,1.0,0.0,4.221371121839871,22.49,0.0,0.06729589999031305,0.33647949995156523,15
credit_default,credit risk,73,5,0.0,free_l2,raw_leaf_projection,200,1.0,1.0,0.0,0.8560307239296588,1.32,1.0,0.00937649998741108,0.0468824999370554,15
credit_default,credit risk,73,5,0.0,free_l2,clbr,200,1.0,1.0,0.0,0.8560307239296588,1.32,1.0,0.008255600005213637,0.041278000026068185,15
credit_default,credit risk,73,5,0.0,free_l2,metric_leaf_projection,200,1.0,1.0,0.0,0.303124409198427,1.145,1.0,0.008568499997636536,0.04284249998818268,15
credit_default,credit risk,73,5,0.0,free_l2,metric_clbr,200,1.0,1.0,0.0,0.303124409198427,1.145,1.0,0.008316099992043746,0.04158049996021873,15
credit_default,credit risk,73,5,0.0,free_l2,exact_leaf,200,1.0,1.0,0.0,0.303124409198427,1.145,1.0,0.09470539999892935,0.47352699999464676,15
credit_default,credit risk,73,5,0.0,free_l2,exact_leaf_cached,200,1.0,1.0,0.0,0.303124409198427,1.145,1.0,0.018245399999614165,0.09122699999807082,15
credit_default,credit risk,73,5,0.0,free_l2,native_exact_k_sparse,200,1.0,1.0,0.0,0.303124409198427,1.145,1.0,0.017068199998902855,0.08534099999451428,15
credit_default,credit risk,73,5,0.0,free_l2,clbr_uncached,200,1.0,1.0,0.0,0.8560307239296588,1.32,1.0,0.014426800003093376,0.07213400001546688,15
credit_default,credit risk,73,5,0.0,immutable_l2,nn_positive_train,200,1.0,1.0,0.0,3.821427491336488,15.475,0.005,0.019595099995967757,0.09797549997983879,15
credit_default,credit risk,73,5,0.0,immutable_l2,leaf_centroid,200,1.0,1.0,0.0,3.596492106084735,18.61,0.0,0.0656457999975828,0.328228999987914,15
credit_default,credit risk,73,5,0.0,immutable_l2,raw_leaf_projection,200,1.0,1.0,0.0,0.8560307239296588,1.32,1.0,0.009125800002948381,0.045629000014741905,15
credit_default,credit risk,73,5,0.0,immutable_l2,clbr,200,1.0,1.0,0.0,0.8560307239296588,1.32,1.0,0.008315599999150436,0.04157799999575218,15
credit_default,credit risk,73,5,0.0,immutable_l2,metric_leaf_projection,200,1.0,1.0,0.0,0.303124409198427,1.145,1.0,0.008324100008394453,0.041620500041972264,15
credit_default,credit risk,73,5,0.0,immutable_l2,metric_clbr,200,1.0,1.0,0.0,0.303124409198427,1.145,1.0,0.00805780000246159,0.04028900001230795,15
credit_default,credit risk,73,5,0.0,immutable_l2,exact_leaf,200,1.0,1.0,0.0,0.303124409198427,1.145,1.0,0.09187699999711185,0.45938499998555926,15
credit_default,credit risk,73,5,0.0,immutable_l2,exact_leaf_cached,200,1.0,1.0,0.0,0.303124409198427,1.145,1.0,0.017527399999380577,0.08763699999690289,15
credit_default,credit risk,73,5,0.0,immutable_l2,native_exact_k_sparse,200,1.0,1.0,0.0,0.303124409198427,1.145,1.0,0.01696429999810789,0.08482149999053945,15
credit_default,credit risk,73,5,0.0,immutable_l2,clbr_uncached,200,1.0,1.0,0.0,0.8560307239296588,1.32,1.0,0.014762699998755124,0.07381349999377562,15
credit_default,credit risk,73,5,0.0,immutable_top3_l1,nn_positive_train,200,0.03,0.03,0.0,1.5184218803445526,3.0,1.0,0.019741700008125918,0.09870850004062959,15
credit_default,credit risk,73,5,0.0,immutable_top3_l1,leaf_centroid,200,0.06,0.06,0.0,0.9249191667090072,2.8333333333333335,1.0,0.06619709999904444,0.3309854999952222,15
credit_default,credit risk,73,5,0.0,immutable_top3_l1,raw_leaf_projection,200,0.005,0.005,0.0,0.44462117463081446,1.0,1.0,0.008993499999633059,0.044967499998165295,15
credit_default,credit risk,73,5,0.0,immutable_top3_l1,clbr,200,0.03,0.005,0.025,0.2975616467856387,2.6666666666666665,1.0,0.019796300000052724,0.09898150000026362,15
credit_default,credit risk,73,5,0.0,immutable_top3_l1,metric_leaf_projection,200,0.175,0.175,0.0,0.3032731408795121,1.0,1.0,0.00798279998889484,0.0399139999444742,15
credit_default,credit risk,73,5,0.0,immutable_top3_l1,metric_clbr,200,0.19,0.175,0.015,0.3291408549981423,1.1578947368421053,1.0,0.01722349999636208,0.0861174999818104,15
credit_default,credit risk,73,5,0.0,immutable_top3_l1,exact_leaf,200,0.33,0.33,0.0,0.5866604996233824,1.0303030303030303,1.0,0.08071909999580384,0.4035954999790192,15
credit_default,credit risk,73,5,0.0,immutable_top3_l1,exact_leaf_cached,200,0.33,0.33,0.0,0.5866604996233824,1.0303030303030303,1.0,0.01265589999184158,0.0632794999592079,15
credit_default,credit risk,73,5,0.0,immutable_top3_l1,native_exact_k_sparse,200,1.0,1.0,0.0,0.31065611271988997,1.1,1.0,0.01795179999226093,0.08975899996130465,15
credit_default,credit risk,73,5,0.0,immutable_top3_l1,clbr_uncached,200,0.03,0.005,0.025,0.2975616467856387,2.6666666666666665,1.0,0.0278990000124395,0.1394950000621975,15
credit_default,credit risk,73,5,1.0,free_l2,nn_positive_train,200,1.0,1.0,0.0,4.889629206703371,19.945,0.0,0.019450199996754236,0.09725099998377118,15
credit_default,credit risk,73,5,1.0,free_l2,leaf_centroid,200,1.0,1.0,0.0,5.0212331036955025,22.755,0.0,0.0665467999970133,0.3327339999850665,15
credit_default,credit risk,73,5,1.0,free_l2,raw_leaf_projection,200,1.0,1.0,0.0,0.7718556694195464,1.265,1.0,0.009095799993701803,0.045478999968509015,15
credit_default,credit risk,73,5,1.0,free_l2,clbr,200,1.0,1.0,0.0,0.7718556694195464,1.265,1.0,0.008139300002767413,0.04069650001383707,15
credit_default,credit risk,73,5,1.0,free_l2,metric_leaf_projection,200,1.0,1.0,0.0,0.2949907999895113,1.12,1.0,0.00815679999323038,0.040783999966151896,15
credit_default,credit risk,73,5,1.0,free_l2,metric_clbr,200,1.0,1.0,0.0,0.2949907999895113,1.12,1.0,0.008234900002207723,0.04117450001103862,15
credit_default,credit risk,73,5,1.0,free_l2,exact_leaf,200,1.0,1.0,0.0,0.2949907999895113,1.12,1.0,0.094044200001008,0.47022100000503997,15
credit_default,credit risk,73,5,1.0,free_l2,exact_leaf_cached,200,1.0,1.0,0.0,0.2949907999895113,1.12,1.0,0.018015199993897113,0.09007599996948557,15
credit_default,credit risk,73,5,1.0,free_l2,native_exact_k_sparse,200,1.0,1.0,0.0,0.2949907999895113,1.12,1.0,0.017012999996950384,0.08506499998475192,15
credit_default,credit risk,73,5,1.0,free_l2,clbr_uncached,200,1.0,1.0,0.0,0.7718556694195464,1.265,1.0,0.01427019999937329,0.07135099999686645,15
credit_default,credit risk,73,5,1.0,immutable_l2,nn_positive_train,200,1.0,1.0,0.0,3.7781733274476643,16.43,0.0,0.01917400000274938,0.0958700000137469,15
credit_default,credit risk,73,5,1.0,immutable_l2,leaf_centroid,200,1.0,1.0,0.0,4.326758196473191,18.755,0.0,0.06644719999803783,0.33223599999018916,15
credit_default,credit risk,73,5,1.0,immutable_l2,raw_leaf_projection,200,1.0,1.0,0.0,0.7718556694195464,1.265,1.0,0.009121700000832789,0.04560850000416394,15
credit_default,credit risk,73,5,1.0,immutable_l2,clbr,200,1.0,1.0,0.0,0.7718556694195464,1.265,1.0,0.00822360000347544,0.0411180000173772,15
credit_default,credit risk,73,5,1.0,immutable_l2,metric_leaf_projection,200,1.0,1.0,0.0,0.2949907999895113,1.12,1.0,0.008286099997349083,0.04143049998674542,15
credit_default,credit risk,73,5,1.0,immutable_l2,metric_clbr,200,1.0,1.0,0.0,0.2949907999895113,1.12,1.0,0.007970999999088235,0.039854999995441176,15
credit_default,credit risk,73,5,1.0,immutable_l2,exact_leaf,200,1.0,1.0,0.0,0.2949907999895113,1.12,1.0,0.09127329999046196,0.4563664999523098,15
credit_default,credit risk,73,5,1.0,immutable_l2,exact_leaf_cached,200,1.0,1.0,0.0,0.2949907999895113,1.12,1.0,0.017705399997794302,0.08852699998897151,15
credit_default,credit risk,73,5,1.0,immutable_l2,native_exact_k_sparse,200,1.0,1.0,0.0,0.2949907999895113,1.12,1.0,0.016240999991168792,0.08120499995584396,15
credit_default,credit risk,73,5,1.0,immutable_l2,clbr_uncached,200,1.0,1.0,0.0,0.7718556694195464,1.265,1.0,0.014576300004591758,0.07288150002295879,15
credit_default,credit risk,73,5,1.0,immutable_top3_l1,nn_positive_train,200,0.02,0.02,0.0,0.37877373348956245,3.0,1.0,0.019335900004989526,0.09667950002494763,15
credit_default,credit risk,73,5,1.0,immutable_top3_l1,leaf_centroid,200,0.01,0.01,0.0,0.5865157559353127,3.0,1.0,0.0657924000015555,0.32896200000777753,15
credit_default,credit risk,73,5,1.0,immutable_top3_l1,raw_leaf_projection,200,0.0,0.0,0.0,inf,nan,nan,0.008702199997060234,0.04351099998530117,15
credit_default,credit risk,73,5,1.0,immutable_top3_l1,clbr,200,0.02,0.0,0.02,0.2751776535879235,3.0,1.0,0.019115800002509786,0.09557900001254893,15
credit_default,credit risk,73,5,1.0,immutable_top3_l1,metric_leaf_projection,200,0.11,0.11,0.0,0.23280924846253806,1.0,1.0,0.007904600000983919,0.039523000004919595,15
credit_default,credit risk,73,5,1.0,immutable_top3_l1,metric_clbr,200,0.11,0.11,0.0,0.23280924846253806,1.0,1.0,0.017158599994218093,0.08579299997109047,15
credit_default,credit risk,73,5,1.0,immutable_top3_l1,exact_leaf,200,0.24,0.24,0.0,0.5133474373417736,1.0208333333333333,1.0,0.07913020000069082,0.3956510000034541,15
credit_default,credit risk,73,5,1.0,immutable_top3_l1,exact_leaf_cached,200,0.24,0.24,0.0,0.5133474373417736,1.0208333333333333,1.0,0.011880500000188476,0.05940250000094238,15
credit_default,credit risk,73,5,1.0,immutable_top3_l1,native_exact_k_sparse,200,1.0,1.0,0.0,0.30135393836426877,1.1,1.0,0.017932300001120893,0.08966150000560447,15
credit_default,credit risk,73,5,1.0,immutable_top3_l1,clbr_uncached,200,0.02,0.0,0.02,0.2751776535879235,3.0,1.0,0.026583100006973837,0.13291550003486918,15
credit_default,credit risk,89,5,0.0,free_l2,nn_positive_train,200,1.0,1.0,0.0,4.799996204160619,17.9,0.0,0.019607200000791636,0.09803600000395818,16
credit_default,credit risk,89,5,0.0,free_l2,leaf_centroid,200,1.0,1.0,0.0,4.552783724604061,22.475,0.0,0.06755119998888404,0.3377559999444202,16
credit_default,credit risk,89,5,0.0,free_l2,raw_leaf_projection,200,1.0,1.0,0.0,0.5949137223029085,1.175,1.0,0.009206600004290522,0.04603300002145261,16
credit_default,credit risk,89,5,0.0,free_l2,clbr,200,1.0,1.0,0.0,0.5949137223029085,1.175,1.0,0.007990399992195307,0.039951999960976536,16
credit_default,credit risk,89,5,0.0,free_l2,metric_leaf_projection,200,1.0,1.0,0.0,0.30151504227635645,1.115,1.0,0.00820930000008957,0.04104650000044785,16
credit_default,credit risk,89,5,0.0,free_l2,metric_clbr,200,1.0,1.0,0.0,0.30151504227635645,1.115,1.0,0.007965399991007871,0.039826999955039355,16
credit_default,credit risk,89,5,0.0,free_l2,exact_leaf,200,1.0,1.0,0.0,0.30151504227635645,1.115,1.0,0.09832700000242767,0.49163500001213833,16
credit_default,credit risk,89,5,0.0,free_l2,exact_leaf_cached,200,1.0,1.0,0.0,0.30151504227635645,1.115,1.0,0.017974800003685232,0.08987400001842616,16
credit_default,credit risk,89,5,0.0,free_l2,native_exact_k_sparse,200,1.0,1.0,0.0,0.30151504227635645,1.115,1.0,0.017239499999050167,0.08619749999525084,16
credit_default,credit risk,89,5,0.0,free_l2,clbr_uncached,200,1.0,1.0,0.0,0.5949137223029085,1.175,1.0,0.014257299996643269,0.07128649998321634,16
credit_default,credit risk,89,5,0.0,immutable_l2,nn_positive_train,200,0.985,0.985,0.0,3.7752495318189334,15.3248730964467,0.005076142131979695,0.019132800008264894,0.09566400004132447,16
credit_default,credit risk,89,5,0.0,immutable_l2,leaf_centroid,200,0.755,0.755,0.0,4.019861567233965,18.642384105960264,0.0,0.06779119999828254,0.3389559999914127,16
credit_default,credit risk,89,5,0.0,immutable_l2,raw_leaf_projection,200,0.99,0.99,0.0,0.5987223177188893,1.1767676767676767,1.0,0.00898060000508849,0.04490300002544245,16
credit_default,credit risk,89,5,0.0,immutable_l2,clbr,200,0.995,0.99,0.005,0.6011036732161689,1.2613065326633166,0.9949748743718593,0.008941000000049826,0.04470500000024913,16
credit_default,credit risk,89,5,0.0,immutable_l2,metric_leaf_projection,200,0.945,0.945,0.0,0.3011919580168902,1.0952380952380953,1.0,0.008367299999008537,0.041836499995042686,16
credit_default,credit risk,89,5,0.0,immutable_l2,metric_clbr,200,0.995,0.945,0.05,0.3942223164702988,1.8944723618090453,0.949748743718593,0.010837199984962353,0.05418599992481177,16
credit_default,credit risk,89,5,0.0,immutable_l2,exact_leaf,200,1.0,1.0,0.0,0.319056678995723,1.12,1.0,0.09680759999992006,0.4840379999996003,16
credit_default,credit risk,89,5,0.0,immutable_l2,exact_leaf_cached,200,1.0,1.0,0.0,0.319056678995723,1.12,1.0,0.01818459999958577,0.09092299999792886,16
credit_default,credit risk,89,5,0.0,immutable_l2,native_exact_k_sparse,200,1.0,1.0,0.0,0.319056678995723,1.12,1.0,0.017373099994074437,0.08686549997037218,16
credit_default,credit risk,89,5,0.0,immutable_l2,clbr_uncached,200,0.995,0.99,0.005,0.6011036732161689,1.2613065326633166,0.9949748743718593,0.014709000004586414,0.07354500002293207,16
credit_default,credit risk,89,5,0.0,immutable_top3_l1,nn_positive_train,200,0.035,0.035,0.0,0.9402087478852217,3.0,1.0,0.019850000002406887,0.09925000001203443,16
credit_default,credit risk,89,5,0.0,immutable_top3_l1,leaf_centroid,200,0.04,0.04,0.0,1.3424303172223373,3.0,1.0,0.06830070000523847,0.34150350002619234,16
credit_default,credit risk,89,5,0.0,immutable_top3_l1,raw_leaf_projection,200,0.005,0.005,0.0,0.4492021176147588,1.0,1.0,0.00875249999899097,0.04376249999495485,16
credit_default,credit risk,89,5,0.0,immutable_top3_l1,clbr,200,0.035,0.005,0.03,0.17329742950212704,2.7142857142857144,1.0,0.01970109999365377,0.09850549996826885,16
credit_default,credit risk,89,5,0.0,immutable_top3_l1,metric_leaf_projection,200,0.13,0.13,0.0,0.2608179173529706,1.0,1.0,0.007767199997033458,0.03883599998516729,16
credit_default,credit risk,89,5,0.0,immutable_top3_l1,metric_clbr,200,0.15,0.13,0.02,0.2454525597870139,1.2666666666666666,1.0,0.017727399992509163,0.08863699996254581,16
credit_default,credit risk,89,5,0.0,immutable_top3_l1,exact_leaf,200,0.375,0.375,0.0,1.0041026172024115,1.0133333333333334,1.0,0.08574799999405514,0.4287399999702757,16
credit_default,credit risk,89,5,0.0,immutable_top3_l1,exact_leaf_cached,200,0.375,0.375,0.0,1.0041026172024115,1.0133333333333334,1.0,0.012933400005749718,0.06466700002874859,16
credit_default,credit risk,89,5,0.0,immutable_top3_l1,native_exact_k_sparse,200,1.0,1.0,0.0,0.32996358856123864,1.115,1.0,0.018010299995694368,0.09005149997847184,16
credit_default,credit risk,89,5,0.0,immutable_top3_l1,clbr_uncached,200,0.035,0.005,0.03,0.17329742950212704,2.7142857142857144,1.0,0.027637999996841245,0.13818999998420622,16
credit_default,credit risk,89,5,1.0,free_l2,nn_positive_train,200,1.0,1.0,0.0,5.318466364860276,20.025,0.0,0.019119599998703052,0.09559799999351526,16
credit_default,credit risk,89,5,1.0,free_l2,leaf_centroid,200,1.0,1.0,0.0,5.677952880838093,22.755,0.0,0.06742510000185575,0.33712550000927877,16
credit_default,credit risk,89,5,1.0,free_l2,raw_leaf_projection,200,1.0,1.0,0.0,0.6680571633764152,1.175,1.0,0.008770099982939428,0.04385049991469714,16
credit_default,credit risk,89,5,1.0,free_l2,clbr,200,1.0,1.0,0.0,0.6680571633764152,1.175,1.0,0.007892099992204749,0.03946049996102374,16
credit_default,credit risk,89,5,1.0,free_l2,metric_leaf_projection,200,1.0,1.0,0.0,0.3809928118252104,1.185,1.0,0.008037800005695317,0.040189000028476585,16
credit_default,credit risk,89,5,1.0,free_l2,metric_clbr,200,1.0,1.0,0.0,0.3809928118252104,1.185,1.0,0.007779000004120462,0.03889500002060231,16
credit_default,credit risk,89,5,1.0,free_l2,exact_leaf,200,1.0,1.0,0.0,0.3809928118252104,1.185,1.0,0.09755200000199693,0.48776000000998465,16
credit_default,credit risk,89,5,1.0,free_l2,exact_leaf_cached,200,1.0,1.0,0.0,0.3809928118252104,1.185,1.0,0.017675299999609706,0.08837649999804853,16
credit_default,credit risk,89,5,1.0,free_l2,native_exact_k_sparse,200,1.0,1.0,0.0,0.3809928118252104,1.185,1.0,0.016262299996924412,0.08131149998462206,16
credit_default,credit risk,89,5,1.0,free_l2,clbr_uncached,200,1.0,1.0,0.0,0.6680571633764152,1.175,1.0,0.01407080000899441,0.07035400004497205,16
credit_default,credit risk,89,5,1.0,immutable_l2,nn_positive_train,200,1.0,1.0,0.0,4.25405495662315,16.63,0.0,0.019942599992646137,0.09971299996323069,16
credit_default,credit risk,89,5,1.0,immutable_l2,leaf_centroid,200,0.94,0.94,0.0,5.031988091413314,18.79255319148936,0.0,0.071152900000925,0.355764500004625,16
credit_default,credit risk,89,5,1.0,immutable_l2,raw_leaf_projection,200,1.0,1.0,0.0,0.6680571633764152,1.175,1.0,0.009345100007521978,0.04672550003760989,16
credit_default,credit risk,89,5,1.0,immutable_l2,clbr,200,1.0,1.0,0.0,0.6680571633764152,1.175,1.0,0.008599099998718884,0.04299549999359442,16
credit_default,credit risk,89,5,1.0,immutable_l2,metric_leaf_projection,200,0.95,0.95,0.0,0.3812839491817501,1.1578947368421053,1.0,0.008665600002132123,0.04332800001066062,16
credit_default,credit risk,89,5,1.0,immutable_l2,metric_clbr,200,1.0,0.95,0.05,0.5018855791355092,1.965,0.95,0.011878300003445474,0.05939150001722737,16
credit_default,credit risk,89,5,1.0,immutable_l2,exact_leaf,200,1.0,1.0,0.0,0.3955597493488179,1.18,1.0,0.10064249999686581,0.503212499984329,16
credit_default,credit risk,89,5,1.0,immutable_l2,exact_leaf_cached,200,1.0,1.0,0.0,0.3955597493488179,1.18,1.0,0.018420100000184902,0.09210050000092451,16
credit_default,credit risk,89,5,1.0,immutable_l2,native_exact_k_sparse,200,1.0,1.0,0.0,0.3955597493488179,1.18,1.0,0.017335600000478735,0.08667800000239367,16
credit_default,credit risk,89,5,1.0,immutable_l2,clbr_uncached,200,1.0,1.0,0.0,0.6680571633764152,1.175,1.0,0.014840299994830275,0.07420149997415137,16
credit_default,credit risk,89,5,1.0,immutable_top3_l1,nn_positive_train,200,0.015,0.015,0.0,0.08948773057405325,3.0,1.0,0.019862299999658717,0.09931149999829358,16
credit_default,credit risk,89,5,1.0,immutable_top3_l1,leaf_centroid,200,0.015,0.015,0.0,0.8741068344606991,3.0,1.0,0.06942150000668335,0.3471075000334167,16
credit_default,credit risk,89,5,1.0,immutable_top3_l1,raw_leaf_projection,200,0.0,0.0,0.0,inf,nan,nan,0.008734599993658776,0.04367299996829388,16
credit_default,credit risk,89,5,1.0,immutable_top3_l1,clbr,200,0.015,0.0,0.015,0.02781499149851818,3.0,1.0,0.019162700003107602,0.09581350001553801,16
credit_default,credit risk,89,5,1.0,immutable_top3_l1,metric_leaf_projection,200,0.145,0.145,0.0,0.2714822335869588,1.0344827586206897,1.0,0.008077599994066986,0.04038799997033493,16
credit_default,credit risk,89,5,1.0,immutable_top3_l1,metric_clbr,200,0.145,0.145,0.0,0.2714822335869588,1.0344827586206897,1.0,0.016934800002673,0.084674000013365,16
credit_default,credit risk,89,5,1.0,immutable_top3_l1,exact_leaf,200,0.43,0.43,0.0,1.1737848197826044,1.0116279069767442,1.0,0.08639430000312132,0.4319715000156066,16
credit_default,credit risk,89,5,1.0,immutable_top3_l1,exact_leaf_cached,200,0.43,0.43,0.0,1.1737848197826044,1.0116279069767442,1.0,0.013879399997676956,0.06939699998838478,16
credit_default,credit risk,89,5,1.0,immutable_top3_l1,native_exact_k_sparse,200,1.0,1.0,0.0,0.41383219001524124,1.17,1.0,0.01898209999399114,0.09491049996995571,16
credit_default,credit risk,89,5,1.0,immutable_top3_l1,clbr_uncached,200,0.015,0.0,0.015,0.02781499149851818,3.0,1.0,0.027388799994696456,0.13694399997348228,16
adult_income,income and employment,7,5,0.0,free_l2,nn_positive_train,200,1.0,1.0,0.0,2.7370279131919744,3.945,0.105,0.0090247999978601,0.0451239999893005,11
adult_income,income and employment,7,5,0.0,free_l2,leaf_centroid,200,1.0,1.0,0.0,4.206233286662407,5.09,0.0,0.04096700000172859,0.20483500000864296,11
adult_income,income and employment,7,5,0.0,free_l2,raw_leaf_projection,200,1.0,1.0,0.0,1.4805983149512911,2.05,1.0,0.008521900000232563,0.042609500001162814,11
adult_income,income and employment,7,5,0.0,free_l2,clbr,200,1.0,1.0,0.0,1.4805983149512911,2.05,1.0,0.00858859999152628,0.0429429999576314,11
adult_income,income and employment,7,5,0.0,free_l2,metric_leaf_projection,200,1.0,1.0,0.0,0.7345312901360767,1.115,1.0,0.008303799992972927,0.041518999964864634,11
adult_income,income and employment,7,5,0.0,free_l2,metric_clbr,200,1.0,1.0,0.0,0.7345312901360767,1.115,1.0,0.00780880000002071,0.03904400000010355,11
adult_income,income and employment,7,5,0.0,free_l2,exact_leaf,200,1.0,1.0,0.0,0.7345312901360767,1.115,1.0,0.0724666000041907,0.3623330000209535,11
adult_income,income and employment,7,5,0.0,free_l2,exact_leaf_cached,200,1.0,1.0,0.0,0.7345312901360767,1.115,1.0,0.017007199991894595,0.08503599995947297,11
adult_income,income and employment,7,5,0.0,free_l2,native_exact_k_sparse,200,1.0,1.0,0.0,0.7345312901360767,1.115,1.0,0.017424699998628057,0.08712349999314029,11
adult_income,income and employment,7,5,0.0,free_l2,clbr_uncached,200,1.0,1.0,0.0,1.4805983149512911,2.05,1.0,0.01236560000324971,0.06182800001624855,11
adult_income,income and employment,7,5,0.0,immutable_l2,nn_positive_train,200,0.62,0.62,0.0,2.395143811032044,1.9838709677419355,1.0,0.00869930000135355,0.043496500006767747,11
adult_income,income and employment,7,5,0.0,immutable_l2,leaf_centroid,200,0.885,0.885,0.0,3.8850787056504714,3.0677966101694913,0.9265536723163842,0.03959019999638258,0.1979509999819129,11
adult_income,income and employment,7,5,0.0,immutable_l2,raw_leaf_projection,200,0.6,0.6,0.0,1.4046644808806268,1.6333333333333333,1.0,0.008441199997832882,0.04220599998916441,11
adult_income,income and employment,7,5,0.0,immutable_l2,clbr,200,0.62,0.6,0.02,1.4683692208343273,1.6612903225806452,1.0,0.01306349998958467,0.06531749994792335,11
adult_income,income and employment,7,5,0.0,immutable_l2,metric_leaf_projection,200,0.935,0.935,0.0,0.7533328503629678,1.0641711229946524,1.0,0.008463799998025934,0.04231899999012967,11
adult_income,income and employment,7,5,0.0,immutable_l2,metric_clbr,200,0.94,0.935,0.005,0.7732864309585147,1.0691489361702127,1.0,0.008763299997553986,0.04381649998776993,11
adult_income,income and employment,7,5,0.0,immutable_l2,exact_leaf,200,1.0,1.0,0.0,0.7566713963639999,1.06,1.0,0.07090419999713049,0.35452099998565245,11
adult_income,income and employment,7,5,0.0,immutable_l2,exact_leaf_cached,200,1.0,1.0,0.0,0.7566713963639999,1.06,1.0,0.017830600007982866,0.08915300003991433,11
adult_income,income and employment,7,5,0.0,immutable_l2,native_exact_k_sparse,200,1.0,1.0,0.0,0.7566713963639999,1.06,1.0,0.015963200002261146,0.07981600001130573,11
adult_income,income and employment,7,5,0.0,immutable_l2,clbr_uncached,200,0.62,0.6,0.02,1.4683692208343273,1.6612903225806452,1.0,0.017481600010796683,0.08740800005398341,11
adult_income,income and employment,7,5,0.0,immutable_top3_l1,nn_positive_train,200,0.62,0.62,0.0,3.0874105955729143,1.9838709677419355,1.0,0.009677800004283199,0.048389000021415995,11
adult_income,income and employment,7,5,0.0,immutable_top3_l1,leaf_centroid,200,0.555,0.555,0.0,3.708579288993846,2.7837837837837838,1.0,0.03979480000361946,0.19897400001809729,11
adult_income,income and employment,7,5,0.0,immutable_top3_l1,raw_leaf_projection,200,0.59,0.59,0.0,1.6519277693662304,1.6355932203389831,1.0,0.00859179999497428,0.042958999974871404,11
adult_income,income and employment,7,5,0.0,immutable_top3_l1,clbr,200,0.62,0.59,0.03,1.7776594956517158,1.653225806451613,1.0,0.013355700004467508,0.06677850002233754,11
adult_income,income and employment,7,5,0.0,immutable_top3_l1,metric_leaf_projection,200,0.93,0.93,0.0,0.7628136385025415,1.0268817204301075,1.0,0.008565700003600796,0.04282850001800398,11
adult_income,income and employment,7,5,0.0,immutable_top3_l1,metric_clbr,200,0.965,0.93,0.035,0.9480390719816799,1.0880829015544042,1.0,0.010919500004092697,0.054597500020463485,11
adult_income,income and employment,7,5,0.0,immutable_top3_l1,exact_leaf,200,1.0,1.0,0.0,0.8151046925333193,1.04,1.0,0.06740310001350736,0.3370155000675368,11
adult_income,income and employment,7,5,0.0,immutable_top3_l1,exact_leaf_cached,200,1.0,1.0,0.0,0.8151046925333193,1.04,1.0,0.017857400002867507,0.08928700001433754,11
adult_income,income and employment,7,5,0.0,immutable_top3_l1,native_exact_k_sparse,200,1.0,1.0,0.0,0.7635430634889481,1.025,1.0,0.018116199998985394,0.09058099999492697,11
adult_income,income and employment,7,5,0.0,immutable_top3_l1,clbr_uncached,200,0.62,0.59,0.03,1.7776594956517158,1.653225806451613,1.0,0.019662899994727923,0.09831449997363961,11
adult_income,income and employment,7,5,1.0,free_l2,nn_positive_train,200,1.0,1.0,0.0,2.5476923528934523,4.15,0.0,0.009196599999086175,0.04598299999543087,11
adult_income,income and employment,7,5,1.0,free_l2,leaf_centroid,200,1.0,1.0,0.0,3.2111341229465653,5.035,0.0,0.0408088999984102,0.204044499992051,11
adult_income,income and employment,7,5,1.0,free_l2,raw_leaf_projection,200,1.0,1.0,0.0,0.9696895776360906,1.375,1.0,0.009346900006676151,0.046734500033380755,11
adult_income,income and employment,7,5,1.0,free_l2,clbr,200,1.0,1.0,0.0,0.9696895776360906,1.375,1.0,0.008267700007309031,0.041338500036545156,11
adult_income,income and employment,7,5,1.0,free_l2,metric_leaf_projection,200,1.0,1.0,0.0,0.5551838919973443,1.18,1.0,0.008300399998915964,0.04150199999457982,11
adult_income,income and employment,7,5,1.0,free_l2,metric_clbr,200,1.0,1.0,0.0,0.5551838919973443,1.18,1.0,0.008067499998105632,0.04033749999052816,11
adult_income,income and employment,7,5,1.0,free_l2,exact_leaf,200,1.0,1.0,0.0,0.5551838919973443,1.18,1.0,0.07333449999259756,0.3666724999629878,11
adult_income,income and employment,7,5,1.0,free_l2,exact_leaf_cached,200,1.0,1.0,0.0,0.5551838919973443,1.18,1.0,0.01759060000313184,0.0879530000156592,11
adult_income,income and employment,7,5,1.0,free_l2,native_exact_k_sparse,200,1.0,1.0,0.0,0.5551838919973443,1.18,1.0,0.01656000000093627,0.08280000000468135,11
adult_income,income and employment,7,5,1.0,free_l2,clbr_uncached,200,1.0,1.0,0.0,0.9696895776360906,1.375,1.0,0.01256670000111626,0.0628335000055813,11
adult_income,income and employment,7,5,1.0,immutable_l2,nn_positive_train,200,1.0,1.0,0.0,2.1227329293227655,2.15,1.0,0.008502700001372432,0.04251350000686216,11
adult_income,income and employment,7,5,1.0,immutable_l2,leaf_centroid,200,0.99,0.99,0.0,2.8183596195637155,3.0353535353535355,0.9494949494949495,0.03924629999892204,0.1962314999946102,11
adult_income,income and employment,7,5,1.0,immutable_l2,raw_leaf_projection,200,1.0,1.0,0.0,0.9696895776360906,1.375,1.0,0.00829630000043835,0.04148150000219175,11
adult_income,income and employment,7,5,1.0,immutable_l2,clbr,200,1.0,1.0,0.0,0.9696895776360906,1.375,1.0,0.007948400008899625,0.03974200004449813,11
adult_income,income and employment,7,5,1.0,immutable_l2,metric_leaf_projection,200,1.0,1.0,0.0,0.5551838919973443,1.18,1.0,0.00827170000775368,0.0413585000387684,11
adult_income,income and employment,7,5,1.0,immutable_l2,metric_clbr,200,1.0,1.0,0.0,0.5551838919973443,1.18,1.0,0.007890699997005868,0.03945349998502934,11
adult_income,income and employment,7,5,1.0,immutable_l2,exact_leaf,200,1.0,1.0,0.0,0.5551838919973443,1.18,1.0,0.06783570000698091,0.3391785000349046,11
adult_income,income and employment,7,5,1.0,immutable_l2,exact_leaf_cached,200,1.0,1.0,0.0,0.5551838919973443,1.18,1.0,0.01740219998828252,0.08701099994141259,11
adult_income,income and employment,7,5,1.0,immutable_l2,native_exact_k_sparse,200,1.0,1.0,0.0,0.5551838919973443,1.18,1.0,0.016438600000583392,0.08219300000291696,11
adult_income,income and employment,7,5,1.0,immutable_l2,clbr_uncached,200,1.0,1.0,0.0,0.9696895776360906,1.375,1.0,0.012075599998752296,0.06037799999376148,11
adult_income,income and employment,7,5,1.0,immutable_top3_l1,nn_positive_train,200,1.0,1.0,0.0,2.7945121577403205,2.15,1.0,0.008901899999727902,0.04450949999863951,11
adult_income,income and employment,7,5,1.0,immutable_top3_l1,leaf_centroid,200,0.85,0.85,0.0,3.7047873548772485,2.8941176470588235,1.0,0.04122160000315489,0.20610800001577445,11
adult_income,income and employment,7,5,1.0,immutable_top3_l1,raw_leaf_projection,200,0.98,0.98,0.0,1.0976937024283466,1.3673469387755102,1.0,0.008970499990937242,0.04485249995468621,11
adult_income,income and employment,7,5,1.0,immutable_top3_l1,clbr,200,1.0,0.98,0.02,1.1977637021879068,1.38,1.0,0.01001699999687844,0.0500849999843922,11
adult_income,income and employment,7,5,1.0,immutable_top3_l1,metric_leaf_projection,200,0.945,0.945,0.0,0.5824674591860571,1.1693121693121693,1.0,0.007898200003182865,0.039491000015914324,11
adult_income,income and employment,7,5,1.0,immutable_top3_l1,metric_clbr,200,1.0,0.945,0.055,0.9116547791031886,1.255,1.0,0.011777999993682897,0.058889999968414486,11
adult_income,income and employment,7,5,1.0,immutable_top3_l1,exact_leaf,200,1.0,1.0,0.0,0.6515405878494144,1.18,1.0,0.07011980000879703,0.35059900004398514,11
adult_income,income and employment,7,5,1.0,immutable_top3_l1,exact_leaf_cached,200,1.0,1.0,0.0,0.6515405878494144,1.18,1.0,0.017292600006840075,0.08646300003420038,11
adult_income,income and employment,7,5,1.0,immutable_top3_l1,native_exact_k_sparse,200,1.0,1.0,0.0,0.5916288752430201,1.17,1.0,0.01723879999917699,0.08619399999588495,11
adult_income,income and employment,7,5,1.0,immutable_top3_l1,clbr_uncached,200,1.0,0.98,0.02,1.1977637021879068,1.38,1.0,0.014702100001159124,0.07351050000579562,11
adult_income,income and employment,13,5,0.0,free_l2,nn_positive_train,200,1.0,1.0,0.0,2.4400116510178917,3.735,0.27,0.009461099996769917,0.047305499983849586,12
adult_income,income and employment,13,5,0.0,free_l2,leaf_centroid,200,1.0,1.0,0.0,4.601585787238442,4.995,0.0,0.04763819999607222,0.23819099998036108,12
adult_income,income and employment,13,5,0.0,free_l2,raw_leaf_projection,200,1.0,1.0,0.0,1.3690714032175044,1.545,1.0,0.008722300006411388,0.04361150003205694,12
adult_income,income and employment,13,5,0.0,free_l2,clbr,200,1.0,1.0,0.0,1.3690714032175044,1.545,1.0,0.008308500012390141,0.041542500061950705,12
adult_income,income and employment,13,5,0.0,free_l2,metric_leaf_projection,200,1.0,1.0,0.0,0.6264407399178069,1.03,1.0,0.008433099999820115,0.042165499999100575,12
adult_income,income and employment,13,5,0.0,free_l2,metric_clbr,200,1.0,1.0,0.0,0.6264407399178069,1.03,1.0,0.008120600003167056,0.04060300001583528,12
adult_income,income and employment,13,5,0.0,free_l2,exact_leaf,200,1.0,1.0,0.0,0.6264407399178069,1.03,1.0,0.07861649999722431,0.39308249998612155,12
adult_income,income and employment,13,5,0.0,free_l2,exact_leaf_cached,200,1.0,1.0,0.0,0.6264407399178069,1.03,1.0,0.01723179999680724,0.0861589999840362,12
adult_income,income and employment,13,5,0.0,free_l2,native_exact_k_sparse,200,1.0,1.0,0.0,0.6264407399178069,1.03,1.0,0.016878400002497074,0.08439200001248537,12
adult_income,income and employment,13,5,0.0,free_l2,clbr_uncached,200,1.0,1.0,0.0,1.3690714032175044,1.545,1.0,0.01462049999008741,0.07310249995043705,12
adult_income,income and employment,13,5,0.0,immutable_l2,nn_positive_train,200,0.635,0.635,0.0,2.1333463957885335,1.8346456692913387,1.0,0.009029099998770107,0.045145499993850535,12
adult_income,income and employment,13,5,0.0,immutable_l2,leaf_centroid,200,0.775,0.775,0.0,4.231352995627741,2.92258064516129,0.8516129032258064,0.043815799994263216,0.21907899997131608,12
adult_income,income and employment,13,5,0.0,immutable_l2,raw_leaf_projection,200,0.6,0.6,0.0,1.3617773707284493,1.15,1.0,0.008534700003110629,0.042673500015553145,12
adult_income,income and employment,13,5,0.0,immutable_l2,clbr,200,0.64,0.6,0.04,1.3884509669345748,1.2109375,1.0,0.01419830000577349,0.07099150002886745,12
adult_income,income and employment,13,5,0.0,immutable_l2,metric_leaf_projection,200,0.91,0.91,0.0,0.6555112755210913,1.0054945054945055,1.0,0.008184699999219447,0.040923499996097235,12
adult_income,income and employment,13,5,0.0,immutable_l2,metric_clbr,200,0.92,0.91,0.01,0.6587049299526242,1.016304347826087,1.0,0.009168400001726695,0.04584200000863348,12
adult_income,income and employment,13,5,0.0,immutable_l2,exact_leaf,200,1.0,1.0,0.0,0.6581070656011957,1.01,1.0,0.07437580001169408,0.3718790000584704,12
adult_income,income and employment,13,5,0.0,immutable_l2,exact_leaf_cached,200,1.0,1.0,0.0,0.6581070656011957,1.01,1.0,0.017025600001034036,0.08512800000517018,12
adult_income,income and employment,13,5,0.0,immutable_l2,native_exact_k_sparse,200,1.0,1.0,0.0,0.6581070656011957,1.01,1.0,0.017286799996327318,0.08643399998163659,12
adult_income,income and employment,13,5,0.0,immutable_l2,clbr_uncached,200,0.64,0.6,0.04,1.3884509669345748,1.2109375,1.0,0.019235499997193983,0.09617749998596992,12
adult_income,income and employment,13,5,0.0,immutable_top3_l1,nn_positive_train,200,0.635,0.635,0.0,2.6837779915258735,1.8346456692913387,1.0,0.009485800002039468,0.04742900001019734,12
adult_income,income and employment,13,5,0.0,immutable_top3_l1,leaf_centroid,200,0.415,0.415,0.0,3.7115476962827225,2.3132530120481927,1.0,0.04458130000057281,0.22290650000286405,12
adult_income,income and employment,13,5,0.0,immutable_top3_l1,raw_leaf_projection,200,0.6,0.6,0.0,1.4310654328794299,1.15,1.0,0.008773299991844397,0.04386649995922198,12
adult_income,income and employment,13,5,0.0,immutable_top3_l1,clbr,200,0.64,0.6,0.04,1.492654315461038,1.2109375,1.0,0.014334700005747436,0.07167350002873718,12
adult_income,income and employment,13,5,0.0,immutable_top3_l1,metric_leaf_projection,200,0.91,0.91,0.0,0.6559203678119487,1.0,1.0,0.007854100002077757,0.03927050001038879,12
adult_income,income and employment,13,5,0.0,immutable_top3_l1,metric_clbr,200,0.925,0.91,0.015,0.6894785844565325,1.0216216216216216,1.0,0.00972579999233858,0.0486289999616929,12
adult_income,income and employment,13,5,0.0,immutable_top3_l1,exact_leaf,200,1.0,1.0,0.0,0.6643313544004116,1.0,1.0,0.07636310000452795,0.38181550002263975,12
adult_income,income and employment,13,5,0.0,immutable_top3_l1,exact_leaf_cached,200,1.0,1.0,0.0,0.6643313544004116,1.0,1.0,0.01725780000197119,0.08628900000985595,12
adult_income,income and employment,13,5,0.0,immutable_top3_l1,native_exact_k_sparse,200,1.0,1.0,0.0,0.6589346736512945,1.005,1.0,0.018734199994469236,0.09367099997234618,12
adult_income,income and employment,13,5,0.0,immutable_top3_l1,clbr_uncached,200,0.64,0.6,0.04,1.492654315461038,1.2109375,1.0,0.02004720000513771,0.10023600002568855,12
adult_income,income and employment,13,5,1.0,free_l2,nn_positive_train,200,1.0,1.0,0.0,2.366447642777919,3.945,0.175,0.009333600000900333,0.046668000004501664,12
adult_income,income and employment,13,5,1.0,free_l2,leaf_centroid,200,1.0,1.0,0.0,4.097891430164889,4.61,0.0,0.04419269999380049,0.22096349996900244,12
adult_income,income and employment,13,5,1.0,free_l2,raw_leaf_projection,200,1.0,1.0,0.0,0.8993478273225436,1.14,1.0,0.008617099994808086,0.04308549997404043,12
adult_income,income and employment,13,5,1.0,free_l2,clbr,200,1.0,1.0,0.0,0.8993478273225436,1.14,1.0,0.008469000002151006,0.04234500001075503,12
adult_income,income and employment,13,5,1.0,free_l2,metric_leaf_projection,200,1.0,1.0,0.0,0.49423346429099263,1.03,1.0,0.00835800000004383,0.04179000000021915,12
adult_income,income and employment,13,5,1.0,free_l2,metric_clbr,200,1.0,1.0,0.0,0.49423346429099263,1.03,1.0,0.008165999996890605,0.040829999984453025,12
adult_income,income and employment,13,5,1.0,free_l2,exact_leaf,200,1.0,1.0,0.0,0.49423346429099263,1.03,1.0,0.07847230000515992,0.3923615000257996,12
adult_income,income and employment,13,5,1.0,free_l2,exact_leaf_cached,200,1.0,1.0,0.0,0.49423346429099263,1.03,1.0,0.017782700003408536,0.08891350001704268,12
adult_income,income and employment,13,5,1.0,free_l2,native_exact_k_sparse,200,1.0,1.0,0.0,0.49423346429099263,1.03,1.0,0.01599749999877531,0.07998749999387655,12
adult_income,income and employment,13,5,1.0,free_l2,clbr_uncached,200,1.0,1.0,0.0,0.8993478273225436,1.14,1.0,0.012679500001468114,0.06339750000734057,12
adult_income,income and employment,13,5,1.0,immutable_l2,nn_positive_train,200,1.0,1.0,0.0,1.935067631435824,1.945,1.0,0.010095499999806634,0.05047749999903317,12
adult_income,income and employment,13,5,1.0,immutable_l2,leaf_centroid,200,0.995,0.995,0.0,3.5773668718490703,2.608040201005025,0.949748743718593,0.04532320000180334,0.22661600000901672,12
adult_income,income and employment,13,5,1.0,immutable_l2,raw_leaf_projection,200,0.99,0.99,0.0,0.8911139121120998,1.121212121212121,1.0,0.009568199988279957,0.04784099994139979,12
adult_income,income and employment,13,5,1.0,immutable_l2,clbr,200,1.0,0.99,0.01,0.9113066397815314,1.14,1.0,0.009517299999970419,0.047586499999852094,12
adult_income,income and employment,13,5,1.0,immutable_l2,metric_leaf_projection,200,0.99,0.99,0.0,0.49749189574101227,1.0252525252525253,1.0,0.008753100002650172,0.04376550001325086,12
adult_income,income and employment,13,5,1.0,immutable_l2,metric_clbr,200,1.0,0.99,0.01,0.5199010401848996,1.045,1.0,0.008954199995059753,0.044770999975298764,12
adult_income,income and employment,13,5,1.0,immutable_l2,exact_leaf,200,1.0,1.0,0.0,0.4974345902827788,1.025,1.0,0.08006470000236732,0.4003235000118366,12
adult_income,income and employment,13,5,1.0,immutable_l2,exact_leaf_cached,200,1.0,1.0,0.0,0.4974345902827788,1.025,1.0,0.017878499990729324,0.08939249995364662,12
adult_income,income and employment,13,5,1.0,immutable_l2,native_exact_k_sparse,200,1.0,1.0,0.0,0.4974345902827788,1.025,1.0,0.018449000008331495,0.09224500004165748,12
adult_income,income and employment,13,5,1.0,immutable_l2,clbr_uncached,200,1.0,0.99,0.01,0.9113066397815314,1.14,1.0,0.014003300007061625,0.07001650003530813,12
adult_income,income and employment,13,5,1.0,immutable_top3_l1,nn_positive_train,200,1.0,1.0,0.0,2.474584226023885,1.945,1.0,0.009225500003594789,0.046127500017973944,12
adult_income,income and employment,13,5,1.0,immutable_top3_l1,leaf_centroid,200,0.685,0.685,0.0,3.436771358620296,2.0802919708029197,1.0,0.042495400007283024,0.21247700003641512,12
adult_income,income and employment,13,5,1.0,immutable_top3_l1,raw_leaf_projection,200,0.99,0.99,0.0,0.9307244026383126,1.121212121212121,1.0,0.008445300003586453,0.04222650001793227,12
adult_income,income and employment,13,5,1.0,immutable_top3_l1,clbr,200,1.0,0.99,0.01,0.9587197168781946,1.14,1.0,0.008196300000236079,0.04098150000118039,12
adult_income,income and employment,13,5,1.0,immutable_top3_l1,metric_leaf_projection,200,0.965,0.965,0.0,0.49408623642565547,1.0259067357512954,1.0,0.0077039999969201745,0.03851999998460087,12
adult_income,income and employment,13,5,1.0,immutable_top3_l1,metric_clbr,200,1.0,0.965,0.035,0.64856042075744,1.095,1.0,0.009238100000402483,0.04619050000201241,12
adult_income,income and employment,13,5,1.0,immutable_top3_l1,exact_leaf,200,1.0,1.0,0.0,0.5301478168310326,1.035,1.0,0.07071950000317884,0.3535975000158942,12
adult_income,income and employment,13,5,1.0,immutable_top3_l1,exact_leaf_cached,200,1.0,1.0,0.0,0.5301478168310326,1.035,1.0,0.018125700004020473,0.09062850002010236,12
adult_income,income and employment,13,5,1.0,immutable_top3_l1,native_exact_k_sparse,200,1.0,1.0,0.0,0.49947891283630574,1.025,1.0,0.017849900007604447,0.08924950003802223,12
adult_income,income and employment,13,5,1.0,immutable_top3_l1,clbr_uncached,200,1.0,0.99,0.01,0.9587197168781946,1.14,1.0,0.015352499995969993,0.07676249997984996,12
adult_income,income and employment,19,5,0.0,free_l2,nn_positive_train,200,1.0,1.0,0.0,2.599177335913357,3.94,0.13,0.009179099996799778,0.04589549998399889,10
adult_income,income and employment,19,5,0.0,free_l2,leaf_centroid,200,1.0,1.0,0.0,4.283567496671189,5.115,0.0,0.03774640000392537,0.18873200001962687,10
adult_income,income and employment,19,5,0.0,free_l2,raw_leaf_projection,200,1.0,1.0,0.0,1.3041502643264258,1.9,1.0,0.008548999990125594,0.04274499995062797,10
adult_income,income and employment,19,5,0.0,free_l2,clbr,200,1.0,1.0,0.0,1.3041502643264258,1.9,1.0,0.008460099990770686,0.04230049995385343,10
adult_income,income and employment,19,5,0.0,free_l2,metric_leaf_projection,200,1.0,1.0,0.0,0.5245554328651715,1.095,1.0,0.008713599997463461,0.04356799998731731,10
adult_income,income and employment,19,5,0.0,free_l2,metric_clbr,200,1.0,1.0,0.0,0.5245554328651715,1.095,1.0,0.007848499991268909,0.039242499956344545,10
adult_income,income and employment,19,5,0.0,free_l2,exact_leaf,200,1.0,1.0,0.0,0.5245554328651715,1.095,1.0,0.06790080000246235,0.33950400001231174,10
adult_income,income and employment,19,5,0.0,free_l2,exact_leaf_cached,200,1.0,1.0,0.0,0.5245554328651715,1.095,1.0,0.018070199997964664,0.09035099998982332,10
adult_income,income and employment,19,5,0.0,free_l2,native_exact_k_sparse,200,1.0,1.0,0.0,0.5245554328651715,1.095,1.0,0.01793779999752587,0.08968899998762936,10
adult_income,income and employment,19,5,0.0,free_l2,clbr_uncached,200,1.0,1.0,0.0,1.3041502643264258,1.9,1.0,0.012343100004727603,0.061715500023638015,10
adult_income,income and employment,19,5,0.0,immutable_l2,nn_positive_train,200,0.71,0.71,0.0,2.1824524244834738,1.9647887323943662,1.0,0.008540300000277057,0.042701500001385284,10
adult_income,income and employment,19,5,0.0,immutable_l2,leaf_centroid,200,0.92,0.92,0.0,3.956529001676299,3.0869565217391304,0.9130434782608695,0.03778289999172557,0.18891449995862786,10
adult_income,income and employment,19,5,0.0,immutable_l2,raw_leaf_projection,200,0.71,0.71,0.0,1.230365558901073,1.5774647887323943,1.0,0.008337400001437345,0.041687000007186725,10
adult_income,income and employment,19,5,0.0,immutable_l2,clbr,200,0.715,0.71,0.005,1.2261045298154738,1.5874125874125875,1.0,0.011581500001739187,0.057907500008695934,10
adult_income,income and employment,19,5,0.0,immutable_l2,metric_leaf_projection,200,0.955,0.955,0.0,0.5331210623424901,1.0523560209424083,1.0,0.009169500011921627,0.04584750005960814,10
adult_income,income and employment,19,5,0.0,immutable_l2,metric_clbr,200,0.955,0.955,0.0,0.5331210623424901,1.0523560209424083,1.0,0.008972900000117079,0.044864500000585394,10
adult_income,income and employment,19,5,0.0,immutable_l2,exact_leaf,200,1.0,1.0,0.0,0.5366963899791375,1.05,1.0,0.06968809999307268,0.3484404999653634,10
adult_income,income and employment,19,5,0.0,immutable_l2,exact_leaf_cached,200,1.0,1.0,0.0,0.5366963899791375,1.05,1.0,0.018356099988523056,0.09178049994261528,10
adult_income,income and employment,19,5,0.0,immutable_l2,native_exact_k_sparse,200,1.0,1.0,0.0,0.5366963899791375,1.05,1.0,0.016491200000928075,0.08245600000464037,10
adult_income,income and employment,19,5,0.0,immutable_l2,clbr_uncached,200,0.715,0.71,0.005,1.2261045298154738,1.5874125874125875,1.0,0.015429100008987007,0.07714550004493503,10
adult_income,income and employment,19,5,0.0,immutable_top3_l1,nn_positive_train,200,0.71,0.71,0.0,2.8890477070064757,1.9647887323943662,1.0,0.009188300004097982,0.04594150002048991,10
adult_income,income and employment,19,5,0.0,immutable_top3_l1,leaf_centroid,200,0.53,0.53,0.0,4.345877697557876,2.849056603773585,1.0,0.039620599998670514,0.19810299999335257,10
adult_income,income and employment,19,5,0.0,immutable_top3_l1,raw_leaf_projection,200,0.705,0.705,0.0,1.354376139503435,1.574468085106383,1.0,0.009860500005743233,0.04930250002871617,10
adult_income,income and employment,19,5,0.0,immutable_top3_l1,clbr,200,0.715,0.705,0.01,1.391464155722961,1.5874125874125875,1.0,0.012679200002821744,0.06339600001410872,10
adult_income,income and employment,19,5,0.0,immutable_top3_l1,metric_leaf_projection,200,0.935,0.935,0.0,0.5358036690542254,1.0267379679144386,1.0,0.007981099997778074,0.03990549998889037,10
adult_income,income and employment,19,5,0.0,immutable_top3_l1,metric_clbr,200,0.945,0.935,0.01,0.6002064898333652,1.0476190476190477,1.0,0.009369199998218392,0.04684599999109196,10
adult_income,income and employment,19,5,0.0,immutable_top3_l1,exact_leaf,200,1.0,1.0,0.0,0.5735944663626151,1.035,1.0,0.06567790000553941,0.32838950002769707,10
adult_income,income and employment,19,5,0.0,immutable_top3_l1,exact_leaf_cached,200,1.0,1.0,0.0,0.5735944663626151,1.035,1.0,0.01727370000207884,0.0863685000103942,10
adult_income,income and employment,19,5,0.0,immutable_top3_l1,native_exact_k_sparse,200,1.0,1.0,0.0,0.5391442013784041,1.03,1.0,0.017584699995495612,0.08792349997747806,10
adult_income,income and employment,19,5,0.0,immutable_top3_l1,clbr_uncached,200,0.715,0.705,0.01,1.391464155722961,1.5874125874125875,1.0,0.016005099997528305,0.08002549998764152,10
adult_income,income and employment,19,5,1.0,free_l2,nn_positive_train,200,1.0,1.0,0.0,2.551422356675252,4.135,0.005,0.008513900006619224,0.04256950003309612,10
adult_income,income and employment,19,5,1.0,free_l2,leaf_centroid,200,1.0,1.0,0.0,4.998579250936057,5.075,0.0,0.03746649999902729,0.18733249999513646,10
adult_income,income and employment,19,5,1.0,free_l2,raw_leaf_projection,200,1.0,1.0,0.0,0.8068573202979085,1.45,1.0,0.009005099992464238,0.04502549996232119,10
adult_income,income and employment,19,5,1.0,free_l2,clbr,200,1.0,1.0,0.0,0.8068573202979085,1.45,1.0,0.0082817000002251,0.0414085000011255,10
adult_income,income and employment,19,5,1.0,free_l2,metric_leaf_projection,200,1.0,1.0,0.0,0.3626672104283933,1.185,1.0,0.008163099996636447,0.040815499983182235,10
adult_income,income and employment,19,5,1.0,free_l2,metric_clbr,200,1.0,1.0,0.0,0.3626672104283933,1.185,1.0,0.00785719999930734,0.0392859999965367,10
adult_income,income and employment,19,5,1.0,free_l2,exact_leaf,200,1.0,1.0,0.0,0.3626672104283933,1.185,1.0,0.06474419999085512,0.3237209999542756,10
adult_income,income and employment,19,5,1.0,free_l2,exact_leaf_cached,200,1.0,1.0,0.0,0.3626672104283933,1.185,1.0,0.01682929999242333,0.08414649996211665,10
adult_income,income and employment,19,5,1.0,free_l2,native_exact_k_sparse,200,1.0,1.0,0.0,0.3626672104283933,1.185,1.0,0.01574010000058479,0.07870050000292395,10
adult_income,income and employment,19,5,1.0,free_l2,clbr_uncached,200,1.0,1.0,0.0,0.8068573202979085,1.45,1.0,0.011876299991854466,0.05938149995927233,10
adult_income,income and employment,19,5,1.0,immutable_l2,nn_positive_train,200,0.98,0.98,0.0,2.104815969800449,2.11734693877551,1.0,0.010455400001774251,0.052277000008871255,10
adult_income,income and employment,19,5,1.0,immutable_l2,leaf_centroid,200,0.995,0.995,0.0,4.54048779381261,3.0753768844221105,0.9246231155778895,0.03919240000232094,0.1959620000116047,10
adult_income,income and employment,19,5,1.0,immutable_l2,raw_leaf_projection,200,1.0,1.0,0.0,0.8068573202979085,1.45,1.0,0.010556500003986002,0.05278250001993001,10
adult_income,income and employment,19,5,1.0,immutable_l2,clbr,200,1.0,1.0,0.0,0.8068573202979085,1.45,1.0,0.008507099994858436,0.04253549997429218,10
adult_income,income and employment,19,5,1.0,immutable_l2,metric_leaf_projection,200,1.0,1.0,0.0,0.3626672104283933,1.185,1.0,0.00851559999955498,0.042577999997774896,10
adult_income,income and employment,19,5,1.0,immutable_l2,metric_clbr,200,1.0,1.0,0.0,0.3626672104283933,1.185,1.0,0.008347000013600336,0.04173500006800168,10
adult_income,income and employment,19,5,1.0,immutable_l2,exact_leaf,200,1.0,1.0,0.0,0.3626672104283933,1.185,1.0,0.06793240000297374,0.3396620000148687,10
adult_income,income and employment,19,5,1.0,immutable_l2,exact_leaf_cached,200,1.0,1.0,0.0,0.3626672104283933,1.185,1.0,0.01730599999336846,0.0865299999668423,10
adult_income,income and employment,19,5,1.0,immutable_l2,native_exact_k_sparse,200,1.0,1.0,0.0,0.3626672104283933,1.185,1.0,0.017949799997040827,0.08974899998520414,10
adult_income,income and employment,19,5,1.0,immutable_l2,clbr_uncached,200,1.0,1.0,0.0,0.8068573202979085,1.45,1.0,0.011566000010134303,0.057830000050671515,10
adult_income,income and employment,19,5,1.0,immutable_top3_l1,nn_positive_train,200,0.98,0.98,0.0,2.7292349281424877,2.11734693877551,1.0,0.008842699999149772,0.04421349999574886,10
adult_income,income and employment,19,5,1.0,immutable_top3_l1,leaf_centroid,200,0.275,0.275,0.0,3.965101994619763,2.709090909090909,1.0,0.038779999994403624,0.19389999997201812,10
adult_income,income and employment,19,5,1.0,immutable_top3_l1,raw_leaf_projection,200,0.975,0.975,0.0,0.9296253456032251,1.4461538461538461,1.0,0.009499400005552161,0.047497000027760805,10
adult_income,income and employment,19,5,1.0,immutable_top3_l1,clbr,200,1.0,0.975,0.025,0.9723035218372209,1.46,1.0,0.009439100001145562,0.04719550000572781,10
adult_income,income and employment,19,5,1.0,immutable_top3_l1,metric_leaf_projection,200,0.94,0.94,0.0,0.36960127991161895,1.1861702127659575,1.0,0.007838999998966756,0.03919499999483378,10
adult_income,income and employment,19,5,1.0,immutable_top3_l1,metric_clbr,200,0.985,0.94,0.045,0.5346307908126108,1.248730964467005,1.0,0.010785499996018189,0.05392749998009094,10
adult_income,income and employment,19,5,1.0,immutable_top3_l1,exact_leaf,200,1.0,1.0,0.0,0.4354701688096581,1.205,1.0,0.06223640000098385,0.31118200000491925,10
adult_income,income and employment,19,5,1.0,immutable_top3_l1,exact_leaf_cached,200,1.0,1.0,0.0,0.4354701688096581,1.205,1.0,0.016389800001888943,0.08194900000944472,10
adult_income,income and employment,19,5,1.0,immutable_top3_l1,native_exact_k_sparse,200,1.0,1.0,0.0,0.37720302828474744,1.185,1.0,0.017759400000613823,0.08879700000306912,10
adult_income,income and employment,19,5,1.0,immutable_top3_l1,clbr_uncached,200,1.0,0.975,0.025,0.9723035218372209,1.46,1.0,0.014319700006126368,0.07159850003063184,10
adult_income,income and employment,29,5,0.0,free_l2,nn_positive_train,200,1.0,1.0,0.0,2.684471712158012,3.97,0.12,0.009519999999611173,0.047599999998055864,9
adult_income,income and employment,29,5,0.0,free_l2,leaf_centroid,200,1.0,1.0,0.0,4.036193374225808,5.11,0.0,0.038063999993937614,0.19031999996968807,9
adult_income,income and employment,29,5,0.0,free_l2,raw_leaf_projection,200,1.0,1.0,0.0,1.354154071835489,1.995,1.0,0.00910100000055536,0.045505000002776796,9
adult_income,income and employment,29,5,0.0,free_l2,clbr,200,1.0,1.0,0.0,1.354154071835489,1.995,1.0,0.008433199994215101,0.04216599997107551,9
adult_income,income and employment,29,5,0.0,free_l2,metric_leaf_projection,200,1.0,1.0,0.0,0.6028073240287496,1.06,1.0,0.008636299990939733,0.043181499954698666,9
adult_income,income and employment,29,5,0.0,free_l2,metric_clbr,200,1.0,1.0,0.0,0.6028073240287496,1.06,1.0,0.008025199996154697,0.040125999980773486,9
adult_income,income and employment,29,5,0.0,free_l2,exact_leaf,200,1.0,1.0,0.0,0.6028073240287496,1.06,1.0,0.06594320000294829,0.32971600001474144,9
adult_income,income and employment,29,5,0.0,free_l2,exact_leaf_cached,200,1.0,1.0,0.0,0.6028073240287496,1.06,1.0,0.0178238000098645,0.0891190000493225,9
adult_income,income and employment,29,5,0.0,free_l2,native_exact_k_sparse,200,1.0,1.0,0.0,0.6028073240287496,1.06,1.0,0.016656800010423467,0.08328400005211734,9
adult_income,income and employment,29,5,0.0,free_l2,clbr_uncached,200,1.0,1.0,0.0,1.354154071835489,1.995,1.0,0.011582699992686685,0.057913499963433424,9
adult_income,income and employment,29,5,0.0,immutable_l2,nn_positive_train,200,0.675,0.675,0.0,2.202569047609708,1.9777777777777779,1.0,0.008938100004343141,0.04469050002171571,9
adult_income,income and employment,29,5,0.0,immutable_l2,leaf_centroid,200,0.77,0.77,0.0,3.350455169601434,3.116883116883117,0.8831168831168831,0.03498010000021168,0.1749005000010584,9
adult_income,income and employment,29,5,0.0,immutable_l2,raw_leaf_projection,200,0.665,0.665,0.0,1.310728954648101,1.6466165413533835,1.0,0.008320600003571599,0.041603000017857994,9
adult_income,income and employment,29,5,0.0,immutable_l2,clbr,200,0.675,0.665,0.01,1.3122881555162706,1.6666666666666667,1.0,0.01278569999794854,0.0639284999897427,9
adult_income,income and employment,29,5,0.0,immutable_l2,metric_leaf_projection,200,0.95,0.95,0.0,0.6139653265875937,1.0210526315789474,1.0,0.008088000003226625,0.040440000016133126,9
adult_income,income and employment,29,5,0.0,immutable_l2,metric_clbr,200,0.95,0.95,0.0,0.6139653265875937,1.0210526315789474,1.0,0.008675899993249914,0.04337949996624957,9
adult_income,income and employment,29,5,0.0,immutable_l2,exact_leaf,200,1.0,1.0,0.0,0.6181269491538022,1.02,1.0,0.05818169999929523,0.29090849999647617,9
adult_income,income and employment,29,5,0.0,immutable_l2,exact_leaf_cached,200,1.0,1.0,0.0,0.6181269491538022,1.02,1.0,0.016826000002765795,0.08413000001382898,9
adult_income,income and employment,29,5,0.0,immutable_l2,native_exact_k_sparse,200,1.0,1.0,0.0,0.6181269491538022,1.02,1.0,0.015983100006451423,0.07991550003225711,9
adult_income,income and employment,29,5,0.0,immutable_l2,clbr_uncached,200,0.675,0.665,0.01,1.3122881555162706,1.6666666666666667,1.0,0.015464500002053683,0.07732250001026841,9
adult_income,income and employment,29,5,0.0,immutable_top3_l1,nn_positive_train,200,0.675,0.675,0.0,2.8403034435157553,1.9777777777777779,1.0,0.00864110000202345,0.04320550001011725,9
adult_income,income and employment,29,5,0.0,immutable_top3_l1,leaf_centroid,200,0.465,0.465,0.0,3.047539554491866,2.763440860215054,1.0,0.03462460000173451,0.17312300000867253,9
adult_income,income and employment,29,5,0.0,immutable_top3_l1,raw_leaf_projection,200,0.65,0.65,0.0,1.4443325919962582,1.646153846153846,1.0,0.008286500003123365,0.041432500015616824,9
adult_income,income and employment,29,5,0.0,immutable_top3_l1,clbr,200,0.675,0.65,0.025,1.4953376337380662,1.6666666666666667,1.0,0.012813600006666093,0.06406800003333046,9
adult_income,income and employment,29,5,0.0,immutable_top3_l1,metric_leaf_projection,200,0.895,0.895,0.0,0.6104385123882458,1.0167597765363128,1.0,0.0086127999902601,0.0430639999513005,9
adult_income,income and employment,29,5,0.0,immutable_top3_l1,metric_clbr,200,0.92,0.895,0.025,0.7441620579972094,1.0706521739130435,1.0,0.009960899998077366,0.04980449999038683,9
adult_income,income and employment,29,5,0.0,immutable_top3_l1,exact_leaf,200,0.96,0.96,0.0,0.6348830485855491,1.0260416666666667,1.0,0.057667399996716995,0.288336999983585,9
adult_income,income and employment,29,5,0.0,immutable_top3_l1,exact_leaf_cached,200,0.96,0.96,0.0,0.6348830485855491,1.0260416666666667,1.0,0.016444000004412374,0.08222000002206187,9
adult_income,income and employment,29,5,0.0,immutable_top3_l1,native_exact_k_sparse,200,1.0,1.0,0.0,0.619548235268215,1.015,1.0,0.016655299990816275,0.08327649995408137,9
adult_income,income and employment,29,5,0.0,immutable_top3_l1,clbr_uncached,200,0.675,0.65,0.025,1.4953376337380662,1.6666666666666667,1.0,0.01693499999873893,0.08467499999369466,9
adult_income,income and employment,29,5,1.0,free_l2,nn_positive_train,200,1.0,1.0,0.0,2.682786174874658,4.16,0.015,0.008348500003194204,0.04174250001597102,9
adult_income,income and employment,29,5,1.0,free_l2,leaf_centroid,200,1.0,1.0,0.0,3.4429036397470028,5.065,0.0,0.0338679999949818,0.169339999974909,9
adult_income,income and employment,29,5,1.0,free_l2,raw_leaf_projection,200,1.0,1.0,0.0,0.8484854040094655,1.455,1.0,0.008014499996534141,0.040072499982670706,9
adult_income,income and employment,29,5,1.0,free_l2,clbr,200,1.0,1.0,0.0,0.8484854040094655,1.455,1.0,0.008352000005288573,0.04176000002644287,9
adult_income,income and employment,29,5,1.0,free_l2,metric_leaf_projection,200,1.0,1.0,0.0,0.41602605919975844,1.23,1.0,0.007914099997833546,0.03957049998916773,9
adult_income,income and employment,29,5,1.0,free_l2,metric_clbr,200,1.0,1.0,0.0,0.41602605919975844,1.23,1.0,0.008778699994763883,0.043893499973819416,9
adult_income,income and employment,29,5,1.0,free_l2,exact_leaf,200,1.0,1.0,0.0,0.41602605919975844,1.23,1.0,0.056610899998304376,0.2830544999915219,9
adult_income,income and employment,29,5,1.0,free_l2,exact_leaf_cached,200,1.0,1.0,0.0,0.41602605919975844,1.23,1.0,0.01669500000298285,0.08347500001491426,9
adult_income,income and employment,29,5,1.0,free_l2,native_exact_k_sparse,200,1.0,1.0,0.0,0.41602605919975844,1.23,1.0,0.015531799997006601,0.077658999985033,9
adult_income,income and employment,29,5,1.0,free_l2,clbr_uncached,200,1.0,1.0,0.0,0.8484854040094655,1.455,1.0,0.01099360000443994,0.0549680000221997,9
adult_income,income and employment,29,5,1.0,immutable_l2,nn_positive_train,200,1.0,1.0,0.0,2.274272161013295,2.16,0.99,0.009225399997376371,0.046126999986881856,9
adult_income,income and employment,29,5,1.0,immutable_l2,leaf_centroid,200,1.0,1.0,0.0,2.944438402935161,3.065,0.935,0.03615570001238666,0.1807785000619333,9
adult_income,income and employment,29,5,1.0,immutable_l2,raw_leaf_projection,200,1.0,1.0,0.0,0.8484854040094655,1.455,1.0,0.00873910000154865,0.04369550000774325,9
adult_income,income and employment,29,5,1.0,immutable_l2,clbr,200,1.0,1.0,0.0,0.8484854040094655,1.455,1.0,0.008255399995505286,0.04127699997752643,9
adult_income,income and employment,29,5,1.0,immutable_l2,metric_leaf_projection,200,1.0,1.0,0.0,0.41602605919975844,1.23,1.0,0.008375500004149217,0.04187750002074608,9
adult_income,income and employment,29,5,1.0,immutable_l2,metric_clbr,200,1.0,1.0,0.0,0.41602605919975844,1.23,1.0,0.009065499999451276,0.04532749999725638,9
adult_income,income and employment,29,5,1.0,immutable_l2,exact_leaf,200,1.0,1.0,0.0,0.41602605919975844,1.23,1.0,0.060846000005767564,0.3042300000288378,9
adult_income,income and employment,29,5,1.0,immutable_l2,exact_leaf_cached,200,1.0,1.0,0.0,0.41602605919975844,1.23,1.0,0.017020000003867608,0.08510000001933804,9
adult_income,income and employment,29,5,1.0,immutable_l2,native_exact_k_sparse,200,1.0,1.0,0.0,0.41602605919975844,1.23,1.0,0.016543999997338688,0.08271999998669344,9
adult_income,income and employment,29,5,1.0,immutable_l2,clbr_uncached,200,1.0,1.0,0.0,0.8484854040094655,1.455,1.0,0.013952799993603549,0.06976399996801774,9
adult_income,income and employment,29,5,1.0,immutable_top3_l1,nn_positive_train,200,0.995,0.995,0.0,2.8815104566884386,2.1457286432160805,1.0,0.009266199996091018,0.04633099998045509,9
adult_income,income and employment,29,5,1.0,immutable_top3_l1,leaf_centroid,200,0.795,0.795,0.0,3.0234153569694855,2.79874213836478,1.0,0.03691940000044269,0.18459700000221346,9
adult_income,income and employment,29,5,1.0,immutable_top3_l1,raw_leaf_projection,200,0.94,0.94,0.0,0.944240848793628,1.4414893617021276,1.0,0.008751099995606637,0.043755499978033185,9
adult_income,income and employment,29,5,1.0,immutable_top3_l1,clbr,200,0.995,0.94,0.055,1.1828810688381644,1.4773869346733668,1.0,0.01224529999490187,0.06122649997450935,9
adult_income,income and employment,29,5,1.0,immutable_top3_l1,metric_leaf_projection,200,0.91,0.91,0.0,0.42722191854335656,1.2087912087912087,1.0,0.007956200000990066,0.03978100000495033,9
adult_income,income and employment,29,5,1.0,immutable_top3_l1,metric_clbr,200,1.0,0.91,0.09,0.8986036323177037,1.325,1.0,0.014086100009990332,0.07043050004995166,9
adult_income,income and employment,29,5,1.0,immutable_top3_l1,exact_leaf,200,1.0,1.0,0.0,0.5108722601689797,1.215,1.0,0.060935900002732524,0.3046795000136626,9
adult_income,income and employment,29,5,1.0,immutable_top3_l1,exact_leaf_cached,200,1.0,1.0,0.0,0.5108722601689797,1.215,1.0,0.018959600002744992,0.09479800001372496,9
adult_income,income and employment,29,5,1.0,immutable_top3_l1,native_exact_k_sparse,200,1.0,1.0,0.0,0.43232624874589765,1.215,1.0,0.01772769999843149,0.08863849999215745,9
adult_income,income and employment,29,5,1.0,immutable_top3_l1,clbr_uncached,200,0.995,0.94,0.055,1.1828810688381644,1.4773869346733668,1.0,0.01692609998735861,0.08463049993679306,9
adult_income,income and employment,37,5,0.0,free_l2,nn_positive_train,200,1.0,1.0,0.0,2.5926622975265365,3.955,0.125,0.008719699996618147,0.04359849998309073,6
adult_income,income and employment,37,5,0.0,free_l2,leaf_centroid,200,1.0,1.0,0.0,4.139072540341498,5.125,0.0,0.026836899995942076,0.13418449997971038,6
adult_income,income and employment,37,5,0.0,free_l2,raw_leaf_projection,200,1.0,1.0,0.0,1.4218636702316827,1.875,1.0,0.008362399999896297,0.041811999999481486,6
adult_income,income and employment,37,5,0.0,free_l2,clbr,200,1.0,1.0,0.0,1.4218636702316827,1.875,1.0,0.007809100002305058,0.03904550001152529,6
adult_income,income and employment,37,5,0.0,free_l2,metric_leaf_projection,200,1.0,1.0,0.0,0.5750324377464294,1.115,1.0,0.008044099998187448,0.04022049999093724,6
adult_income,income and employment,37,5,0.0,free_l2,metric_clbr,200,1.0,1.0,0.0,0.5750324377464294,1.115,1.0,0.008732900008908473,0.043664500044542365,6
adult_income,income and employment,37,5,0.0,free_l2,exact_leaf,200,1.0,1.0,0.0,0.5750324377464294,1.115,1.0,0.04228310000507918,0.21141550002539589,6
adult_income,income and employment,37,5,0.0,free_l2,exact_leaf_cached,200,1.0,1.0,0.0,0.5750324377464294,1.115,1.0,0.01728219999858993,0.08641099999294966,6
adult_income,income and employment,37,5,0.0,free_l2,native_exact_k_sparse,200,1.0,1.0,0.0,0.5750324377464294,1.115,1.0,0.015858199996728217,0.07929099998364109,6
adult_income,income and employment,37,5,0.0,free_l2,clbr_uncached,200,1.0,1.0,0.0,1.4218636702316827,1.875,1.0,0.010034700008873187,0.05017350004436594,6
adult_income,income and employment,37,5,0.0,immutable_l2,nn_positive_train,200,0.72,0.72,0.0,2.178837664244048,1.9722222222222223,1.0,0.00904290000016772,0.0452145000008386,6
adult_income,income and employment,37,5,0.0,immutable_l2,leaf_centroid,200,0.84,0.84,0.0,3.5339040722874016,3.125,0.8630952380952381,0.026752400002806098,0.1337620000140305,6
adult_income,income and employment,37,5,0.0,immutable_l2,raw_leaf_projection,200,0.725,0.725,0.0,1.3719600128343206,1.5586206896551724,1.0,0.008450499998616579,0.04225249999308289,6
adult_income,income and employment,37,5,0.0,immutable_l2,clbr,200,0.73,0.725,0.005,1.3775262899582168,1.5684931506849316,1.0,0.011214700005439227,0.05607350002719613,6
adult_income,income and employment,37,5,0.0,immutable_l2,metric_leaf_projection,200,0.94,0.94,0.0,0.5915972804478149,1.0585106382978724,1.0,0.008133800010000414,0.04066900005000207,6
adult_income,income and employment,37,5,0.0,immutable_l2,metric_clbr,200,0.945,0.94,0.005,0.5895737723734964,1.0687830687830688,1.0,0.008877799999027047,0.04438899999513524,6
adult_income,income and employment,37,5,0.0,immutable_l2,exact_leaf,200,1.0,1.0,0.0,0.592055967152454,1.055,1.0,0.04141710000749299,0.20708550003746495,6
adult_income,income and employment,37,5,0.0,immutable_l2,exact_leaf_cached,200,1.0,1.0,0.0,0.592055967152454,1.055,1.0,0.017405300000064017,0.08702650000032008,6
adult_income,income and employment,37,5,0.0,immutable_l2,native_exact_k_sparse,200,1.0,1.0,0.0,0.592055967152454,1.055,1.0,0.01649689999885595,0.08248449999427976,6
adult_income,income and employment,37,5,0.0,immutable_l2,clbr_uncached,200,0.73,0.725,0.005,1.3775262899582168,1.5684931506849316,1.0,0.013600799995401758,0.06800399997700879,6
adult_income,income and employment,37,5,0.0,immutable_top3_l1,nn_positive_train,200,0.72,0.72,0.0,2.8063994990499586,1.9722222222222223,1.0,0.008735899998100649,0.043679499990503245,6
adult_income,income and employment,37,5,0.0,immutable_top3_l1,leaf_centroid,200,0.795,0.795,0.0,2.8587200772091568,2.49685534591195,1.0,0.027999199997793767,0.13999599998896883,6
adult_income,income and employment,37,5,0.0,immutable_top3_l1,raw_leaf_projection,200,0.71,0.71,0.0,1.5923861409073576,1.556338028169014,1.0,0.00836669999625883,0.04183349998129415,6
adult_income,income and employment,37,5,0.0,immutable_top3_l1,clbr,200,0.725,0.71,0.015,1.592580119461518,1.5724137931034483,1.0,0.011538300006577629,0.05769150003288814,6
adult_income,income and employment,37,5,0.0,immutable_top3_l1,metric_leaf_projection,200,0.915,0.915,0.0,0.5940232694577723,1.0327868852459017,1.0,0.007638599984602479,0.038192999923012394,6
adult_income,income and employment,37,5,0.0,immutable_top3_l1,metric_clbr,200,0.94,0.915,0.025,0.6696373346634996,1.0851063829787233,1.0,0.009709000002658286,0.04854500001329143,6
adult_income,income and employment,37,5,0.0,immutable_top3_l1,exact_leaf,200,0.98,0.98,0.0,0.614600384437587,1.0408163265306123,1.0,0.03856570000061765,0.19282850000308827,6
adult_income,income and employment,37,5,0.0,immutable_top3_l1,exact_leaf_cached,200,0.98,0.98,0.0,0.614600384437587,1.0408163265306123,1.0,0.015957499997966806,0.07978749998983403,6
adult_income,income and employment,37,5,0.0,immutable_top3_l1,native_exact_k_sparse,200,1.0,1.0,0.0,0.5961095587246743,1.03,1.0,0.01636219999727473,0.08181099998637364,6
adult_income,income and employment,37,5,0.0,immutable_top3_l1,clbr_uncached,200,0.725,0.71,0.015,1.592580119461518,1.5724137931034483,1.0,0.01338669999040576,0.0669334999520288,6
adult_income,income and employment,37,5,1.0,free_l2,nn_positive_train,200,1.0,1.0,0.0,2.6751160055308376,4.12,0.04,0.008713199998965138,0.04356599999482569,6
adult_income,income and employment,37,5,1.0,free_l2,leaf_centroid,200,1.0,1.0,0.0,2.6533829222791745,5.05,0.0,0.0276120000080482,0.138060000040241,6
adult_income,income and employment,37,5,1.0,free_l2,raw_leaf_projection,200,1.0,1.0,0.0,1.0175009562404786,1.535,1.0,0.009430799998881412,0.04715399999440706,6
adult_income,income and employment,37,5,1.0,free_l2,clbr,200,1.0,1.0,0.0,1.0175009562404786,1.535,1.0,0.007902699998339813,0.039513499991699064,6
adult_income,income and employment,37,5,1.0,free_l2,metric_leaf_projection,200,1.0,1.0,0.0,0.4912994426223392,1.215,1.0,0.008472200005599007,0.04236100002799503,6
adult_income,income and employment,37,5,1.0,free_l2,metric_clbr,200,1.0,1.0,0.0,0.4912994426223392,1.215,1.0,0.0077460000011342345,0.03873000000567117,6
adult_income,income and employment,37,5,1.0,free_l2,exact_leaf,200,1.0,1.0,0.0,0.4912994426223392,1.215,1.0,0.04227950001040881,0.21139750005204405,6
adult_income,income and employment,37,5,1.0,free_l2,exact_leaf_cached,200,1.0,1.0,0.0,0.4912994426223392,1.215,1.0,0.016813500003081572,0.08406750001540786,6
adult_income,income and employment,37,5,1.0,free_l2,native_exact_k_sparse,200,1.0,1.0,0.0,0.4912994426223392,1.215,1.0,0.017112000006818562,0.08556000003409281,6
adult_income,income and employment,37,5,1.0,free_l2,clbr_uncached,200,1.0,1.0,0.0,1.0175009562404786,1.535,1.0,0.010631300002387434,0.05315650001193717,6
adult_income,income and employment,37,5,1.0,immutable_l2,nn_positive_train,200,0.985,0.985,0.0,2.2567349980933873,2.1065989847715736,0.9949238578680203,0.009446699990803609,0.04723349995401804,6
adult_income,income and employment,37,5,1.0,immutable_l2,leaf_centroid,200,1.0,1.0,0.0,1.9552070511023145,3.05,0.95,0.029827800002749427,0.14913900001374714,6
adult_income,income and employment,37,5,1.0,immutable_l2,raw_leaf_projection,200,1.0,1.0,0.0,1.0175009562404786,1.535,1.0,0.009942799993950757,0.049713999969753786,6
adult_income,income and employment,37,5,1.0,immutable_l2,clbr,200,1.0,1.0,0.0,1.0175009562404786,1.535,1.0,0.00851060000150028,0.042553000007501396,6
adult_income,income and employment,37,5,1.0,immutable_l2,metric_leaf_projection,200,1.0,1.0,0.0,0.4912994426223392,1.215,1.0,0.008954000007179275,0.04477000003589637,6
adult_income,income and employment,37,5,1.0,immutable_l2,metric_clbr,200,1.0,1.0,0.0,0.4912994426223392,1.215,1.0,0.00973619999967923,0.048680999998396146,6
adult_income,income and employment,37,5,1.0,immutable_l2,exact_leaf,200,1.0,1.0,0.0,0.4912994426223392,1.215,1.0,0.048309500004506845,0.24154750002253422,6
adult_income,income and employment,37,5,1.0,immutable_l2,exact_leaf_cached,200,1.0,1.0,0.0,0.4912994426223392,1.215,1.0,0.019203700000616664,0.09601850000308332,6
adult_income,income and employment,37,5,1.0,immutable_l2,native_exact_k_sparse,200,1.0,1.0,0.0,0.4912994426223392,1.215,1.0,0.019118799990792468,0.09559399995396234,6
adult_income,income and employment,37,5,1.0,immutable_l2,clbr_uncached,200,1.0,1.0,0.0,1.0175009562404786,1.535,1.0,0.011049000001548848,0.05524500000774424,6
adult_income,income and employment,37,5,1.0,immutable_top3_l1,nn_positive_train,200,0.985,0.985,0.0,2.9447167474653755,2.1015228426395938,1.0,0.00903239999388461,0.04516199996942305,6
adult_income,income and employment,37,5,1.0,immutable_top3_l1,leaf_centroid,200,0.87,0.87,0.0,2.3632331141380547,2.8275862068965516,1.0,0.02817750001031527,0.14088750005157635,6
adult_income,income and employment,37,5,1.0,immutable_top3_l1,raw_leaf_projection,200,0.98,0.98,0.0,1.2017420909103709,1.5357142857142858,1.0,0.008876799987774575,0.044383999938872876,6
adult_income,income and employment,37,5,1.0,immutable_top3_l1,clbr,200,1.0,0.98,0.02,1.280006120858477,1.55,1.0,0.009168500013402081,0.045842500067010405,6
adult_income,income and employment,37,5,1.0,immutable_top3_l1,metric_leaf_projection,200,0.91,0.91,0.0,0.5202705378667135,1.0054945054945055,1.0,0.007579399998576264,0.03789699999288132,6
adult_income,income and employment,37,5,1.0,immutable_top3_l1,metric_clbr,200,0.985,0.91,0.075,0.9176890609773475,1.1472081218274113,1.0,0.012266899992937397,0.061334499964686984,6
adult_income,income and employment,37,5,1.0,immutable_top3_l1,exact_leaf,200,1.0,1.0,0.0,0.6323990381042889,1.065,1.0,0.04112679999889224,0.2056339999944612,6
adult_income,income and employment,37,5,1.0,immutable_top3_l1,exact_leaf_cached,200,1.0,1.0,0.0,0.6323990381042889,1.065,1.0,0.017093500001465145,0.08546750000732573,6
adult_income,income and employment,37,5,1.0,immutable_top3_l1,native_exact_k_sparse,200,1.0,1.0,0.0,0.5295671767293174,1.005,1.0,0.016542499998649873,0.08271249999324937,6
adult_income,income and employment,37,5,1.0,immutable_top3_l1,clbr_uncached,200,1.0,0.98,0.02,1.280006120858477,1.55,1.0,0.011841299998195609,0.059206499990978045,6
adult_income,income and employment,41,5,0.0,free_l2,nn_positive_train,200,1.0,1.0,0.0,2.518242474268177,3.825,0.235,0.008843899996463733,0.044219499982318666,11
adult_income,income and employment,41,5,0.0,free_l2,leaf_centroid,200,1.0,1.0,0.0,4.119784859336423,5.125,0.0,0.0389677999964988,0.194838999982494,11
adult_income,income and employment,41,5,0.0,free_l2,raw_leaf_projection,200,1.0,1.0,0.0,1.3480503039896126,1.62,1.0,0.008160499997757142,0.04080249998878571,11
adult_income,income and employment,41,5,0.0,free_l2,clbr,200,1.0,1.0,0.0,1.3480503039896126,1.62,1.0,0.007859399993321858,0.03929699996660929,11
adult_income,income and employment,41,5,0.0,free_l2,metric_leaf_projection,200,1.0,1.0,0.0,0.562738106807687,1.025,1.0,0.008226199996897776,0.04113099998448888,11
adult_income,income and employment,41,5,0.0,free_l2,metric_clbr,200,1.0,1.0,0.0,0.562738106807687,1.025,1.0,0.007902899998043722,0.03951449999021861,11
adult_income,income and employment,41,5,0.0,free_l2,exact_leaf,200,1.0,1.0,0.0,0.562738106807687,1.025,1.0,0.0721948999871529,0.36097449993576447,11
adult_income,income and employment,41,5,0.0,free_l2,exact_leaf_cached,200,1.0,1.0,0.0,0.562738106807687,1.025,1.0,0.016428599997198035,0.08214299998599017,11
adult_income,income and employment,41,5,0.0,free_l2,native_exact_k_sparse,200,1.0,1.0,0.0,0.562738106807687,1.025,1.0,0.01571009998951922,0.07855049994759611,11
adult_income,income and employment,41,5,0.0,free_l2,clbr_uncached,200,1.0,1.0,0.0,1.3480503039896126,1.62,1.0,0.012150599995038647,0.060752999975193234,11
adult_income,income and employment,41,5,0.0,immutable_l2,nn_positive_train,200,0.55,0.55,0.0,2.06322500961637,1.9090909090909092,1.0,0.009212100006152468,0.04606050003076234,11
adult_income,income and employment,41,5,0.0,immutable_l2,leaf_centroid,200,0.91,0.91,0.0,3.534362371493982,3.098901098901099,0.9010989010989011,0.041694099998494494,0.20847049999247247,11
adult_income,income and employment,41,5,0.0,immutable_l2,raw_leaf_projection,200,0.535,0.535,0.0,1.2620477133696346,1.1308411214953271,1.0,0.008611800000835501,0.043059000004177506,11
adult_income,income and employment,41,5,0.0,immutable_l2,clbr,200,0.55,0.535,0.015,1.3061873788162137,1.1818181818181819,1.0,0.012948900000083086,0.06474450000041543,11
adult_income,income and employment,41,5,0.0,immutable_l2,metric_leaf_projection,200,0.94,0.94,0.0,0.574696376951683,1.0159574468085106,1.0,0.00834389999636187,0.04171949998180935,11
adult_income,income and employment,41,5,0.0,immutable_l2,metric_clbr,200,0.94,0.94,0.0,0.574696376951683,1.0159574468085106,1.0,0.008604899995589221,0.04302449997794611,11
adult_income,income and employment,41,5,0.0,immutable_l2,exact_leaf,200,1.0,1.0,0.0,0.5780372445309244,1.015,1.0,0.07011579999198148,0.3505789999599074,11
adult_income,income and employment,41,5,0.0,immutable_l2,exact_leaf_cached,200,1.0,1.0,0.0,0.5780372445309244,1.015,1.0,0.01776860000063607,0.08884300000318035,11
adult_income,income and employment,41,5,0.0,immutable_l2,native_exact_k_sparse,200,1.0,1.0,0.0,0.5780372445309244,1.015,1.0,0.016100900001219998,0.08050450000609999,11
adult_income,income and employment,41,5,0.0,immutable_l2,clbr_uncached,200,0.55,0.535,0.015,1.3061873788162137,1.1818181818181819,1.0,0.018190599995250523,0.09095299997625261,11
adult_income,income and employment,41,5,0.0,immutable_top3_l1,nn_positive_train,200,0.55,0.55,0.0,2.6275480851969126,1.9090909090909092,1.0,0.009034799998516974,0.04517399999258487,11
adult_income,income and employment,41,5,0.0,immutable_top3_l1,leaf_centroid,200,0.76,0.76,0.0,3.9191224475796105,2.664473684210526,1.0,0.039834699996390555,0.19917349998195277,11
adult_income,income and employment,41,5,0.0,immutable_top3_l1,raw_leaf_projection,200,0.535,0.535,0.0,1.3015973761539226,1.1308411214953271,1.0,0.008286900003440678,0.04143450001720339,11
adult_income,income and employment,41,5,0.0,immutable_top3_l1,clbr,200,0.55,0.535,0.015,1.3660309953481313,1.1818181818181819,1.0,0.013195699997595511,0.06597849998797756,11
adult_income,income and employment,41,5,0.0,immutable_top3_l1,metric_leaf_projection,200,0.92,0.92,0.0,0.5760267664113362,1.0108695652173914,1.0,0.007614099999955215,0.038070499999776075,11
adult_income,income and employment,41,5,0.0,immutable_top3_l1,metric_clbr,200,0.945,0.92,0.025,0.6729113049363475,1.0582010582010581,1.0,0.009586099998159625,0.047930499990798126,11
adult_income,income and employment,41,5,0.0,immutable_top3_l1,exact_leaf,200,1.0,1.0,0.0,0.6149476845288349,1.02,1.0,0.06851589999678254,0.3425794999839127,11
adult_income,income and employment,41,5,0.0,immutable_top3_l1,exact_leaf_cached,200,1.0,1.0,0.0,0.6149476845288349,1.02,1.0,0.01647449999654782,0.0823724999827391,11
adult_income,income and employment,41,5,0.0,immutable_top3_l1,native_exact_k_sparse,200,1.0,1.0,0.0,0.5799607944446489,1.015,1.0,0.01641119999021612,0.0820559999510806,11
adult_income,income and employment,41,5,0.0,immutable_top3_l1,clbr_uncached,200,0.55,0.535,0.015,1.3660309953481313,1.1818181818181819,1.0,0.01827249999769265,0.09136249998846324,11
adult_income,income and employment,41,5,1.0,free_l2,nn_positive_train,200,1.0,1.0,0.0,2.3639740600002543,3.93,0.18,0.009670599995843077,0.04835299997921538,11
adult_income,income and employment,41,5,1.0,free_l2,leaf_centroid,200,1.0,1.0,0.0,4.0516496045247505,5.055,0.0,0.04172539999763103,0.20862699998815515,11
adult_income,income and employment,41,5,1.0,free_l2,raw_leaf_projection,200,1.0,1.0,0.0,0.749203249106852,1.15,1.0,0.00884699998459837,0.04423499992299185,11
adult_income,income and employment,41,5,1.0,free_l2,clbr,200,1.0,1.0,0.0,0.749203249106852,1.15,1.0,0.008725499997126462,0.04362749998563231,11
adult_income,income and employment,41,5,1.0,free_l2,metric_leaf_projection,200,1.0,1.0,0.0,0.43507754485266353,1.04,1.0,0.008112800005619647,0.040564000028098235,11
adult_income,income and employment,41,5,1.0,free_l2,metric_clbr,200,1.0,1.0,0.0,0.43507754485266353,1.04,1.0,0.00805430000036722,0.0402715000018361,11
adult_income,income and employment,41,5,1.0,free_l2,exact_leaf,200,1.0,1.0,0.0,0.43507754485266353,1.04,1.0,0.07314299999688956,0.3657149999844478,11
adult_income,income and employment,41,5,1.0,free_l2,exact_leaf_cached,200,1.0,1.0,0.0,0.43507754485266353,1.04,1.0,0.017403700001523248,0.08701850000761624,11
adult_income,income and employment,41,5,1.0,free_l2,native_exact_k_sparse,200,1.0,1.0,0.0,0.43507754485266353,1.04,1.0,0.01639489999797661,0.08197449998988304,11
adult_income,income and employment,41,5,1.0,free_l2,clbr_uncached,200,1.0,1.0,0.0,0.749203249106852,1.15,1.0,0.012338300008195802,0.06169150004097901,11
adult_income,income and employment,41,5,1.0,immutable_l2,nn_positive_train,200,1.0,1.0,0.0,1.9083448837449475,1.93,1.0,0.010237900008178258,0.05118950004089129,11
adult_income,income and employment,41,5,1.0,immutable_l2,leaf_centroid,200,1.0,1.0,0.0,3.459356020017064,3.055,0.945,0.04139549999945302,0.2069774999972651,11
adult_income,income and employment,41,5,1.0,immutable_l2,raw_leaf_projection,200,1.0,1.0,0.0,0.749203249106852,1.15,1.0,0.009055799998350267,0.045278999991751334,11
adult_income,income and employment,41,5,1.0,immutable_l2,clbr,200,1.0,1.0,0.0,0.749203249106852,1.15,1.0,0.008698700000422832,0.04349350000211416,11
adult_income,income and employment,41,5,1.0,immutable_l2,metric_leaf_projection,200,1.0,1.0,0.0,0.43507754485266353,1.04,1.0,0.008426700001109566,0.04213350000554783,11
adult_income,income and employment,41,5,1.0,immutable_l2,metric_clbr,200,1.0,1.0,0.0,0.43507754485266353,1.04,1.0,0.009561499994561018,0.04780749997280509,11
adult_income,income and employment,41,5,1.0,immutable_l2,exact_leaf,200,1.0,1.0,0.0,0.43507754485266353,1.04,1.0,0.07864830000653455,0.3932415000326728,11
adult_income,income and employment,41,5,1.0,immutable_l2,exact_leaf_cached,200,1.0,1.0,0.0,0.43507754485266353,1.04,1.0,0.018017399999735062,0.09008699999867531,11
adult_income,income and employment,41,5,1.0,immutable_l2,native_exact_k_sparse,200,1.0,1.0,0.0,0.43507754485266353,1.04,1.0,0.018098899990945938,0.09049449995472969,11
adult_income,income and employment,41,5,1.0,immutable_l2,clbr_uncached,200,1.0,1.0,0.0,0.749203249106852,1.15,1.0,0.013280900002428098,0.06640450001214049,11
adult_income,income and employment,41,5,1.0,immutable_top3_l1,nn_positive_train,200,1.0,1.0,0.0,2.437303957493131,1.93,1.0,0.009982399998989422,0.04991199999494711,11
adult_income,income and employment,41,5,1.0,immutable_top3_l1,leaf_centroid,200,0.85,0.85,0.0,3.7943783847849546,2.6470588235294117,1.0,0.041623899993282976,0.20811949996641488,11
adult_income,income and employment,41,5,1.0,immutable_top3_l1,raw_leaf_projection,200,0.995,0.995,0.0,0.8057892457257639,1.150753768844221,1.0,0.00858010000501963,0.042900500025098154,11
adult_income,income and employment,41,5,1.0,immutable_top3_l1,clbr,200,1.0,0.995,0.005,0.830561501134795,1.155,1.0,0.008568700010982866,0.04284350005491433,11
adult_income,income and employment,41,5,1.0,immutable_top3_l1,metric_leaf_projection,200,0.97,0.97,0.0,0.43636729775803357,1.0360824742268042,1.0,0.007957799999530835,0.03978899999765417,11
adult_income,income and employment,41,5,1.0,immutable_top3_l1,metric_clbr,200,1.0,0.97,0.03,0.5703868145647406,1.085,1.0,0.009980900002119597,0.049904500010597985,11
adult_income,income and employment,41,5,1.0,immutable_top3_l1,exact_leaf,200,1.0,1.0,0.0,0.4638303985795045,1.045,1.0,0.07222880000153964,0.3611440000076982,11
adult_income,income and employment,41,5,1.0,immutable_top3_l1,exact_leaf_cached,200,1.0,1.0,0.0,0.4638303985795045,1.045,1.0,0.01738759999625472,0.0869379999812736,11
adult_income,income and employment,41,5,1.0,immutable_top3_l1,native_exact_k_sparse,200,1.0,1.0,0.0,0.4386912031112694,1.035,1.0,0.018391900005553907,0.09195950002776954,11
adult_income,income and employment,41,5,1.0,immutable_top3_l1,clbr_uncached,200,1.0,0.995,0.005,0.830561501134795,1.155,1.0,0.013843800000358897,0.06921900000179448,11
adult_income,income and employment,53,5,0.0,free_l2,nn_positive_train,200,1.0,1.0,0.0,2.7520924714243606,3.955,0.145,0.0096501999969405,0.0482509999847025,9
adult_income,income and employment,53,5,0.0,free_l2,leaf_centroid,200,1.0,1.0,0.0,4.196281222423511,5.075,0.0,0.03663569999480387,0.18317849997401936,9
adult_income,income and employment,53,5,0.0,free_l2,raw_leaf_projection,200,1.0,1.0,0.0,1.4456490258720232,1.93,1.0,0.00917190000291157,0.04585950001455785,9
adult_income,income and employment,53,5,0.0,free_l2,clbr,200,1.0,1.0,0.0,1.4456490258720232,1.93,1.0,0.008143300000483578,0.04071650000241789,9
adult_income,income and employment,53,5,0.0,free_l2,metric_leaf_projection,200,1.0,1.0,0.0,0.5248335979179387,1.085,1.0,0.008015999999770429,0.040079999998852145,9
adult_income,income and employment,53,5,0.0,free_l2,metric_clbr,200,1.0,1.0,0.0,0.5248335979179387,1.085,1.0,0.008304899993163417,0.041524499965817085,9
adult_income,income and employment,53,5,0.0,free_l2,exact_leaf,200,1.0,1.0,0.0,0.5248335979179387,1.085,1.0,0.05854700000691082,0.2927350000345541,9
adult_income,income and employment,53,5,0.0,free_l2,exact_leaf_cached,200,1.0,1.0,0.0,0.5248335979179387,1.085,1.0,0.016875799999070296,0.08437899999535148,9
adult_income,income and employment,53,5,0.0,free_l2,native_exact_k_sparse,200,1.0,1.0,0.0,0.5248335979179387,1.085,1.0,0.016281600006550434,0.08140800003275217,9
adult_income,income and employment,53,5,0.0,free_l2,clbr_uncached,200,1.0,1.0,0.0,1.4456490258720232,1.93,1.0,0.011410400006752752,0.05705200003376376,9
adult_income,income and employment,53,5,0.0,immutable_l2,nn_positive_train,200,0.685,0.685,0.0,2.380104562036252,2.021897810218978,1.0,0.008786300011706771,0.04393150005853386,9
adult_income,income and employment,53,5,0.0,immutable_l2,leaf_centroid,200,0.865,0.865,0.0,3.4614577879084614,3.0751445086705202,0.9248554913294798,0.035220599992499046,0.17610299996249523,9
adult_income,income and employment,53,5,0.0,immutable_l2,raw_leaf_projection,200,0.69,0.69,0.0,1.4377962002070233,1.608695652173913,1.0,0.008924499998101965,0.04462249999050982,9
adult_income,income and employment,53,5,0.0,immutable_l2,clbr,200,0.695,0.69,0.005,1.4398518043909154,1.618705035971223,1.0,0.012276500006919377,0.06138250003459689,9
adult_income,income and employment,53,5,0.0,immutable_l2,metric_leaf_projection,200,0.925,0.925,0.0,0.5423926441498191,1.0162162162162163,1.0,0.008100599988210888,0.04050299994105444,9
adult_income,income and employment,53,5,0.0,immutable_l2,metric_clbr,200,0.94,0.925,0.015,0.5891694603442411,1.0425531914893618,1.0,0.009535799999866867,0.04767899999933434,9
adult_income,income and employment,53,5,0.0,immutable_l2,exact_leaf,200,1.0,1.0,0.0,0.5474105305101955,1.015,1.0,0.06165810000948113,0.30829050004740566,9
adult_income,income and employment,53,5,0.0,immutable_l2,exact_leaf_cached,200,1.0,1.0,0.0,0.5474105305101955,1.015,1.0,0.01894190000166418,0.0947095000083209,9
adult_income,income and employment,53,5,0.0,immutable_l2,native_exact_k_sparse,200,1.0,1.0,0.0,0.5474105305101955,1.015,1.0,0.01688480001212156,0.0844240000606078,9
adult_income,income and employment,53,5,0.0,immutable_l2,clbr_uncached,200,0.695,0.69,0.005,1.4398518043909154,1.618705035971223,1.0,0.015349700005572231,0.07674850002786116,9
adult_income,income and employment,53,5,0.0,immutable_top3_l1,nn_positive_train,200,0.685,0.685,0.0,3.1294926213556784,2.021897810218978,1.0,0.009305000010499498,0.04652500005249749,9
adult_income,income and employment,53,5,0.0,immutable_top3_l1,leaf_centroid,200,0.635,0.635,0.0,3.2906711590932987,2.9133858267716537,1.0,0.03643869999814342,0.1821934999907171,9
adult_income,income and employment,53,5,0.0,immutable_top3_l1,raw_leaf_projection,200,0.68,0.68,0.0,1.6548365771347018,1.6102941176470589,1.0,0.008644399998956942,0.04322199999478471,9
adult_income,income and employment,53,5,0.0,immutable_top3_l1,clbr,200,0.695,0.68,0.015,1.6868902714157363,1.618705035971223,1.0,0.012371500003609981,0.061857500018049905,9
adult_income,income and employment,53,5,0.0,immutable_top3_l1,metric_leaf_projection,200,0.865,0.865,0.0,0.5421103057739541,1.0173410404624277,1.0,0.008586700006162573,0.042933500030812866,9
adult_income,income and employment,53,5,0.0,immutable_top3_l1,metric_clbr,200,0.91,0.865,0.045,0.7799667668346354,1.098901098901099,1.0,0.01175600000169652,0.0587800000084826,9
adult_income,income and employment,53,5,0.0,immutable_top3_l1,exact_leaf,200,0.975,0.975,0.0,0.6000443067317143,1.035897435897436,1.0,0.06205379999209981,0.31026899996049906,9
adult_income,income and employment,53,5,0.0,immutable_top3_l1,exact_leaf_cached,200,0.975,0.975,0.0,0.6000443067317143,1.035897435897436,1.0,0.01735789999656845,0.08678949998284224,9
adult_income,income and employment,53,5,0.0,immutable_top3_l1,native_exact_k_sparse,200,1.0,1.0,0.0,0.5491654418536257,1.015,1.0,0.01772399998844776,0.08861999994223879,9
adult_income,income and employment,53,5,0.0,immutable_top3_l1,clbr_uncached,200,0.695,0.68,0.015,1.6868902714157363,1.618705035971223,1.0,0.016829699994559633,0.08414849997279816,9
adult_income,income and employment,53,5,1.0,free_l2,nn_positive_train,200,1.0,1.0,0.0,2.5244229128878466,4.12,0.025,0.009000200000627956,0.04500100000313978,9
adult_income,income and employment,53,5,1.0,free_l2,leaf_centroid,200,1.0,1.0,0.0,5.812965473927639,5.055,0.0,0.03624899999522313,0.18124499997611565,9
adult_income,income and employment,53,5,1.0,free_l2,raw_leaf_projection,200,1.0,1.0,0.0,0.7876278784932234,1.41,1.0,0.00879909999184747,0.04399549995923735,9
adult_income,income and employment,53,5,1.0,free_l2,clbr,200,1.0,1.0,0.0,0.7876278784932234,1.41,1.0,0.008002999999007443,0.040014999995037215,9
adult_income,income and employment,53,5,1.0,free_l2,metric_leaf_projection,200,1.0,1.0,0.0,0.41537025532348637,1.19,1.0,0.008530499995686114,0.04265249997843057,9
adult_income,income and employment,53,5,1.0,free_l2,metric_clbr,200,1.0,1.0,0.0,0.41537025532348637,1.19,1.0,0.008059100005993969,0.040295500029969844,9
adult_income,income and employment,53,5,1.0,free_l2,exact_leaf,200,1.0,1.0,0.0,0.41537025532348637,1.19,1.0,0.06295859999681852,0.3147929999840926,9
adult_income,income and employment,53,5,1.0,free_l2,exact_leaf_cached,200,1.0,1.0,0.0,0.41537025532348637,1.19,1.0,0.018617799993080553,0.09308899996540276,9
adult_income,income and employment,53,5,1.0,free_l2,native_exact_k_sparse,200,1.0,1.0,0.0,0.41537025532348637,1.19,1.0,0.017004300005282857,0.08502150002641429,9
adult_income,income and employment,53,5,1.0,free_l2,clbr_uncached,200,1.0,1.0,0.0,0.7876278784932234,1.41,1.0,0.011761999999180262,0.05880999999590131,9
adult_income,income and employment,53,5,1.0,immutable_l2,nn_positive_train,200,1.0,1.0,0.0,2.0753887547767538,2.12,1.0,0.0091565000011542,0.045782500005771,9
adult_income,income and employment,53,5,1.0,immutable_l2,leaf_centroid,200,1.0,1.0,0.0,5.520375535955286,3.055,0.945,0.03698269999676995,0.18491349998384976,9
adult_income,income and employment,53,5,1.0,immutable_l2,raw_leaf_projection,200,1.0,1.0,0.0,0.7876278784932234,1.41,1.0,0.008700100007445144,0.04350050003722572,9
adult_income,income and employment,53,5,1.0,immutable_l2,clbr,200,1.0,1.0,0.0,0.7876278784932234,1.41,1.0,0.008593900006417243,0.042969500032086216,9
adult_income,income and employment,53,5,1.0,immutable_l2,metric_leaf_projection,200,1.0,1.0,0.0,0.41537025532348637,1.19,1.0,0.008581600000070466,0.04290800000035233,9
adult_income,income and employment,53,5,1.0,immutable_l2,metric_clbr,200,1.0,1.0,0.0,0.41537025532348637,1.19,1.0,0.008183600006304914,0.04091800003152457,9
adult_income,income and employment,53,5,1.0,immutable_l2,exact_leaf,200,1.0,1.0,0.0,0.41537025532348637,1.19,1.0,0.06155159999798343,0.30775799998991715,9
adult_income,income and employment,53,5,1.0,immutable_l2,exact_leaf_cached,200,1.0,1.0,0.0,0.41537025532348637,1.19,1.0,0.017130000006545743,0.08565000003272871,9
adult_income,income and employment,53,5,1.0,immutable_l2,native_exact_k_sparse,200,1.0,1.0,0.0,0.41537025532348637,1.19,1.0,0.01761590000569413,0.08807950002847065,9
adult_income,income and employment,53,5,1.0,immutable_l2,clbr_uncached,200,1.0,1.0,0.0,0.7876278784932234,1.41,1.0,0.011968800004069635,0.059844000020348176,9
adult_income,income and employment,53,5,1.0,immutable_top3_l1,nn_positive_train,200,1.0,1.0,0.0,2.751415323213922,2.12,1.0,0.00985450000007404,0.0492725000003702,9
adult_income,income and employment,53,5,1.0,immutable_top3_l1,leaf_centroid,200,0.28,0.28,0.0,4.497743414835519,2.8214285714285716,1.0,0.03819930000008753,0.19099650000043766,9
adult_income,income and employment,53,5,1.0,immutable_top3_l1,raw_leaf_projection,200,0.985,0.985,0.0,0.8973081893817989,1.401015228426396,1.0,0.008892300000297837,0.044461500001489185,9
adult_income,income and employment,53,5,1.0,immutable_top3_l1,clbr,200,1.0,0.985,0.015,0.9343513486069495,1.41,1.0,0.009179099999528262,0.04589549999764131,9
adult_income,income and employment,53,5,1.0,immutable_top3_l1,metric_leaf_projection,200,0.96,0.96,0.0,0.43625824736327906,1.1927083333333333,1.0,0.008323400001245318,0.04161700000622659,9
adult_income,income and employment,53,5,1.0,immutable_top3_l1,metric_clbr,200,1.0,0.96,0.04,0.6232964221259781,1.265,1.0,0.010988800001541676,0.05494400000770838,9
adult_income,income and employment,53,5,1.0,immutable_top3_l1,exact_leaf,200,1.0,1.0,0.0,0.48457553639654305,1.2,1.0,0.062465199993312126,0.31232599996656063,9
adult_income,income and employment,53,5,1.0,immutable_top3_l1,exact_leaf_cached,200,1.0,1.0,0.0,0.48457553639654305,1.2,1.0,0.017726599999150494,0.08863299999575247,9
adult_income,income and employment,53,5,1.0,immutable_top3_l1,native_exact_k_sparse,200,1.0,1.0,0.0,0.4431798292936081,1.185,1.0,0.018161999992116762,0.09080999996058381,9
adult_income,income and employment,53,5,1.0,immutable_top3_l1,clbr_uncached,200,1.0,0.985,0.015,0.9343513486069495,1.41,1.0,0.013753400002315175,0.06876700001157587,9
adult_income,income and employment,61,5,0.0,free_l2,nn_positive_train,200,1.0,1.0,0.0,2.7180262994248006,3.98,0.105,0.008650400000078662,0.04325200000039331,9
adult_income,income and employment,61,5,0.0,free_l2,leaf_centroid,200,1.0,1.0,0.0,3.2812247844388627,5.13,0.0,0.035559900006774114,0.17779950003387057,9
adult_income,income and employment,61,5,0.0,free_l2,raw_leaf_projection,200,1.0,1.0,0.0,1.4055826047337965,2.02,1.0,0.009149799992883345,0.045748999964416726,9
adult_income,income and employment,61,5,0.0,free_l2,clbr,200,1.0,1.0,0.0,1.4055826047337965,2.02,1.0,0.008217499998863786,0.04108749999431893,9
adult_income,income and employment,61,5,0.0,free_l2,metric_leaf_projection,200,1.0,1.0,0.0,0.6912979260799313,1.09,1.0,0.008313500007716357,0.041567500038581784,9
adult_income,income and employment,61,5,0.0,free_l2,metric_clbr,200,1.0,1.0,0.0,0.6912979260799313,1.09,1.0,0.007965000005242473,0.039825000026212365,9
adult_income,income and employment,61,5,0.0,free_l2,exact_leaf,200,1.0,1.0,0.0,0.6912979260799313,1.09,1.0,0.06070470000850037,0.30352350004250184,9
adult_income,income and employment,61,5,0.0,free_l2,exact_leaf_cached,200,1.0,1.0,0.0,0.6912979260799313,1.09,1.0,0.017012499994962127,0.08506249997481063,9
adult_income,income and employment,61,5,0.0,free_l2,native_exact_k_sparse,200,1.0,1.0,0.0,0.6912979260799313,1.09,1.0,0.017116999997597304,0.08558499998798652,9
adult_income,income and employment,61,5,0.0,free_l2,clbr_uncached,200,1.0,1.0,0.0,1.4055826047337965,2.02,1.0,0.012016599997878075,0.06008299998939037,9
adult_income,income and employment,61,5,0.0,immutable_l2,nn_positive_train,200,0.6,0.6,0.0,2.30445085705897,2.0166666666666666,1.0,0.009244099992429256,0.04622049996214628,9
adult_income,income and employment,61,5,0.0,immutable_l2,leaf_centroid,200,0.84,0.84,0.0,2.5914536125921863,3.0892857142857144,0.8809523809523809,0.03626880000138044,0.1813440000069022,9
adult_income,income and employment,61,5,0.0,immutable_l2,raw_leaf_projection,200,0.595,0.595,0.0,1.2783041658268626,1.5630252100840336,1.0,0.009304799998062663,0.046523999990313314,9
adult_income,income and employment,61,5,0.0,immutable_l2,clbr,200,0.6,0.595,0.005,1.2802987525385015,1.5666666666666667,1.0,0.012724700000035227,0.06362350000017614,9
adult_income,income and employment,61,5,0.0,immutable_l2,metric_leaf_projection,200,0.925,0.925,0.0,0.7008212247482509,1.0432432432432432,1.0,0.008395100003326661,0.041975500016633305,9
adult_income,income and employment,61,5,0.0,immutable_l2,metric_clbr,200,0.95,0.925,0.025,0.7400221801226412,1.0947368421052632,1.0,0.010391799997705675,0.051958999988528376,9
adult_income,income and employment,61,5,0.0,immutable_l2,exact_leaf,200,1.0,1.0,0.0,0.7207674342832994,1.04,1.0,0.06122579999828304,0.3061289999914152,9
adult_income,income and employment,61,5,0.0,immutable_l2,exact_leaf_cached,200,1.0,1.0,0.0,0.7207674342832994,1.04,1.0,0.018959100004394713,0.09479550002197357,9
adult_income,income and employment,61,5,0.0,immutable_l2,native_exact_k_sparse,200,1.0,1.0,0.0,0.7207674342832994,1.04,1.0,0.01858860000538698,0.0929430000269349,9
adult_income,income and employment,61,5,0.0,immutable_l2,clbr_uncached,200,0.6,0.595,0.005,1.2802987525385015,1.5666666666666667,1.0,0.018090999997184554,0.09045499998592277,9
adult_income,income and employment,61,5,0.0,immutable_top3_l1,nn_positive_train,200,0.6,0.6,0.0,3.001890624852164,2.0166666666666666,1.0,0.009615399993890605,0.04807699996945303,9
adult_income,income and employment,61,5,0.0,immutable_top3_l1,leaf_centroid,200,0.74,0.74,0.0,3.0396084599912663,2.8445945945945947,1.0,0.03836370000226452,0.1918185000113226,9
adult_income,income and employment,61,5,0.0,immutable_top3_l1,raw_leaf_projection,200,0.59,0.59,0.0,1.4605725789895379,1.5593220338983051,1.0,0.00966320000225096,0.0483160000112548,9
adult_income,income and employment,61,5,0.0,immutable_top3_l1,clbr,200,0.6,0.59,0.01,1.4635444403417428,1.5666666666666667,1.0,0.013498000006620714,0.06749000003310357,9
adult_income,income and employment,61,5,0.0,immutable_top3_l1,metric_leaf_projection,200,0.9,0.9,0.0,0.7046052836956616,1.0222222222222221,1.0,0.008557899997867935,0.042789499989339674,9
adult_income,income and employment,61,5,0.0,immutable_top3_l1,metric_clbr,200,0.94,0.9,0.04,0.8543216973120111,1.1063829787234043,1.0,0.010940799997115391,0.05470399998557696,9
adult_income,income and employment,61,5,0.0,immutable_top3_l1,exact_leaf,200,0.98,0.98,0.0,0.7647789385218204,1.0357142857142858,1.0,0.060868399998071254,0.30434199999035627,9
adult_income,income and employment,61,5,0.0,immutable_top3_l1,exact_leaf_cached,200,0.98,0.98,0.0,0.7647789385218204,1.0357142857142858,1.0,0.017251700011001958,0.08625850005500979,9
adult_income,income and employment,61,5,0.0,immutable_top3_l1,native_exact_k_sparse,200,1.0,1.0,0.0,0.7262288561480861,1.02,1.0,0.0206028000002334,0.103014000001167,9
adult_income,income and employment,61,5,0.0,immutable_top3_l1,clbr_uncached,200,0.6,0.59,0.01,1.4635444403417428,1.5666666666666667,1.0,0.018529700004364713,0.09264850002182357,9
adult_income,income and employment,61,5,1.0,free_l2,nn_positive_train,200,1.0,1.0,0.0,2.647369628484025,4.145,0.01,0.008529000001544773,0.042645000007723866,9
adult_income,income and employment,61,5,1.0,free_l2,leaf_centroid,200,1.0,1.0,0.0,2.6149994954507902,5.04,0.0,0.033962399998017645,0.16981199999008822,9
adult_income,income and employment,61,5,1.0,free_l2,raw_leaf_projection,200,1.0,1.0,0.0,0.8632698816514671,1.435,1.0,0.008296799997879134,0.04148399998939567,9
adult_income,income and employment,61,5,1.0,free_l2,clbr,200,1.0,1.0,0.0,0.8632698816514671,1.435,1.0,0.007950499998514715,0.039752499992573576,9
adult_income,income and employment,61,5,1.0,free_l2,metric_leaf_projection,200,1.0,1.0,0.0,0.5461922968709692,1.29,1.0,0.007945100000142702,0.03972550000071351,9
adult_income,income and employment,61,5,1.0,free_l2,metric_clbr,200,1.0,1.0,0.0,0.5461922968709692,1.29,1.0,0.007910900000752008,0.03955450000376004,9
adult_income,income and employment,61,5,1.0,free_l2,exact_leaf,200,1.0,1.0,0.0,0.5461922968709692,1.29,1.0,0.058133199999247154,0.29066599999623577,9
adult_income,income and employment,61,5,1.0,free_l2,exact_leaf_cached,200,1.0,1.0,0.0,0.5461922968709692,1.29,1.0,0.01685200000702025,0.08426000003510126,9
adult_income,income and employment,61,5,1.0,free_l2,native_exact_k_sparse,200,1.0,1.0,0.0,0.5461922968709692,1.29,1.0,0.016617199998108845,0.08308599999054422,9
adult_income,income and employment,61,5,1.0,free_l2,clbr_uncached,200,1.0,1.0,0.0,0.8632698816514671,1.435,1.0,0.011268400003245915,0.056342000016229576,9
adult_income,income and employment,61,5,1.0,immutable_l2,nn_positive_train,200,0.985,0.985,0.0,2.236948218328679,2.1319796954314723,1.0,0.009402800005773315,0.047014000028866576,9
adult_income,income and employment,61,5,1.0,immutable_l2,leaf_centroid,200,0.805,0.805,0.0,2.106907990559199,3.0434782608695654,0.9440993788819876,0.0350344999878871,0.1751724999394355,9
adult_income,income and employment,61,5,1.0,immutable_l2,raw_leaf_projection,200,0.99,0.99,0.0,0.8539918700786933,1.4292929292929293,1.0,0.008533900004294992,0.04266950002147496,9
adult_income,income and employment,61,5,1.0,immutable_l2,clbr,200,0.995,0.99,0.005,0.8647123534586902,1.4371859296482412,1.0,0.008456899998236622,0.04228449999118311,9
adult_income,income and employment,61,5,1.0,immutable_l2,metric_leaf_projection,200,0.96,0.96,0.0,0.5338348589867254,1.2604166666666667,1.0,0.008005099989532027,0.04002549994766014,9
adult_income,income and employment,61,5,1.0,immutable_l2,metric_clbr,200,0.995,0.96,0.035,0.5907864901099752,1.321608040201005,1.0,0.010303099997145182,0.05151549998572591,9
adult_income,income and employment,61,5,1.0,immutable_l2,exact_leaf,200,1.0,1.0,0.0,0.5567246200981772,1.26,1.0,0.06251179999253509,0.31255899996267544,9
adult_income,income and employment,61,5,1.0,immutable_l2,exact_leaf_cached,200,1.0,1.0,0.0,0.5567246200981772,1.26,1.0,0.01747949999935372,0.0873974999967686,9
adult_income,income and employment,61,5,1.0,immutable_l2,native_exact_k_sparse,200,1.0,1.0,0.0,0.5567246200981772,1.26,1.0,0.016768499997851904,0.08384249998925952,9
adult_income,income and employment,61,5,1.0,immutable_l2,clbr_uncached,200,0.995,0.99,0.005,0.8647123534586902,1.4371859296482412,1.0,0.012222400003338407,0.061112000016692036,9
adult_income,income and employment,61,5,1.0,immutable_top3_l1,nn_positive_train,200,0.985,0.985,0.0,2.87339927571143,2.1319796954314723,1.0,0.009624799994526256,0.04812399997263128,9
adult_income,income and employment,61,5,1.0,immutable_top3_l1,leaf_centroid,200,0.7,0.7,0.0,2.674092582534469,2.8857142857142857,1.0,0.03601400000479771,0.18007000002398854,9
adult_income,income and employment,61,5,1.0,immutable_top3_l1,raw_leaf_projection,200,0.965,0.965,0.0,0.9804454707314314,1.4300518134715026,1.0,0.009460900001613481,0.04730450000806741,9
adult_income,income and employment,61,5,1.0,immutable_top3_l1,clbr,200,0.995,0.965,0.03,1.0858518082929574,1.4522613065326633,1.0,0.010589000008621952,0.05294500004310976,9
adult_income,income and employment,61,5,1.0,immutable_top3_l1,metric_leaf_projection,200,0.925,0.925,0.0,0.5921941213674015,1.2486486486486486,1.0,0.008066599996709556,0.04033299998354778,9
adult_income,income and employment,61,5,1.0,immutable_top3_l1,metric_clbr,200,0.995,0.925,0.07,0.869581115114502,1.3517587939698492,1.0,0.014615299999604758,0.07307649999802379,9
adult_income,income and employment,61,5,1.0,immutable_top3_l1,exact_leaf,200,1.0,1.0,0.0,0.6469669120500089,1.25,1.0,0.06140559999948891,0.30702799999744457,9
adult_income,income and employment,61,5,1.0,immutable_top3_l1,exact_leaf_cached,200,1.0,1.0,0.0,0.6469669120500089,1.25,1.0,0.01751239999612153,0.08756199998060765,9
adult_income,income and employment,61,5,1.0,immutable_top3_l1,native_exact_k_sparse,200,1.0,1.0,0.0,0.6092975958026746,1.24,1.0,0.017649300004450197,0.08824650002225098,9
adult_income,income and employment,61,5,1.0,immutable_top3_l1,clbr_uncached,200,0.995,0.965,0.03,1.0858518082929574,1.4522613065326633,1.0,0.014247700003579666,0.07123850001789833,9
adult_income,income and employment,73,5,0.0,free_l2,nn_positive_train,200,1.0,1.0,0.0,2.9040469856681375,3.945,0.145,0.009044499996889499,0.045222499984447495,10
adult_income,income and employment,73,5,0.0,free_l2,leaf_centroid,200,1.0,1.0,0.0,3.6251783511762357,5.015,0.0,0.037573200002952944,0.18786600001476472,10
adult_income,income and employment,73,5,0.0,free_l2,raw_leaf_projection,200,1.0,1.0,0.0,1.6356303593772026,1.945,1.0,0.008708399997885863,0.043541999989429314,10
adult_income,income and employment,73,5,0.0,free_l2,clbr,200,1.0,1.0,0.0,1.6356303593772026,1.945,1.0,0.007912799993391673,0.03956399996695836,10
adult_income,income and employment,73,5,0.0,free_l2,metric_leaf_projection,200,1.0,1.0,0.0,0.6183921973818675,1.005,1.0,0.008447500008514908,0.04223750004257454,10
adult_income,income and employment,73,5,0.0,free_l2,metric_clbr,200,1.0,1.0,0.0,0.6183921973818675,1.005,1.0,0.00779499999316613,0.03897499996583065,10
adult_income,income and employment,73,5,0.0,free_l2,exact_leaf,200,1.0,1.0,0.0,0.6183921973818675,1.005,1.0,0.06325400000150694,0.3162700000075347,10
adult_income,income and employment,73,5,0.0,free_l2,exact_leaf_cached,200,1.0,1.0,0.0,0.6183921973818675,1.005,1.0,0.016970300003777083,0.08485150001888542,10
adult_income,income and employment,73,5,0.0,free_l2,native_exact_k_sparse,200,1.0,1.0,0.0,0.6183921973818675,1.005,1.0,0.016128899996147084,0.08064449998073542,10
adult_income,income and employment,73,5,0.0,free_l2,clbr_uncached,200,1.0,1.0,0.0,1.6356303593772026,1.945,1.0,0.011970799998380244,0.05985399999190122,10
adult_income,income and employment,73,5,0.0,immutable_l2,nn_positive_train,200,0.695,0.695,0.0,2.5111549963723268,1.9424460431654675,1.0,0.008714399995369604,0.04357199997684802,10
adult_income,income and employment,73,5,0.0,immutable_l2,leaf_centroid,200,0.925,0.925,0.0,2.697570918185531,3.016216216216216,0.9675675675675676,0.037591100005556655,0.18795550002778327,10
adult_income,income and employment,73,5,0.0,immutable_l2,raw_leaf_projection,200,0.665,0.665,0.0,1.5856329120062793,1.5714285714285714,1.0,0.009234100006324297,0.046170500031621486,10
adult_income,income and employment,73,5,0.0,immutable_l2,clbr,200,0.695,0.665,0.03,1.6468184098215268,1.6402877697841727,0.9928057553956835,0.013798699995277275,0.06899349997638637,10
adult_income,income and employment,73,5,0.0,immutable_l2,metric_leaf_projection,200,0.985,0.985,0.0,0.624118168767136,1.0,1.0,0.008409799993387423,0.04204899996693712,10
adult_income,income and employment,73,5,0.0,immutable_l2,metric_clbr,200,0.985,0.985,0.0,0.624118168767136,1.0,1.0,0.008539900000869238,0.04269950000434619,10
adult_income,income and employment,73,5,0.0,immutable_l2,exact_leaf,200,1.0,1.0,0.0,0.6244422767331868,1.0,1.0,0.0653608999973585,0.3268044999867925,10
adult_income,income and employment,73,5,0.0,immutable_l2,exact_leaf_cached,200,1.0,1.0,0.0,0.6244422767331868,1.0,1.0,0.0170140000009269,0.0850700000046345,10
adult_income,income and employment,73,5,0.0,immutable_l2,native_exact_k_sparse,200,1.0,1.0,0.0,0.6244422767331868,1.0,1.0,0.016324600004736567,0.08162300002368283,10
adult_income,income and employment,73,5,0.0,immutable_l2,clbr_uncached,200,0.695,0.665,0.03,1.6468184098215268,1.6402877697841727,0.9928057553956835,0.017513600004349428,0.08756800002174714,10
adult_income,income and employment,73,5,0.0,immutable_top3_l1,nn_positive_train,200,0.695,0.695,0.0,3.304067565263544,1.9424460431654675,1.0,0.008544400009668607,0.042722000048343034,10
adult_income,income and employment,73,5,0.0,immutable_top3_l1,leaf_centroid,200,0.72,0.72,0.0,3.119669691899295,2.8541666666666665,1.0,0.038743900002373266,0.19371950001186633,10
adult_income,income and employment,73,5,0.0,immutable_top3_l1,raw_leaf_projection,200,0.645,0.645,0.0,1.9445590582187187,1.565891472868217,1.0,0.008616999992227647,0.04308499996113824,10
adult_income,income and employment,73,5,0.0,immutable_top3_l1,clbr,200,0.695,0.645,0.05,2.098664265428562,1.618705035971223,1.0,0.013567499996497645,0.06783749998248823,10
adult_income,income and employment,73,5,0.0,immutable_top3_l1,metric_leaf_projection,200,0.935,0.935,0.0,0.6229627036475256,1.0,1.0,0.0076187000013305806,0.0380935000066529,10
adult_income,income and employment,73,5,0.0,immutable_top3_l1,metric_clbr,200,0.965,0.935,0.03,0.8025807187473791,1.0621761658031088,1.0,0.009494699994320399,0.047473499971601996,10
adult_income,income and employment,73,5,0.0,immutable_top3_l1,exact_leaf,200,1.0,1.0,0.0,0.7594376329642131,1.02,1.0,0.061812099995222525,0.3090604999761126,10
adult_income,income and employment,73,5,0.0,immutable_top3_l1,exact_leaf_cached,200,1.0,1.0,0.0,0.7594376329642131,1.02,1.0,0.017024699992362002,0.08512349996181001,10
adult_income,income and employment,73,5,0.0,immutable_top3_l1,native_exact_k_sparse,200,1.0,1.0,0.0,0.6244422767331868,1.0,1.0,0.01680809999925259,0.08404049999626295,10
adult_income,income and employment,73,5,0.0,immutable_top3_l1,clbr_uncached,200,0.695,0.645,0.05,2.098664265428562,1.618705035971223,1.0,0.019669300007990387,0.09834650003995193,10
adult_income,income and employment,73,5,1.0,free_l2,nn_positive_train,200,1.0,1.0,0.0,2.691862498554069,4.17,0.035,0.008818199998131604,0.04409099999065802,10
adult_income,income and employment,73,5,1.0,free_l2,leaf_centroid,200,1.0,1.0,0.0,3.420748772523565,5.015,0.0,0.041720899993379135,0.20860449996689567,10
adult_income,income and employment,73,5,1.0,free_l2,raw_leaf_projection,200,1.0,1.0,0.0,1.0978920425048972,1.375,1.0,0.009077099999558413,0.04538549999779207,10
adult_income,income and employment,73,5,1.0,free_l2,clbr,200,1.0,1.0,0.0,1.0978920425048972,1.375,1.0,0.008657800006403704,0.04328900003201852,10
adult_income,income and employment,73,5,1.0,free_l2,metric_leaf_projection,200,1.0,1.0,0.0,0.5805945373236786,1.025,1.0,0.00921359999483684,0.046067999974184204,10
adult_income,income and employment,73,5,1.0,free_l2,metric_clbr,200,1.0,1.0,0.0,0.5805945373236786,1.025,1.0,0.008304899992253922,0.04152449996126961,10
adult_income,income and employment,73,5,1.0,free_l2,exact_leaf,200,1.0,1.0,0.0,0.5805945373236786,1.025,1.0,0.0641845000009198,0.320922500004599,10
adult_income,income and employment,73,5,1.0,free_l2,exact_leaf_cached,200,1.0,1.0,0.0,0.5805945373236786,1.025,1.0,0.017511000000013155,0.08755500000006577,10
adult_income,income and employment,73,5,1.0,free_l2,native_exact_k_sparse,200,1.0,1.0,0.0,0.5805945373236786,1.025,1.0,0.01628260000325099,0.08141300001625495,10
adult_income,income and employment,73,5,1.0,free_l2,clbr_uncached,200,1.0,1.0,0.0,1.0978920425048972,1.375,1.0,0.012179600007584668,0.06089800003792334,10
adult_income,income and employment,73,5,1.0,immutable_l2,nn_positive_train,200,1.0,1.0,0.0,2.333759410703364,2.17,0.995,0.009065199995347939,0.045325999976739695,10
adult_income,income and employment,73,5,1.0,immutable_l2,leaf_centroid,200,1.0,1.0,0.0,2.5084109755925543,3.015,0.985,0.03965279999556515,0.19826399997782573,10
adult_income,income and employment,73,5,1.0,immutable_l2,raw_leaf_projection,200,1.0,1.0,0.0,1.0978920425048972,1.375,1.0,0.009872600003291154,0.04936300001645577,10
adult_income,income and employment,73,5,1.0,immutable_l2,clbr,200,1.0,1.0,0.0,1.0978920425048972,1.375,1.0,0.008445599997685349,0.042227999988426745,10
adult_income,income and employment,73,5,1.0,immutable_l2,metric_leaf_projection,200,1.0,1.0,0.0,0.5805945373236786,1.025,1.0,0.009148699997240328,0.04574349998620164,10
adult_income,income and employment,73,5,1.0,immutable_l2,metric_clbr,200,1.0,1.0,0.0,0.5805945373236786,1.025,1.0,0.008333800005857483,0.04166900002928742,10
adult_income,income and employment,73,5,1.0,immutable_l2,exact_leaf,200,1.0,1.0,0.0,0.5805945373236786,1.025,1.0,0.06855110001106368,0.3427555000553184,10
adult_income,income and employment,73,5,1.0,immutable_l2,exact_leaf_cached,200,1.0,1.0,0.0,0.5805945373236786,1.025,1.0,0.017281600007663656,0.08640800003831828,10
adult_income,income and employment,73,5,1.0,immutable_l2,native_exact_k_sparse,200,1.0,1.0,0.0,0.5805945373236786,1.025,1.0,0.016841699999531556,0.08420849999765778,10
adult_income,income and employment,73,5,1.0,immutable_l2,clbr_uncached,200,1.0,1.0,0.0,1.0978920425048972,1.375,1.0,0.012083800003892975,0.060419000019464875,10
adult_income,income and employment,73,5,1.0,immutable_top3_l1,nn_positive_train,200,1.0,1.0,0.0,3.05767493253376,2.165,1.0,0.009597799998118717,0.047988999990593584,10
adult_income,income and employment,73,5,1.0,immutable_top3_l1,leaf_centroid,200,0.755,0.755,0.0,2.797950311892792,2.8543046357615895,1.0,0.039684799997303344,0.19842399998651672,10
adult_income,income and employment,73,5,1.0,immutable_top3_l1,raw_leaf_projection,200,0.94,0.94,0.0,1.2456274053605665,1.377659574468085,1.0,0.008998099991003983,0.044990499955019914,10
adult_income,income and employment,73,5,1.0,immutable_top3_l1,clbr,200,1.0,0.94,0.06,1.441337788736742,1.425,1.0,0.012552799998957198,0.06276399999478599,10
adult_income,income and employment,73,5,1.0,immutable_top3_l1,metric_leaf_projection,200,0.91,0.91,0.0,0.5784071652870599,1.0054945054945055,1.0,0.008638399998744717,0.043191999993723584,10
adult_income,income and employment,73,5,1.0,immutable_top3_l1,metric_clbr,200,1.0,0.91,0.09,1.0308022413600417,1.185,1.0,0.014000199998918106,0.07000099999459053,10
adult_income,income and employment,73,5,1.0,immutable_top3_l1,exact_leaf,200,1.0,1.0,0.0,0.6417278667509284,1.05,1.0,0.07168209999690589,0.35841049998452945,10
adult_income,income and employment,73,5,1.0,immutable_top3_l1,exact_leaf_cached,200,1.0,1.0,0.0,0.6417278667509284,1.05,1.0,0.01890739999998914,0.09453699999994569,10
adult_income,income and employment,73,5,1.0,immutable_top3_l1,native_exact_k_sparse,200,1.0,1.0,0.0,0.5844658033965712,1.005,1.0,0.018336800000724907,0.09168400000362453,10
adult_income,income and employment,73,5,1.0,immutable_top3_l1,clbr_uncached,200,1.0,0.94,0.06,1.441337788736742,1.425,1.0,0.01760699999431381,0.08803499997156905,10
adult_income,income and employment,89,5,0.0,free_l2,nn_positive_train,200,1.0,1.0,0.0,2.586259408189701,3.93,0.15,0.009665599995969387,0.048327999979846936,9
adult_income,income and employment,89,5,0.0,free_l2,leaf_centroid,200,1.0,1.0,0.0,4.028303665365266,5.095,0.0,0.03670860000329412,0.18354300001647061,9
adult_income,income and employment,89,5,0.0,free_l2,raw_leaf_projection,200,1.0,1.0,0.0,1.2010658167690678,1.885,1.0,0.00918799999908515,0.04593999999542575,9
adult_income,income and employment,89,5,0.0,free_l2,clbr,200,1.0,1.0,0.0,1.2010658167690678,1.885,1.0,0.00882629999796336,0.0441314999898168,9
adult_income,income and employment,89,5,0.0,free_l2,metric_leaf_projection,200,1.0,1.0,0.0,0.5290931209092018,1.06,1.0,0.008685500000865432,0.04342750000432716,9
adult_income,income and employment,89,5,0.0,free_l2,metric_clbr,200,1.0,1.0,0.0,0.5290931209092018,1.06,1.0,0.008366999998543179,0.04183499999271589,9
adult_income,income and employment,89,5,0.0,free_l2,exact_leaf,200,1.0,1.0,0.0,0.5290931209092018,1.06,1.0,0.06257970000842761,0.31289850004213804,9
adult_income,income and employment,89,5,0.0,free_l2,exact_leaf_cached,200,1.0,1.0,0.0,0.5290931209092018,1.06,1.0,0.0176965999926324,0.088482999963162,9
adult_income,income and employment,89,5,0.0,free_l2,native_exact_k_sparse,200,1.0,1.0,0.0,0.5290931209092018,1.06,1.0,0.01714790000278299,0.08573950001391495,9
adult_income,income and employment,89,5,0.0,free_l2,clbr_uncached,200,1.0,1.0,0.0,1.2010658167690678,1.885,1.0,0.011951000000408385,0.059755000002041925,9
adult_income,income and employment,89,5,0.0,immutable_l2,nn_positive_train,200,0.69,0.69,0.0,2.250062145901318,1.9420289855072463,1.0,0.008998400007840246,0.04499200003920123,9
adult_income,income and employment,89,5,0.0,immutable_l2,leaf_centroid,200,0.89,0.89,0.0,3.577993377433112,3.0898876404494384,0.9044943820224719,0.037445000001753215,0.18722500000876607,9
adult_income,income and employment,89,5,0.0,immutable_l2,raw_leaf_projection,200,0.67,0.67,0.0,1.1419925383400995,1.5597014925373134,1.0,0.009154800003670971,0.045774000018354855,9
adult_income,income and employment,89,5,0.0,immutable_l2,clbr,200,0.69,0.67,0.02,1.2025487196533413,1.5869565217391304,1.0,0.013989100008075184,0.06994550004037592,9
adult_income,income and employment,89,5,0.0,immutable_l2,metric_leaf_projection,200,0.945,0.945,0.0,0.5392142386315473,1.0317460317460319,1.0,0.008384299993849709,0.041921499969248543,9
adult_income,income and employment,89,5,0.0,immutable_l2,metric_clbr,200,0.945,0.945,0.0,0.5392142386315473,1.0317460317460319,1.0,0.009453400012716884,0.04726700006358442,9
adult_income,income and employment,89,5,0.0,immutable_l2,exact_leaf,200,1.0,1.0,0.0,0.541076841504971,1.03,1.0,0.06461150000359339,0.32305750001796696,9
adult_income,income and employment,89,5,0.0,immutable_l2,exact_leaf_cached,200,1.0,1.0,0.0,0.541076841504971,1.03,1.0,0.018455499988704105,0.09227749994352052,9
adult_income,income and employment,89,5,0.0,immutable_l2,native_exact_k_sparse,200,1.0,1.0,0.0,0.541076841504971,1.03,1.0,0.01730479999241652,0.0865239999620826,9
adult_income,income and employment,89,5,0.0,immutable_l2,clbr_uncached,200,0.69,0.67,0.02,1.2025487196533413,1.5869565217391304,1.0,0.017003999992084573,0.08501999996042287,9
adult_income,income and employment,89,5,0.0,immutable_top3_l1,nn_positive_train,200,0.69,0.69,0.0,2.929428180415674,1.9420289855072463,1.0,0.01003619999755756,0.0501809999877878,9
adult_income,income and employment,89,5,0.0,immutable_top3_l1,leaf_centroid,200,0.725,0.725,0.0,2.898019885375507,2.627586206896552,1.0,0.035197100003642845,0.17598550001821422,9
adult_income,income and employment,89,5,0.0,immutable_top3_l1,raw_leaf_projection,200,0.655,0.655,0.0,1.3287580983563412,1.5648854961832062,1.0,0.00912000000334956,0.0456000000167478,9
adult_income,income and employment,89,5,0.0,immutable_top3_l1,clbr,200,0.69,0.655,0.035,1.49640829923173,1.6014492753623188,1.0,0.013885900010791374,0.06942950005395687,9
adult_income,income and employment,89,5,0.0,immutable_top3_l1,metric_leaf_projection,200,0.94,0.94,0.0,0.5436189141348752,1.0265957446808511,1.0,0.007835200000045006,0.03917600000022503,9
adult_income,income and employment,89,5,0.0,immutable_top3_l1,metric_clbr,200,0.965,0.94,0.025,0.7136848632495162,1.072538860103627,1.0,0.010412899994662439,0.052064499973312195,9
adult_income,income and employment,89,5,0.0,immutable_top3_l1,exact_leaf,200,1.0,1.0,0.0,0.6059608473544097,1.035,1.0,0.06166269999994256,0.3083134999997128,9
adult_income,income and employment,89,5,0.0,immutable_top3_l1,exact_leaf_cached,200,1.0,1.0,0.0,0.6059608473544097,1.035,1.0,0.018447399994329317,0.09223699997164658,9
adult_income,income and employment,89,5,0.0,immutable_top3_l1,native_exact_k_sparse,200,1.0,1.0,0.0,0.5445694621481036,1.025,1.0,0.018303399995602376,0.09151699997801188,9
adult_income,income and employment,89,5,0.0,immutable_top3_l1,clbr_uncached,200,0.69,0.655,0.035,1.49640829923173,1.6014492753623188,1.0,0.01772470000469184,0.0886235000234592,9
adult_income,income and employment,89,5,1.0,free_l2,nn_positive_train,200,1.0,1.0,0.0,2.6171042716169097,4.16,0.01,0.009076900004401978,0.04538450002200989,9
adult_income,income and employment,89,5,1.0,free_l2,leaf_centroid,200,1.0,1.0,0.0,3.920693855749757,5.035,0.0,0.03578220000690635,0.17891100003453175,9
adult_income,income and employment,89,5,1.0,free_l2,raw_leaf_projection,200,1.0,1.0,0.0,0.8549237335242249,1.165,1.0,0.00895780000155355,0.044789000007767754,9
adult_income,income and employment,89,5,1.0,free_l2,clbr,200,1.0,1.0,0.0,0.8549237335242249,1.165,1.0,0.008237600004576962,0.04118800002288481,9
adult_income,income and employment,89,5,1.0,free_l2,metric_leaf_projection,200,1.0,1.0,0.0,0.40992283840225113,1.025,1.0,0.008815200011667912,0.04407600005833956,9
adult_income,income and employment,89,5,1.0,free_l2,metric_clbr,200,1.0,1.0,0.0,0.40992283840225113,1.025,1.0,0.008417399999416375,0.042086999997081875,9
adult_income,income and employment,89,5,1.0,free_l2,exact_leaf,200,1.0,1.0,0.0,0.40992283840225113,1.025,1.0,0.06186019999222481,0.30930099996112403,9
adult_income,income and employment,89,5,1.0,free_l2,exact_leaf_cached,200,1.0,1.0,0.0,0.40992283840225113,1.025,1.0,0.017879399998491863,0.08939699999245931,9
adult_income,income and employment,89,5,1.0,free_l2,native_exact_k_sparse,200,1.0,1.0,0.0,0.40992283840225113,1.025,1.0,0.01759550000406307,0.08797750002031535,9
adult_income,income and employment,89,5,1.0,free_l2,clbr_uncached,200,1.0,1.0,0.0,0.8549237335242249,1.165,1.0,0.012400400010847079,0.062002000054235396,9
adult_income,income and employment,89,5,1.0,immutable_l2,nn_positive_train,200,1.0,1.0,0.0,2.248283056288855,2.16,0.995,0.009719799997583323,0.04859899998791661,9
adult_income,income and employment,89,5,1.0,immutable_l2,leaf_centroid,200,1.0,1.0,0.0,3.133422040768345,3.035,0.965,0.03719860000273911,0.18599300001369556,9
adult_income,income and employment,89,5,1.0,immutable_l2,raw_leaf_projection,200,1.0,1.0,0.0,0.8549237335242249,1.165,1.0,0.009662600000410748,0.04831300000205374,9
adult_income,income and employment,89,5,1.0,immutable_l2,clbr,200,1.0,1.0,0.0,0.8549237335242249,1.165,1.0,0.008125499994093843,0.040627499970469216,9
adult_income,income and employment,89,5,1.0,immutable_l2,metric_leaf_projection,200,1.0,1.0,0.0,0.40992283840225113,1.025,1.0,0.008540700001503865,0.042703500007519324,9
adult_income,income and employment,89,5,1.0,immutable_l2,metric_clbr,200,1.0,1.0,0.0,0.40992283840225113,1.025,1.0,0.008572100004130334,0.04286050002065167,9
adult_income,income and employment,89,5,1.0,immutable_l2,exact_leaf,200,1.0,1.0,0.0,0.40992283840225113,1.025,1.0,0.06719179999618063,0.3359589999809032,9
adult_income,income and employment,89,5,1.0,immutable_l2,exact_leaf_cached,200,1.0,1.0,0.0,0.40992283840225113,1.025,1.0,0.020185799990031228,0.10092899995015614,9
adult_income,income and employment,89,5,1.0,immutable_l2,native_exact_k_sparse,200,1.0,1.0,0.0,0.40992283840225113,1.025,1.0,0.01960959999360057,0.09804799996800284,9
adult_income,income and employment,89,5,1.0,immutable_l2,clbr_uncached,200,1.0,1.0,0.0,0.8549237335242249,1.165,1.0,0.01217450000149256,0.060872500007462804,9
adult_income,income and employment,89,5,1.0,immutable_top3_l1,nn_positive_train,200,1.0,1.0,0.0,2.8917977615194883,2.155,1.0,0.00912140000036743,0.04560700000183715,9
adult_income,income and employment,89,5,1.0,immutable_top3_l1,leaf_centroid,200,0.895,0.895,0.0,3.5873638532008543,2.793296089385475,1.0,0.03591249999590218,0.1795624999795109,9
adult_income,income and employment,89,5,1.0,immutable_top3_l1,raw_leaf_projection,200,0.995,0.995,0.0,0.9095698278160839,1.1658291457286432,1.0,0.008765899993704807,0.04382949996852403,9
adult_income,income and employment,89,5,1.0,immutable_top3_l1,clbr,200,1.0,0.995,0.005,0.9323664279553018,1.17,1.0,0.008332999998856394,0.04166499999428197,9
adult_income,income and employment,89,5,1.0,immutable_top3_l1,metric_leaf_projection,200,0.975,0.975,0.0,0.4103777528165732,1.0,1.0,0.0081741999993028,0.040870999996514,9
adult_income,income and employment,89,5,1.0,immutable_top3_l1,metric_clbr,200,1.0,0.975,0.025,0.5249784420726096,1.045,1.0,0.009500100003606349,0.047500500018031744,9
adult_income,income and employment,89,5,1.0,immutable_top3_l1,exact_leaf,200,1.0,1.0,0.0,0.4320441486797569,1.015,1.0,0.06194509999750153,0.30972549998750765,9
adult_income,income and employment,89,5,1.0,immutable_top3_l1,exact_leaf_cached,200,1.0,1.0,0.0,0.4320441486797569,1.015,1.0,0.017336500004603295,0.08668250002301647,9
adult_income,income and employment,89,5,1.0,immutable_top3_l1,native_exact_k_sparse,200,1.0,1.0,0.0,0.41379229012634,1.0,1.0,0.017507299991848413,0.08753649995924206,9
adult_income,income and employment,89,5,1.0,immutable_top3_l1,clbr_uncached,200,1.0,0.995,0.005,0.9323664279553018,1.17,1.0,0.013020999988839321,0.0651049999441966,9
german_credit,credit approval,7,5,0.0,free_l2,nn_positive_train,58,1.0,1.0,0.0,2.7911958929936658,4.810344827586207,0.10344827586206896,0.002751199999693199,0.047434482753331016,17
german_credit,credit approval,7,5,0.0,free_l2,leaf_centroid,58,1.0,1.0,0.0,2.6650050976740576,6.551724137931035,0.0,0.009706899997581786,0.16736034478589287,17
german_credit,credit approval,7,5,0.0,free_l2,raw_leaf_projection,58,1.0,1.0,0.0,0.7943728151472234,1.0862068965517242,1.0,0.0030280000009952346,0.05220689656888335,17
german_credit,credit approval,7,5,0.0,free_l2,clbr,58,1.0,1.0,0.0,0.7943728151472234,1.0862068965517242,1.0,0.0022971000025791,0.03960517245826035,17
german_credit,credit approval,7,5,0.0,free_l2,metric_leaf_projection,58,1.0,1.0,0.0,0.24076121116136992,1.0689655172413792,1.0,0.002773700000034296,0.04782241379369476,17
german_credit,credit approval,7,5,0.0,free_l2,metric_clbr,58,1.0,1.0,0.0,0.24076121116136992,1.0689655172413792,1.0,0.0026983000007021474,0.04652241380520944,17
german_credit,credit approval,7,5,0.0,free_l2,exact_leaf,58,1.0,1.0,0.0,0.24076121116136992,1.0689655172413792,1.0,0.03313520000210701,0.5712965517604658,17
german_credit,credit approval,7,5,0.0,free_l2,exact_leaf_cached,58,1.0,1.0,0.0,0.24076121116136992,1.0689655172413792,1.0,0.005048800001532072,0.087048275888484,17
german_credit,credit approval,7,5,0.0,free_l2,native_exact_k_sparse,58,1.0,1.0,0.0,0.24076121116136992,1.0689655172413792,1.0,0.004709199992248614,0.08119310331463127,17
german_credit,credit approval,7,5,0.0,free_l2,clbr_uncached,58,1.0,1.0,0.0,0.7943728151472234,1.0862068965517242,1.0,0.004327200002990139,0.07460689660327827,17
german_credit,credit approval,7,5,0.0,immutable_l2,nn_positive_train,58,0.6379310344827587,0.6379310344827587,0.0,1.9979075914011561,3.054054054054054,0.6756756756756757,0.003204699995876581,0.055253448204768636,17
german_credit,credit approval,7,5,0.0,immutable_l2,leaf_centroid,58,0.7758620689655172,0.7758620689655172,0.0,1.9539456678648284,3.977777777777778,0.022222222222222223,0.011027399998056353,0.1901275861733854,17
german_credit,credit approval,7,5,0.0,immutable_l2,raw_leaf_projection,58,0.7068965517241379,0.7068965517241379,0.0,0.9215555418258349,1.0,1.0,0.0028030999965267256,0.04832931028494354,17
german_credit,credit approval,7,5,0.0,immutable_l2,clbr,58,0.8275862068965517,0.7068965517241379,0.1206896551724138,0.975203365815962,1.25,0.9791666666666666,0.005438499997580948,0.09376724133760254,17
german_credit,credit approval,7,5,0.0,immutable_l2,metric_leaf_projection,58,0.5862068965517241,0.5862068965517241,0.0,0.26098329701316975,1.0294117647058822,1.0,0.0024319000040122773,0.04192931041400478,17
german_credit,credit approval,7,5,0.0,immutable_l2,metric_clbr,58,0.8275862068965517,0.5862068965517241,0.2413793103448276,0.4609787735097533,1.625,0.8958333333333334,0.008738200001971563,0.15065862072364763,17
german_credit,credit approval,7,5,0.0,immutable_l2,exact_leaf,58,1.0,1.0,0.0,0.3739525384535326,1.0689655172413792,1.0,0.034106099998098216,0.5880362068637623,17
german_credit,credit approval,7,5,0.0,immutable_l2,exact_leaf_cached,58,1.0,1.0,0.0,0.3739525384535326,1.0689655172413792,1.0,0.006802499995501421,0.11728448268105898,17
german_credit,credit approval,7,5,0.0,immutable_l2,native_exact_k_sparse,58,1.0,1.0,0.0,0.3739525384535326,1.0689655172413792,1.0,0.0051947999991170946,0.0895655172261568,17
german_credit,credit approval,7,5,0.0,immutable_l2,clbr_uncached,58,0.8275862068965517,0.7068965517241379,0.1206896551724138,0.975203365815962,1.25,0.9791666666666666,0.0070270999958665925,0.12115689648045849,17
german_credit,credit approval,7,5,0.0,immutable_top3_l1,nn_positive_train,58,0.6379310344827587,0.6379310344827587,0.0,2.2757837007357375,2.72972972972973,1.0,0.002558399999543326,0.044110344819712516,17
german_credit,credit approval,7,5,0.0,immutable_top3_l1,leaf_centroid,58,0.7068965517241379,0.7068965517241379,0.0,2.410607786419656,3.0,1.0,0.009728200000608922,0.1677275862173952,17
german_credit,credit approval,7,5,0.0,immutable_top3_l1,raw_leaf_projection,58,0.5172413793103449,0.5172413793103449,0.0,0.9588858424260571,1.0,1.0,0.0024496999985785806,0.04223620687204449,17
german_credit,credit approval,7,5,0.0,immutable_top3_l1,clbr,58,0.7586206896551724,0.5172413793103449,0.2413793103448276,1.070172992512334,1.5227272727272727,1.0,0.0068542000008164905,0.11817586208304294,17
german_credit,credit approval,7,5,0.0,immutable_top3_l1,metric_leaf_projection,58,0.5862068965517241,0.5862068965517241,0.0,0.2798274807135389,1.0294117647058822,1.0,0.0021997000030751224,0.03792586212198487,17
german_credit,credit approval,7,5,0.0,immutable_top3_l1,metric_clbr,58,0.8275862068965517,0.5862068965517241,0.2413793103448276,0.5343348950363463,1.5208333333333333,1.0,0.006621399996220134,0.11416206890034714,17
german_credit,credit approval,7,5,0.0,immutable_top3_l1,exact_leaf,58,1.0,1.0,0.0,0.3980008993345893,1.0689655172413792,1.0,0.02889950000007957,0.49826724138068224,17
german_credit,credit approval,7,5,0.0,immutable_top3_l1,exact_leaf_cached,58,1.0,1.0,0.0,0.3980008993345893,1.0689655172413792,1.0,0.005139200000485289,0.08860689656009119,17
german_credit,credit approval,7,5,0.0,immutable_top3_l1,native_exact_k_sparse,58,1.0,1.0,0.0,0.3869477072534952,1.0689655172413792,1.0,0.004884699998910946,0.0842189654984646,17
german_credit,credit approval,7,5,0.0,immutable_top3_l1,clbr_uncached,58,0.7586206896551724,0.5172413793103449,0.2413793103448276,1.070172992512334,1.5227272727272727,1.0,0.009123199999521603,0.15729655171588972,17
german_credit,credit approval,7,5,1.0,free_l2,nn_positive_train,150,1.0,1.0,0.0,3.5156969026180076,5.36,0.013333333333333334,0.007204800000181422,0.048032000001209475,17
german_credit,credit approval,7,5,1.0,free_l2,leaf_centroid,150,1.0,1.0,0.0,3.4222578612369747,6.58,0.0,0.0277633000005153,0.18508866667010201,17
german_credit,credit approval,7,5,1.0,free_l2,raw_leaf_projection,150,1.0,1.0,0.0,1.039483512275087,1.1,1.0,0.007474600000932696,0.04983066667288464,17
german_credit,credit approval,7,5,1.0,free_l2,clbr,150,1.0,1.0,0.0,1.039483512275087,1.1,1.0,0.006240400000024238,0.04160266666682825,17
german_credit,credit approval,7,5,1.0,free_l2,metric_leaf_projection,150,1.0,1.0,0.0,0.24819709701014497,1.1933333333333334,1.0,0.006189799996718648,0.04126533331145765,17
german_credit,credit approval,7,5,1.0,free_l2,metric_clbr,150,1.0,1.0,0.0,0.24819709701014497,1.1933333333333334,1.0,0.006063599995286495,0.04042399996857663,17
german_credit,credit approval,7,5,1.0,free_l2,exact_leaf,150,1.0,1.0,0.0,0.24819709701014497,1.1933333333333334,1.0,0.08127429999967717,0.5418286666645145,17
german_credit,credit approval,7,5,1.0,free_l2,exact_leaf_cached,150,1.0,1.0,0.0,0.24819709701014497,1.1933333333333334,1.0,0.013841500002854445,0.0922766666856963,17
german_credit,credit approval,7,5,1.0,free_l2,native_exact_k_sparse,150,1.0,1.0,0.0,0.24819709701014497,1.1933333333333334,1.0,0.013144300000931253,0.08762866667287501,17
german_credit,credit approval,7,5,1.0,free_l2,clbr_uncached,150,1.0,1.0,0.0,1.039483512275087,1.1,1.0,0.012382199990497611,0.08254799993665074,17
german_credit,credit approval,7,5,1.0,immutable_l2,nn_positive_train,150,0.6266666666666667,0.6266666666666667,0.0,2.786538820616269,3.4893617021276597,0.5106382978723404,0.006767299996681686,0.04511533331121124,17
german_credit,credit approval,7,5,1.0,immutable_l2,leaf_centroid,150,0.8,0.8,0.0,2.848590765517662,3.9916666666666667,0.008333333333333333,0.026804799997989903,0.17869866665326603,17
german_credit,credit approval,7,5,1.0,immutable_l2,raw_leaf_projection,150,0.6866666666666666,0.6866666666666666,0.0,1.427283475281955,1.058252427184466,1.0,0.006609100001696788,0.04406066667797859,17
german_credit,credit approval,7,5,1.0,immutable_l2,clbr,150,0.82,0.6866666666666666,0.13333333333333333,1.5108904517996045,1.4390243902439024,0.9349593495934959,0.013738000005105278,0.09158666670070185,17
german_credit,credit approval,7,5,1.0,immutable_l2,metric_leaf_projection,150,0.5266666666666666,0.5266666666666666,0.0,0.21457374244711575,1.1645569620253164,1.0,0.006940100004612759,0.04626733336408506,17
german_credit,credit approval,7,5,1.0,immutable_l2,metric_clbr,150,0.7733333333333333,0.5266666666666666,0.24666666666666667,0.6907284790745677,1.9137931034482758,0.8362068965517241,0.019194300006347476,0.1279620000423165,17
german_credit,credit approval,7,5,1.0,immutable_l2,exact_leaf,150,1.0,1.0,0.0,0.48292499297946384,1.24,1.0,0.08065079999141744,0.5376719999427829,17
german_credit,credit approval,7,5,1.0,immutable_l2,exact_leaf_cached,150,1.0,1.0,0.0,0.48292499297946384,1.24,1.0,0.013796400005048781,0.09197600003365854,17
german_credit,credit approval,7,5,1.0,immutable_l2,native_exact_k_sparse,150,1.0,1.0,0.0,0.48292499297946384,1.24,1.0,0.013629600000058417,0.09086400000038945,17
german_credit,credit approval,7,5,1.0,immutable_l2,clbr_uncached,150,0.82,0.6866666666666666,0.13333333333333333,1.5108904517996045,1.4390243902439024,0.9349593495934959,0.01912789999641973,0.12751933330946486,17
german_credit,credit approval,7,5,1.0,immutable_top3_l1,nn_positive_train,150,0.6266666666666667,0.6266666666666667,0.0,3.365975520051565,3.0,1.0,0.007727699995484727,0.05151799996989818,17
german_credit,credit approval,7,5,1.0,immutable_top3_l1,leaf_centroid,150,0.7266666666666667,0.7266666666666667,0.0,3.4955209902670594,3.0,1.0,0.02768350000224018,0.1845566666816012,17
german_credit,credit approval,7,5,1.0,immutable_top3_l1,raw_leaf_projection,150,0.6266666666666667,0.6266666666666667,0.0,1.4795202050881993,1.053191489361702,1.0,0.007308399997782544,0.04872266665188363,17
german_credit,credit approval,7,5,1.0,immutable_top3_l1,clbr,150,0.7866666666666666,0.6266666666666667,0.16,1.677054200734879,1.4491525423728813,1.0,0.014834100000371109,0.09889400000247406,17
german_credit,credit approval,7,5,1.0,immutable_top3_l1,metric_leaf_projection,150,0.4666666666666667,0.4666666666666667,0.0,0.22058149356314757,1.1428571428571428,1.0,0.006204499992236379,0.041363333281575855,17
german_credit,credit approval,7,5,1.0,immutable_top3_l1,metric_clbr,150,0.76,0.4666666666666667,0.29333333333333333,1.0326252340303677,1.8596491228070176,1.0,0.020952499998202256,0.13968333332134839,17
german_credit,credit approval,7,5,1.0,immutable_top3_l1,exact_leaf,150,1.0,1.0,0.0,0.626540457801104,1.22,1.0,0.07899500000530679,0.526633333368712,17
german_credit,credit approval,7,5,1.0,immutable_top3_l1,exact_leaf_cached,150,1.0,1.0,0.0,0.626540457801104,1.22,1.0,0.01318710000396095,0.08791400002640633,17
german_credit,credit approval,7,5,1.0,immutable_top3_l1,native_exact_k_sparse,150,1.0,1.0,0.0,0.5270719423180517,1.2266666666666666,1.0,0.013653199996952026,0.0910213333130135,17
german_credit,credit approval,7,5,1.0,immutable_top3_l1,clbr_uncached,150,0.7866666666666666,0.6266666666666667,0.16,1.677054200734879,1.4491525423728813,1.0,0.023534299999482755,0.15689533332988503,17
german_credit,credit approval,13,5,0.0,free_l2,nn_positive_train,65,1.0,1.0,0.0,3.068770614173311,4.938461538461539,0.046153846153846156,0.0029046999998172396,0.04468769230488061,14
german_credit,credit approval,13,5,0.0,free_l2,leaf_centroid,65,1.0,1.0,0.0,2.9728868207744132,6.630769230769231,0.0,0.010048599994661345,0.154593846071713,14
german_credit,credit approval,13,5,0.0,free_l2,raw_leaf_projection,65,1.0,1.0,0.0,0.635204636111944,1.1076923076923078,1.0,0.002800200001729536,0.043080000026608244,14
german_credit,credit approval,13,5,0.0,free_l2,clbr,65,1.0,1.0,0.0,0.635204636111944,1.1076923076923078,1.0,0.00254709999262559,0.03918615373270139,14
german_credit,credit approval,13,5,0.0,free_l2,metric_leaf_projection,65,1.0,1.0,0.0,0.19896943938023592,1.0153846153846153,1.0,0.002977900002406386,0.04581384619086748,14
german_credit,credit approval,13,5,0.0,free_l2,metric_clbr,65,1.0,1.0,0.0,0.19896943938023592,1.0153846153846153,1.0,0.0025295000050391536,0.03891538469291005,14
german_credit,credit approval,13,5,0.0,free_l2,exact_leaf,65,1.0,1.0,0.0,0.19896943938023592,1.0153846153846153,1.0,0.028505500001301698,0.43854615386617996,14
german_credit,credit approval,13,5,0.0,free_l2,exact_leaf_cached,65,1.0,1.0,0.0,0.19896943938023592,1.0153846153846153,1.0,0.005471499998748186,0.0841769230576644,14
german_credit,credit approval,13,5,0.0,free_l2,native_exact_k_sparse,65,1.0,1.0,0.0,0.19896943938023592,1.0153846153846153,1.0,0.005441999999675318,0.08372307691808181,14
german_credit,credit approval,13,5,0.0,free_l2,clbr_uncached,65,1.0,1.0,0.0,0.635204636111944,1.1076923076923078,1.0,0.004393099999106198,0.06758615383240305,14
german_credit,credit approval,13,5,0.0,immutable_l2,nn_positive_train,65,0.4153846153846154,0.4153846153846154,0.0,1.7822676275072118,3.037037037037037,0.7037037037037037,0.0035842000024786103,0.055141538499670927,14
german_credit,credit approval,13,5,0.0,immutable_l2,leaf_centroid,65,0.6461538461538462,0.6461538461538462,0.0,1.8851011597095675,3.9523809523809526,0.047619047619047616,0.010808000001816254,0.16627692310486544,14
german_credit,credit approval,13,5,0.0,immutable_l2,raw_leaf_projection,65,0.3230769230769231,0.3230769230769231,0.0,0.530917498812434,1.0,1.0,0.002976399997351109,0.04579076919001706,14
german_credit,credit approval,13,5,0.0,immutable_l2,clbr,65,0.49230769230769234,0.3230769230769231,0.16923076923076924,0.6125705564347519,1.625,0.9375,0.008624299995062756,0.13268153838558086,14
german_credit,credit approval,13,5,0.0,immutable_l2,metric_leaf_projection,65,0.7230769230769231,0.7230769230769231,0.0,0.2129503011158578,1.0212765957446808,1.0,0.0032177000002775458,0.04950307692734686,14
german_credit,credit approval,13,5,0.0,immutable_l2,metric_clbr,65,0.8153846153846154,0.7230769230769231,0.09230769230769231,0.32779523164081564,1.2830188679245282,0.9433962264150944,0.005195800002184114,0.07993538464898638,14
german_credit,credit approval,13,5,0.0,immutable_l2,exact_leaf,65,1.0,1.0,0.0,0.2863184517842401,1.0307692307692307,1.0,0.03173909999895841,0.4882938461378217,14
german_credit,credit approval,13,5,0.0,immutable_l2,exact_leaf_cached,65,1.0,1.0,0.0,0.2863184517842401,1.0307692307692307,1.0,0.006407700002455385,0.09858000003777516,14
german_credit,credit approval,13,5,0.0,immutable_l2,native_exact_k_sparse,65,1.0,1.0,0.0,0.2863184517842401,1.0307692307692307,1.0,0.00704199999836419,0.10833846151329524,14
german_credit,credit approval,13,5,0.0,immutable_l2,clbr_uncached,65,0.49230769230769234,0.3230769230769231,0.16923076923076924,0.6125705564347519,1.625,0.9375,0.01056719999996858,0.1625723076918243,14
german_credit,credit approval,13,5,0.0,immutable_top3_l1,nn_positive_train,65,0.4153846153846154,0.4153846153846154,0.0,2.0090318171758774,2.740740740740741,1.0,0.0035886000014215824,0.055209230791101266,14
german_credit,credit approval,13,5,0.0,immutable_top3_l1,leaf_centroid,65,0.6461538461538462,0.6461538461538462,0.0,2.252889367745483,3.0,1.0,0.011145100006615394,0.17146307702485222,14
german_credit,credit approval,13,5,0.0,immutable_top3_l1,raw_leaf_projection,65,0.3076923076923077,0.3076923076923077,0.0,0.534925546697745,1.0,1.0,0.0032423000047856476,0.04988153853516381,14
german_credit,credit approval,13,5,0.0,immutable_top3_l1,clbr,65,0.47692307692307695,0.3076923076923077,0.16923076923076924,0.6724838237208759,1.5806451612903225,1.0,0.007791199999701348,0.11986461538002074,14
german_credit,credit approval,13,5,0.0,immutable_top3_l1,metric_leaf_projection,65,0.7076923076923077,0.7076923076923077,0.0,0.21109321928352112,1.0,1.0,0.002699799998481467,0.041535384592022564,14
german_credit,credit approval,13,5,0.0,immutable_top3_l1,metric_clbr,65,0.8,0.7076923076923077,0.09230769230769231,0.3420730105049229,1.2115384615384615,1.0,0.005403000001024338,0.08312307693883597,14
german_credit,credit approval,13,5,0.0,immutable_top3_l1,exact_leaf,65,1.0,1.0,0.0,0.29178577406477124,1.0307692307692307,1.0,0.0297115000012127,0.4571000000186569,14
german_credit,credit approval,13,5,0.0,immutable_top3_l1,exact_leaf_cached,65,1.0,1.0,0.0,0.29178577406477124,1.0307692307692307,1.0,0.005910300003961311,0.09092769236863554,14
german_credit,credit approval,13,5,0.0,immutable_top3_l1,native_exact_k_sparse,65,1.0,1.0,0.0,0.28901985477374387,1.0307692307692307,1.0,0.006436399999074638,0.09902153844730212,14
german_credit,credit approval,13,5,0.0,immutable_top3_l1,clbr_uncached,65,0.47692307692307695,0.3076923076923077,0.16923076923076924,0.6724838237208759,1.5806451612903225,1.0,0.011416800005463301,0.17564307700712772,14
german_credit,credit approval,13,5,1.0,free_l2,nn_positive_train,109,1.0,1.0,0.0,3.5209375792915094,5.614678899082569,0.0,0.005030300003454613,0.046149541316097366,14
german_credit,credit approval,13,5,1.0,free_l2,leaf_centroid,109,1.0,1.0,0.0,3.212273340613383,6.5963302752293576,0.0,0.018767700000353216,0.17218073394819464,14
german_credit,credit approval,13,5,1.0,free_l2,raw_leaf_projection,109,1.0,1.0,0.0,0.32316453080428326,1.0642201834862386,1.0,0.005005100000744278,0.04591834863068145,14
german_credit,credit approval,13,5,1.0,free_l2,clbr,109,1.0,1.0,0.0,0.32316453080428326,1.0642201834862386,1.0,0.004657200001020101,0.04272660551394588,14
german_credit,credit approval,13,5,1.0,free_l2,metric_leaf_projection,109,1.0,1.0,0.0,0.2342371210961153,1.0642201834862386,1.0,0.0047026999991430785,0.04314403668938604,14
german_credit,credit approval,13,5,1.0,free_l2,metric_clbr,109,1.0,1.0,0.0,0.2342371210961153,1.0642201834862386,1.0,0.0046824000019114465,0.04295779818267382,14
german_credit,credit approval,13,5,1.0,free_l2,exact_leaf,109,1.0,1.0,0.0,0.2342371210961153,1.0642201834862386,1.0,0.051366699997743126,0.4712541284196617,14
german_credit,credit approval,13,5,1.0,free_l2,exact_leaf_cached,109,1.0,1.0,0.0,0.2342371210961153,1.0642201834862386,1.0,0.010492899999917427,0.09626513761392134,14
german_credit,credit approval,13,5,1.0,free_l2,native_exact_k_sparse,109,1.0,1.0,0.0,0.2342371210961153,1.0642201834862386,1.0,0.01121199999943201,0.10286238531589,14
german_credit,credit approval,13,5,1.0,free_l2,clbr_uncached,109,1.0,1.0,0.0,0.32316453080428326,1.0642201834862386,1.0,0.007674799999222159,0.07041100916717577,14
german_credit,credit approval,13,5,1.0,immutable_l2,nn_positive_train,109,0.3577981651376147,0.3577981651376147,0.0,2.637979159741178,3.4615384615384617,0.5384615384615384,0.006082699994294671,0.05580458710362084,14
german_credit,credit approval,13,5,1.0,immutable_l2,leaf_centroid,109,0.7614678899082569,0.7614678899082569,0.0,2.4056459170595543,4.0,0.0,0.017899299993587192,0.1642137614090568,14
german_credit,credit approval,13,5,1.0,immutable_l2,raw_leaf_projection,109,0.3394495412844037,0.3394495412844037,0.0,0.3616561474874579,1.0,1.0,0.00491140000303858,0.04505871562420715,14
german_credit,credit approval,13,5,1.0,immutable_l2,clbr,109,0.44036697247706424,0.3394495412844037,0.10091743119266056,0.6190314096967741,1.5625,0.8958333333333334,0.011493100005282031,0.10544128445212872,14
german_credit,credit approval,13,5,1.0,immutable_l2,metric_leaf_projection,109,0.5504587155963303,0.5504587155963303,0.0,0.21045869901211167,1.0333333333333334,1.0,0.00513059999775578,0.047069724750053034,14
german_credit,credit approval,13,5,1.0,immutable_l2,metric_clbr,109,0.6330275229357798,0.5504587155963303,0.08256880733944955,0.33804106757200947,1.3478260869565217,0.9420289855072463,0.009602200001609162,0.08809357799641433,14
german_credit,credit approval,13,5,1.0,immutable_l2,exact_leaf,109,1.0,1.0,0.0,0.4026245207671304,1.0458715596330275,1.0,0.050787400002263894,0.4659394495620541,14
german_credit,credit approval,13,5,1.0,immutable_l2,exact_leaf_cached,109,1.0,1.0,0.0,0.4026245207671304,1.0458715596330275,1.0,0.010078000000248721,0.09245871559861213,14
german_credit,credit approval,13,5,1.0,immutable_l2,native_exact_k_sparse,109,1.0,1.0,0.0,0.4026245207671304,1.0458715596330275,1.0,0.009757200004059996,0.0895155963675229,14
german_credit,credit approval,13,5,1.0,immutable_l2,clbr_uncached,109,0.44036697247706424,0.3394495412844037,0.10091743119266056,0.6190314096967741,1.5625,0.8958333333333334,0.015277499994226673,0.1401605504057493,14
german_credit,credit approval,13,5,1.0,immutable_top3_l1,nn_positive_train,109,0.3577981651376147,0.3577981651376147,0.0,3.1695606151304503,3.0,1.0,0.00548529999468883,0.05032385316228285,14
german_credit,credit approval,13,5,1.0,immutable_top3_l1,leaf_centroid,109,0.7247706422018348,0.7247706422018348,0.0,2.9235372112055984,3.0,1.0,0.01820699999916542,0.16703669724004971,14
german_credit,credit approval,13,5,1.0,immutable_top3_l1,raw_leaf_projection,109,0.30275229357798167,0.30275229357798167,0.0,0.345424527645114,1.0,1.0,0.005520799995792913,0.05064954124580654,14
german_credit,credit approval,13,5,1.0,immutable_top3_l1,clbr,109,0.4036697247706422,0.30275229357798167,0.10091743119266056,0.6887328885035023,1.5,1.0,0.011317499998767744,0.1038302752180527,14
german_credit,credit approval,13,5,1.0,immutable_top3_l1,metric_leaf_projection,109,0.5045871559633027,0.5045871559633027,0.0,0.2115646678226012,1.018181818181818,1.0,0.004222600000503007,0.03873944954589915,14
german_credit,credit approval,13,5,1.0,immutable_top3_l1,metric_clbr,109,0.5871559633027523,0.5045871559633027,0.08256880733944955,0.37654399962561735,1.296875,1.0,0.009016900000460737,0.08272385321523612,14
german_credit,credit approval,13,5,1.0,immutable_top3_l1,exact_leaf,109,0.9908256880733946,0.9908256880733946,0.0,0.45701096135586095,1.0277777777777777,1.0,0.047243900002285955,0.43343027525032984,14
german_credit,credit approval,13,5,1.0,immutable_top3_l1,exact_leaf_cached,109,0.9908256880733946,0.9908256880733946,0.0,0.45701096135586095,1.0277777777777777,1.0,0.009713700002976111,0.08911651378877167,14
german_credit,credit approval,13,5,1.0,immutable_top3_l1,native_exact_k_sparse,109,1.0,1.0,0.0,0.40924266910224477,1.0275229357798166,1.0,0.00979690000804112,0.08987981658753322,14
german_credit,credit approval,13,5,1.0,immutable_top3_l1,clbr_uncached,109,0.4036697247706422,0.30275229357798167,0.10091743119266056,0.6887328885035023,1.5,1.0,0.01548709999769926,0.14208348621742442,14
german_credit,credit approval,19,5,0.0,free_l2,nn_positive_train,59,1.0,1.0,0.0,3.0868423689939806,5.0,0.1016949152542373,0.00272919999952137,0.0462576271105317,14
german_credit,credit approval,19,5,0.0,free_l2,leaf_centroid,59,1.0,1.0,0.0,2.922144129819808,6.610169491525424,0.0,0.00945919999776379,0.16032542369091168,14
german_credit,credit approval,19,5,0.0,free_l2,raw_leaf_projection,59,1.0,1.0,0.0,0.4017290176106843,1.0338983050847457,1.0,0.0026825000049939263,0.04546610177955807,14
german_credit,credit approval,19,5,0.0,free_l2,clbr,59,1.0,1.0,0.0,0.4017290176106843,1.0338983050847457,1.0,0.0024467000030199415,0.04146949157660918,14
german_credit,credit approval,19,5,0.0,free_l2,metric_leaf_projection,59,1.0,1.0,0.0,0.15642756948630057,1.0338983050847457,1.0,0.0024814000025799032,0.04205762716237124,14
german_credit,credit approval,19,5,0.0,free_l2,metric_clbr,59,1.0,1.0,0.0,0.15642756948630057,1.0338983050847457,1.0,0.002423899999485002,0.041083050838728846,14
german_credit,credit approval,19,5,0.0,free_l2,exact_leaf,59,1.0,1.0,0.0,0.15642756948630057,1.0338983050847457,1.0,0.027801600000202598,0.47121355932546777,14
german_credit,credit approval,19,5,0.0,free_l2,exact_leaf_cached,59,1.0,1.0,0.0,0.15642756948630057,1.0338983050847457,1.0,0.0052442000078372075,0.08888474589554589,14
german_credit,credit approval,19,5,0.0,free_l2,native_exact_k_sparse,59,1.0,1.0,0.0,0.15642756948630057,1.0338983050847457,1.0,0.005149400002665061,0.08727796614686543,14
german_credit,credit approval,19,5,0.0,free_l2,clbr_uncached,59,1.0,1.0,0.0,0.4017290176106843,1.0338983050847457,1.0,0.0042634999999791034,0.0722627118640526,14
german_credit,credit approval,19,5,0.0,immutable_l2,nn_positive_train,59,0.711864406779661,0.711864406779661,0.0,2.203629266080152,3.1904761904761907,0.6666666666666666,0.0029167999991841498,0.049437288121765254,14
german_credit,credit approval,19,5,0.0,immutable_l2,leaf_centroid,59,0.3389830508474576,0.3389830508474576,0.0,1.9466514547672005,3.65,0.3,0.009574800000336836,0.16228474576842095,14
german_credit,credit approval,19,5,0.0,immutable_l2,raw_leaf_projection,59,0.6779661016949152,0.6779661016949152,0.0,0.26182165116156575,1.05,1.0,0.002939500004686124,0.04982203397773092,14
german_credit,credit approval,19,5,0.0,immutable_l2,clbr,59,0.864406779661017,0.6779661016949152,0.1864406779661017,0.46836411147434925,1.5098039215686274,0.9411764705882353,0.006804300001931551,0.11532711867680595,14
german_credit,credit approval,19,5,0.0,immutable_l2,metric_leaf_projection,59,0.7288135593220338,0.7288135593220338,0.0,0.1435441986734938,1.0232558139534884,1.0,0.002964399998745648,0.05024406777534997,14
german_credit,credit approval,19,5,0.0,immutable_l2,metric_clbr,59,0.8813559322033898,0.7288135593220338,0.15254237288135594,0.29959779200429276,1.3653846153846154,0.9615384615384616,0.006610999999793421,0.11205084745412577,14
german_credit,credit approval,19,5,0.0,immutable_l2,exact_leaf,59,1.0,1.0,0.0,0.3128293472791852,1.0169491525423728,1.0,0.028454800001782132,0.4822847457929175,14
german_credit,credit approval,19,5,0.0,immutable_l2,exact_leaf_cached,59,1.0,1.0,0.0,0.3128293472791852,1.0169491525423728,1.0,0.00618390000272484,0.1048118644529634,14
german_credit,credit approval,19,5,0.0,immutable_l2,native_exact_k_sparse,59,1.0,1.0,0.0,0.3128293472791852,1.0169491525423728,1.0,0.005938299997978902,0.10064915250811698,14
german_credit,credit approval,19,5,0.0,immutable_l2,clbr_uncached,59,0.864406779661017,0.6779661016949152,0.1864406779661017,0.46836411147434925,1.5098039215686274,0.9411764705882353,0.008887600001799001,0.15063728816608477,14
german_credit,credit approval,19,5,0.0,immutable_top3_l1,nn_positive_train,59,0.6779661016949152,0.6779661016949152,0.0,2.5596508473760027,2.85,1.0,0.0028950999985681847,0.04906949150115567,14
german_credit,credit approval,19,5,0.0,immutable_top3_l1,leaf_centroid,59,0.288135593220339,0.288135593220339,0.0,2.1453262253432452,2.9411764705882355,1.0,0.008942200002820755,0.15156271191221618,14
german_credit,credit approval,19,5,0.0,immutable_top3_l1,raw_leaf_projection,59,0.6271186440677966,0.6271186440677966,0.0,0.2065374043041343,1.0,1.0,0.0024362999965887866,0.041293220281165874,14
german_credit,credit approval,19,5,0.0,immutable_top3_l1,clbr,59,0.8305084745762712,0.6271186440677966,0.2033898305084746,0.46477528948008,1.4489795918367347,1.0,0.006470699999226781,0.1096728813428268,14
german_credit,credit approval,19,5,0.0,immutable_top3_l1,metric_leaf_projection,59,0.711864406779661,0.711864406779661,0.0,0.12497330216671487,1.0,1.0,0.002485599995452503,0.042128813482245814,14
german_credit,credit approval,19,5,0.0,immutable_top3_l1,metric_clbr,59,0.864406779661017,0.711864406779661,0.15254237288135594,0.3272911443858748,1.3137254901960784,1.0,0.00633050000124058,0.1072966101905183,14
german_credit,credit approval,19,5,0.0,immutable_top3_l1,exact_leaf,59,0.9661016949152542,0.9661016949152542,0.0,0.29789242346979794,1.0,1.0,0.025704500000756525,0.4356694915382462,14
german_credit,credit approval,19,5,0.0,immutable_top3_l1,exact_leaf_cached,59,0.9661016949152542,0.9661016949152542,0.0,0.29789242346979794,1.0,1.0,0.004894499998044921,0.08295762708550714,14
german_credit,credit approval,19,5,0.0,immutable_top3_l1,native_exact_k_sparse,59,1.0,1.0,0.0,0.31643959037625957,1.0169491525423728,1.0,0.005014500001379929,0.08499152544711744,14
german_credit,credit approval,19,5,0.0,immutable_top3_l1,clbr_uncached,59,0.8305084745762712,0.6271186440677966,0.2033898305084746,0.46477528948008,1.4489795918367347,1.0,0.008030499998312735,0.1361101694629277,14
german_credit,credit approval,19,5,1.0,free_l2,nn_positive_train,72,1.0,1.0,0.0,3.661202864481176,5.5,0.0,0.0032280999985232484,0.04483472220171178,14
german_credit,credit approval,19,5,1.0,free_l2,leaf_centroid,72,1.0,1.0,0.0,3.100385473178448,6.458333333333333,0.0,0.01168649999635818,0.16231249994941915,14
german_credit,credit approval,19,5,1.0,free_l2,raw_leaf_projection,72,1.0,1.0,0.0,0.9823235049409278,1.125,1.0,0.00330899999516987,0.045958333266248194,14
german_credit,credit approval,19,5,1.0,free_l2,clbr,72,1.0,1.0,0.0,0.9823235049409278,1.125,1.0,0.0028531000007205876,0.03962638889889705,14
german_credit,credit approval,19,5,1.0,free_l2,metric_leaf_projection,72,1.0,1.0,0.0,0.28508234625744433,1.1388888888888888,1.0,0.0029526000007535913,0.04100833334379988,14
german_credit,credit approval,19,5,1.0,free_l2,metric_clbr,72,1.0,1.0,0.0,0.28508234625744433,1.1388888888888888,1.0,0.002918399996815424,0.04053333328910311,14
german_credit,credit approval,19,5,1.0,free_l2,exact_leaf,72,1.0,1.0,0.0,0.28508234625744433,1.1388888888888888,1.0,0.03378960000191,0.46930000002652783,14
german_credit,credit approval,19,5,1.0,free_l2,exact_leaf_cached,72,1.0,1.0,0.0,0.28508234625744433,1.1388888888888888,1.0,0.006795500001317123,0.09438194446273782,14
german_credit,credit approval,19,5,1.0,free_l2,native_exact_k_sparse,72,1.0,1.0,0.0,0.28508234625744433,1.1388888888888888,1.0,0.0060288000022410415,0.08373333336445891,14
german_credit,credit approval,19,5,1.0,free_l2,clbr_uncached,72,1.0,1.0,0.0,0.9823235049409278,1.125,1.0,0.005166100001588347,0.07175138891094927,14
german_credit,credit approval,19,5,1.0,immutable_l2,nn_positive_train,72,0.7361111111111112,0.7361111111111112,0.0,3.0701144074178353,3.6037735849056602,0.39622641509433965,0.0030264000024544657,0.04203333336742313,14
german_credit,credit approval,19,5,1.0,immutable_l2,leaf_centroid,72,0.3611111111111111,0.3611111111111111,0.0,2.2711516461670715,3.730769230769231,0.2692307692307692,0.010856200001398975,0.15078055557498576,14
german_credit,credit approval,19,5,1.0,immutable_l2,raw_leaf_projection,72,0.2916666666666667,0.2916666666666667,0.0,0.695063595539177,1.0476190476190477,1.0,0.003073299995776324,0.042684722163560056,14
german_credit,credit approval,19,5,1.0,immutable_l2,clbr,72,0.7361111111111112,0.2916666666666667,0.4444444444444444,1.0918326630758692,2.5849056603773586,0.6415094339622641,0.013397400000940252,0.18607500001305904,14
german_credit,credit approval,19,5,1.0,immutable_l2,metric_leaf_projection,72,0.5694444444444444,0.5694444444444444,0.0,0.3438189251429659,1.0731707317073171,1.0,0.003282299999227689,0.04558749998927346,14
german_credit,credit approval,19,5,1.0,immutable_l2,metric_clbr,72,0.7638888888888888,0.5694444444444444,0.19444444444444445,0.70422939543129,1.690909090909091,0.8727272727272727,0.007786300001498603,0.10814305557636948,14
german_credit,credit approval,19,5,1.0,immutable_l2,exact_leaf,72,1.0,1.0,0.0,0.6385088725751316,1.0416666666666667,1.0,0.029455300005793106,0.40910138896934867,14
german_credit,credit approval,19,5,1.0,immutable_l2,exact_leaf_cached,72,1.0,1.0,0.0,0.6385088725751316,1.0416666666666667,1.0,0.007061899998916488,0.09808194442939566,14
german_credit,credit approval,19,5,1.0,immutable_l2,native_exact_k_sparse,72,1.0,1.0,0.0,0.6385088725751316,1.0416666666666667,1.0,0.005766499993114849,0.08009027768215067,14
german_credit,credit approval,19,5,1.0,immutable_l2,clbr_uncached,72,0.7361111111111112,0.2916666666666667,0.4444444444444444,1.0918326630758692,2.5849056603773586,0.6415094339622641,0.014905500001987093,0.20702083336093186,14
german_credit,credit approval,19,5,1.0,immutable_top3_l1,nn_positive_train,72,0.6805555555555556,0.6805555555555556,0.0,3.8251497919667763,3.0,1.0,0.0031910999978208565,0.04432083330306745,14
german_credit,credit approval,19,5,1.0,immutable_top3_l1,leaf_centroid,72,0.2777777777777778,0.2777777777777778,0.0,3.011649776781204,3.0,1.0,0.011787200007347565,0.16371111121316062,14
german_credit,credit approval,19,5,1.0,immutable_top3_l1,raw_leaf_projection,72,0.2361111111111111,0.2361111111111111,0.0,0.6420902699846793,1.0,1.0,0.0030185000023266184,0.04192361114342526,14
german_credit,credit approval,19,5,1.0,immutable_top3_l1,clbr,72,0.6944444444444444,0.2361111111111111,0.4583333333333333,1.3556539155814389,2.32,1.0,0.0158999999957814,0.22083333327474167,14
german_credit,credit approval,19,5,1.0,immutable_top3_l1,metric_leaf_projection,72,0.5138888888888888,0.5138888888888888,0.0,0.29921243760555266,1.0,1.0,0.0031388999914270244,0.043595833214264225,14
german_credit,credit approval,19,5,1.0,immutable_top3_l1,metric_clbr,72,0.7222222222222222,0.5138888888888888,0.20833333333333334,0.8337528863275362,1.5769230769230769,1.0,0.008377600004678243,0.11635555562053115,14
german_credit,credit approval,19,5,1.0,immutable_top3_l1,exact_leaf,72,1.0,1.0,0.0,0.7337325294026705,1.0277777777777777,1.0,0.03220340000189026,0.44726944447069805,14
german_credit,credit approval,19,5,1.0,immutable_top3_l1,exact_leaf_cached,72,1.0,1.0,0.0,0.7337325294026705,1.0277777777777777,1.0,0.006354999997711275,0.08826388885710104,14
german_credit,credit approval,19,5,1.0,immutable_top3_l1,native_exact_k_sparse,72,1.0,1.0,0.0,0.6445389867299889,1.0416666666666667,1.0,0.006731099996613921,0.09348749995297112,14
german_credit,credit approval,19,5,1.0,immutable_top3_l1,clbr_uncached,72,0.6944444444444444,0.2361111111111111,0.4583333333333333,1.3556539155814389,2.32,1.0,0.017822399994656735,0.2475333332591213,14
german_credit,credit approval,29,5,0.0,free_l2,nn_positive_train,42,1.0,1.0,0.0,3.03336530711403,4.666666666666667,0.09523809523809523,0.001989199998206459,0.0473619047192014,16
german_credit,credit approval,29,5,0.0,free_l2,leaf_centroid,42,1.0,1.0,0.0,3.1024465050287464,6.833333333333333,0.0,0.007735999995020393,0.1841904760719141,16
german_credit,credit approval,29,5,0.0,free_l2,raw_leaf_projection,42,1.0,1.0,0.0,0.8476363325618538,1.0238095238095237,1.0,0.0018915999980890774,0.045038095192597084,16
german_credit,credit approval,29,5,0.0,free_l2,clbr,42,1.0,1.0,0.0,0.8476363325618538,1.0238095238095237,1.0,0.0018255000013596145,0.04346428574665749,16
german_credit,credit approval,29,5,0.0,free_l2,metric_leaf_projection,42,1.0,1.0,0.0,0.2948556031968136,1.0238095238095237,1.0,0.0017564999971000361,0.04182142850238181,16
german_credit,credit approval,29,5,0.0,free_l2,metric_clbr,42,1.0,1.0,0.0,0.2948556031968136,1.0238095238095237,1.0,0.0016625999969619443,0.03958571421337963,16
german_credit,credit approval,29,5,0.0,free_l2,exact_leaf,42,1.0,1.0,0.0,0.2948556031968136,1.0238095238095237,1.0,0.021755199995823205,0.5179809522815049,16
german_credit,credit approval,29,5,0.0,free_l2,exact_leaf_cached,42,1.0,1.0,0.0,0.2948556031968136,1.0238095238095237,1.0,0.0037380000030680094,0.08900000007304784,16
german_credit,credit approval,29,5,0.0,free_l2,native_exact_k_sparse,42,1.0,1.0,0.0,0.2948556031968136,1.0238095238095237,1.0,0.003670899999633548,0.0874023809436559,16
german_credit,credit approval,29,5,0.0,free_l2,clbr_uncached,42,1.0,1.0,0.0,0.8476363325618538,1.0238095238095237,1.0,0.0032232000021394924,0.07674285719379743,16
german_credit,credit approval,29,5,0.0,immutable_l2,nn_positive_train,42,0.6666666666666666,0.6666666666666666,0.0,2.29522313866293,3.0714285714285716,0.6071428571428571,0.001909000002342509,0.04545238100815498,16
german_credit,credit approval,29,5,0.0,immutable_l2,leaf_centroid,42,0.5,0.5,0.0,2.6177229401311837,4.0,0.0,0.008089600001767394,0.19260952385160462,16
german_credit,credit approval,29,5,0.0,immutable_l2,raw_leaf_projection,42,0.47619047619047616,0.47619047619047616,0.0,0.34276289908044105,1.0,1.0,0.0022415999992517754,0.0533714285536137,16
german_credit,credit approval,29,5,0.0,immutable_l2,clbr,42,0.7857142857142857,0.47619047619047616,0.30952380952380953,0.537316653773537,1.7272727272727273,0.8787878787878788,0.006331200000204262,0.15074285714772054,16
german_credit,credit approval,29,5,0.0,immutable_l2,metric_leaf_projection,42,0.7619047619047619,0.7619047619047619,0.0,0.19425848142606167,1.03125,1.0,0.001748500000758213,0.04163095239900507,16
german_credit,credit approval,29,5,0.0,immutable_l2,metric_clbr,42,0.8333333333333334,0.7619047619047619,0.07142857142857142,0.3422428263221678,1.1428571428571428,1.0,0.00282100000185892,0.06716666671092666,16
german_credit,credit approval,29,5,0.0,immutable_l2,exact_leaf,42,1.0,1.0,0.0,0.5328486178159708,1.1666666666666667,1.0,0.022249599999668135,0.5297523809444794,16
german_credit,credit approval,29,5,0.0,immutable_l2,exact_leaf_cached,42,1.0,1.0,0.0,0.5328486178159708,1.1666666666666667,1.0,0.004348500003288791,0.10353571436401883,16
german_credit,credit approval,29,5,0.0,immutable_l2,native_exact_k_sparse,42,1.0,1.0,0.0,0.5328486178159708,1.1666666666666667,1.0,0.0037027000025773305,0.08815952387088882,16
german_credit,credit approval,29,5,0.0,immutable_l2,clbr_uncached,42,0.7857142857142857,0.47619047619047616,0.30952380952380953,0.537316653773537,1.7272727272727273,0.8787878787878788,0.00796380000156205,0.18961428575147737,16
german_credit,credit approval,29,5,0.0,immutable_top3_l1,nn_positive_train,42,0.6666666666666666,0.6666666666666666,0.0,2.5332911721849736,2.6785714285714284,1.0,0.0020154999974693055,0.047988095177840605,16
german_credit,credit approval,29,5,0.0,immutable_top3_l1,leaf_centroid,42,0.5,0.5,0.0,3.10745497579136,3.0,1.0,0.007220299999062263,0.17191190473957768,16
german_credit,credit approval,29,5,0.0,immutable_top3_l1,raw_leaf_projection,42,0.47619047619047616,0.47619047619047616,0.0,0.34276289908044105,1.0,1.0,0.001773499996488681,0.04222619039258765,16
german_credit,credit approval,29,5,0.0,immutable_top3_l1,clbr,42,0.7857142857142857,0.47619047619047616,0.30952380952380953,0.5735216296935448,1.606060606060606,1.0,0.006363800001963682,0.15151904766580196,16
german_credit,credit approval,29,5,0.0,immutable_top3_l1,metric_leaf_projection,42,0.7619047619047619,0.7619047619047619,0.0,0.19725923205716017,1.03125,1.0,0.0017392999961884925,0.04141190467115458,16
german_credit,credit approval,29,5,0.0,immutable_top3_l1,metric_clbr,42,0.8333333333333334,0.7619047619047619,0.07142857142857142,0.36771956887968543,1.1428571428571428,1.0,0.003395899997485685,0.08085476184489726,16
german_credit,credit approval,29,5,0.0,immutable_top3_l1,exact_leaf,42,1.0,1.0,0.0,0.6107978328165563,1.1666666666666667,1.0,0.022688600001856685,0.5402047619489687,16
german_credit,credit approval,29,5,0.0,immutable_top3_l1,exact_leaf_cached,42,1.0,1.0,0.0,0.6107978328165563,1.1666666666666667,1.0,0.0037309000008463045,0.08883095240110249,16
german_credit,credit approval,29,5,0.0,immutable_top3_l1,native_exact_k_sparse,42,1.0,1.0,0.0,0.6107978328165563,1.1666666666666667,1.0,0.004058799997437745,0.09663809517708917,16
german_credit,credit approval,29,5,0.0,immutable_top3_l1,clbr_uncached,42,0.7857142857142857,0.47619047619047616,0.30952380952380953,0.5735216296935448,1.606060606060606,1.0,0.0085542999977406,0.2036738094700143,16
german_credit,credit approval,29,5,1.0,free_l2,nn_positive_train,53,1.0,1.0,0.0,3.7229128744881677,5.415094339622642,0.0,0.0030983999986347044,0.058460377332730275,16
german_credit,credit approval,29,5,1.0,free_l2,leaf_centroid,53,1.0,1.0,0.0,3.411106476164846,6.943396226415095,0.0,0.008928700000069512,0.1684660377371606,16
german_credit,credit approval,29,5,1.0,free_l2,raw_leaf_projection,53,1.0,1.0,0.0,1.2855333751982658,1.0566037735849056,1.0,0.0023210999970615376,0.043794339567198824,16
german_credit,credit approval,29,5,1.0,free_l2,clbr,53,1.0,1.0,0.0,1.2855333751982658,1.0566037735849056,1.0,0.002348000001802575,0.044301886826463674,16
german_credit,credit approval,29,5,1.0,free_l2,metric_leaf_projection,53,1.0,1.0,0.0,0.4956395080734875,1.0754716981132075,1.0,0.002204899999924237,0.041601886791023335,16
german_credit,credit approval,29,5,1.0,free_l2,metric_clbr,53,1.0,1.0,0.0,0.4956395080734875,1.0754716981132075,1.0,0.002218200000243087,0.041852830193265786,16
german_credit,credit approval,29,5,1.0,free_l2,exact_leaf,53,1.0,1.0,0.0,0.4956395080734875,1.0754716981132075,1.0,0.028441199997359945,0.5366264150445272,16
german_credit,credit approval,29,5,1.0,free_l2,exact_leaf_cached,53,1.0,1.0,0.0,0.4956395080734875,1.0754716981132075,1.0,0.004611400000612775,0.08700754718137312,16
german_credit,credit approval,29,5,1.0,free_l2,native_exact_k_sparse,53,1.0,1.0,0.0,0.4956395080734875,1.0754716981132075,1.0,0.004443199998604541,0.08383396223782154,16
german_credit,credit approval,29,5,1.0,free_l2,clbr_uncached,53,1.0,1.0,0.0,1.2855333751982658,1.0566037735849056,1.0,0.004424599998856138,0.08348301884634222,16
german_credit,credit approval,29,5,1.0,immutable_l2,nn_positive_train,53,0.49056603773584906,0.49056603773584906,0.0,3.14477464951222,3.5,0.5,0.002488699999048549,0.04695660375563301,16
german_credit,credit approval,29,5,1.0,immutable_l2,leaf_centroid,53,0.2830188679245283,0.2830188679245283,0.0,3.8680132592143344,4.0,0.0,0.009621700001844147,0.1815415094687575,16
german_credit,credit approval,29,5,1.0,immutable_l2,raw_leaf_projection,53,0.05660377358490566,0.05660377358490566,0.0,0.6239384064796631,1.6666666666666667,1.0,0.0023482999986299546,0.04430754714396141,16
german_credit,credit approval,29,5,1.0,immutable_l2,clbr,53,0.5283018867924528,0.05660377358490566,0.4716981132075472,1.0999968452958213,3.3214285714285716,0.5357142857142857,0.010644399998454901,0.2008377358199038,16
german_credit,credit approval,29,5,1.0,immutable_l2,metric_leaf_projection,53,0.4339622641509434,0.4339622641509434,0.0,0.4620040533652014,1.173913043478261,1.0,0.0024593999987700954,0.04640377356169991,16
german_credit,credit approval,29,5,1.0,immutable_l2,metric_clbr,53,0.6415094339622641,0.4339622641509434,0.20754716981132076,0.8443440619938187,1.911764705882353,0.8529411764705882,0.006607100002838706,0.1246622642045039,16
german_credit,credit approval,29,5,1.0,immutable_l2,exact_leaf,53,1.0,1.0,0.0,1.1457880134867586,1.3396226415094339,1.0,0.025795800000196323,0.486713207550874,16
german_credit,credit approval,29,5,1.0,immutable_l2,exact_leaf_cached,53,1.0,1.0,0.0,1.1457880134867586,1.3396226415094339,1.0,0.005164100005458749,0.09743584915959905,16
german_credit,credit approval,29,5,1.0,immutable_l2,native_exact_k_sparse,53,1.0,1.0,0.0,1.1457880134867586,1.3396226415094339,1.0,0.004482800000914722,0.0845811320927306,16
german_credit,credit approval,29,5,1.0,immutable_l2,clbr_uncached,53,0.5283018867924528,0.05660377358490566,0.4716981132075472,1.0999968452958213,3.3214285714285716,0.5357142857142857,0.014843500004644739,0.28006603782348566,16
german_credit,credit approval,29,5,1.0,immutable_top3_l1,nn_positive_train,53,0.49056603773584906,0.49056603773584906,0.0,4.028708747145958,3.0,1.0,0.0025062999993679114,0.04728867923335682,16
german_credit,credit approval,29,5,1.0,immutable_top3_l1,leaf_centroid,53,0.2830188679245283,0.2830188679245283,0.0,5.415668400600276,3.0,1.0,0.009722300000248651,0.18343962264620098,16
german_credit,credit approval,29,5,1.0,immutable_top3_l1,raw_leaf_projection,53,0.05660377358490566,0.05660377358490566,0.0,0.7196837963082561,1.6666666666666667,1.0,0.002959499996904924,0.05583962258311177,16
german_credit,credit approval,29,5,1.0,immutable_top3_l1,clbr,53,0.5283018867924528,0.05660377358490566,0.4716981132075472,1.4277408624835455,2.857142857142857,1.0,0.01073860000087734,0.20261509435617625,16
german_credit,credit approval,29,5,1.0,immutable_top3_l1,metric_leaf_projection,53,0.41509433962264153,0.41509433962264153,0.0,0.480151944023692,1.1363636363636365,1.0,0.0021384999990914366,0.04034905658663088,16
german_credit,credit approval,29,5,1.0,immutable_top3_l1,metric_clbr,53,0.6226415094339622,0.41509433962264153,0.20754716981132076,1.0612257182391374,1.7575757575757576,1.0,0.007018199996309704,0.1324188678549001,16
german_credit,credit approval,29,5,1.0,immutable_top3_l1,exact_leaf,53,0.9622641509433962,0.9622641509433962,0.0,1.3613314699837118,1.3137254901960784,1.0,0.026898599999185535,0.5075207547016138,16
german_credit,credit approval,29,5,1.0,immutable_top3_l1,exact_leaf_cached,53,0.9622641509433962,0.9622641509433962,0.0,1.3613314699837118,1.3137254901960784,1.0,0.004478399997424276,0.0844981131589486,16
german_credit,credit approval,29,5,1.0,immutable_top3_l1,native_exact_k_sparse,53,1.0,1.0,0.0,1.3388433974993754,1.3396226415094339,1.0,0.004734099997222074,0.08932264145702026,16
german_credit,credit approval,29,5,1.0,immutable_top3_l1,clbr_uncached,53,0.5283018867924528,0.05660377358490566,0.4716981132075472,1.4277408624835455,2.857142857142857,1.0,0.013497200004167098,0.2546641510220207,16
german_credit,credit approval,37,5,0.0,free_l2,nn_positive_train,62,1.0,1.0,0.0,2.757342236268369,4.661290322580645,0.06451612903225806,0.0026786000016727485,0.043203225833431426,12
german_credit,credit approval,37,5,0.0,free_l2,leaf_centroid,62,1.0,1.0,0.0,2.858840673741693,6.838709677419355,0.0,0.008287200002087047,0.1336645161626943,12
german_credit,credit approval,37,5,0.0,free_l2,raw_leaf_projection,62,1.0,1.0,0.0,0.9386143356598116,1.1774193548387097,1.0,0.0025436999976591324,0.04102741931708278,12
german_credit,credit approval,37,5,0.0,free_l2,clbr,62,1.0,1.0,0.0,0.9386143356598116,1.1774193548387097,1.0,0.002368200002820231,0.03819677423903598,12
german_credit,credit approval,37,5,0.0,free_l2,metric_leaf_projection,62,1.0,1.0,0.0,0.20916665863190168,1.0483870967741935,1.0,0.002549300001192023,0.041117741954710046,12
german_credit,credit approval,37,5,0.0,free_l2,metric_clbr,62,1.0,1.0,0.0,0.20916665863190168,1.0483870967741935,1.0,0.002348300003177428,0.03787580650286174,12
german_credit,credit approval,37,5,0.0,free_l2,exact_leaf,62,1.0,1.0,0.0,0.20916665863190168,1.0483870967741935,1.0,0.024353000002520275,0.39279032262129476,12
german_credit,credit approval,37,5,0.0,free_l2,exact_leaf_cached,62,1.0,1.0,0.0,0.20916665863190168,1.0483870967741935,1.0,0.005163500001799548,0.0832822580935411,12
german_credit,credit approval,37,5,0.0,free_l2,native_exact_k_sparse,62,1.0,1.0,0.0,0.20916665863190168,1.0483870967741935,1.0,0.005452599993986951,0.08794516119333791,12
german_credit,credit approval,37,5,0.0,free_l2,clbr_uncached,62,1.0,1.0,0.0,0.9386143356598116,1.1774193548387097,1.0,0.0038369000003513065,0.06188548387663398,12
german_credit,credit approval,37,5,0.0,immutable_l2,nn_positive_train,62,0.5161290322580645,0.5161290322580645,0.0,1.5852813821210496,2.71875,0.84375,0.003013499996995961,0.048604838661225176,12
german_credit,credit approval,37,5,0.0,immutable_l2,leaf_centroid,62,0.7096774193548387,0.7096774193548387,0.0,2.1194641865797768,3.977272727272727,0.022727272727272728,0.0083498999956646,0.1346758063816871,12
german_credit,credit approval,37,5,0.0,immutable_l2,raw_leaf_projection,62,0.25806451612903225,0.25806451612903225,0.0,0.5659084733469033,1.0,1.0,0.0025028999998539803,0.040369354836354523,12
german_credit,credit approval,37,5,0.0,immutable_l2,clbr,62,0.5645161290322581,0.25806451612903225,0.3064516129032258,0.8604195000203705,2.0,0.8857142857142857,0.009700799997517606,0.15646451608899364,12
german_credit,credit approval,37,5,0.0,immutable_l2,metric_leaf_projection,62,0.5161290322580645,0.5161290322580645,0.0,0.23433104950288117,1.0,1.0,0.0025411999922653195,0.040987096649440634,12
german_credit,credit approval,37,5,0.0,immutable_l2,metric_clbr,62,0.6451612903225806,0.5161290322580645,0.12903225806451613,0.32620150822301,1.3,1.0,0.00586269999621436,0.09455967735829612,12
german_credit,credit approval,37,5,0.0,immutable_l2,exact_leaf,62,1.0,1.0,0.0,0.6471094288781567,1.064516129032258,1.0,0.0239465000004202,0.3862338709745194,12
german_credit,credit approval,37,5,0.0,immutable_l2,exact_leaf_cached,62,1.0,1.0,0.0,0.6471094288781567,1.064516129032258,1.0,0.005455199992866255,0.08798709665913315,12
german_credit,credit approval,37,5,0.0,immutable_l2,native_exact_k_sparse,62,1.0,1.0,0.0,0.6471094288781567,1.064516129032258,1.0,0.00490180000088003,0.07906129033677468,12
german_credit,credit approval,37,5,0.0,immutable_l2,clbr_uncached,62,0.5645161290322581,0.25806451612903225,0.3064516129032258,0.8604195000203705,2.0,0.8857142857142857,0.010741100004452164,0.17324354845890588,12
german_credit,credit approval,37,5,0.0,immutable_top3_l1,nn_positive_train,62,0.5161290322580645,0.5161290322580645,0.0,1.9471942618227103,2.5625,1.0,0.002836899995600106,0.0457564515419372,12
german_credit,credit approval,37,5,0.0,immutable_top3_l1,leaf_centroid,62,0.6612903225806451,0.6612903225806451,0.0,2.6354251534144386,3.0,1.0,0.009009100004732318,0.14530806459245674,12
german_credit,credit approval,37,5,0.0,immutable_top3_l1,raw_leaf_projection,62,0.1774193548387097,0.1774193548387097,0.0,0.4984742764177397,1.0,1.0,0.0027263000074526644,0.04397258076536555,12
german_credit,credit approval,37,5,0.0,immutable_top3_l1,clbr,62,0.532258064516129,0.1774193548387097,0.3548387096774194,1.141903242574968,2.090909090909091,1.0,0.011208500001885113,0.18078225809492118,12
german_credit,credit approval,37,5,0.0,immutable_top3_l1,metric_leaf_projection,62,0.5,0.5,0.0,0.2352619032502946,1.0,1.0,0.0023778000022502965,0.03835161293952091,12
german_credit,credit approval,37,5,0.0,immutable_top3_l1,metric_clbr,62,0.6290322580645161,0.5,0.12903225806451613,0.37435142756367173,1.3076923076923077,1.0,0.005912200000238954,0.09535806451998313,12
german_credit,credit approval,37,5,0.0,immutable_top3_l1,exact_leaf,62,0.967741935483871,0.967741935483871,0.0,0.6863161754155648,1.0666666666666667,1.0,0.02398330000050919,0.38682741936305143,12
german_credit,credit approval,37,5,0.0,immutable_top3_l1,exact_leaf_cached,62,0.967741935483871,0.967741935483871,0.0,0.6863161754155648,1.0666666666666667,1.0,0.0053028000011181575,0.08552903227609931,12
german_credit,credit approval,37,5,0.0,immutable_top3_l1,native_exact_k_sparse,62,1.0,1.0,0.0,0.6787590111548285,1.064516129032258,1.0,0.005588999996689381,0.0901451612369255,12
german_credit,credit approval,37,5,0.0,immutable_top3_l1,clbr_uncached,62,0.532258064516129,0.1774193548387097,0.3548387096774194,1.141903242574968,2.090909090909091,1.0,0.013307399999575864,0.21463548386412684,12
german_credit,credit approval,37,5,1.0,free_l2,nn_positive_train,83,1.0,1.0,0.0,3.1957840791854224,5.228915662650603,0.0,0.00477119999959541,0.05748433734452302,12
german_credit,credit approval,37,5,1.0,free_l2,leaf_centroid,83,1.0,1.0,0.0,2.919094324299413,6.530120481927711,0.0,0.013077700003123027,0.15756265064003647,12
german_credit,credit approval,37,5,1.0,free_l2,raw_leaf_projection,83,1.0,1.0,0.0,1.1398756156357814,1.2289156626506024,1.0,0.003919199999472767,0.04721927710208153,12
german_credit,credit approval,37,5,1.0,free_l2,clbr,83,1.0,1.0,0.0,1.1398756156357814,1.2289156626506024,1.0,0.00404620000426803,0.048749397641783494,12
german_credit,credit approval,37,5,1.0,free_l2,metric_leaf_projection,83,1.0,1.0,0.0,0.3806669948583826,1.0602409638554218,1.0,0.004051900004924391,0.048818072348486646,12
german_credit,credit approval,37,5,1.0,free_l2,metric_clbr,83,1.0,1.0,0.0,0.3806669948583826,1.0602409638554218,1.0,0.003947299996070797,0.047557831277961406,12
german_credit,credit approval,37,5,1.0,free_l2,exact_leaf,83,1.0,1.0,0.0,0.3806669948583826,1.0602409638554218,1.0,0.037557499998911226,0.45249999998688223,12
german_credit,credit approval,37,5,1.0,free_l2,exact_leaf_cached,83,1.0,1.0,0.0,0.3806669948583826,1.0602409638554218,1.0,0.008117599999422964,0.09780240963160197,12
german_credit,credit approval,37,5,1.0,free_l2,native_exact_k_sparse,83,1.0,1.0,0.0,0.3806669948583826,1.0602409638554218,1.0,0.00812400000722846,0.09787951815937904,12
german_credit,credit approval,37,5,1.0,free_l2,clbr_uncached,83,1.0,1.0,0.0,1.1398756156357814,1.2289156626506024,1.0,0.007184299997788912,0.0865578312986616,12
german_credit,credit approval,37,5,1.0,immutable_l2,nn_positive_train,83,0.26506024096385544,0.26506024096385544,0.0,2.545969678287084,3.4545454545454546,0.5454545454545454,0.0041928000036932644,0.05051566269509957,12
german_credit,credit approval,37,5,1.0,immutable_l2,leaf_centroid,83,0.3132530120481928,0.3132530120481928,0.0,3.385029786715533,4.0,0.0,0.014258200002586818,0.17178554219984118,12
german_credit,credit approval,37,5,1.0,immutable_l2,raw_leaf_projection,83,0.024096385542168676,0.024096385542168676,0.0,0.4657660080979904,1.0,1.0,0.003962599993428739,0.047742168595526976,12
german_credit,credit approval,37,5,1.0,immutable_l2,clbr,83,0.27710843373493976,0.024096385542168676,0.25301204819277107,2.16259675151841,3.260869565217391,0.5652173913043478,0.014828200001829828,0.1786530120702389,12
german_credit,credit approval,37,5,1.0,immutable_l2,metric_leaf_projection,83,0.2289156626506024,0.2289156626506024,0.0,0.9550367865672944,1.0,1.0,0.0036790000049222726,0.04432530126412377,12
german_credit,credit approval,37,5,1.0,immutable_l2,metric_clbr,83,0.27710843373493976,0.2289156626506024,0.04819277108433735,1.2950545949522705,1.434782608695652,0.9130434782608695,0.008189599999241182,0.0986698795089299,12
german_credit,credit approval,37,5,1.0,immutable_l2,exact_leaf,83,1.0,1.0,0.0,1.2873376984754858,1.3614457831325302,1.0,0.03457280000384344,0.4165397590824511,12
german_credit,credit approval,37,5,1.0,immutable_l2,exact_leaf_cached,83,1.0,1.0,0.0,1.2873376984754858,1.3614457831325302,1.0,0.008346000003257359,0.10055421690671516,12
german_credit,credit approval,37,5,1.0,immutable_l2,native_exact_k_sparse,83,1.0,1.0,0.0,1.2873376984754858,1.3614457831325302,1.0,0.007748800004264922,0.09335903619596292,12
german_credit,credit approval,37,5,1.0,immutable_l2,clbr_uncached,83,0.27710843373493976,0.024096385542168676,0.25301204819277107,2.16259675151841,3.260869565217391,0.5652173913043478,0.016991899997265136,0.2047216867140378,12
german_credit,credit approval,37,5,1.0,immutable_top3_l1,nn_positive_train,83,0.26506024096385544,0.26506024096385544,0.0,3.706094696271457,3.0,1.0,0.004071000003023073,0.049048192807506906,12
german_credit,credit approval,37,5,1.0,immutable_top3_l1,leaf_centroid,83,0.3132530120481928,0.3132530120481928,0.0,4.75698733105525,3.0,1.0,0.013695500005269423,0.16500602415987256,12
german_credit,credit approval,37,5,1.0,immutable_top3_l1,raw_leaf_projection,83,0.024096385542168676,0.024096385542168676,0.0,0.4657660080979904,1.0,1.0,0.003955199998017633,0.047653012024308834,12
german_credit,credit approval,37,5,1.0,immutable_top3_l1,clbr,83,0.27710843373493976,0.024096385542168676,0.25301204819277107,3.169830745214238,2.8260869565217392,1.0,0.014613900000767899,0.17607108434660118,12
german_credit,credit approval,37,5,1.0,immutable_top3_l1,metric_leaf_projection,83,0.2289156626506024,0.2289156626506024,0.0,0.9550367865672944,1.0,1.0,0.003712600000653765,0.0447301204898044,12
german_credit,credit approval,37,5,1.0,immutable_top3_l1,metric_clbr,83,0.27710843373493976,0.2289156626506024,0.04819277108433735,1.457978496090267,1.3478260869565217,1.0,0.008496999997078092,0.1023734939406999,12
german_credit,credit approval,37,5,1.0,immutable_top3_l1,exact_leaf,83,0.9518072289156626,0.9518072289156626,0.0,1.4251994200594849,1.3417721518987342,1.0,0.034715499999038,0.418259036132988,12
german_credit,credit approval,37,5,1.0,immutable_top3_l1,exact_leaf_cached,83,0.9518072289156626,0.9518072289156626,0.0,1.4251994200594849,1.3417721518987342,1.0,0.008469799998238159,0.10204578311130312,12
german_credit,credit approval,37,5,1.0,immutable_top3_l1,native_exact_k_sparse,83,1.0,1.0,0.0,1.4410691433989802,1.3614457831325302,1.0,0.00828130000627425,0.0997746988707741,12
german_credit,credit approval,37,5,1.0,immutable_top3_l1,clbr_uncached,83,0.27710843373493976,0.024096385542168676,0.25301204819277107,3.169830745214238,2.8260869565217392,1.0,0.01678029999948194,0.20217228915038482,12
german_credit,credit approval,41,5,0.0,free_l2,nn_positive_train,45,1.0,1.0,0.0,3.147482888204884,4.844444444444444,0.15555555555555556,0.0020955000018147985,0.046566666706995524,16
german_credit,credit approval,41,5,0.0,free_l2,leaf_centroid,45,1.0,1.0,0.0,3.0760507931323295,6.4,0.0,0.007810200000676559,0.17356000001503466,16
german_credit,credit approval,41,5,0.0,free_l2,raw_leaf_projection,45,1.0,1.0,0.0,0.5657647564213705,1.0,1.0,0.002034800003457349,0.04521777785460775,16
german_credit,credit approval,41,5,0.0,free_l2,clbr,45,1.0,1.0,0.0,0.5657647564213705,1.0,1.0,0.0019119999960821588,0.04248888880182575,16
german_credit,credit approval,41,5,0.0,free_l2,metric_leaf_projection,45,1.0,1.0,0.0,0.3185237623268533,1.0,1.0,0.0019302999980936875,0.04289555551319305,16
german_credit,credit approval,41,5,0.0,free_l2,metric_clbr,45,1.0,1.0,0.0,0.3185237623268533,1.0,1.0,0.0018462999978510197,0.04102888884113377,16
german_credit,credit approval,41,5,0.0,free_l2,exact_leaf,45,1.0,1.0,0.0,0.3185237623268533,1.0,1.0,0.023691099997449783,0.5264688888322174,16
german_credit,credit approval,41,5,0.0,free_l2,exact_leaf_cached,45,1.0,1.0,0.0,0.3185237623268533,1.0,1.0,0.0047063999982128735,0.10458666662695275,16
german_credit,credit approval,41,5,0.0,free_l2,native_exact_k_sparse,45,1.0,1.0,0.0,0.3185237623268533,1.0,1.0,0.004282600000806269,0.09516888890680598,16
german_credit,credit approval,41,5,0.0,free_l2,clbr_uncached,45,1.0,1.0,0.0,0.5657647564213705,1.0,1.0,0.003443799997512542,0.07652888883361204,16
german_credit,credit approval,41,5,0.0,immutable_l2,nn_positive_train,45,0.7333333333333333,0.7333333333333333,0.0,2.252271425574254,3.0303030303030303,0.7272727272727273,0.001951099996404082,0.04335777769786849,16
german_credit,credit approval,41,5,0.0,immutable_l2,leaf_centroid,45,0.8222222222222222,0.8222222222222222,0.0,2.2720992176650663,3.7027027027027026,0.2972972972972973,0.0076314999987516785,0.16958888886114842,16
german_credit,credit approval,41,5,0.0,immutable_l2,raw_leaf_projection,45,0.5777777777777777,0.5777777777777777,0.0,0.5844406753493004,1.0,1.0,0.0018859000001612003,0.041908888892471116,16
german_credit,credit approval,41,5,0.0,immutable_l2,clbr,45,0.7777777777777778,0.5777777777777777,0.2,0.5356695577015735,1.3714285714285714,0.9714285714285714,0.004666900009397068,0.10370888909771263,16
german_credit,credit approval,41,5,0.0,immutable_l2,metric_leaf_projection,45,0.8666666666666667,0.8666666666666667,0.0,0.33324712780526,1.0,1.0,0.0017365999947287492,0.0385911109939722,16
german_credit,credit approval,41,5,0.0,immutable_l2,metric_clbr,45,0.9111111111111111,0.8666666666666667,0.044444444444444446,0.35079207091939624,1.0975609756097562,0.975609756097561,0.0025316999990536715,0.05625999997897048,16
german_credit,credit approval,41,5,0.0,immutable_l2,exact_leaf,45,1.0,1.0,0.0,0.36315174029023584,1.0222222222222221,1.0,0.022877499999594875,0.5083888888798861,16
german_credit,credit approval,41,5,0.0,immutable_l2,exact_leaf_cached,45,1.0,1.0,0.0,0.36315174029023584,1.0222222222222221,1.0,0.003938299998480943,0.08751777774402096,16
german_credit,credit approval,41,5,0.0,immutable_l2,native_exact_k_sparse,45,1.0,1.0,0.0,0.36315174029023584,1.0222222222222221,1.0,0.003647599999567319,0.08105777776816264,16
german_credit,credit approval,41,5,0.0,immutable_l2,clbr_uncached,45,0.7777777777777778,0.5777777777777777,0.2,0.5356695577015735,1.3714285714285714,0.9714285714285714,0.006268400000408292,0.13929777778685093,16
german_credit,credit approval,41,5,0.0,immutable_top3_l1,nn_positive_train,45,0.7555555555555555,0.7555555555555555,0.0,2.754449575123662,2.764705882352941,1.0,0.002091999997901439,0.0464888888422542,16
german_credit,credit approval,41,5,0.0,immutable_top3_l1,leaf_centroid,45,0.7777777777777778,0.7777777777777778,0.0,2.7880099713346698,2.8857142857142857,1.0,0.007395000002361485,0.16433333338581077,16
german_credit,credit approval,41,5,0.0,immutable_top3_l1,raw_leaf_projection,45,0.5333333333333333,0.5333333333333333,0.0,0.5784934473079189,1.0,1.0,0.001910699996187759,0.042459999915283535,16
german_credit,credit approval,41,5,0.0,immutable_top3_l1,clbr,45,0.7555555555555555,0.5333333333333333,0.2222222222222222,0.5628385434467159,1.411764705882353,1.0,0.005654699997649004,0.12565999994775565,16
german_credit,credit approval,41,5,0.0,immutable_top3_l1,metric_leaf_projection,45,0.8444444444444444,0.8444444444444444,0.0,0.33026791501425484,1.0,1.0,0.0018787999997584848,0.04175111110574411,16
german_credit,credit approval,41,5,0.0,immutable_top3_l1,metric_clbr,45,0.9111111111111111,0.8444444444444444,0.06666666666666667,0.3730859730879327,1.1219512195121952,1.0,0.0028355000004012254,0.06301111112002723,16
german_credit,credit approval,41,5,0.0,immutable_top3_l1,exact_leaf,45,1.0,1.0,0.0,0.43055115542486716,1.0,1.0,0.024104500001158158,0.5356555555812924,16
german_credit,credit approval,41,5,0.0,immutable_top3_l1,exact_leaf_cached,45,1.0,1.0,0.0,0.43055115542486716,1.0,1.0,0.003877899996950873,0.08617555548779718,16
german_credit,credit approval,41,5,0.0,immutable_top3_l1,native_exact_k_sparse,45,1.0,1.0,0.0,0.37099480801489954,1.0222222222222221,1.0,0.004027200003292819,0.08949333340650709,16
german_credit,credit approval,41,5,0.0,immutable_top3_l1,clbr_uncached,45,0.7555555555555555,0.5333333333333333,0.2222222222222222,0.5628385434467159,1.411764705882353,1.0,0.007721400001173606,0.1715866666927468,16
german_credit,credit approval,41,5,1.0,free_l2,nn_positive_train,171,1.0,1.0,0.0,3.7943622401917314,5.4035087719298245,0.0,0.009174499997243402,0.05365204676750527,16
german_credit,credit approval,41,5,1.0,free_l2,leaf_centroid,171,1.0,1.0,0.0,3.338067725493816,6.8011695906432745,0.0,0.03390139999737585,0.1982538011542447,16
german_credit,credit approval,41,5,1.0,free_l2,raw_leaf_projection,171,1.0,1.0,0.0,1.1494677373941413,1.0526315789473684,1.0,0.008563599994886317,0.05007953213383811,16
german_credit,credit approval,41,5,1.0,free_l2,clbr,171,1.0,1.0,0.0,1.1494677373941413,1.0526315789473684,1.0,0.009086600003683998,0.05313801171745028,16
german_credit,credit approval,41,5,1.0,free_l2,metric_leaf_projection,171,1.0,1.0,0.0,0.34500211809731307,1.04093567251462,1.0,0.008481099997879937,0.049597076010993786,16
german_credit,credit approval,41,5,1.0,free_l2,metric_clbr,171,1.0,1.0,0.0,0.34500211809731307,1.04093567251462,1.0,0.00780289999966044,0.04563099415006105,16
german_credit,credit approval,41,5,1.0,free_l2,exact_leaf,171,1.0,1.0,0.0,0.34500211809731307,1.04093567251462,1.0,0.10134579999157722,0.5926654970267674,16
german_credit,credit approval,41,5,1.0,free_l2,exact_leaf_cached,171,1.0,1.0,0.0,0.34500211809731307,1.04093567251462,1.0,0.019987599987871363,0.11688654963667464,16
german_credit,credit approval,41,5,1.0,free_l2,native_exact_k_sparse,171,1.0,1.0,0.0,0.34500211809731307,1.04093567251462,1.0,0.018311099992388336,0.10708245609583822,16
german_credit,credit approval,41,5,1.0,free_l2,clbr_uncached,171,1.0,1.0,0.0,1.1494677373941413,1.0526315789473684,1.0,0.014956499983782123,0.08746491218586037,16
german_credit,credit approval,41,5,1.0,immutable_l2,nn_positive_train,171,0.8888888888888888,0.8888888888888888,0.0,3.019818961424922,3.4934210526315788,0.506578947368421,0.008203999998841027,0.047976608180356886,16
german_credit,credit approval,41,5,1.0,immutable_l2,leaf_centroid,171,0.935672514619883,0.935672514619883,0.0,2.733097426585944,3.85625,0.14375,0.032536500005335256,0.19027192985576172,16
german_credit,credit approval,41,5,1.0,immutable_l2,raw_leaf_projection,171,0.9532163742690059,0.9532163742690059,0.0,1.1888002538079092,1.0552147239263803,1.0,0.008324000008542498,0.04867836262305555,16
german_credit,credit approval,41,5,1.0,immutable_l2,clbr,171,0.9590643274853801,0.9532163742690059,0.005847953216374269,1.1877331023737052,1.0731707317073171,0.9939024390243902,0.007941100002426538,0.046439181300739985,16
german_credit,credit approval,41,5,1.0,immutable_l2,metric_leaf_projection,171,0.9590643274853801,0.9590643274853801,0.0,0.3407755036320552,1.024390243902439,1.0,0.008026099998460268,0.046936257300937236,16
german_credit,credit approval,41,5,1.0,immutable_l2,metric_clbr,171,0.9766081871345029,0.9590643274853801,0.017543859649122806,0.3672235592570784,1.0778443113772456,0.9820359281437125,0.00864200000614801,0.050538011731859706,16
german_credit,credit approval,41,5,1.0,immutable_l2,exact_leaf,171,1.0,1.0,0.0,0.38273209832220595,1.0350877192982457,1.0,0.09167230000275595,0.5360953216535436,16
german_credit,credit approval,41,5,1.0,immutable_l2,exact_leaf_cached,171,1.0,1.0,0.0,0.38273209832220595,1.0350877192982457,1.0,0.01695650000783644,0.09916081875927742,16
german_credit,credit approval,41,5,1.0,immutable_l2,native_exact_k_sparse,171,1.0,1.0,0.0,0.38273209832220595,1.0350877192982457,1.0,0.015803699997377407,0.09241929823027724,16
german_credit,credit approval,41,5,1.0,immutable_l2,clbr_uncached,171,0.9590643274853801,0.9532163742690059,0.005847953216374269,1.1877331023737052,1.0731707317073171,0.9939024390243902,0.01531530000102066,0.08956315790070561,16
german_credit,credit approval,41,5,1.0,immutable_top3_l1,nn_positive_train,171,0.8771929824561403,0.8771929824561403,0.0,3.4678220077973796,3.0,1.0,0.008229199997913383,0.0481239765959847,16
german_credit,credit approval,41,5,1.0,immutable_top3_l1,leaf_centroid,171,0.8888888888888888,0.8888888888888888,0.0,3.3918263943769547,2.9934210526315788,1.0,0.030499699996653362,0.17836081869387932,16
german_credit,credit approval,41,5,1.0,immutable_top3_l1,raw_leaf_projection,171,0.8830409356725146,0.8830409356725146,0.0,1.160593330383654,1.0,1.0,0.007822600001418323,0.04574619883870364,16
german_credit,credit approval,41,5,1.0,immutable_top3_l1,clbr,171,0.8947368421052632,0.8830409356725146,0.011695906432748537,1.1532995779968456,1.026143790849673,1.0,0.00884629999200115,0.05173274849123479,16
german_credit,credit approval,41,5,1.0,immutable_top3_l1,metric_leaf_projection,171,0.935672514619883,0.935672514619883,0.0,0.3408507495534797,1.025,1.0,0.00754150000102527,0.04410233918728228,16
german_credit,credit approval,41,5,1.0,immutable_top3_l1,metric_clbr,171,0.9649122807017544,0.935672514619883,0.029239766081871343,0.3996663967910688,1.084848484848485,1.0,0.009119099999225,0.05332807017090643,16
german_credit,credit approval,41,5,1.0,immutable_top3_l1,exact_leaf,171,1.0,1.0,0.0,0.39932025790396963,1.0350877192982457,1.0,0.0938330000044516,0.5487309941780796,16
german_credit,credit approval,41,5,1.0,immutable_top3_l1,exact_leaf_cached,171,1.0,1.0,0.0,0.39932025790396963,1.0350877192982457,1.0,0.016769800005022262,0.09806900587732317,16
german_credit,credit approval,41,5,1.0,immutable_top3_l1,native_exact_k_sparse,171,1.0,1.0,0.0,0.3901398811882346,1.0350877192982457,1.0,0.0159295999983442,0.09315555554587253,16
german_credit,credit approval,41,5,1.0,immutable_top3_l1,clbr_uncached,171,0.8947368421052632,0.8830409356725146,0.011695906432748537,1.1532995779968456,1.026143790849673,1.0,0.015050099997097277,0.0880122806847794,16
german_credit,credit approval,53,5,0.0,free_l2,nn_positive_train,48,1.0,1.0,0.0,3.186281601103351,5.020833333333333,0.0625,0.0021106000003783265,0.04397083334121513,11
german_credit,credit approval,53,5,0.0,free_l2,leaf_centroid,48,1.0,1.0,0.0,3.013263202982633,6.729166666666667,0.0,0.006978599998546997,0.1453874999697291,11
german_credit,credit approval,53,5,0.0,free_l2,raw_leaf_projection,48,1.0,1.0,0.0,0.6999478168602954,1.1666666666666667,1.0,0.001975600001969724,0.04115833337436925,11
german_credit,credit approval,53,5,0.0,free_l2,clbr,48,1.0,1.0,0.0,0.6999478168602954,1.1666666666666667,1.0,0.0018336999992243364,0.038202083317173674,11
german_credit,credit approval,53,5,0.0,free_l2,metric_leaf_projection,48,1.0,1.0,0.0,0.4556117235423658,1.1666666666666667,1.0,0.001889299997856142,0.03936041662200296,11
german_credit,credit approval,53,5,0.0,free_l2,metric_clbr,48,1.0,1.0,0.0,0.4556117235423658,1.1666666666666667,1.0,0.0018537999976615538,0.038620833284615706,11
german_credit,credit approval,53,5,0.0,free_l2,exact_leaf,48,1.0,1.0,0.0,0.4556117235423658,1.1666666666666667,1.0,0.01754729999720439,0.36556874994175814,11
german_credit,credit approval,53,5,0.0,free_l2,exact_leaf_cached,48,1.0,1.0,0.0,0.4556117235423658,1.1666666666666667,1.0,0.004147300001022813,0.08640208335464195,11
german_credit,credit approval,53,5,0.0,free_l2,native_exact_k_sparse,48,1.0,1.0,0.0,0.4556117235423658,1.1666666666666667,1.0,0.0038440999951490085,0.08008541656560435,11
german_credit,credit approval,53,5,0.0,free_l2,clbr_uncached,48,1.0,1.0,0.0,0.6999478168602954,1.1666666666666667,1.0,0.0027987000012217322,0.058306250025452755,11
german_credit,credit approval,53,5,0.0,immutable_l2,nn_positive_train,48,0.6666666666666666,0.6666666666666666,0.0,2.1243134087760254,2.9375,0.78125,0.0022224999993341044,0.04630208331946051,11
german_credit,credit approval,53,5,0.0,immutable_l2,leaf_centroid,48,0.4583333333333333,0.4583333333333333,0.0,2.4825480259167274,4.0,0.0,0.0067857000012736535,0.14136875002653446,11
german_credit,credit approval,53,5,0.0,immutable_l2,raw_leaf_projection,48,0.6041666666666666,0.6041666666666666,0.0,0.7293852555257445,1.0,1.0,0.0021114000028319424,0.0439875000589988,11
german_credit,credit approval,53,5,0.0,immutable_l2,clbr,48,0.7083333333333334,0.6041666666666666,0.10416666666666667,0.8506595570382937,1.3529411764705883,0.9411764705882353,0.0043839999998454005,0.09133333333011251,11
german_credit,credit approval,53,5,0.0,immutable_l2,metric_leaf_projection,48,0.4583333333333333,0.4583333333333333,0.0,0.5284245802398715,1.0,1.0,0.0019484999984342721,0.04059374996738067,11
german_credit,credit approval,53,5,0.0,immutable_l2,metric_clbr,48,0.75,0.4583333333333333,0.2916666666666667,0.8142998121348584,1.8055555555555556,0.8888888888888888,0.007005900002695853,0.1459562500561636,11
german_credit,credit approval,53,5,0.0,immutable_l2,exact_leaf,48,1.0,1.0,0.0,0.8196264144975497,1.125,1.0,0.017798100005165907,0.37079375010762305,11
german_credit,credit approval,53,5,0.0,immutable_l2,exact_leaf_cached,48,1.0,1.0,0.0,0.8196264144975497,1.125,1.0,0.0042836999982682755,0.08924374996392241,11
german_credit,credit approval,53,5,0.0,immutable_l2,native_exact_k_sparse,48,1.0,1.0,0.0,0.8196264144975497,1.125,1.0,0.0039810000016586855,0.08293750003455595,11
german_credit,credit approval,53,5,0.0,immutable_l2,clbr_uncached,48,0.7083333333333334,0.6041666666666666,0.10416666666666667,0.8506595570382937,1.3529411764705883,0.9411764705882353,0.00539180000032502,0.11232916667343791,11
german_credit,credit approval,53,5,0.0,immutable_top3_l1,nn_positive_train,48,0.6666666666666666,0.6666666666666666,0.0,2.6168607467026996,2.71875,1.0,0.0022281999999904656,0.0464208333331347,11
german_credit,credit approval,53,5,0.0,immutable_top3_l1,leaf_centroid,48,0.3958333333333333,0.3958333333333333,0.0,3.1216160280814775,3.0,1.0,0.007028600001831364,0.1464291667048201,11
german_credit,credit approval,53,5,0.0,immutable_top3_l1,raw_leaf_projection,48,0.2708333333333333,0.2708333333333333,0.0,0.614662387612648,1.0,1.0,0.00198130000353558,0.041277083406991245,11
german_credit,credit approval,53,5,0.0,immutable_top3_l1,clbr,48,0.6875,0.2708333333333333,0.4166666666666667,1.117004307270072,2.0,1.0,0.008164200002283906,0.17008750004758136,11
german_credit,credit approval,53,5,0.0,immutable_top3_l1,metric_leaf_projection,48,0.5,0.5,0.0,0.5279519930306623,1.0,1.0,0.0018703999967328855,0.03896666659860178,11
german_credit,credit approval,53,5,0.0,immutable_top3_l1,metric_clbr,48,0.7708333333333334,0.5,0.2708333333333333,0.8632611858516955,1.5945945945945945,1.0,0.0059830000000147265,0.12464583333364014,11
german_credit,credit approval,53,5,0.0,immutable_top3_l1,exact_leaf,48,0.9791666666666666,0.9791666666666666,0.0,0.9601335991681489,1.127659574468085,1.0,0.016479099997923186,0.34331458329006637,11
german_credit,credit approval,53,5,0.0,immutable_top3_l1,exact_leaf_cached,48,0.9791666666666666,0.9791666666666666,0.0,0.9601335991681489,1.127659574468085,1.0,0.004012300001704716,0.08358958336884825,11
german_credit,credit approval,53,5,0.0,immutable_top3_l1,native_exact_k_sparse,48,1.0,1.0,0.0,0.9200032078968814,1.125,1.0,0.004257399999914924,0.0886958333315609,11
german_credit,credit approval,53,5,0.0,immutable_top3_l1,clbr_uncached,48,0.6875,0.2708333333333333,0.4166666666666667,1.117004307270072,2.0,1.0,0.009397600000738748,0.19578333334872391,11
german_credit,credit approval,53,5,1.0,free_l2,nn_positive_train,112,1.0,1.0,0.0,3.6000588067499573,5.446428571428571,0.0,0.006051899999874877,0.054034821427454256,11
german_credit,credit approval,53,5,1.0,free_l2,leaf_centroid,112,1.0,1.0,0.0,3.0234404053381434,6.732142857142857,0.0,0.01873480000267591,0.16727500002389206,11
german_credit,credit approval,53,5,1.0,free_l2,raw_leaf_projection,112,1.0,1.0,0.0,0.6197705191331245,1.1428571428571428,1.0,0.007040299994514498,0.06285982137959374,11
german_credit,credit approval,53,5,1.0,free_l2,clbr,112,1.0,1.0,0.0,0.6197705191331245,1.1428571428571428,1.0,0.006855100008579029,0.061206250076598474,11
german_credit,credit approval,53,5,1.0,free_l2,metric_leaf_projection,112,1.0,1.0,0.0,0.3532685223069209,1.0982142857142858,1.0,0.006126800001766242,0.054703571444341445,11
german_credit,credit approval,53,5,1.0,free_l2,metric_clbr,112,1.0,1.0,0.0,0.3532685223069209,1.0982142857142858,1.0,0.005265599995254888,0.04701428567191864,11
german_credit,credit approval,53,5,1.0,free_l2,exact_leaf,112,1.0,1.0,0.0,0.3532685223069209,1.0982142857142858,1.0,0.049556300005860976,0.44246696433804444,11
german_credit,credit approval,53,5,1.0,free_l2,exact_leaf_cached,112,1.0,1.0,0.0,0.3532685223069209,1.0982142857142858,1.0,0.012346000004072266,0.11023214289350237,11
german_credit,credit approval,53,5,1.0,free_l2,native_exact_k_sparse,112,1.0,1.0,0.0,0.3532685223069209,1.0982142857142858,1.0,0.012498300001425378,0.11159196429844087,11
german_credit,credit approval,53,5,1.0,free_l2,clbr_uncached,112,1.0,1.0,0.0,0.6197705191331245,1.1428571428571428,1.0,0.008424000007835275,0.07521428578424352,11
german_credit,credit approval,53,5,1.0,immutable_l2,nn_positive_train,112,0.6785714285714286,0.6785714285714286,0.0,2.825691033774952,3.526315789473684,0.47368421052631576,0.005350399999770161,0.04777142856937644,11
german_credit,credit approval,53,5,1.0,immutable_l2,leaf_centroid,112,0.30357142857142855,0.30357142857142855,0.0,2.441246047936657,4.0,0.0,0.016611000000921194,0.14831250000822496,11
german_credit,credit approval,53,5,1.0,immutable_l2,raw_leaf_projection,112,0.5267857142857143,0.5267857142857143,0.0,0.6954257123246923,1.0,1.0,0.004813100007595494,0.04297410721067406,11
german_credit,credit approval,53,5,1.0,immutable_l2,clbr,112,0.7232142857142857,0.5267857142857143,0.19642857142857142,1.0479428577174743,1.7160493827160495,0.8271604938271605,0.012928199999805656,0.11543035714112193,11
german_credit,credit approval,53,5,1.0,immutable_l2,metric_leaf_projection,112,0.4732142857142857,0.4732142857142857,0.0,0.3393827810069586,1.0188679245283019,1.0,0.004631600002539926,0.04135357145124934,11
german_credit,credit approval,53,5,1.0,immutable_l2,metric_clbr,112,0.7410714285714286,0.4732142857142857,0.26785714285714285,0.8037838857517601,1.891566265060241,0.8433734939759037,0.015209100002721243,0.13579553573858252,11
german_credit,credit approval,53,5,1.0,immutable_l2,exact_leaf,112,1.0,1.0,0.0,0.8461635851568613,1.1696428571428572,1.0,0.04112489999170066,0.3671866070687559,11
german_credit,credit approval,53,5,1.0,immutable_l2,exact_leaf_cached,112,1.0,1.0,0.0,0.8461635851568613,1.1696428571428572,1.0,0.010436699994897936,0.09318482138301729,11
german_credit,credit approval,53,5,1.0,immutable_l2,native_exact_k_sparse,112,1.0,1.0,0.0,0.8461635851568613,1.1696428571428572,1.0,0.010318200000256184,0.09212678571657307,11
german_credit,credit approval,53,5,1.0,immutable_l2,clbr_uncached,112,0.7232142857142857,0.5267857142857143,0.19642857142857142,1.0479428577174743,1.7160493827160495,0.8271604938271605,0.015509299999393988,0.13847589285173204,11
german_credit,credit approval,53,5,1.0,immutable_top3_l1,nn_positive_train,112,0.6607142857142857,0.6607142857142857,0.0,3.541430941225622,3.0,1.0,0.005219000008764851,0.046598214363971886,11
german_credit,credit approval,53,5,1.0,immutable_top3_l1,leaf_centroid,112,0.14285714285714285,0.14285714285714285,0.0,2.4659881325875235,3.0,1.0,0.015899199995146773,0.14195714281381047,11
german_credit,credit approval,53,5,1.0,immutable_top3_l1,raw_leaf_projection,112,0.20535714285714285,0.20535714285714285,0.0,0.45720869107836115,1.0,1.0,0.0049680000056469,0.044357142907561604,11
german_credit,credit approval,53,5,1.0,immutable_top3_l1,clbr,112,0.6696428571428571,0.20535714285714285,0.4642857142857143,1.6418835287690954,2.3866666666666667,1.0,0.02460640000026615,0.21970000000237633,11
german_credit,credit approval,53,5,1.0,immutable_top3_l1,metric_leaf_projection,112,0.4732142857142857,0.4732142857142857,0.0,0.3308699201980334,1.0188679245283019,1.0,0.004899900005511881,0.04374910719207037,11
german_credit,credit approval,53,5,1.0,immutable_top3_l1,metric_clbr,112,0.7232142857142857,0.4732142857142857,0.25,0.9950206723007682,1.7037037037037037,1.0,0.015188400002443814,0.13561071430753405,11
german_credit,credit approval,53,5,1.0,immutable_top3_l1,exact_leaf,112,0.9821428571428571,0.9821428571428571,0.0,0.9968650291491706,1.1272727272727272,1.0,0.04333110000061424,0.3868848214340557,11
german_credit,credit approval,53,5,1.0,immutable_top3_l1,exact_leaf_cached,112,0.9821428571428571,0.9821428571428571,0.0,0.9968650291491706,1.1272727272727272,1.0,0.010486699998182303,0.09363124998377056,11
german_credit,credit approval,53,5,1.0,immutable_top3_l1,native_exact_k_sparse,112,1.0,1.0,0.0,0.954040608785611,1.1607142857142858,1.0,0.01067450000300596,0.09530803574112465,11
german_credit,credit approval,53,5,1.0,immutable_top3_l1,clbr_uncached,112,0.6696428571428571,0.20535714285714285,0.4642857142857143,1.6418835287690954,2.3866666666666667,1.0,0.027049900000747584,0.24151696429238914,11
german_credit,credit approval,61,5,0.0,free_l2,nn_positive_train,35,1.0,1.0,0.0,2.8866631519201595,4.714285714285714,0.05714285714285714,0.0015011999976195511,0.04289142850341575,15
german_credit,credit approval,61,5,0.0,free_l2,leaf_centroid,35,1.0,1.0,0.0,2.788355969489684,6.714285714285714,0.0,0.00555500000155007,0.15871428575857344,15
german_credit,credit approval,61,5,0.0,free_l2,raw_leaf_projection,35,1.0,1.0,0.0,1.2478136995643723,1.1142857142857143,1.0,0.0014676000018880586,0.0419314286253731,15
german_credit,credit approval,61,5,0.0,free_l2,clbr,35,1.0,1.0,0.0,1.2478136995643723,1.1142857142857143,1.0,0.001346600000942999,0.03847428574122854,15
german_credit,credit approval,61,5,0.0,free_l2,metric_leaf_projection,35,1.0,1.0,0.0,0.4893974375912608,1.0285714285714285,1.0,0.0013475999967340613,0.038502857049544606,15
german_credit,credit approval,61,5,0.0,free_l2,metric_clbr,35,1.0,1.0,0.0,0.4893974375912608,1.0285714285714285,1.0,0.0013623000022562337,0.038922857207320964,15
german_credit,credit approval,61,5,0.0,free_l2,exact_leaf,35,1.0,1.0,0.0,0.4893974375912608,1.0285714285714285,1.0,0.016037000000324042,0.45820000000925837,15
german_credit,credit approval,61,5,0.0,free_l2,exact_leaf_cached,35,1.0,1.0,0.0,0.4893974375912608,1.0285714285714285,1.0,0.002886300001591735,0.08246571433119243,15
german_credit,credit approval,61,5,0.0,free_l2,native_exact_k_sparse,35,1.0,1.0,0.0,0.4893974375912608,1.0285714285714285,1.0,0.002935199998319149,0.08386285709483284,15
german_credit,credit approval,61,5,0.0,free_l2,clbr_uncached,35,1.0,1.0,0.0,1.2478136995643723,1.1142857142857143,1.0,0.0024994000004880945,0.07141142858537412,15
german_credit,credit approval,61,5,0.0,immutable_l2,nn_positive_train,35,0.8571428571428571,0.8571428571428571,0.0,2.176181863243548,2.933333333333333,0.7666666666666667,0.0018006999980570981,0.05144857137305995,15
german_credit,credit approval,61,5,0.0,immutable_l2,leaf_centroid,35,0.5714285714285714,0.5714285714285714,0.0,2.082860866900691,3.9,0.05,0.006675600003291038,0.19073142866545822,15
german_credit,credit approval,61,5,0.0,immutable_l2,raw_leaf_projection,35,0.2,0.2,0.0,1.6635906011450339,1.0,1.0,0.001705200003925711,0.04872000011216317,15
german_credit,credit approval,61,5,0.0,immutable_l2,clbr,35,0.8571428571428571,0.2,0.6571428571428571,1.4955236574980155,2.566666666666667,0.8,0.008728600000722508,0.24938857144921453,15
german_credit,credit approval,61,5,0.0,immutable_l2,metric_leaf_projection,35,0.8571428571428571,0.8571428571428571,0.0,0.5522158791725683,1.0333333333333334,1.0,0.0015823000030650292,0.04520857151614369,15
german_credit,credit approval,61,5,0.0,immutable_l2,metric_clbr,35,0.9428571428571428,0.8571428571428571,0.08571428571428572,0.6520829988599075,1.2424242424242424,0.9696969696969697,0.0026372000020273845,0.0753485714864967,15
german_credit,credit approval,61,5,0.0,immutable_l2,exact_leaf,35,1.0,1.0,0.0,0.5147765450102207,1.0285714285714285,1.0,0.018347499999435968,0.5242142856981705,15
german_credit,credit approval,61,5,0.0,immutable_l2,exact_leaf_cached,35,1.0,1.0,0.0,0.5147765450102207,1.0285714285714285,1.0,0.003500499997244333,0.10001428563555237,15
german_credit,credit approval,61,5,0.0,immutable_l2,native_exact_k_sparse,35,1.0,1.0,0.0,0.5147765450102207,1.0285714285714285,1.0,0.003830900001048576,0.10945428574424503,15
german_credit,credit approval,61,5,0.0,immutable_l2,clbr_uncached,35,0.8571428571428571,0.2,0.6571428571428571,1.4955236574980155,2.566666666666667,0.8,0.010928299998340663,0.3122371428097332,15
german_credit,credit approval,61,5,0.0,immutable_top3_l1,nn_positive_train,35,0.8571428571428571,0.8571428571428571,0.0,2.8600156362057687,2.7,1.0,0.0018275000002176967,0.05221428572050562,15
german_credit,credit approval,61,5,0.0,immutable_top3_l1,leaf_centroid,35,0.5428571428571428,0.5428571428571428,0.0,2.8209749621684597,2.9473684210526314,1.0,0.006467799999882118,0.18479428571091766,15
german_credit,credit approval,61,5,0.0,immutable_top3_l1,raw_leaf_projection,35,0.2,0.2,0.0,1.6635906011450339,1.0,1.0,0.001695400002063252,0.04844000005895006,15
german_credit,credit approval,61,5,0.0,immutable_top3_l1,clbr,35,0.8571428571428571,0.2,0.6571428571428571,1.8141039154873588,2.3666666666666667,1.0,0.009555399998134817,0.27301142851813764,15
german_credit,credit approval,61,5,0.0,immutable_top3_l1,metric_leaf_projection,35,0.8571428571428571,0.8571428571428571,0.0,0.5709992037453223,1.0333333333333334,1.0,0.0015883000050962437,0.04538000014560696,15
german_credit,credit approval,61,5,0.0,immutable_top3_l1,metric_clbr,35,0.9428571428571428,0.8571428571428571,0.08571428571428572,0.69717383715883,1.2121212121212122,1.0,0.002791100000649749,0.07974571430427854,15
german_credit,credit approval,61,5,0.0,immutable_top3_l1,exact_leaf,35,1.0,1.0,0.0,0.5308765375011528,1.0285714285714285,1.0,0.019543999997040373,0.5583999999154392,15
german_credit,credit approval,61,5,0.0,immutable_top3_l1,exact_leaf_cached,35,1.0,1.0,0.0,0.5308765375011528,1.0285714285714285,1.0,0.0035363000024517532,0.10103714292719294,15
german_credit,credit approval,61,5,0.0,immutable_top3_l1,native_exact_k_sparse,35,1.0,1.0,0.0,0.5308765375011528,1.0285714285714285,1.0,0.004208600001220475,0.12024571432058499,15
german_credit,credit approval,61,5,0.0,immutable_top3_l1,clbr_uncached,35,0.8571428571428571,0.2,0.6571428571428571,1.8141039154873588,2.3666666666666667,1.0,0.011395300000003772,0.3255800000001078,15
german_credit,credit approval,61,5,1.0,free_l2,nn_positive_train,49,1.0,1.0,0.0,3.3462806274847487,5.163265306122449,0.0,0.003158100000291597,0.06445102041411423,15
german_credit,credit approval,61,5,1.0,free_l2,leaf_centroid,49,1.0,1.0,0.0,3.325588069748738,6.836734693877551,0.0,0.010967499996695551,0.22382653054480717,15
german_credit,credit approval,61,5,1.0,free_l2,raw_leaf_projection,49,1.0,1.0,0.0,1.9540153614978768,1.1224489795918366,1.0,0.002905700004703249,0.05930000009598467,15
german_credit,credit approval,61,5,1.0,free_l2,clbr,49,1.0,1.0,0.0,1.9540153614978768,1.1224489795918366,1.0,0.002770700000837678,0.056544897976279145,15
german_credit,credit approval,61,5,1.0,free_l2,metric_leaf_projection,49,1.0,1.0,0.0,0.7121809558828895,1.0,1.0,0.002646699999786506,0.054014285709928694,15
german_credit,credit approval,61,5,1.0,free_l2,metric_clbr,49,1.0,1.0,0.0,0.7121809558828895,1.0,1.0,0.002903699999478704,0.05925918366283069,15
german_credit,credit approval,61,5,1.0,free_l2,exact_leaf,49,1.0,1.0,0.0,0.7121809558828895,1.0,1.0,0.03615840000020398,0.7379265306164078,15
german_credit,credit approval,61,5,1.0,free_l2,exact_leaf_cached,49,1.0,1.0,0.0,0.7121809558828895,1.0,1.0,0.00612019999880431,0.12490204079192468,15
german_credit,credit approval,61,5,1.0,free_l2,native_exact_k_sparse,49,1.0,1.0,0.0,0.7121809558828895,1.0,1.0,0.0066505999993751175,0.1357265305994922,15
german_credit,credit approval,61,5,1.0,free_l2,clbr_uncached,49,1.0,1.0,0.0,1.9540153614978768,1.1224489795918366,1.0,0.005275000002257002,0.10765306127055106,15
german_credit,credit approval,61,5,1.0,immutable_l2,nn_positive_train,49,0.8979591836734694,0.8979591836734694,0.0,2.700312458884748,3.3863636363636362,0.6136363636363636,0.0024500000008629286,0.05000000001761079,15
german_credit,credit approval,61,5,1.0,immutable_l2,leaf_centroid,49,0.5510204081632653,0.5510204081632653,0.0,2.7231744794423065,4.0,0.0,0.009049600000253122,0.18468571429088004,15
german_credit,credit approval,61,5,1.0,immutable_l2,raw_leaf_projection,49,0.24489795918367346,0.24489795918367346,0.0,2.744741262049399,1.0,1.0,0.00226959999781684,0.04631836730238449,15
german_credit,credit approval,61,5,1.0,immutable_l2,clbr,49,0.8979591836734694,0.24489795918367346,0.6530612244897959,1.812718056972188,2.7045454545454546,0.75,0.012914500001897977,0.26356122452853015,15
german_credit,credit approval,61,5,1.0,immutable_l2,metric_leaf_projection,49,1.0,1.0,0.0,0.7121809558828895,1.0,1.0,0.002610100000310922,0.05326734694512086,15
german_credit,credit approval,61,5,1.0,immutable_l2,metric_clbr,49,1.0,1.0,0.0,0.7121809558828895,1.0,1.0,0.002441400000861904,0.049824489813508246,15
german_credit,credit approval,61,5,1.0,immutable_l2,exact_leaf,49,1.0,1.0,0.0,0.7121809558828895,1.0,1.0,0.02491569999983767,0.5084836734660749,15
german_credit,credit approval,61,5,1.0,immutable_l2,exact_leaf_cached,49,1.0,1.0,0.0,0.7121809558828895,1.0,1.0,0.004874600000221108,0.09948163265757362,15
german_credit,credit approval,61,5,1.0,immutable_l2,native_exact_k_sparse,49,1.0,1.0,0.0,0.7121809558828895,1.0,1.0,0.00507950000155688,0.10366326533789552,15
german_credit,credit approval,61,5,1.0,immutable_l2,clbr_uncached,49,0.8979591836734694,0.24489795918367346,0.6530612244897959,1.812718056972188,2.7045454545454546,0.75,0.014391600001545157,0.2937061224805134,15
german_credit,credit approval,61,5,1.0,immutable_top3_l1,nn_positive_train,49,0.8979591836734694,0.8979591836734694,0.0,3.654216714667859,3.0,1.0,0.0025725000032252865,0.05250000006582217,15
german_credit,credit approval,61,5,1.0,immutable_top3_l1,leaf_centroid,49,0.5510204081632653,0.5510204081632653,0.0,3.5960161750442574,3.0,1.0,0.008918999994421029,0.18202040804940875,15
german_credit,credit approval,61,5,1.0,immutable_top3_l1,raw_leaf_projection,49,0.22448979591836735,0.22448979591836735,0.0,2.840646707337852,1.0,1.0,0.0023307000019485713,0.04756530616221574,15
german_credit,credit approval,61,5,1.0,immutable_top3_l1,clbr,49,0.8979591836734694,0.22448979591836735,0.673469387755102,2.212289033102976,2.5,1.0,0.014070899998841924,0.2871612244661617,15
german_credit,credit approval,61,5,1.0,immutable_top3_l1,metric_leaf_projection,49,1.0,1.0,0.0,0.7121809558828895,1.0,1.0,0.002176900001359172,0.04442653063998311,15
german_credit,credit approval,61,5,1.0,immutable_top3_l1,metric_clbr,49,1.0,1.0,0.0,0.7121809558828895,1.0,1.0,0.0021648999963872484,0.0441816325793316,15
german_credit,credit approval,61,5,1.0,immutable_top3_l1,exact_leaf,49,1.0,1.0,0.0,0.7121809558828895,1.0,1.0,0.025439199996981188,0.5191673468771671,15
german_credit,credit approval,61,5,1.0,immutable_top3_l1,exact_leaf_cached,49,1.0,1.0,0.0,0.7121809558828895,1.0,1.0,0.004654699995626288,0.09499387746176098,15
german_credit,credit approval,61,5,1.0,immutable_top3_l1,native_exact_k_sparse,49,1.0,1.0,0.0,0.7121809558828895,1.0,1.0,0.0046335999977600295,0.09456326526040877,15
german_credit,credit approval,61,5,1.0,immutable_top3_l1,clbr_uncached,49,0.8979591836734694,0.22448979591836735,0.673469387755102,2.212289033102976,2.5,1.0,0.015292999997654988,0.31210204076846915,15
german_credit,credit approval,73,5,0.0,free_l2,nn_positive_train,44,1.0,1.0,0.0,3.1969226616925512,4.818181818181818,0.11363636363636363,0.0020794999991267105,0.047261363616516144,9
german_credit,credit approval,73,5,0.0,free_l2,leaf_centroid,44,1.0,1.0,0.0,3.2748753152211383,6.818181818181818,0.0,0.005367799998566625,0.12199545451287784,9
german_credit,credit approval,73,5,0.0,free_l2,raw_leaf_projection,44,1.0,1.0,0.0,0.9054954433807498,1.2272727272727273,1.0,0.001982599998882506,0.045059090883693316,9
german_credit,credit approval,73,5,0.0,free_l2,clbr,44,1.0,1.0,0.0,0.9054954433807498,1.2272727272727273,1.0,0.0017918000012286939,0.040722727300652135,9
german_credit,credit approval,73,5,0.0,free_l2,metric_leaf_projection,44,1.0,1.0,0.0,0.5438243319915274,1.1590909090909092,1.0,0.0017966999994314392,0.04083409089616907,9
german_credit,credit approval,73,5,0.0,free_l2,metric_clbr,44,1.0,1.0,0.0,0.5438243319915274,1.1590909090909092,1.0,0.0018460999999660999,0.041956818181047725,9
german_credit,credit approval,73,5,0.0,free_l2,exact_leaf,44,1.0,1.0,0.0,0.5438243319915274,1.1590909090909092,1.0,0.013247699996099982,0.3010840908204541,9
german_credit,credit approval,73,5,0.0,free_l2,exact_leaf_cached,44,1.0,1.0,0.0,0.5438243319915274,1.1590909090909092,1.0,0.004078799999660987,0.09269999999229515,9
german_credit,credit approval,73,5,0.0,free_l2,native_exact_k_sparse,44,1.0,1.0,0.0,0.5438243319915274,1.1590909090909092,1.0,0.004242500003783789,0.09642045463144976,9
german_credit,credit approval,73,5,0.0,free_l2,clbr_uncached,44,1.0,1.0,0.0,0.9054954433807498,1.2272727272727273,1.0,0.002744600001278741,0.06237727275633502,9
german_credit,credit approval,73,5,0.0,immutable_l2,nn_positive_train,44,0.45454545454545453,0.45454545454545453,0.0,1.9274137898510688,2.95,0.75,0.00208929999917018,0.04748409089023136,9
german_credit,credit approval,73,5,0.0,immutable_l2,leaf_centroid,44,0.5454545454545454,0.5454545454545454,0.0,2.1238036769545805,4.0,0.0,0.005869999999049469,0.13340909088748792,9
german_credit,credit approval,73,5,0.0,immutable_l2,raw_leaf_projection,44,0.22727272727272727,0.22727272727272727,0.0,0.39125611463591503,1.0,1.0,0.0020174000010229065,0.04585000002324788,9
german_credit,credit approval,73,5,0.0,immutable_l2,clbr,44,0.45454545454545453,0.22727272727272727,0.22727272727272727,0.9656315750175535,2.1,0.85,0.007044000001769746,0.16009090913113058,9
german_credit,credit approval,73,5,0.0,immutable_l2,metric_leaf_projection,44,0.6136363636363636,0.6136363636363636,0.0,0.48206247071968167,1.037037037037037,1.0,0.0019572999999581953,0.0444840909081408,9
german_credit,credit approval,73,5,0.0,immutable_l2,metric_clbr,44,0.7272727272727273,0.6136363636363636,0.11363636363636363,0.6096974530313695,1.3125,1.0,0.0038652000002912246,0.08784545455207328,9
german_credit,credit approval,73,5,0.0,immutable_l2,exact_leaf,44,1.0,1.0,0.0,0.8333860130895313,1.2045454545454546,1.0,0.014008700002705154,0.31837954551602626,9
german_credit,credit approval,73,5,0.0,immutable_l2,exact_leaf_cached,44,1.0,1.0,0.0,0.8333860130895313,1.2045454545454546,1.0,0.004679400004533818,0.10635000010304131,9
german_credit,credit approval,73,5,0.0,immutable_l2,native_exact_k_sparse,44,1.0,1.0,0.0,0.8333860130895313,1.2045454545454546,1.0,0.003988000001299952,0.09063636366590799,9
german_credit,credit approval,73,5,0.0,immutable_l2,clbr_uncached,44,0.45454545454545453,0.22727272727272727,0.22727272727272727,0.9656315750175535,2.1,0.85,0.007391000000097847,0.16797727272949653,9
german_credit,credit approval,73,5,0.0,immutable_top3_l1,nn_positive_train,44,0.45454545454545453,0.45454545454545453,0.0,2.3308965696230155,2.7,1.0,0.002134899998054607,0.04852045450124107,9
german_credit,credit approval,73,5,0.0,immutable_top3_l1,leaf_centroid,44,0.5454545454545454,0.5454545454545454,0.0,2.6804647877313243,3.0,1.0,0.0053915999978926266,0.12253636358846878,9
german_credit,credit approval,73,5,0.0,immutable_top3_l1,raw_leaf_projection,44,0.22727272727272727,0.22727272727272727,0.0,0.39125611463591503,1.0,1.0,0.0018204999978479464,0.04137499995108969,9
german_credit,credit approval,73,5,0.0,immutable_top3_l1,clbr,44,0.45454545454545453,0.22727272727272727,0.22727272727272727,1.1253012829579068,1.95,1.0,0.006571399996573746,0.14934999992213058,9
german_credit,credit approval,73,5,0.0,immutable_top3_l1,metric_leaf_projection,44,0.6363636363636364,0.6363636363636364,0.0,0.5228414473080699,1.0357142857142858,1.0,0.0017415999982404173,0.039581818141827665,9
german_credit,credit approval,73,5,0.0,immutable_top3_l1,metric_clbr,44,0.75,0.6363636363636364,0.11363636363636363,0.7103814780819323,1.303030303030303,1.0,0.003796100000727165,0.08627500001652648,9
german_credit,credit approval,73,5,0.0,immutable_top3_l1,exact_leaf,44,1.0,1.0,0.0,0.9646154566530687,1.2045454545454546,1.0,0.01337999999850581,0.3040909090569502,9
german_credit,credit approval,73,5,0.0,immutable_top3_l1,exact_leaf_cached,44,1.0,1.0,0.0,0.9646154566530687,1.2045454545454546,1.0,0.004605799998898874,0.10467727270224714,9
german_credit,credit approval,73,5,0.0,immutable_top3_l1,native_exact_k_sparse,44,1.0,1.0,0.0,0.9646154566530687,1.2045454545454546,1.0,0.003996799996457412,0.09083636355585027,9
german_credit,credit approval,73,5,0.0,immutable_top3_l1,clbr_uncached,44,0.45454545454545453,0.22727272727272727,0.22727272727272727,1.1253012829579068,1.95,1.0,0.006907599996338831,0.1569909090077007,9
german_credit,credit approval,73,5,1.0,free_l2,nn_positive_train,107,1.0,1.0,0.0,3.6019067536883185,5.383177570093458,0.0,0.005472000000736443,0.051140186922770496,9
german_credit,credit approval,73,5,1.0,free_l2,leaf_centroid,107,1.0,1.0,0.0,3.3820042991081265,6.598130841121495,0.0,0.01313240000490623,0.12273271032622646,9
german_credit,credit approval,73,5,1.0,free_l2,raw_leaf_projection,107,1.0,1.0,0.0,0.940798202428113,1.2523364485981308,1.0,0.004554300009658618,0.04256355149213662,9
german_credit,credit approval,73,5,1.0,free_l2,clbr,107,1.0,1.0,0.0,0.940798202428113,1.2523364485981308,1.0,0.004344099997979356,0.040599065401676224,9
german_credit,credit approval,73,5,1.0,free_l2,metric_leaf_projection,107,1.0,1.0,0.0,0.5360129930141856,1.1401869158878504,1.0,0.004340399998000066,0.04056448596261744,9
german_credit,credit approval,73,5,1.0,free_l2,metric_clbr,107,1.0,1.0,0.0,0.5360129930141856,1.1401869158878504,1.0,0.005023900004744064,0.046952336492935176,9
german_credit,credit approval,73,5,1.0,free_l2,exact_leaf,107,1.0,1.0,0.0,0.5360129930141856,1.1401869158878504,1.0,0.034345500002018525,0.32098598132727596,9
german_credit,credit approval,73,5,1.0,free_l2,exact_leaf_cached,107,1.0,1.0,0.0,0.5360129930141856,1.1401869158878504,1.0,0.00969540000642155,0.09061121501328552,9
german_credit,credit approval,73,5,1.0,free_l2,native_exact_k_sparse,107,1.0,1.0,0.0,0.5360129930141856,1.1401869158878504,1.0,0.009103499996854225,0.08507943922293669,9
german_credit,credit approval,73,5,1.0,free_l2,clbr_uncached,107,1.0,1.0,0.0,0.940798202428113,1.2523364485981308,1.0,0.006788399992728955,0.06344299058625191,9
german_credit,credit approval,73,5,1.0,immutable_l2,nn_positive_train,107,0.5514018691588785,0.5514018691588785,0.0,2.8187186085252804,3.593220338983051,0.4067796610169492,0.004802499998731946,0.04488317755824249,9
german_credit,credit approval,73,5,1.0,immutable_l2,leaf_centroid,107,0.5700934579439252,0.5700934579439252,0.0,2.5035842273854794,4.0,0.0,0.012811600004170032,0.11973457947822459,9
german_credit,credit approval,73,5,1.0,immutable_l2,raw_leaf_projection,107,0.06542056074766354,0.06542056074766354,0.0,0.17906098459796427,1.0,1.0,0.004531499995209742,0.04235046724495086,9
german_credit,credit approval,73,5,1.0,immutable_l2,clbr,107,0.5794392523364486,0.06542056074766354,0.514018691588785,1.2724338109397575,3.2903225806451615,0.4838709677419355,0.02275659999850177,0.21267850465889504,9
german_credit,credit approval,73,5,1.0,immutable_l2,metric_leaf_projection,107,0.6261682242990654,0.6261682242990654,0.0,0.3681640932792964,1.0298507462686568,1.0,0.00507649999417481,0.04744392517920383,9
german_credit,credit approval,73,5,1.0,immutable_l2,metric_clbr,107,0.7383177570093458,0.6261682242990654,0.11214953271028037,0.622097916544015,1.4303797468354431,0.8987341772151899,0.009701099999801954,0.09066448597945752,9
german_credit,credit approval,73,5,1.0,immutable_l2,exact_leaf,107,1.0,1.0,0.0,0.931906813305437,1.158878504672897,1.0,0.032138499996108294,0.30035981304774106,9
german_credit,credit approval,73,5,1.0,immutable_l2,exact_leaf_cached,107,1.0,1.0,0.0,0.931906813305437,1.158878504672897,1.0,0.010074000000713568,0.09414953271694923,9
german_credit,credit approval,73,5,1.0,immutable_l2,native_exact_k_sparse,107,1.0,1.0,0.0,0.931906813305437,1.158878504672897,1.0,0.00905649999731395,0.08464018689078458,9
german_credit,credit approval,73,5,1.0,immutable_l2,clbr_uncached,107,0.5794392523364486,0.06542056074766354,0.514018691588785,1.2724338109397575,3.2903225806451615,0.4838709677419355,0.026817699997081945,0.2506327102531023,9
german_credit,credit approval,73,5,1.0,immutable_top3_l1,nn_positive_train,107,0.5514018691588785,0.5514018691588785,0.0,3.3598900363845847,3.0,1.0,0.004900100007944275,0.045795327177049296,9
german_credit,credit approval,73,5,1.0,immutable_top3_l1,leaf_centroid,107,0.5420560747663551,0.5420560747663551,0.0,3.4866980143786437,3.0,1.0,0.013953899995613028,0.13041028033283203,9
german_credit,credit approval,73,5,1.0,immutable_top3_l1,raw_leaf_projection,107,0.056074766355140186,0.056074766355140186,0.0,0.14412740432217905,1.0,1.0,0.004597699998157623,0.042969158861286195,9
german_credit,credit approval,73,5,1.0,immutable_top3_l1,clbr,107,0.5700934579439252,0.056074766355140186,0.514018691588785,1.5207373108289615,2.80327868852459,1.0,0.024450899995827058,0.22851308407315007,9
german_credit,credit approval,73,5,1.0,immutable_top3_l1,metric_leaf_projection,107,0.616822429906542,0.616822429906542,0.0,0.42744656331443764,1.0303030303030303,1.0,0.004608499998539628,0.04307009344429559,9
german_credit,credit approval,73,5,1.0,immutable_top3_l1,metric_clbr,107,0.719626168224299,0.616822429906542,0.102803738317757,0.7128281193344568,1.3116883116883118,1.0,0.009644599998864578,0.09013644858751942,9
german_credit,credit approval,73,5,1.0,immutable_top3_l1,exact_leaf,107,0.9813084112149533,0.9813084112149533,0.0,1.0889632534349845,1.1238095238095238,1.0,0.03158230000281037,0.2951616822692558,9
german_credit,credit approval,73,5,1.0,immutable_top3_l1,exact_leaf_cached,107,0.9813084112149533,0.9813084112149533,0.0,1.0889632534349845,1.1238095238095238,1.0,0.00905920000604965,0.08466542061728645,9
german_credit,credit approval,73,5,1.0,immutable_top3_l1,native_exact_k_sparse,107,1.0,1.0,0.0,1.055839450515721,1.1401869158878504,1.0,0.009531700007755717,0.08908130848369829,9
german_credit,credit approval,73,5,1.0,immutable_top3_l1,clbr_uncached,107,0.5700934579439252,0.056074766355140186,0.514018691588785,1.5207373108289615,2.80327868852459,1.0,0.02582789999905799,0.24138224298185038,9
german_credit,credit approval,89,5,0.0,free_l2,nn_positive_train,71,1.0,1.0,0.0,3.1325063108362374,4.830985915492958,0.08450704225352113,0.003494799998406961,0.049222535188830435,12
german_credit,credit approval,89,5,0.0,free_l2,leaf_centroid,71,1.0,1.0,0.0,3.192260988906885,6.492957746478873,0.0,0.010720300005232275,0.15099014091876445,12
german_credit,credit approval,89,5,0.0,free_l2,raw_leaf_projection,71,1.0,1.0,0.0,0.36447033758658093,1.1267605633802817,1.0,0.0032489999966855976,0.045760563333599964,12
german_credit,credit approval,89,5,0.0,free_l2,clbr,71,1.0,1.0,0.0,0.36447033758658093,1.1267605633802817,1.0,0.003028399994946085,0.04265352105557866,12
german_credit,credit approval,89,5,0.0,free_l2,metric_leaf_projection,71,1.0,1.0,0.0,0.1861773175306868,1.0704225352112675,1.0,0.002972199999021541,0.0418619718172048,12
german_credit,credit approval,89,5,0.0,free_l2,metric_clbr,71,1.0,1.0,0.0,0.1861773175306868,1.0704225352112675,1.0,0.0029944999987492338,0.04217605632041174,12
german_credit,credit approval,89,5,0.0,free_l2,exact_leaf,71,1.0,1.0,0.0,0.1861773175306868,1.0704225352112675,1.0,0.029856099999051366,0.42050845069086434,12
german_credit,credit approval,89,5,0.0,free_l2,exact_leaf_cached,71,1.0,1.0,0.0,0.1861773175306868,1.0704225352112675,1.0,0.007208799997897586,0.10153239433658572,12
german_credit,credit approval,89,5,0.0,free_l2,native_exact_k_sparse,71,1.0,1.0,0.0,0.1861773175306868,1.0704225352112675,1.0,0.006775300003937446,0.09542676061883726,12
german_credit,credit approval,89,5,0.0,free_l2,clbr_uncached,71,1.0,1.0,0.0,0.36447033758658093,1.1267605633802817,1.0,0.004783400001542759,0.06737183100764449,12
german_credit,credit approval,89,5,0.0,immutable_l2,nn_positive_train,71,0.7605633802816901,0.7605633802816901,0.0,2.3330027745574355,3.0,0.7777777777777778,0.003503099994304648,0.04933943653950209,12
german_credit,credit approval,89,5,0.0,immutable_l2,leaf_centroid,71,0.6901408450704225,0.6901408450704225,0.0,2.236127756395103,3.836734693877551,0.16326530612244897,0.012595199999850593,0.17739718309648722,12
german_credit,credit approval,89,5,0.0,immutable_l2,raw_leaf_projection,71,0.5633802816901409,0.5633802816901409,0.0,0.3384536809159683,1.05,1.0,0.0037079999965499155,0.05222535206408332,12
german_credit,credit approval,89,5,0.0,immutable_l2,clbr,71,0.8169014084507042,0.5633802816901409,0.2535211267605634,0.7923757815219088,1.6896551724137931,0.9137931034482759,0.010008899999775167,0.14097042253204461,12
german_credit,credit approval,89,5,0.0,immutable_l2,metric_leaf_projection,71,0.6901408450704225,0.6901408450704225,0.0,0.12743279889966863,1.0,1.0,0.0035243000002083136,0.04963802817194808,12
german_credit,credit approval,89,5,0.0,immutable_l2,metric_clbr,71,0.9014084507042254,0.6901408450704225,0.2112676056338028,0.5720166999463343,1.46875,0.9375,0.008521500005372218,0.12002112683622843,12
german_credit,credit approval,89,5,0.0,immutable_l2,exact_leaf,71,1.0,1.0,0.0,0.3478906339776878,1.056338028169014,1.0,0.030010599998604448,0.42268450702259786,12
german_credit,credit approval,89,5,0.0,immutable_l2,exact_leaf_cached,71,1.0,1.0,0.0,0.3478906339776878,1.056338028169014,1.0,0.006924799999069364,0.09753239435308964,12
german_credit,credit approval,89,5,0.0,immutable_l2,native_exact_k_sparse,71,1.0,1.0,0.0,0.3478906339776878,1.056338028169014,1.0,0.006282999996983563,0.08849295770399383,12
german_credit,credit approval,89,5,0.0,immutable_l2,clbr_uncached,71,0.8169014084507042,0.5633802816901409,0.2535211267605634,0.7923757815219088,1.6896551724137931,0.9137931034482759,0.01270970000041416,0.1790098591607628,12
german_credit,credit approval,89,5,0.0,immutable_top3_l1,nn_positive_train,71,0.7605633802816901,0.7605633802816901,0.0,2.8839312212535737,2.7777777777777777,1.0,0.0033004000015353085,0.046484507063877585,12
german_credit,credit approval,89,5,0.0,immutable_top3_l1,leaf_centroid,71,0.5633802816901409,0.5633802816901409,0.0,2.7624637456730676,2.975,1.0,0.010368399995968502,0.14603380276011976,12
german_credit,credit approval,89,5,0.0,immutable_top3_l1,raw_leaf_projection,71,0.5070422535211268,0.5070422535211268,0.0,0.31127811047083975,1.0,1.0,0.003172799998537812,0.044687323923067776,12
german_credit,credit approval,89,5,0.0,immutable_top3_l1,clbr,71,0.7887323943661971,0.5070422535211268,0.28169014084507044,0.9540707872924583,1.6428571428571428,1.0,0.009426100000382576,0.1327619718363743,12
german_credit,credit approval,89,5,0.0,immutable_top3_l1,metric_leaf_projection,71,0.676056338028169,0.676056338028169,0.0,0.14759116219883503,1.0,1.0,0.002826799997819762,0.03981408447633468,12
german_credit,credit approval,89,5,0.0,immutable_top3_l1,metric_clbr,71,0.8732394366197183,0.676056338028169,0.19718309859154928,0.6530009955982307,1.3870967741935485,1.0,0.007387999991806282,0.10405633791276454,12
german_credit,credit approval,89,5,0.0,immutable_top3_l1,exact_leaf,71,0.9859154929577465,0.9859154929577465,0.0,0.38268540362075215,1.0571428571428572,1.0,0.027618999997685023,0.3889999999673947,12
german_credit,credit approval,89,5,0.0,immutable_top3_l1,exact_leaf_cached,71,0.9859154929577465,0.9859154929577465,0.0,0.38268540362075215,1.0571428571428572,1.0,0.00599929999680171,0.08449718305354521,12
german_credit,credit approval,89,5,0.0,immutable_top3_l1,native_exact_k_sparse,71,1.0,1.0,0.0,0.3774196862449467,1.056338028169014,1.0,0.006026299996847229,0.08487746474432717,12
german_credit,credit approval,89,5,0.0,immutable_top3_l1,clbr_uncached,71,0.7887323943661971,0.5070422535211268,0.28169014084507044,0.9540707872924583,1.6428571428571428,1.0,0.011319499995806837,0.1594295774057301,12
german_credit,credit approval,89,5,1.0,free_l2,nn_positive_train,51,1.0,1.0,0.0,4.306010401157504,5.352941176470588,0.0,0.002700700002606027,0.05295490201188288,12
german_credit,credit approval,89,5,1.0,free_l2,leaf_centroid,51,1.0,1.0,0.0,3.4215400694560985,6.9411764705882355,0.0,0.0077515999973911676,0.15199215681159153,12
german_credit,credit approval,89,5,1.0,free_l2,raw_leaf_projection,51,1.0,1.0,0.0,0.5520455273354541,1.3333333333333333,1.0,0.002574000007371069,0.050470588379824884,12
german_credit,credit approval,89,5,1.0,free_l2,clbr,51,1.0,1.0,0.0,0.5520455273354541,1.3333333333333333,1.0,0.002318900002137525,0.04546862749289265,12
german_credit,credit approval,89,5,1.0,free_l2,metric_leaf_projection,51,1.0,1.0,0.0,0.4694957579336014,1.2156862745098038,1.0,0.0025019000031534233,0.04905686280692987,12
german_credit,credit approval,89,5,1.0,free_l2,metric_clbr,51,1.0,1.0,0.0,0.4694957579336014,1.2156862745098038,1.0,0.002199400001700269,0.04312549022941704,12
german_credit,credit approval,89,5,1.0,free_l2,exact_leaf,51,1.0,1.0,0.0,0.4694957579336014,1.2156862745098038,1.0,0.02217489999929967,0.43480196077058175,12
german_credit,credit approval,89,5,1.0,free_l2,exact_leaf_cached,51,1.0,1.0,0.0,0.4694957579336014,1.2156862745098038,1.0,0.005693600000086008,0.11163921568796094,12
german_credit,credit approval,89,5,1.0,free_l2,native_exact_k_sparse,51,1.0,1.0,0.0,0.4694957579336014,1.2156862745098038,1.0,0.004715299999588751,0.09245686273703434,12
german_credit,credit approval,89,5,1.0,free_l2,clbr_uncached,51,1.0,1.0,0.0,0.5520455273354541,1.3333333333333333,1.0,0.004169100004219217,0.08174705890625916,12
german_credit,credit approval,89,5,1.0,immutable_l2,nn_positive_train,51,0.6274509803921569,0.6274509803921569,0.0,3.975779465199806,3.5625,0.4375,0.0022551999945790158,0.04421960773684345,12
german_credit,credit approval,89,5,1.0,immutable_l2,leaf_centroid,51,0.19607843137254902,0.19607843137254902,0.0,2.9315423840002897,4.0,0.0,0.007979400002113834,0.1564588235708595,12
german_credit,credit approval,89,5,1.0,immutable_l2,raw_leaf_projection,51,0.17647058823529413,0.17647058823529413,0.0,0.6857403291952507,1.0,1.0,0.0021009000029152958,0.04119411770422149,12
german_credit,credit approval,89,5,1.0,immutable_l2,clbr,51,0.6666666666666666,0.17647058823529413,0.49019607843137253,2.329144676807645,2.8823529411764706,0.5882352941176471,0.011198399996828812,0.21957647052605514,12
german_credit,credit approval,89,5,1.0,immutable_l2,metric_leaf_projection,51,0.3137254901960784,0.3137254901960784,0.0,0.42074327994411875,1.0,1.0,0.0022250999991229037,0.04362941174750792,12
german_credit,credit approval,89,5,1.0,immutable_l2,metric_clbr,51,0.7647058823529411,0.3137254901960784,0.45098039215686275,1.9873883842488282,2.4871794871794872,0.6923076923076923,0.009565399996972701,0.18755686268573923,12
german_credit,credit approval,89,5,1.0,immutable_l2,exact_leaf,51,1.0,1.0,0.0,1.1439515723398834,1.2352941176470589,1.0,0.0192856000012398,0.3781490196321529,12
german_credit,credit approval,89,5,1.0,immutable_l2,exact_leaf_cached,51,1.0,1.0,0.0,1.1439515723398834,1.2352941176470589,1.0,0.0047282999967137584,0.09271176464144625,12
german_credit,credit approval,89,5,1.0,immutable_l2,native_exact_k_sparse,51,1.0,1.0,0.0,1.1439515723398834,1.2352941176470589,1.0,0.004283200002646481,0.08398431377738198,12
german_credit,credit approval,89,5,1.0,immutable_l2,clbr_uncached,51,0.6666666666666666,0.17647058823529413,0.49019607843137253,2.329144676807645,2.8823529411764706,0.5882352941176471,0.01147339999806718,0.22496862741308196,12
german_credit,credit approval,89,5,1.0,immutable_top3_l1,nn_positive_train,51,0.6274509803921569,0.6274509803921569,0.0,5.245792971480944,3.0,1.0,0.0036473999980444205,0.07151764702047883,12
german_credit,credit approval,89,5,1.0,immutable_top3_l1,leaf_centroid,51,0.21568627450980393,0.21568627450980393,0.0,3.833102734979786,3.0,1.0,0.0085750999951415,0.1681392155910098,12
german_credit,credit approval,89,5,1.0,immutable_top3_l1,raw_leaf_projection,51,0.17647058823529413,0.17647058823529413,0.0,0.6857403291952507,1.0,1.0,0.0026391000001240172,0.051747058825961124,12
german_credit,credit approval,89,5,1.0,immutable_top3_l1,clbr,51,0.6666666666666666,0.17647058823529413,0.49019607843137253,3.067122199359284,2.4705882352941178,1.0,0.012184499996692466,0.23891176464102876,12
german_credit,credit approval,89,5,1.0,immutable_top3_l1,metric_leaf_projection,51,0.35294117647058826,0.35294117647058826,0.0,0.4758918701461028,1.0,1.0,0.002364800002396805,0.04636862749797657,12
german_credit,credit approval,89,5,1.0,immutable_top3_l1,metric_clbr,51,0.7843137254901961,0.35294117647058826,0.43137254901960786,2.561319725462622,2.1,1.0,0.010038199999144126,0.19682745096361032,12
german_credit,credit approval,89,5,1.0,immutable_top3_l1,exact_leaf,51,1.0,1.0,0.0,1.2905590099833701,1.2156862745098038,1.0,0.02402409999831434,0.47106078428067333,12
german_credit,credit approval,89,5,1.0,immutable_top3_l1,exact_leaf_cached,51,1.0,1.0,0.0,1.2905590099833701,1.2156862745098038,1.0,0.005377299999963725,0.10543725490124951,12
german_credit,credit approval,89,5,1.0,immutable_top3_l1,native_exact_k_sparse,51,1.0,1.0,0.0,1.2905590099833701,1.2156862745098038,1.0,0.0050562999977046275,0.09914313720989465,12
german_credit,credit approval,89,5,1.0,immutable_top3_l1,clbr_uncached,51,0.6666666666666666,0.17647058823529413,0.49019607843137253,3.067122199359284,2.4705882352941178,1.0,0.013176999999814143,0.25837254901596357,12
bank_marketing,marketing intervention,7,5,0.0,free_l2,nn_positive_train,200,1.0,1.0,0.0,3.3444290952851063,5.39,0.015,0.009534599988000991,0.047672999940004956,9
bank_marketing,marketing intervention,7,5,0.0,free_l2,leaf_centroid,200,1.0,1.0,0.0,3.537716010982935,6.455,0.0,0.03605469999820343,0.18027349999101716,9
bank_marketing,marketing intervention,7,5,0.0,free_l2,raw_leaf_projection,200,1.0,1.0,0.0,1.713633825202425,1.425,1.0,0.010306100001798768,0.05153050000899384,9
bank_marketing,marketing intervention,7,5,0.0,free_l2,clbr,200,1.0,1.0,0.0,1.713633825202425,1.425,1.0,0.008641799991892185,0.043208999959460925,9
bank_marketing,marketing intervention,7,5,0.0,free_l2,metric_leaf_projection,200,1.0,1.0,0.0,0.4398297928132969,1.59,0.98,0.009209700004248589,0.046048500021242944,9
bank_marketing,marketing intervention,7,5,0.0,free_l2,metric_clbr,200,1.0,1.0,0.0,0.4398297928132969,1.59,0.98,0.008798199999546341,0.043990999997731706,9
bank_marketing,marketing intervention,7,5,0.0,free_l2,exact_leaf,200,1.0,1.0,0.0,0.4398297928132969,1.59,0.98,0.06611480000083247,0.33057400000416237,9
bank_marketing,marketing intervention,7,5,0.0,free_l2,exact_leaf_cached,200,1.0,1.0,0.0,0.4398297928132969,1.59,0.98,0.019777299995439535,0.09888649997719767,9
bank_marketing,marketing intervention,7,5,0.0,free_l2,native_exact_k_sparse,200,1.0,1.0,0.0,0.4398297928132969,1.59,0.98,0.018319800005883735,0.09159900002941868,9
bank_marketing,marketing intervention,7,5,0.0,free_l2,clbr_uncached,200,1.0,1.0,0.0,1.713633825202425,1.425,1.0,0.012235499994858401,0.061177499974292004,9
bank_marketing,marketing intervention,7,5,0.0,immutable_l2,nn_positive_train,200,0.38,0.38,0.0,1.5427849695898546,3.473684210526316,0.4605263157894737,0.008842500005812326,0.04421250002906163,9
bank_marketing,marketing intervention,7,5,0.0,immutable_l2,leaf_centroid,200,0.755,0.755,0.0,2.1111727747467337,3.8609271523178808,0.12582781456953643,0.0358096000036312,0.17904800001815602,9
bank_marketing,marketing intervention,7,5,0.0,immutable_l2,raw_leaf_projection,200,0.13,0.13,0.0,0.2855179851313524,1.2307692307692308,1.0,0.009077099994101445,0.045385499970507226,9
bank_marketing,marketing intervention,7,5,0.0,immutable_l2,clbr,200,0.435,0.13,0.305,0.9034944664057757,2.8735632183908044,0.5747126436781609,0.034078999990924785,0.17039499995462393,9
bank_marketing,marketing intervention,7,5,0.0,immutable_l2,metric_leaf_projection,200,0.875,0.875,0.0,0.3794154419025961,1.5314285714285714,1.0,0.009253299998817965,0.04626649999408983,9
bank_marketing,marketing intervention,7,5,0.0,immutable_l2,metric_clbr,200,0.91,0.875,0.035,0.4282234884887414,1.6043956043956045,0.9835164835164835,0.01197769999907905,0.05988849999539525,9
bank_marketing,marketing intervention,7,5,0.0,immutable_l2,exact_leaf,200,1.0,1.0,0.0,0.5345581361893512,1.52,1.0,0.05989659999795549,0.29948299998977745,9
bank_marketing,marketing intervention,7,5,0.0,immutable_l2,exact_leaf_cached,200,1.0,1.0,0.0,0.5345581361893512,1.52,1.0,0.01980569999795989,0.09902849998979946,9
bank_marketing,marketing intervention,7,5,0.0,immutable_l2,native_exact_k_sparse,200,1.0,1.0,0.0,0.5345581361893512,1.52,1.0,0.0179684999939127,0.0898424999695635,9
bank_marketing,marketing intervention,7,5,0.0,immutable_l2,clbr_uncached,200,0.435,0.13,0.305,0.9034944664057757,2.8735632183908044,0.5747126436781609,0.03915079999205773,0.19575399996028864,9
bank_marketing,marketing intervention,7,5,0.0,immutable_top3_l1,nn_positive_train,200,0.38,0.38,0.0,1.5839701402214619,2.9342105263157894,1.0,0.008286999997835665,0.04143499998917832,9
bank_marketing,marketing intervention,7,5,0.0,immutable_top3_l1,leaf_centroid,200,0.46,0.46,0.0,2.96986250608482,2.9456521739130435,1.0,0.03361870000117051,0.16809350000585255,9
bank_marketing,marketing intervention,7,5,0.0,immutable_top3_l1,raw_leaf_projection,200,0.08,0.08,0.0,0.25129891988680403,1.1875,1.0,0.00842170000578335,0.04210850002891675,9
bank_marketing,marketing intervention,7,5,0.0,immutable_top3_l1,clbr,200,0.405,0.08,0.325,1.0534455921090695,2.6049382716049383,1.0,0.033876400016197294,0.16938200008098647,9
bank_marketing,marketing intervention,7,5,0.0,immutable_top3_l1,metric_leaf_projection,200,0.53,0.53,0.0,0.5014677334337383,1.3584905660377358,1.0,0.008313999996971688,0.04156999998485844,9
bank_marketing,marketing intervention,7,5,0.0,immutable_top3_l1,metric_clbr,200,0.58,0.53,0.05,0.7742684037437539,1.4913793103448276,1.0,0.015311400008613418,0.07655700004306709,9
bank_marketing,marketing intervention,7,5,0.0,immutable_top3_l1,exact_leaf,200,1.0,1.0,0.0,0.7140482900712399,1.2,1.0,0.0580191999906674,0.290095999953337,9
bank_marketing,marketing intervention,7,5,0.0,immutable_top3_l1,exact_leaf_cached,200,1.0,1.0,0.0,0.7140482900712399,1.2,1.0,0.017244999999093125,0.08622499999546562,9
bank_marketing,marketing intervention,7,5,0.0,immutable_top3_l1,native_exact_k_sparse,200,1.0,1.0,0.0,0.6191701380875139,1.51,1.0,0.01787729999250587,0.08938649996252934,9
bank_marketing,marketing intervention,7,5,0.0,immutable_top3_l1,clbr_uncached,200,0.405,0.08,0.325,1.0534455921090695,2.6049382716049383,1.0,0.03894739999486774,0.1947369999743387,9
bank_marketing,marketing intervention,7,5,1.0,free_l2,nn_positive_train,200,1.0,1.0,0.0,3.1497169780886156,5.295,0.0,0.009025200000905897,0.04512600000452949,9
bank_marketing,marketing intervention,7,5,1.0,free_l2,leaf_centroid,200,1.0,1.0,0.0,3.999048351734109,6.825,0.0,0.035676500003319234,0.17838250001659617,9
bank_marketing,marketing intervention,7,5,1.0,free_l2,raw_leaf_projection,200,1.0,1.0,0.0,0.9327432817670546,1.43,1.0,0.009335899991128827,0.04667949995564413,9
bank_marketing,marketing intervention,7,5,1.0,free_l2,clbr,200,1.0,1.0,0.0,0.9327432817670546,1.43,1.0,0.008698500000718923,0.043492500003594614,9
bank_marketing,marketing intervention,7,5,1.0,free_l2,metric_leaf_projection,200,1.0,1.0,0.0,0.39429705947311233,1.485,1.0,0.008710999995855673,0.043554999979278364,9
bank_marketing,marketing intervention,7,5,1.0,free_l2,metric_clbr,200,1.0,1.0,0.0,0.39429705947311233,1.485,1.0,0.008692899989910075,0.04346449994955037,9
bank_marketing,marketing intervention,7,5,1.0,free_l2,exact_leaf,200,1.0,1.0,0.0,0.39429705947311233,1.485,1.0,0.06247009998969588,0.3123504999484794,9
bank_marketing,marketing intervention,7,5,1.0,free_l2,exact_leaf_cached,200,1.0,1.0,0.0,0.39429705947311233,1.485,1.0,0.017820499991103134,0.08910249995551567,9
bank_marketing,marketing intervention,7,5,1.0,free_l2,native_exact_k_sparse,200,1.0,1.0,0.0,0.39429705947311233,1.485,1.0,0.01757669999187783,0.08788349995938916,9
bank_marketing,marketing intervention,7,5,1.0,free_l2,clbr_uncached,200,1.0,1.0,0.0,0.9327432817670546,1.43,1.0,0.012014299996735645,0.06007149998367822,9
bank_marketing,marketing intervention,7,5,1.0,immutable_l2,nn_positive_train,200,0.31,0.31,0.0,1.5710057407279454,3.193548387096774,0.6290322580645161,0.008094699996945565,0.04047349998472782,9
bank_marketing,marketing intervention,7,5,1.0,immutable_l2,leaf_centroid,200,0.935,0.935,0.0,2.8430015160599096,3.8449197860962565,0.15508021390374332,0.03410460000850435,0.17052300004252174,9
bank_marketing,marketing intervention,7,5,1.0,immutable_l2,raw_leaf_projection,200,0.275,0.275,0.0,0.294290000292923,1.290909090909091,1.0,0.008791299995209556,0.04395649997604778,9
bank_marketing,marketing intervention,7,5,1.0,immutable_l2,clbr,200,0.385,0.275,0.11,0.44700226637947266,2.012987012987013,0.7662337662337663,0.020964199997251853,0.10482099998625927,9
bank_marketing,marketing intervention,7,5,1.0,immutable_l2,metric_leaf_projection,200,0.805,0.805,0.0,0.3478823475001681,1.4658385093167703,1.0,0.008221899996897264,0.04110949998448632,9
bank_marketing,marketing intervention,7,5,1.0,immutable_l2,metric_clbr,200,0.83,0.805,0.025,0.38889676663276823,1.5301204819277108,0.9819277108433735,0.011783899999500136,0.05891949999750068,9
bank_marketing,marketing intervention,7,5,1.0,immutable_l2,exact_leaf,200,1.0,1.0,0.0,0.5107629149454016,1.49,1.0,0.0594548999933977,0.2972744999669885,9
bank_marketing,marketing intervention,7,5,1.0,immutable_l2,exact_leaf_cached,200,1.0,1.0,0.0,0.5107629149454016,1.49,1.0,0.018555300008301856,0.09277650004150928,9
bank_marketing,marketing intervention,7,5,1.0,immutable_l2,native_exact_k_sparse,200,1.0,1.0,0.0,0.5107629149454016,1.49,1.0,0.01728579999962676,0.0864289999981338,9
bank_marketing,marketing intervention,7,5,1.0,immutable_l2,clbr_uncached,200,0.385,0.275,0.11,0.44700226637947266,2.012987012987013,0.7662337662337663,0.02559630000632751,0.12798150003163755,9
bank_marketing,marketing intervention,7,5,1.0,immutable_top3_l1,nn_positive_train,200,0.31,0.31,0.0,1.8002941027648045,2.8225806451612905,1.0,0.00863189999563474,0.0431594999781737,9
bank_marketing,marketing intervention,7,5,1.0,immutable_top3_l1,leaf_centroid,200,0.595,0.595,0.0,4.499798965010197,2.857142857142857,1.0,0.03307519999998476,0.1653759999999238,9
bank_marketing,marketing intervention,7,5,1.0,immutable_top3_l1,raw_leaf_projection,200,0.16,0.16,0.0,0.2445206557506651,1.09375,1.0,0.008620500001597975,0.043102500007989875,9
bank_marketing,marketing intervention,7,5,1.0,immutable_top3_l1,clbr,200,0.35,0.16,0.19,0.9363590947353758,2.0714285714285716,1.0,0.02553629999874829,0.12768149999374145,9
bank_marketing,marketing intervention,7,5,1.0,immutable_top3_l1,metric_leaf_projection,200,0.445,0.445,0.0,0.3412259428029965,1.247191011235955,1.0,0.007588499998746556,0.03794249999373278,9
bank_marketing,marketing intervention,7,5,1.0,immutable_top3_l1,metric_clbr,200,0.535,0.445,0.09,0.666160661088258,1.5233644859813085,1.0,0.01797719999376568,0.0898859999688284,9
bank_marketing,marketing intervention,7,5,1.0,immutable_top3_l1,exact_leaf,200,1.0,1.0,0.0,0.6722912037240613,1.16,1.0,0.05691070000284526,0.2845535000142263,9
bank_marketing,marketing intervention,7,5,1.0,immutable_top3_l1,exact_leaf_cached,200,1.0,1.0,0.0,0.6722912037240613,1.16,1.0,0.01653910000095493,0.08269550000477466,9
bank_marketing,marketing intervention,7,5,1.0,immutable_top3_l1,native_exact_k_sparse,200,1.0,1.0,0.0,0.5819297345886507,1.485,1.0,0.017810600000302657,0.08905300000151328,9
bank_marketing,marketing intervention,7,5,1.0,immutable_top3_l1,clbr_uncached,200,0.35,0.16,0.19,0.9363590947353758,2.0714285714285716,1.0,0.029934099996353325,0.14967049998176662,9
bank_marketing,marketing intervention,13,5,0.0,free_l2,nn_positive_train,200,1.0,1.0,0.0,2.861187946923099,5.37,0.005,0.009133699993981281,0.045668499969906406,13
bank_marketing,marketing intervention,13,5,0.0,free_l2,leaf_centroid,200,1.0,1.0,0.0,3.141675089234653,6.25,0.0,0.04732940000212693,0.23664700001063466,13
bank_marketing,marketing intervention,13,5,0.0,free_l2,raw_leaf_projection,200,1.0,1.0,0.0,1.5177387948322307,1.3,1.0,0.01053880000654317,0.05269400003271585,13
bank_marketing,marketing intervention,13,5,0.0,free_l2,clbr,200,1.0,1.0,0.0,1.5177387948322307,1.3,1.0,0.009039800004757126,0.04519900002378563,13
bank_marketing,marketing intervention,13,5,0.0,free_l2,metric_leaf_projection,200,1.0,1.0,0.0,0.4559504313647956,1.615,1.0,0.008941899995079439,0.04470949997539719,13
bank_marketing,marketing intervention,13,5,0.0,free_l2,metric_clbr,200,1.0,1.0,0.0,0.4559504313647956,1.615,1.0,0.008414599991738214,0.04207299995869107,13
bank_marketing,marketing intervention,13,5,0.0,free_l2,exact_leaf,200,1.0,1.0,0.0,0.4559504313647956,1.615,1.0,0.09100049999051407,0.45500249995257036,13
bank_marketing,marketing intervention,13,5,0.0,free_l2,exact_leaf_cached,200,1.0,1.0,0.0,0.4559504313647956,1.615,1.0,0.019365900003322167,0.09682950001661084,13
bank_marketing,marketing intervention,13,5,0.0,free_l2,native_exact_k_sparse,200,1.0,1.0,0.0,0.4559504313647956,1.615,1.0,0.01769230000081734,0.0884615000040867,13
bank_marketing,marketing intervention,13,5,0.0,free_l2,clbr_uncached,200,1.0,1.0,0.0,1.5177387948322307,1.3,1.0,0.014658299996881397,0.07329149998440698,13
bank_marketing,marketing intervention,13,5,0.0,immutable_l2,nn_positive_train,200,0.335,0.335,0.0,1.4880540280908066,3.611940298507463,0.3582089552238806,0.007604699997500575,0.03802349998750287,13
bank_marketing,marketing intervention,13,5,0.0,immutable_l2,leaf_centroid,200,0.32,0.32,0.0,1.896518175037786,3.90625,0.078125,0.042929999997795676,0.21464999998897838,13
bank_marketing,marketing intervention,13,5,0.0,immutable_l2,raw_leaf_projection,200,0.195,0.195,0.0,0.22536239334900748,1.1538461538461537,1.0,0.00823210000180552,0.0411605000090276,13
bank_marketing,marketing intervention,13,5,0.0,immutable_l2,clbr,200,0.45,0.195,0.255,0.63541119097149,2.533333333333333,0.6444444444444445,0.028057599996827776,0.14028799998413888,13
bank_marketing,marketing intervention,13,5,0.0,immutable_l2,metric_leaf_projection,200,0.955,0.955,0.0,0.45663571397306835,1.638743455497382,1.0,0.008147299999109237,0.04073649999554618,13
bank_marketing,marketing intervention,13,5,0.0,immutable_l2,metric_clbr,200,0.975,0.955,0.02,0.4637316683634637,1.6615384615384616,1.0,0.009346899990305246,0.04673449995152623,13
bank_marketing,marketing intervention,13,5,0.0,immutable_l2,exact_leaf,200,1.0,1.0,0.0,0.4621698986128735,1.63,1.0,0.07818300000053569,0.3909150000026784,13
bank_marketing,marketing intervention,13,5,0.0,immutable_l2,exact_leaf_cached,200,1.0,1.0,0.0,0.4621698986128735,1.63,1.0,0.017130899999756366,0.08565449999878183,13
bank_marketing,marketing intervention,13,5,0.0,immutable_l2,native_exact_k_sparse,200,1.0,1.0,0.0,0.4621698986128735,1.63,1.0,0.015875099994445918,0.07937549997222959,13
bank_marketing,marketing intervention,13,5,0.0,immutable_l2,clbr_uncached,200,0.45,0.195,0.255,0.63541119097149,2.533333333333333,0.6444444444444445,0.0341775999922902,0.170887999961451,13
bank_marketing,marketing intervention,13,5,0.0,immutable_top3_l1,nn_positive_train,200,0.33,0.33,0.0,1.7840025749160662,2.9696969696969697,1.0,0.009473199998865311,0.04736599999432656,13
bank_marketing,marketing intervention,13,5,0.0,immutable_top3_l1,leaf_centroid,200,0.17,0.17,0.0,2.479050606351306,2.9705882352941178,1.0,0.04472250000526401,0.22361250002632005,13
bank_marketing,marketing intervention,13,5,0.0,immutable_top3_l1,raw_leaf_projection,200,0.075,0.075,0.0,0.20800285103169477,1.1333333333333333,1.0,0.00885490000655409,0.04427450003277045,13
bank_marketing,marketing intervention,13,5,0.0,immutable_top3_l1,clbr,200,0.335,0.075,0.26,0.8854683284897683,2.5522388059701493,1.0,0.03080039999622386,0.1540019999811193,13
bank_marketing,marketing intervention,13,5,0.0,immutable_top3_l1,metric_leaf_projection,200,0.36,0.36,0.0,0.5278504273050272,1.4027777777777777,1.0,0.007989700002326572,0.03994850001163286,13
bank_marketing,marketing intervention,13,5,0.0,immutable_top3_l1,metric_clbr,200,0.4,0.36,0.04,0.5908182500582939,1.55,1.0,0.016080300001704018,0.08040150000852009,13
bank_marketing,marketing intervention,13,5,0.0,immutable_top3_l1,exact_leaf,200,1.0,1.0,0.0,1.8636618692366855,1.225,1.0,0.0762042999976984,0.381021499988492,13
bank_marketing,marketing intervention,13,5,0.0,immutable_top3_l1,exact_leaf_cached,200,1.0,1.0,0.0,1.8636618692366855,1.225,1.0,0.017271299989261024,0.08635649994630512,13
bank_marketing,marketing intervention,13,5,0.0,immutable_top3_l1,native_exact_k_sparse,200,1.0,1.0,0.0,0.5622488216720527,1.615,1.0,0.01767900000231748,0.0883950000115874,13
bank_marketing,marketing intervention,13,5,0.0,immutable_top3_l1,clbr_uncached,200,0.335,0.075,0.26,0.8854683284897683,2.5522388059701493,1.0,0.03793539999787754,0.1896769999893877,13
bank_marketing,marketing intervention,13,5,1.0,free_l2,nn_positive_train,200,1.0,1.0,0.0,2.9281546938297436,6.44,0.0,0.00853369999822462,0.0426684999911231,13
bank_marketing,marketing intervention,13,5,1.0,free_l2,leaf_centroid,200,1.0,1.0,0.0,3.1615888525950373,6.915,0.0,0.046400999993238656,0.23200499996619328,13
bank_marketing,marketing intervention,13,5,1.0,free_l2,raw_leaf_projection,200,1.0,1.0,0.0,1.1288988312101862,1.335,1.0,0.009056099991539668,0.04528049995769834,13
bank_marketing,marketing intervention,13,5,1.0,free_l2,clbr,200,1.0,1.0,0.0,1.1288988312101862,1.335,1.0,0.008345799998096481,0.04172899999048241,13
bank_marketing,marketing intervention,13,5,1.0,free_l2,metric_leaf_projection,200,1.0,1.0,0.0,0.3781369835049031,1.405,1.0,0.00897680000616674,0.044884000030833704,13
bank_marketing,marketing intervention,13,5,1.0,free_l2,metric_clbr,200,1.0,1.0,0.0,0.3781369835049031,1.405,1.0,0.008631299992885033,0.043156499964425166,13
bank_marketing,marketing intervention,13,5,1.0,free_l2,exact_leaf,200,1.0,1.0,0.0,0.3781369835049031,1.405,1.0,0.08572320000712352,0.4286160000356176,13
bank_marketing,marketing intervention,13,5,1.0,free_l2,exact_leaf_cached,200,1.0,1.0,0.0,0.3781369835049031,1.405,1.0,0.017872399995212618,0.08936199997606309,13
bank_marketing,marketing intervention,13,5,1.0,free_l2,native_exact_k_sparse,200,1.0,1.0,0.0,0.3781369835049031,1.405,1.0,0.016890100007913134,0.08445050003956567,13
bank_marketing,marketing intervention,13,5,1.0,free_l2,clbr_uncached,200,1.0,1.0,0.0,1.1288988312101862,1.335,1.0,0.01406800000313524,0.0703400000156762,13
bank_marketing,marketing intervention,13,5,1.0,immutable_l2,nn_positive_train,200,0.9,0.9,0.0,1.57250922938724,3.6666666666666665,0.3277777777777778,0.008449299999483628,0.04224649999741814,13
bank_marketing,marketing intervention,13,5,1.0,immutable_l2,leaf_centroid,200,1.0,1.0,0.0,2.0025293310052077,3.92,0.08,0.04624909999711235,0.23124549998556176,13
bank_marketing,marketing intervention,13,5,1.0,immutable_l2,raw_leaf_projection,200,0.1,0.1,0.0,0.23439952396028346,1.0,1.0,0.009691100004602049,0.048455500023010245,13
bank_marketing,marketing intervention,13,5,1.0,immutable_l2,clbr,200,0.9,0.1,0.8,0.8903532992542198,3.388888888888889,0.38333333333333336,0.0585832000051596,0.292916000025798,13
bank_marketing,marketing intervention,13,5,1.0,immutable_l2,metric_leaf_projection,200,0.845,0.845,0.0,0.38782195470169006,1.4023668639053255,1.0,0.009022899998853973,0.04511449999426986,13
bank_marketing,marketing intervention,13,5,1.0,immutable_l2,metric_clbr,200,0.99,0.845,0.145,0.46839089940321255,1.7474747474747474,0.8888888888888888,0.01712309999311401,0.08561549996557005,13
bank_marketing,marketing intervention,13,5,1.0,immutable_l2,exact_leaf,200,1.0,1.0,0.0,0.414457677053059,1.415,1.0,0.08151460000681254,0.4075730000340627,13
bank_marketing,marketing intervention,13,5,1.0,immutable_l2,exact_leaf_cached,200,1.0,1.0,0.0,0.414457677053059,1.415,1.0,0.01863130000401725,0.09315650002008624,13
bank_marketing,marketing intervention,13,5,1.0,immutable_l2,native_exact_k_sparse,200,1.0,1.0,0.0,0.414457677053059,1.415,1.0,0.017553399998178065,0.08776699999089033,13
bank_marketing,marketing intervention,13,5,1.0,immutable_l2,clbr_uncached,200,0.9,0.1,0.8,0.8903532992542198,3.388888888888889,0.38333333333333336,0.06634720000420202,0.3317360000210101,13
bank_marketing,marketing intervention,13,5,1.0,immutable_top3_l1,nn_positive_train,200,0.895,0.895,0.0,1.7037292302426945,2.994413407821229,1.0,0.008410000008552743,0.04205000004276371,13
bank_marketing,marketing intervention,13,5,1.0,immutable_top3_l1,leaf_centroid,200,0.77,0.77,0.0,1.8422168871397926,2.9935064935064934,1.0,0.044267399995987944,0.22133699997993972,13
bank_marketing,marketing intervention,13,5,1.0,immutable_top3_l1,raw_leaf_projection,200,0.07,0.07,0.0,0.15928668414044608,1.0,1.0,0.008966000003965746,0.04483000001982873,13
bank_marketing,marketing intervention,13,5,1.0,immutable_top3_l1,clbr,200,0.895,0.07,0.825,0.8928110157305129,2.8379888268156424,1.0,0.05761050000364776,0.2880525000182388,13
bank_marketing,marketing intervention,13,5,1.0,immutable_top3_l1,metric_leaf_projection,200,0.75,0.75,0.0,0.45285290019539065,1.3666666666666667,1.0,0.008062099999733618,0.04031049999866809,13
bank_marketing,marketing intervention,13,5,1.0,immutable_top3_l1,metric_clbr,200,0.915,0.75,0.165,0.593200753322768,1.6612021857923498,1.0,0.01792579999710142,0.08962899998550711,13
bank_marketing,marketing intervention,13,5,1.0,immutable_top3_l1,exact_leaf,200,1.0,1.0,0.0,0.6375132048793652,1.36,1.0,0.0803922000059174,0.401961000029587,13
bank_marketing,marketing intervention,13,5,1.0,immutable_top3_l1,exact_leaf_cached,200,1.0,1.0,0.0,0.6375132048793652,1.36,1.0,0.01740550000613439,0.08702750003067194,13
bank_marketing,marketing intervention,13,5,1.0,immutable_top3_l1,native_exact_k_sparse,200,1.0,1.0,0.0,0.4786562193747639,1.385,1.0,0.01795150000270951,0.08975750001354754,13
bank_marketing,marketing intervention,13,5,1.0,immutable_top3_l1,clbr_uncached,200,0.895,0.07,0.825,0.8928110157305129,2.8379888268156424,1.0,0.06422790000942769,0.3211395000471384,13
bank_marketing,marketing intervention,19,5,0.0,free_l2,nn_positive_train,200,1.0,1.0,0.0,3.270266191514217,5.26,0.015,0.007905200002824131,0.039526000014120655,11
bank_marketing,marketing intervention,19,5,0.0,free_l2,leaf_centroid,200,1.0,1.0,0.0,3.6110998594247885,6.52,0.0,0.037295500008440285,0.18647750004220143,11
bank_marketing,marketing intervention,19,5,0.0,free_l2,raw_leaf_projection,200,1.0,1.0,0.0,1.3300575584194683,1.515,1.0,0.008530599995538068,0.04265299997769034,11
bank_marketing,marketing intervention,19,5,0.0,free_l2,clbr,200,1.0,1.0,0.0,1.3300575584194683,1.515,1.0,0.007962999991832476,0.03981499995916238,11
bank_marketing,marketing intervention,19,5,0.0,free_l2,metric_leaf_projection,200,1.0,1.0,0.0,0.8035725678129347,1.47,1.0,0.007879399991907121,0.039396999959535606,11
bank_marketing,marketing intervention,19,5,0.0,free_l2,metric_clbr,200,1.0,1.0,0.0,0.8035725678129347,1.47,1.0,0.008109200004582817,0.040546000022914086,11
bank_marketing,marketing intervention,19,5,0.0,free_l2,exact_leaf,200,1.0,1.0,0.0,0.8035725678129347,1.47,1.0,0.07103780000579718,0.3551890000289859,11
bank_marketing,marketing intervention,19,5,0.0,free_l2,exact_leaf_cached,200,1.0,1.0,0.0,0.8035725678129347,1.47,1.0,0.016517500002919405,0.08258750001459703,11
bank_marketing,marketing intervention,19,5,0.0,free_l2,native_exact_k_sparse,200,1.0,1.0,0.0,0.8035725678129347,1.47,1.0,0.01569970000491594,0.0784985000245797,11
bank_marketing,marketing intervention,19,5,0.0,free_l2,clbr_uncached,200,1.0,1.0,0.0,1.3300575584194683,1.515,1.0,0.01183279999804654,0.059163999990232696,11
bank_marketing,marketing intervention,19,5,0.0,immutable_l2,nn_positive_train,200,0.275,0.275,0.0,1.9069968377073472,3.581818181818182,0.36363636363636365,0.0076255000076344,0.038127500038172,11
bank_marketing,marketing intervention,19,5,0.0,immutable_l2,leaf_centroid,200,0.63,0.63,0.0,3.0711285856405284,3.992063492063492,0.007936507936507936,0.03847489999316167,0.19237449996580835,11
bank_marketing,marketing intervention,19,5,0.0,immutable_l2,raw_leaf_projection,200,0.23,0.23,0.0,0.8253416972743506,1.2826086956521738,1.0,0.009167100011836737,0.04583550005918369,11
bank_marketing,marketing intervention,19,5,0.0,immutable_l2,clbr,200,0.375,0.23,0.145,1.1692828156137693,2.1466666666666665,0.7733333333333333,0.02194980000058422,0.1097490000029211,11
bank_marketing,marketing intervention,19,5,0.0,immutable_l2,metric_leaf_projection,200,0.7,0.7,0.0,0.8792291866184524,1.3642857142857143,1.0,0.007911300001069321,0.039556500005346606,11
bank_marketing,marketing intervention,19,5,0.0,immutable_l2,metric_clbr,200,0.765,0.7,0.065,0.9244143202579145,1.542483660130719,0.954248366013072,0.013726100002713792,0.06863050001356896,11
bank_marketing,marketing intervention,19,5,0.0,immutable_l2,exact_leaf,200,1.0,1.0,0.0,0.9056452436566169,1.43,1.0,0.06891059999543359,0.34455299997716793,11
bank_marketing,marketing intervention,19,5,0.0,immutable_l2,exact_leaf_cached,200,1.0,1.0,0.0,0.9056452436566169,1.43,1.0,0.01750760000140872,0.08753800000704359,11
bank_marketing,marketing intervention,19,5,0.0,immutable_l2,native_exact_k_sparse,200,1.0,1.0,0.0,0.9056452436566169,1.43,1.0,0.016573099994275253,0.08286549997137627,11
bank_marketing,marketing intervention,19,5,0.0,immutable_l2,clbr_uncached,200,0.375,0.23,0.145,1.1692828156137693,2.1466666666666665,0.7733333333333333,0.02707970000028581,0.13539850000142906,11
bank_marketing,marketing intervention,19,5,0.0,immutable_top3_l1,nn_positive_train,200,0.275,0.275,0.0,2.0427243135513553,2.9454545454545453,1.0,0.008825699993394664,0.04412849996697332,11
bank_marketing,marketing intervention,19,5,0.0,immutable_top3_l1,leaf_centroid,200,0.26,0.26,0.0,3.0843502052970915,3.0,1.0,0.03987999999662861,0.19939999998314306,11
bank_marketing,marketing intervention,19,5,0.0,immutable_top3_l1,raw_leaf_projection,200,0.17,0.17,0.0,0.8416307572671818,1.3823529411764706,1.0,0.008370699993974995,0.041853499969874974,11
bank_marketing,marketing intervention,19,5,0.0,immutable_top3_l1,clbr,200,0.315,0.17,0.145,1.2749605058066518,2.0952380952380953,1.0,0.023817799993594235,0.11908899996797118,11
bank_marketing,marketing intervention,19,5,0.0,immutable_top3_l1,metric_leaf_projection,200,0.31,0.31,0.0,0.8206211014185161,1.3064516129032258,1.0,0.007917600003565894,0.03958800001782947,11
bank_marketing,marketing intervention,19,5,0.0,immutable_top3_l1,metric_clbr,200,0.365,0.31,0.055,1.0570494219993942,1.547945205479452,1.0,0.01824669999859907,0.09123349999299535,11
bank_marketing,marketing intervention,19,5,0.0,immutable_top3_l1,exact_leaf,200,1.0,1.0,0.0,1.790504126390109,1.12,1.0,0.06896570001208602,0.3448285000604301,11
bank_marketing,marketing intervention,19,5,0.0,immutable_top3_l1,exact_leaf_cached,200,1.0,1.0,0.0,1.790504126390109,1.12,1.0,0.017607099997803743,0.08803549998901872,11
bank_marketing,marketing intervention,19,5,0.0,immutable_top3_l1,native_exact_k_sparse,200,1.0,1.0,0.0,0.9970616349114968,1.375,1.0,0.017547799992826185,0.08773899996413093,11
bank_marketing,marketing intervention,19,5,0.0,immutable_top3_l1,clbr_uncached,200,0.315,0.17,0.145,1.2749605058066518,2.0952380952380953,1.0,0.02912979999291565,0.14564899996457825,11
bank_marketing,marketing intervention,19,5,1.0,free_l2,nn_positive_train,200,1.0,1.0,0.0,3.4084116775976923,6.265,0.0,0.008464599997751066,0.04232299998875533,11
bank_marketing,marketing intervention,19,5,1.0,free_l2,leaf_centroid,200,1.0,1.0,0.0,4.235059726055958,6.99,0.0,0.04074600000603823,0.20373000003019115,11
bank_marketing,marketing intervention,19,5,1.0,free_l2,raw_leaf_projection,200,1.0,1.0,0.0,1.1403806986538405,1.685,1.0,0.008994500008157047,0.044972500040785235,11
bank_marketing,marketing intervention,19,5,1.0,free_l2,clbr,200,1.0,1.0,0.0,1.1403806986538405,1.685,1.0,0.00825929999609798,0.0412964999804899,11
bank_marketing,marketing intervention,19,5,1.0,free_l2,metric_leaf_projection,200,1.0,1.0,0.0,0.7628572144537823,1.44,1.0,0.008905199994842405,0.04452599997421203,11
bank_marketing,marketing intervention,19,5,1.0,free_l2,metric_clbr,200,1.0,1.0,0.0,0.7628572144537823,1.44,1.0,0.008380999998735206,0.04190499999367603,11
bank_marketing,marketing intervention,19,5,1.0,free_l2,exact_leaf,200,1.0,1.0,0.0,0.7628572144537823,1.44,1.0,0.07333400000970869,0.36667000004854344,11
bank_marketing,marketing intervention,19,5,1.0,free_l2,exact_leaf_cached,200,1.0,1.0,0.0,0.7628572144537823,1.44,1.0,0.01751440000407456,0.0875720000203728,11
bank_marketing,marketing intervention,19,5,1.0,free_l2,native_exact_k_sparse,200,1.0,1.0,0.0,0.7628572144537823,1.44,1.0,0.01689329999499023,0.08446649997495115,11
bank_marketing,marketing intervention,19,5,1.0,free_l2,clbr_uncached,200,1.0,1.0,0.0,1.1403806986538405,1.685,1.0,0.013028699998358206,0.06514349999179103,11
bank_marketing,marketing intervention,19,5,1.0,immutable_l2,nn_positive_train,200,0.655,0.655,0.0,1.8297898669135675,3.6717557251908395,0.3282442748091603,0.008295900000121037,0.041479500000605185,11
bank_marketing,marketing intervention,19,5,1.0,immutable_l2,leaf_centroid,200,0.995,0.995,0.0,3.6300248145350484,3.9899497487437188,0.010050251256281407,0.04052589999719203,0.20262949998596014,11
bank_marketing,marketing intervention,19,5,1.0,immutable_l2,raw_leaf_projection,200,0.2,0.2,0.0,0.5344726117082793,1.3,1.0,0.00872570000046835,0.04362850000234175,11
bank_marketing,marketing intervention,19,5,1.0,immutable_l2,clbr,200,0.695,0.2,0.495,1.2098147341822822,2.964028776978417,0.5467625899280576,0.04255770000418124,0.2127885000209062,11
bank_marketing,marketing intervention,19,5,1.0,immutable_l2,metric_leaf_projection,200,0.73,0.73,0.0,0.8236525787810439,1.3835616438356164,1.0,0.00849090000428987,0.04245450002144935,11
bank_marketing,marketing intervention,19,5,1.0,immutable_l2,metric_clbr,200,0.915,0.73,0.185,0.9764326878457636,1.825136612021858,0.8852459016393442,0.02097489999505342,0.1048744999752671,11
bank_marketing,marketing intervention,19,5,1.0,immutable_l2,exact_leaf,200,1.0,1.0,0.0,0.8658112967859044,1.395,1.0,0.07282679999661923,0.36413399998309615,11
bank_marketing,marketing intervention,19,5,1.0,immutable_l2,exact_leaf_cached,200,1.0,1.0,0.0,0.8658112967859044,1.395,1.0,0.018373200008682034,0.09186600004341017,11
bank_marketing,marketing intervention,19,5,1.0,immutable_l2,native_exact_k_sparse,200,1.0,1.0,0.0,0.8658112967859044,1.395,1.0,0.01777200000560697,0.08886000002803485,11
bank_marketing,marketing intervention,19,5,1.0,immutable_l2,clbr_uncached,200,0.695,0.2,0.495,1.2098147341822822,2.964028776978417,0.5467625899280576,0.04864069999894127,0.24320349999470636,11
bank_marketing,marketing intervention,19,5,1.0,immutable_top3_l1,nn_positive_train,200,0.655,0.655,0.0,1.9688035600666212,3.0,1.0,0.009310500004175992,0.04655250002087996,11
bank_marketing,marketing intervention,19,5,1.0,immutable_top3_l1,leaf_centroid,200,0.93,0.93,0.0,4.190151960020766,3.0,1.0,0.03980400000273221,0.19902000001366105,11
bank_marketing,marketing intervention,19,5,1.0,immutable_top3_l1,raw_leaf_projection,200,0.19,0.19,0.0,0.5552058964517332,1.3157894736842106,1.0,0.009614699994926923,0.048073499974634615,11
bank_marketing,marketing intervention,19,5,1.0,immutable_top3_l1,clbr,200,0.685,0.19,0.495,1.3525479898957746,2.5328467153284673,1.0,0.04200710000350227,0.21003550001751137,11
bank_marketing,marketing intervention,19,5,1.0,immutable_top3_l1,metric_leaf_projection,200,0.57,0.57,0.0,0.846741471785478,1.3333333333333333,1.0,0.008119499993881618,0.04059749996940809,11
bank_marketing,marketing intervention,19,5,1.0,immutable_top3_l1,metric_clbr,200,0.765,0.57,0.195,1.1241153516203917,1.7581699346405228,1.0,0.022226900002351613,0.11113450001175806,11
bank_marketing,marketing intervention,19,5,1.0,immutable_top3_l1,exact_leaf,200,1.0,1.0,0.0,1.2489733293874525,1.33,1.0,0.07218940000711882,0.3609470000355941,11
bank_marketing,marketing intervention,19,5,1.0,immutable_top3_l1,exact_leaf_cached,200,1.0,1.0,0.0,1.2489733293874525,1.33,1.0,0.018936500000563683,0.09468250000281841,11
bank_marketing,marketing intervention,19,5,1.0,immutable_top3_l1,native_exact_k_sparse,200,1.0,1.0,0.0,0.9624288641077663,1.385,1.0,0.0192447999943397,0.0962239999716985,11
bank_marketing,marketing intervention,19,5,1.0,immutable_top3_l1,clbr_uncached,200,0.685,0.19,0.495,1.3525479898957746,2.5328467153284673,1.0,0.048426999999719555,0.24213499999859778,11
bank_marketing,marketing intervention,29,5,0.0,free_l2,nn_positive_train,200,1.0,1.0,0.0,3.692801678176327,6.25,0.005,0.008663399996294174,0.04331699998147087,9
bank_marketing,marketing intervention,29,5,0.0,free_l2,leaf_centroid,200,1.0,1.0,0.0,2.9704025525467364,7.0,0.0,0.03548330000012356,0.17741650000061782,9
bank_marketing,marketing intervention,29,5,0.0,free_l2,raw_leaf_projection,200,1.0,1.0,0.0,0.7520853472884725,1.665,1.0,0.009853399997155066,0.04926699998577533,9
bank_marketing,marketing intervention,29,5,0.0,free_l2,clbr,200,1.0,1.0,0.0,0.7520853472884725,1.665,1.0,0.008859200009283086,0.04429600004641543,9
bank_marketing,marketing intervention,29,5,0.0,free_l2,metric_leaf_projection,200,1.0,1.0,0.0,0.4576453456526251,1.57,1.0,0.008404799996242218,0.04202399998121109,9
bank_marketing,marketing intervention,29,5,0.0,free_l2,metric_clbr,200,1.0,1.0,0.0,0.4576453456526251,1.57,1.0,0.00847579999754089,0.04237899998770445,9
bank_marketing,marketing intervention,29,5,0.0,free_l2,exact_leaf,200,1.0,1.0,0.0,0.4576453456526251,1.57,1.0,0.06152229999770498,0.3076114999885249,9
bank_marketing,marketing intervention,29,5,0.0,free_l2,exact_leaf_cached,200,1.0,1.0,0.0,0.4576453456526251,1.57,1.0,0.018050199994831928,0.09025099997415964,9
bank_marketing,marketing intervention,29,5,0.0,free_l2,native_exact_k_sparse,200,1.0,1.0,0.0,0.4576453456526251,1.57,1.0,0.018568999997114588,0.09284499998557294,9
bank_marketing,marketing intervention,29,5,0.0,free_l2,clbr_uncached,200,1.0,1.0,0.0,0.7520853472884725,1.665,1.0,0.012578800004121149,0.06289400002060574,9
bank_marketing,marketing intervention,29,5,0.0,immutable_l2,nn_positive_train,200,0.83,0.83,0.0,1.428514420320927,3.5783132530120483,0.3855421686746988,0.00856200000634999,0.04281000003174995,9
bank_marketing,marketing intervention,29,5,0.0,immutable_l2,leaf_centroid,200,0.785,0.785,0.0,1.8548588623288664,4.0,0.0,0.035057700003562786,0.17528850001781393,9
bank_marketing,marketing intervention,29,5,0.0,immutable_l2,raw_leaf_projection,200,0.75,0.75,0.0,0.4262364557285385,1.68,1.0,0.008945799999310111,0.044728999996550556,9
bank_marketing,marketing intervention,29,5,0.0,immutable_l2,clbr,200,0.86,0.75,0.11,0.5090560876984563,1.8662790697674418,0.9593023255813954,0.01593600000251172,0.0796800000125586,9
bank_marketing,marketing intervention,29,5,0.0,immutable_l2,metric_leaf_projection,200,0.965,0.965,0.0,0.4520698737375417,1.5544041450777202,1.0,0.008274400006484939,0.041372000032424694,9
bank_marketing,marketing intervention,29,5,0.0,immutable_l2,metric_clbr,200,0.985,0.965,0.02,0.46037267187128766,1.5939086294416243,0.9898477157360406,0.009756100002960011,0.048780500014800054,9
bank_marketing,marketing intervention,29,5,0.0,immutable_l2,exact_leaf,200,1.0,1.0,0.0,0.46284009253875225,1.54,1.0,0.05886790000477049,0.29433950002385245,9
bank_marketing,marketing intervention,29,5,0.0,immutable_l2,exact_leaf_cached,200,1.0,1.0,0.0,0.46284009253875225,1.54,1.0,0.017771000013453886,0.08885500006726943,9
bank_marketing,marketing intervention,29,5,0.0,immutable_l2,native_exact_k_sparse,200,1.0,1.0,0.0,0.46284009253875225,1.54,1.0,0.017154400004983472,0.08577200002491736,9
bank_marketing,marketing intervention,29,5,0.0,immutable_l2,clbr_uncached,200,0.86,0.75,0.11,0.5090560876984563,1.8662790697674418,0.9593023255813954,0.020091400000637805,0.10045700000318902,9
bank_marketing,marketing intervention,29,5,0.0,immutable_top3_l1,nn_positive_train,200,0.83,0.83,0.0,1.3378040096700772,2.963855421686747,1.0,0.0083773000014844,0.041886500007422,9
bank_marketing,marketing intervention,29,5,0.0,immutable_top3_l1,leaf_centroid,200,0.77,0.77,0.0,2.048022311672632,3.0,1.0,0.0363173000050665,0.1815865000253325,9
bank_marketing,marketing intervention,29,5,0.0,immutable_top3_l1,raw_leaf_projection,200,0.735,0.735,0.0,0.5323145666609346,1.6802721088435375,1.0,0.009022499997627165,0.045112499988135824,9
bank_marketing,marketing intervention,29,5,0.0,immutable_top3_l1,clbr,200,0.855,0.735,0.12,0.6470679306910391,1.8362573099415205,1.0,0.018348399997194065,0.09174199998597032,9
bank_marketing,marketing intervention,29,5,0.0,immutable_top3_l1,metric_leaf_projection,200,0.885,0.885,0.0,0.5645915692046384,1.576271186440678,1.0,0.0089438999975755,0.0447194999878775,9
bank_marketing,marketing intervention,29,5,0.0,immutable_top3_l1,metric_clbr,200,0.915,0.885,0.03,0.5951145763259783,1.6174863387978142,1.0,0.011406500001612585,0.057032500008062925,9
bank_marketing,marketing intervention,29,5,0.0,immutable_top3_l1,exact_leaf,200,1.0,1.0,0.0,0.5775989162017261,1.545,1.0,0.06283189999885508,0.3141594999942754,9
bank_marketing,marketing intervention,29,5,0.0,immutable_top3_l1,exact_leaf_cached,200,1.0,1.0,0.0,0.5775989162017261,1.545,1.0,0.01762749999670632,0.0881374999835316,9
bank_marketing,marketing intervention,29,5,0.0,immutable_top3_l1,native_exact_k_sparse,200,1.0,1.0,0.0,0.5405738690567652,1.53,1.0,0.018215099990811723,0.09107549995405861,9
bank_marketing,marketing intervention,29,5,0.0,immutable_top3_l1,clbr_uncached,200,0.855,0.735,0.12,0.6470679306910391,1.8362573099415205,1.0,0.02233670000168786,0.1116835000084393,9
bank_marketing,marketing intervention,29,5,1.0,free_l2,nn_positive_train,200,1.0,1.0,0.0,3.3173676217701416,6.395,0.0,0.008196199992198672,0.04098099996099336,9
bank_marketing,marketing intervention,29,5,1.0,free_l2,leaf_centroid,200,1.0,1.0,0.0,3.1122672721807603,7.0,0.0,0.03421900000557798,0.1710950000278899,9
bank_marketing,marketing intervention,29,5,1.0,free_l2,raw_leaf_projection,200,1.0,1.0,0.0,0.7008570652976763,1.73,1.0,0.008830500004478381,0.044152500022391905,9
bank_marketing,marketing intervention,29,5,1.0,free_l2,clbr,200,1.0,1.0,0.0,0.7008570652976763,1.73,1.0,0.008034400011638354,0.04017200005819177,9
bank_marketing,marketing intervention,29,5,1.0,free_l2,metric_leaf_projection,200,1.0,1.0,0.0,0.461754911894128,1.575,1.0,0.008363899993128143,0.041819499965640716,9
bank_marketing,marketing intervention,29,5,1.0,free_l2,metric_clbr,200,1.0,1.0,0.0,0.461754911894128,1.575,1.0,0.008247800011304207,0.041239000056521036,9
bank_marketing,marketing intervention,29,5,1.0,free_l2,exact_leaf,200,1.0,1.0,0.0,0.461754911894128,1.575,1.0,0.06091070000547916,0.3045535000273958,9
bank_marketing,marketing intervention,29,5,1.0,free_l2,exact_leaf_cached,200,1.0,1.0,0.0,0.461754911894128,1.575,1.0,0.01763719999780733,0.08818599998903665,9
bank_marketing,marketing intervention,29,5,1.0,free_l2,native_exact_k_sparse,200,1.0,1.0,0.0,0.461754911894128,1.575,1.0,0.016993800002637727,0.08496900001318863,9
bank_marketing,marketing intervention,29,5,1.0,free_l2,clbr_uncached,200,1.0,1.0,0.0,0.7008570652976763,1.73,1.0,0.012039699992783426,0.06019849996391713,9
bank_marketing,marketing intervention,29,5,1.0,immutable_l2,nn_positive_train,200,0.75,0.75,0.0,1.3841567956933765,3.56,0.3933333333333333,0.008536699995602248,0.04268349997801124,9
bank_marketing,marketing intervention,29,5,1.0,immutable_l2,leaf_centroid,200,0.94,0.94,0.0,1.7631205666107619,4.0,0.0,0.034178299992163375,0.17089149996081687,9
bank_marketing,marketing intervention,29,5,1.0,immutable_l2,raw_leaf_projection,200,0.595,0.595,0.0,0.4458001462531097,1.6302521008403361,1.0,0.00845999999819469,0.04229999999097345,9
bank_marketing,marketing intervention,29,5,1.0,immutable_l2,clbr,200,0.81,0.595,0.215,0.6183800383730229,2.0864197530864197,0.8827160493827161,0.022463099998276448,0.11231549999138224,9
bank_marketing,marketing intervention,29,5,1.0,immutable_l2,metric_leaf_projection,200,0.88,0.88,0.0,0.43288176972426684,1.4375,1.0,0.008243400004175783,0.04121700002087891,9
bank_marketing,marketing intervention,29,5,1.0,immutable_l2,metric_clbr,200,0.94,0.88,0.06,0.5264831455378977,1.5797872340425532,0.9574468085106383,0.01188060000185942,0.0594030000092971,9
bank_marketing,marketing intervention,29,5,1.0,immutable_l2,exact_leaf,200,1.0,1.0,0.0,0.4948979032695842,1.415,1.0,0.058971900004507916,0.2948595000225396,9
bank_marketing,marketing intervention,29,5,1.0,immutable_l2,exact_leaf_cached,200,1.0,1.0,0.0,0.4948979032695842,1.415,1.0,0.01837969999814959,0.09189849999074795,9
bank_marketing,marketing intervention,29,5,1.0,immutable_l2,native_exact_k_sparse,200,1.0,1.0,0.0,0.4948979032695842,1.415,1.0,0.0176802000069074,0.08840100003453699,9
bank_marketing,marketing intervention,29,5,1.0,immutable_l2,clbr_uncached,200,0.81,0.595,0.215,0.6183800383730229,2.0864197530864197,0.8827160493827161,0.02662300000883988,0.1331150000441994,9
bank_marketing,marketing intervention,29,5,1.0,immutable_top3_l1,nn_positive_train,200,0.75,0.75,0.0,1.497846989549268,2.953333333333333,1.0,0.008446699995147355,0.04223349997573678,9
bank_marketing,marketing intervention,29,5,1.0,immutable_top3_l1,leaf_centroid,200,0.865,0.865,0.0,2.300061685723489,3.0,1.0,0.03280610000183515,0.16403050000917574,9
bank_marketing,marketing intervention,29,5,1.0,immutable_top3_l1,raw_leaf_projection,200,0.58,0.58,0.0,0.5595628951841249,1.6293103448275863,1.0,0.008135200007018284,0.04067600003509142,9
bank_marketing,marketing intervention,29,5,1.0,immutable_top3_l1,clbr,200,0.8,0.58,0.22,0.7576389332380856,1.975,1.0,0.02383199999712815,0.11915999998564075,9
bank_marketing,marketing intervention,29,5,1.0,immutable_top3_l1,metric_leaf_projection,200,0.855,0.855,0.0,0.5374672061480544,1.4210526315789473,1.0,0.007948299999043229,0.039741499995216145,9
bank_marketing,marketing intervention,29,5,1.0,immutable_top3_l1,metric_clbr,200,0.94,0.855,0.085,0.6550705875137398,1.5425531914893618,1.0,0.013195399991673185,0.06597699995836592,9
bank_marketing,marketing intervention,29,5,1.0,immutable_top3_l1,exact_leaf,200,1.0,1.0,0.0,0.6186706081351014,1.37,1.0,0.06126249999488209,0.30631249997441046,9
bank_marketing,marketing intervention,29,5,1.0,immutable_top3_l1,exact_leaf_cached,200,1.0,1.0,0.0,0.6186706081351014,1.37,1.0,0.01794069999414205,0.08970349997071025,9
bank_marketing,marketing intervention,29,5,1.0,immutable_top3_l1,native_exact_k_sparse,200,1.0,1.0,0.0,0.5675275654521242,1.385,1.0,0.016973100001450803,0.08486550000725401,9
bank_marketing,marketing intervention,29,5,1.0,immutable_top3_l1,clbr_uncached,200,0.8,0.58,0.22,0.7576389332380856,1.975,1.0,0.02755410000372649,0.13777050001863245,9
bank_marketing,marketing intervention,37,5,0.0,free_l2,nn_positive_train,200,1.0,1.0,0.0,2.893905995654221,4.95,0.015,0.008148699999765086,0.04074349999882543,10
bank_marketing,marketing intervention,37,5,0.0,free_l2,leaf_centroid,200,1.0,1.0,0.0,3.81914310483068,6.75,0.0,0.03588489999765443,0.17942449998827215,10
bank_marketing,marketing intervention,37,5,0.0,free_l2,raw_leaf_projection,200,1.0,1.0,0.0,1.233661276178347,1.57,1.0,0.008909199995287054,0.04454599997643527,10
bank_marketing,marketing intervention,37,5,0.0,free_l2,clbr,200,1.0,1.0,0.0,1.233661276178347,1.57,1.0,0.008439299997007765,0.04219649998503883,10
bank_marketing,marketing intervention,37,5,0.0,free_l2,metric_leaf_projection,200,1.0,1.0,0.0,0.8885726085743885,1.67,1.0,0.008147999997163424,0.04073999998581712,10
bank_marketing,marketing intervention,37,5,0.0,free_l2,metric_clbr,200,1.0,1.0,0.0,0.8885726085743885,1.67,1.0,0.008808499997940089,0.044042499989700445,10
bank_marketing,marketing intervention,37,5,0.0,free_l2,exact_leaf,200,1.0,1.0,0.0,0.8885726085743885,1.67,1.0,0.06285089998436888,0.3142544999218444,10
bank_marketing,marketing intervention,37,5,0.0,free_l2,exact_leaf_cached,200,1.0,1.0,0.0,0.8885726085743885,1.67,1.0,0.017645300007643527,0.08822650003821764,10
bank_marketing,marketing intervention,37,5,0.0,free_l2,native_exact_k_sparse,200,1.0,1.0,0.0,0.8885726085743885,1.67,1.0,0.01684560000012425,0.08422800000062125,10
bank_marketing,marketing intervention,37,5,0.0,free_l2,clbr_uncached,200,1.0,1.0,0.0,1.233661276178347,1.57,1.0,0.012007399996946333,0.060036999984731665,10
bank_marketing,marketing intervention,37,5,0.0,immutable_l2,nn_positive_train,200,0.19,0.19,0.0,1.6938318714682852,3.3421052631578947,0.5263157894736842,0.008073899995906686,0.04036949997953343,10
bank_marketing,marketing intervention,37,5,0.0,immutable_l2,leaf_centroid,200,0.86,0.86,0.0,3.2735120507431255,3.988372093023256,0.011627906976744186,0.03675580000162881,0.18377900000814407,10
bank_marketing,marketing intervention,37,5,0.0,immutable_l2,raw_leaf_projection,200,0.105,0.105,0.0,0.4799131509406381,1.4761904761904763,1.0,0.009106900001825124,0.04553450000912562,10
bank_marketing,marketing intervention,37,5,0.0,immutable_l2,clbr,200,0.195,0.105,0.09,0.9967926442233059,2.1025641025641026,0.9743589743589743,0.023335299998507253,0.11667649999253626,10
bank_marketing,marketing intervention,37,5,0.0,immutable_l2,metric_leaf_projection,200,0.26,0.26,0.0,0.7252194903363297,1.5769230769230769,1.0,0.00825200000872428,0.0412600000436214,10
bank_marketing,marketing intervention,37,5,0.0,immutable_l2,metric_clbr,200,0.315,0.26,0.055,0.9534554278063074,1.7936507936507937,0.9841269841269841,0.019096500004707195,0.09548250002353598,10
bank_marketing,marketing intervention,37,5,0.0,immutable_l2,exact_leaf,200,1.0,1.0,0.0,1.4958280907771957,1.535,1.0,0.06497740000304475,0.32488700001522375,10
bank_marketing,marketing intervention,37,5,0.0,immutable_l2,exact_leaf_cached,200,1.0,1.0,0.0,1.4958280907771957,1.535,1.0,0.017468099998950493,0.08734049999475246,10
bank_marketing,marketing intervention,37,5,0.0,immutable_l2,native_exact_k_sparse,200,1.0,1.0,0.0,1.4958280907771957,1.535,1.0,0.017355899999529356,0.08677949999764678,10
bank_marketing,marketing intervention,37,5,0.0,immutable_l2,clbr_uncached,200,0.195,0.105,0.09,0.9967926442233059,2.1025641025641026,0.9743589743589743,0.027195300006496836,0.13597650003248418,10
bank_marketing,marketing intervention,37,5,0.0,immutable_top3_l1,nn_positive_train,200,0.19,0.19,0.0,1.974532568046421,2.8684210526315788,1.0,0.008089899994956795,0.040449499974783976,10
bank_marketing,marketing intervention,37,5,0.0,immutable_top3_l1,leaf_centroid,200,0.685,0.685,0.0,3.2731151198057216,3.0,1.0,0.03656549999686831,0.18282749998434156,10
bank_marketing,marketing intervention,37,5,0.0,immutable_top3_l1,raw_leaf_projection,200,0.105,0.105,0.0,0.5691562887124739,1.4761904761904763,1.0,0.008492300008583697,0.04246150004291849,10
bank_marketing,marketing intervention,37,5,0.0,immutable_top3_l1,clbr,200,0.195,0.105,0.09,1.221016599778759,2.076923076923077,1.0,0.02199479999489995,0.10997399997449975,10
bank_marketing,marketing intervention,37,5,0.0,immutable_top3_l1,metric_leaf_projection,200,0.265,0.265,0.0,0.894897714464897,1.2830188679245282,1.0,0.007582900003399118,0.03791450001699559,10
bank_marketing,marketing intervention,37,5,0.0,immutable_top3_l1,metric_clbr,200,0.315,0.265,0.05,1.122586519997007,1.507936507936508,1.0,0.017658300008406513,0.08829150004203257,10
bank_marketing,marketing intervention,37,5,0.0,immutable_top3_l1,exact_leaf,200,1.0,1.0,0.0,1.6236543067189666,1.19,1.0,0.06276809999963007,0.31384049999815034,10
bank_marketing,marketing intervention,37,5,0.0,immutable_top3_l1,exact_leaf_cached,200,1.0,1.0,0.0,1.6236543067189666,1.19,1.0,0.017049800001586846,0.08524900000793423,10
bank_marketing,marketing intervention,37,5,0.0,immutable_top3_l1,native_exact_k_sparse,200,1.0,1.0,0.0,1.6236543067189666,1.19,1.0,0.01749620000282448,0.0874810000141224,10
bank_marketing,marketing intervention,37,5,0.0,immutable_top3_l1,clbr_uncached,200,0.195,0.105,0.09,1.221016599778759,2.076923076923077,1.0,0.027110799999718438,0.1355539999985922,10
bank_marketing,marketing intervention,37,5,1.0,free_l2,nn_positive_train,200,1.0,1.0,0.0,3.6971704139934194,5.165,0.0,0.008729499993023637,0.043647499965118186,10
bank_marketing,marketing intervention,37,5,1.0,free_l2,leaf_centroid,200,1.0,1.0,0.0,3.912290583307534,6.795,0.0,0.03618520000236458,0.1809260000118229,10
bank_marketing,marketing intervention,37,5,1.0,free_l2,raw_leaf_projection,200,1.0,1.0,0.0,1.8103260726282513,1.665,1.0,0.008550399990781443,0.042751999953907216,10
bank_marketing,marketing intervention,37,5,1.0,free_l2,clbr,200,1.0,1.0,0.0,1.8103260726282513,1.665,1.0,0.00837619999947492,0.0418809999973746,10
bank_marketing,marketing intervention,37,5,1.0,free_l2,metric_leaf_projection,200,1.0,1.0,0.0,0.9743304442266628,1.61,1.0,0.00831369999468734,0.0415684999734367,10
bank_marketing,marketing intervention,37,5,1.0,free_l2,metric_clbr,200,1.0,1.0,0.0,0.9743304442266628,1.61,1.0,0.007985299990650674,0.03992649995325337,10
bank_marketing,marketing intervention,37,5,1.0,free_l2,exact_leaf,200,1.0,1.0,0.0,0.9743304442266628,1.61,1.0,0.06549640000321233,0.32748200001606165,10
bank_marketing,marketing intervention,37,5,1.0,free_l2,exact_leaf_cached,200,1.0,1.0,0.0,0.9743304442266628,1.61,1.0,0.017385300005116733,0.08692650002558366,10
bank_marketing,marketing intervention,37,5,1.0,free_l2,native_exact_k_sparse,200,1.0,1.0,0.0,0.9743304442266628,1.61,1.0,0.01716460000079678,0.0858230000039839,10
bank_marketing,marketing intervention,37,5,1.0,free_l2,clbr_uncached,200,1.0,1.0,0.0,1.8103260726282513,1.665,1.0,0.012257000007593888,0.06128500003796944,10
bank_marketing,marketing intervention,37,5,1.0,immutable_l2,nn_positive_train,200,0.365,0.365,0.0,2.4547997623301807,3.164383561643836,0.6575342465753424,0.008729700004550978,0.04364850002275489,10
bank_marketing,marketing intervention,37,5,1.0,immutable_l2,leaf_centroid,200,0.87,0.87,0.0,3.404962372992105,3.8735632183908044,0.12643678160919541,0.037333999996917555,0.18666999998458778,10
bank_marketing,marketing intervention,37,5,1.0,immutable_l2,raw_leaf_projection,200,0.175,0.175,0.0,0.6440589303312095,1.4,1.0,0.00917729999491712,0.045886499974585604,10
bank_marketing,marketing intervention,37,5,1.0,immutable_l2,clbr,200,0.41,0.175,0.235,1.4513756941164688,2.3292682926829267,0.8658536585365854,0.028959499996744853,0.14479749998372426,10
bank_marketing,marketing intervention,37,5,1.0,immutable_l2,metric_leaf_projection,200,0.37,0.37,0.0,0.7878157373062402,1.1891891891891893,1.0,0.008176099999218422,0.04088049999609211,10
bank_marketing,marketing intervention,37,5,1.0,immutable_l2,metric_clbr,200,0.475,0.37,0.105,1.2419728340990706,1.6736842105263159,0.9052631578947369,0.020602500004315516,0.10301250002157758,10
bank_marketing,marketing intervention,37,5,1.0,immutable_l2,exact_leaf,200,1.0,1.0,0.0,1.5017023793521105,1.105,1.0,0.0676876999959859,0.3384384999799295,10
bank_marketing,marketing intervention,37,5,1.0,immutable_l2,exact_leaf_cached,200,1.0,1.0,0.0,1.5017023793521105,1.105,1.0,0.01832989999638812,0.09164949998194061,10
bank_marketing,marketing intervention,37,5,1.0,immutable_l2,native_exact_k_sparse,200,1.0,1.0,0.0,1.5017023793521105,1.105,1.0,0.017158299997390714,0.08579149998695357,10
bank_marketing,marketing intervention,37,5,1.0,immutable_l2,clbr_uncached,200,0.41,0.175,0.235,1.4513756941164688,2.3292682926829267,0.8658536585365854,0.0341465000055905,0.17073250002795248,10
bank_marketing,marketing intervention,37,5,1.0,immutable_top3_l1,nn_positive_train,200,0.365,0.365,0.0,2.908180470220655,2.8219178082191783,1.0,0.00835719999849971,0.041785999992498546,10
bank_marketing,marketing intervention,37,5,1.0,immutable_top3_l1,leaf_centroid,200,0.87,0.87,0.0,4.018836550018954,2.925287356321839,1.0,0.03819060001296748,0.1909530000648374,10
bank_marketing,marketing intervention,37,5,1.0,immutable_top3_l1,raw_leaf_projection,200,0.175,0.175,0.0,0.7185452234427148,1.4,1.0,0.009183799999846087,0.045918999999230437,10
bank_marketing,marketing intervention,37,5,1.0,immutable_top3_l1,clbr,200,0.41,0.175,0.235,1.6879375995794288,2.1951219512195124,1.0,0.030908399997315428,0.15454199998657714,10
bank_marketing,marketing intervention,37,5,1.0,immutable_top3_l1,metric_leaf_projection,200,0.47,0.47,0.0,1.0659835175787853,1.148936170212766,1.0,0.008108299995001289,0.040541499975006445,10
bank_marketing,marketing intervention,37,5,1.0,immutable_top3_l1,metric_clbr,200,0.54,0.47,0.07,1.3898152134987076,1.3796296296296295,1.0,0.01676709999446757,0.08383549997233786,10
bank_marketing,marketing intervention,37,5,1.0,immutable_top3_l1,exact_leaf,200,1.0,1.0,0.0,1.5295159534289153,1.1,1.0,0.06414859999767941,0.32074299998839706,10
bank_marketing,marketing intervention,37,5,1.0,immutable_top3_l1,exact_leaf_cached,200,1.0,1.0,0.0,1.5295159534289153,1.1,1.0,0.01820320000206266,0.09101600001031329,10
bank_marketing,marketing intervention,37,5,1.0,immutable_top3_l1,native_exact_k_sparse,200,1.0,1.0,0.0,1.5295159534289153,1.1,1.0,0.017815900005189178,0.08907950002594589,10
bank_marketing,marketing intervention,37,5,1.0,immutable_top3_l1,clbr_uncached,200,0.41,0.175,0.235,1.6879375995794288,2.1951219512195124,1.0,0.03483169999981328,0.1741584999990664,10
bank_marketing,marketing intervention,41,5,0.0,free_l2,nn_positive_train,200,1.0,1.0,0.0,3.6017341291847407,5.11,0.045,0.008413499996095197,0.042067499980475986,9
bank_marketing,marketing intervention,41,5,0.0,free_l2,leaf_centroid,200,1.0,1.0,0.0,3.924459149359466,6.925,0.0,0.033723699998517986,0.16861849999258993,9
bank_marketing,marketing intervention,41,5,0.0,free_l2,raw_leaf_projection,200,1.0,1.0,0.0,1.9820145147020747,1.655,1.0,0.008643600006507768,0.04321800003253884,9
bank_marketing,marketing intervention,41,5,0.0,free_l2,clbr,200,1.0,1.0,0.0,1.9820145147020747,1.655,1.0,0.008017699998163152,0.04008849999081576,9
bank_marketing,marketing intervention,41,5,0.0,free_l2,metric_leaf_projection,200,1.0,1.0,0.0,1.017736524469339,1.3,1.0,0.007918999998764775,0.039594999993823876,9
bank_marketing,marketing intervention,41,5,0.0,free_l2,metric_clbr,200,1.0,1.0,0.0,1.017736524469339,1.3,1.0,0.008855099999891536,0.04427549999945768,9
bank_marketing,marketing intervention,41,5,0.0,free_l2,exact_leaf,200,1.0,1.0,0.0,1.017736524469339,1.3,1.0,0.060865600002216524,0.3043280000110826,9
bank_marketing,marketing intervention,41,5,0.0,free_l2,exact_leaf_cached,200,1.0,1.0,0.0,1.017736524469339,1.3,1.0,0.01844489999803045,0.09222449999015225,9
bank_marketing,marketing intervention,41,5,0.0,free_l2,native_exact_k_sparse,200,1.0,1.0,0.0,1.017736524469339,1.3,1.0,0.01732129999982135,0.08660649999910675,9
bank_marketing,marketing intervention,41,5,0.0,free_l2,clbr_uncached,200,1.0,1.0,0.0,1.9820145147020747,1.655,1.0,0.011506200005896972,0.05753100002948486,9
bank_marketing,marketing intervention,41,5,0.0,immutable_l2,nn_positive_train,200,0.125,0.125,0.0,1.6165976187910667,3.16,0.68,0.00723079999715992,0.0361539999857996,9
bank_marketing,marketing intervention,41,5,0.0,immutable_l2,leaf_centroid,200,0.095,0.095,0.0,1.8018145040214195,3.789473684210526,0.21052631578947367,0.032166500001949316,0.16083250000974658,9
bank_marketing,marketing intervention,41,5,0.0,immutable_l2,raw_leaf_projection,200,0.035,0.035,0.0,0.12388160603227116,1.1428571428571428,1.0,0.008189499997570238,0.04094749998785119,9
bank_marketing,marketing intervention,41,5,0.0,immutable_l2,clbr,200,0.14,0.035,0.105,1.218659616023377,2.75,0.7142857142857143,0.02232379999895784,0.11161899999478919,9
bank_marketing,marketing intervention,41,5,0.0,immutable_l2,metric_leaf_projection,200,0.715,0.715,0.0,1.0848937246462071,1.0909090909090908,1.0,0.007536600008279493,0.03768300004139746,9
bank_marketing,marketing intervention,41,5,0.0,immutable_l2,metric_clbr,200,0.75,0.715,0.035,1.137601553872289,1.1933333333333334,0.9866666666666667,0.011891199997990043,0.059455999989950215,9
bank_marketing,marketing intervention,41,5,0.0,immutable_l2,exact_leaf,200,1.0,1.0,0.0,1.1816227134506205,1.08,1.0,0.05382699999972829,0.26913499999864143,9
bank_marketing,marketing intervention,41,5,0.0,immutable_l2,exact_leaf_cached,200,1.0,1.0,0.0,1.1816227134506205,1.08,1.0,0.016605899993919593,0.08302949996959796,9
bank_marketing,marketing intervention,41,5,0.0,immutable_l2,native_exact_k_sparse,200,1.0,1.0,0.0,1.1816227134506205,1.08,1.0,0.016648499993607402,0.08324249996803701,9
bank_marketing,marketing intervention,41,5,0.0,immutable_l2,clbr_uncached,200,0.14,0.035,0.105,1.218659616023377,2.75,0.7142857142857143,0.02660710001055122,0.1330355000527561,9
bank_marketing,marketing intervention,41,5,0.0,immutable_top3_l1,nn_positive_train,200,0.135,0.135,0.0,2.1921070762888437,2.8518518518518516,1.0,0.008786199999121891,0.043930999995609454,9
bank_marketing,marketing intervention,41,5,0.0,immutable_top3_l1,leaf_centroid,200,0.095,0.095,0.0,2.248559273735697,2.789473684210526,1.0,0.034770000002936285,0.17385000001468143,9
bank_marketing,marketing intervention,41,5,0.0,immutable_top3_l1,raw_leaf_projection,200,0.035,0.035,0.0,0.13760699954527447,1.1428571428571428,1.0,0.008399700010158995,0.041998500050794974,9
bank_marketing,marketing intervention,41,5,0.0,immutable_top3_l1,clbr,200,0.15,0.035,0.115,1.6470143105284707,2.5,1.0,0.024367900005017873,0.12183950002508936,9
bank_marketing,marketing intervention,41,5,0.0,immutable_top3_l1,metric_leaf_projection,200,0.78,0.78,0.0,1.1537035991495845,1.0705128205128205,1.0,0.007903199989414134,0.03951599994707067,9
bank_marketing,marketing intervention,41,5,0.0,immutable_top3_l1,metric_clbr,200,0.82,0.78,0.04,1.2349300730108328,1.1646341463414633,1.0,0.012727900004392723,0.06363950002196361,9
bank_marketing,marketing intervention,41,5,0.0,immutable_top3_l1,exact_leaf,200,1.0,1.0,0.0,1.1989760300427534,1.065,1.0,0.060679600011098955,0.3033980000554948,9
bank_marketing,marketing intervention,41,5,0.0,immutable_top3_l1,exact_leaf_cached,200,1.0,1.0,0.0,1.1989760300427534,1.065,1.0,0.01764580000508431,0.08822900002542156,9
bank_marketing,marketing intervention,41,5,0.0,immutable_top3_l1,native_exact_k_sparse,200,1.0,1.0,0.0,1.1989760300427534,1.065,1.0,0.018396100009340444,0.09198050004670222,9
bank_marketing,marketing intervention,41,5,0.0,immutable_top3_l1,clbr_uncached,200,0.15,0.035,0.115,1.6470143105284707,2.5,1.0,0.029527799994866655,0.14763899997433327,9
bank_marketing,marketing intervention,41,5,1.0,free_l2,nn_positive_train,200,1.0,1.0,0.0,2.9661605016136066,5.39,0.0,0.008778000004895148,0.04389000002447574,9
bank_marketing,marketing intervention,41,5,1.0,free_l2,leaf_centroid,200,1.0,1.0,0.0,2.9122352079929112,7.0,0.0,0.034596600007716916,0.17298300003858458,9
bank_marketing,marketing intervention,41,5,1.0,free_l2,raw_leaf_projection,200,1.0,1.0,0.0,1.237520172047903,1.54,1.0,0.008691599992744159,0.043457999963720795,9
bank_marketing,marketing intervention,41,5,1.0,free_l2,clbr,200,1.0,1.0,0.0,1.237520172047903,1.54,1.0,0.00823129999662342,0.0411564999831171,9
bank_marketing,marketing intervention,41,5,1.0,free_l2,metric_leaf_projection,200,1.0,1.0,0.0,0.7847955544767585,1.38,1.0,0.008354399996278516,0.04177199998139258,9
bank_marketing,marketing intervention,41,5,1.0,free_l2,metric_clbr,200,1.0,1.0,0.0,0.7847955544767585,1.38,1.0,0.00839599999744678,0.041979999987233896,9
bank_marketing,marketing intervention,41,5,1.0,free_l2,exact_leaf,200,1.0,1.0,0.0,0.7847955544767585,1.38,1.0,0.06607319999238825,0.33036599996194127,9
bank_marketing,marketing intervention,41,5,1.0,free_l2,exact_leaf_cached,200,1.0,1.0,0.0,0.7847955544767585,1.38,1.0,0.01921640000091429,0.09608200000457146,9
bank_marketing,marketing intervention,41,5,1.0,free_l2,native_exact_k_sparse,200,1.0,1.0,0.0,0.7847955544767585,1.38,1.0,0.017690700000457582,0.08845350000228791,9
bank_marketing,marketing intervention,41,5,1.0,free_l2,clbr_uncached,200,1.0,1.0,0.0,1.237520172047903,1.54,1.0,0.012817199993151007,0.06408599996575504,9
bank_marketing,marketing intervention,41,5,1.0,immutable_l2,nn_positive_train,200,0.21,0.21,0.0,1.6489670829665344,3.0714285714285716,0.7619047619047619,0.008235899997089291,0.041179499985446455,9
bank_marketing,marketing intervention,41,5,1.0,immutable_l2,leaf_centroid,200,0.215,0.215,0.0,1.5273488137791447,4.0,0.0,0.034410400006890995,0.17205200003445498,9
bank_marketing,marketing intervention,41,5,1.0,immutable_l2,raw_leaf_projection,200,0.18,0.18,0.0,0.30739511376808143,1.0277777777777777,1.0,0.008893599997463753,0.04446799998731876,9
bank_marketing,marketing intervention,41,5,1.0,immutable_l2,clbr,200,0.27,0.18,0.09,0.7907315682115879,1.7592592592592593,0.9074074074074074,0.021283199991557922,0.10641599995778961,9
bank_marketing,marketing intervention,41,5,1.0,immutable_l2,metric_leaf_projection,200,0.605,0.605,0.0,0.7358858191243116,1.0661157024793388,1.0,0.007995799993295805,0.03997899996647902,9
bank_marketing,marketing intervention,41,5,1.0,immutable_l2,metric_clbr,200,0.625,0.605,0.02,0.7640248373995658,1.128,1.0,0.01371989999734069,0.06859949998670345,9
bank_marketing,marketing intervention,41,5,1.0,immutable_l2,exact_leaf,200,1.0,1.0,0.0,1.02378061357486,1.045,1.0,0.05832899999950314,0.2916449999975157,9
bank_marketing,marketing intervention,41,5,1.0,immutable_l2,exact_leaf_cached,200,1.0,1.0,0.0,1.02378061357486,1.045,1.0,0.01770430000306078,0.0885215000153039,9
bank_marketing,marketing intervention,41,5,1.0,immutable_l2,native_exact_k_sparse,200,1.0,1.0,0.0,1.02378061357486,1.045,1.0,0.017854900004749652,0.08927450002374826,9
bank_marketing,marketing intervention,41,5,1.0,immutable_l2,clbr_uncached,200,0.27,0.18,0.09,0.7907315682115879,1.7592592592592593,0.9074074074074074,0.026088900008289784,0.13044450004144892,9
bank_marketing,marketing intervention,41,5,1.0,immutable_top3_l1,nn_positive_train,200,0.21,0.21,0.0,2.078549747902948,2.8333333333333335,1.0,0.008713900007023767,0.043569500035118836,9
bank_marketing,marketing intervention,41,5,1.0,immutable_top3_l1,leaf_centroid,200,0.215,0.215,0.0,2.0153766676769513,3.0,1.0,0.03737659999569587,0.18688299997847935,9
bank_marketing,marketing intervention,41,5,1.0,immutable_top3_l1,raw_leaf_projection,200,0.18,0.18,0.0,0.30932933923946515,1.0277777777777777,1.0,0.009869600002275547,0.049348000011377735,9
bank_marketing,marketing intervention,41,5,1.0,immutable_top3_l1,clbr,200,0.265,0.18,0.085,0.9005410277223164,1.6415094339622642,1.0,0.022807599998486694,0.11403799999243347,9
bank_marketing,marketing intervention,41,5,1.0,immutable_top3_l1,metric_leaf_projection,200,0.685,0.685,0.0,0.847430770218281,1.0583941605839415,1.0,0.008850299997902766,0.04425149998951383,9
bank_marketing,marketing intervention,41,5,1.0,immutable_top3_l1,metric_clbr,200,0.7,0.685,0.015,0.8782612846952124,1.1,1.0,0.013082900017252541,0.0654145000862627,9
bank_marketing,marketing intervention,41,5,1.0,immutable_top3_l1,exact_leaf,200,1.0,1.0,0.0,1.031527433068232,1.045,1.0,0.062357599998904334,0.31178799999452167,9
bank_marketing,marketing intervention,41,5,1.0,immutable_top3_l1,exact_leaf_cached,200,1.0,1.0,0.0,1.031527433068232,1.045,1.0,0.0185490999947433,0.0927454999737165,9
bank_marketing,marketing intervention,41,5,1.0,immutable_top3_l1,native_exact_k_sparse,200,1.0,1.0,0.0,1.031527433068232,1.045,1.0,0.018849399995815475,0.09424699997907737,9
bank_marketing,marketing intervention,41,5,1.0,immutable_top3_l1,clbr_uncached,200,0.265,0.18,0.085,0.9005410277223164,1.6415094339622642,1.0,0.028178999999909138,0.1408949999995457,9
bank_marketing,marketing intervention,53,5,0.0,free_l2,nn_positive_train,200,1.0,1.0,0.0,3.0472526219854497,5.735,0.01,0.008198200007427658,0.04099100003713829,12
bank_marketing,marketing intervention,53,5,0.0,free_l2,leaf_centroid,200,1.0,1.0,0.0,3.408538106597208,6.435,0.0,0.04251349999867671,0.21256749999338354,12
bank_marketing,marketing intervention,53,5,0.0,free_l2,raw_leaf_projection,200,1.0,1.0,0.0,1.600069798647765,1.685,1.0,0.009237000001121487,0.046185000005607435,12
bank_marketing,marketing intervention,53,5,0.0,free_l2,clbr,200,1.0,1.0,0.0,1.600069798647765,1.685,1.0,0.00785619999805931,0.03928099999029655,12
bank_marketing,marketing intervention,53,5,0.0,free_l2,metric_leaf_projection,200,1.0,1.0,0.0,0.5064332360957455,1.455,1.0,0.00793969999631372,0.0396984999815686,12
bank_marketing,marketing intervention,53,5,0.0,free_l2,metric_clbr,200,1.0,1.0,0.0,0.5064332360957455,1.455,1.0,0.008106900001621398,0.04053450000810699,12
bank_marketing,marketing intervention,53,5,0.0,free_l2,exact_leaf,200,1.0,1.0,0.0,0.5064332360957455,1.455,1.0,0.07640169999831414,0.3820084999915707,12
bank_marketing,marketing intervention,53,5,0.0,free_l2,exact_leaf_cached,200,1.0,1.0,0.0,0.5064332360957455,1.455,1.0,0.017094399993766274,0.08547199996883137,12
bank_marketing,marketing intervention,53,5,0.0,free_l2,native_exact_k_sparse,200,1.0,1.0,0.0,0.5064332360957455,1.455,1.0,0.016410000008363568,0.08205000004181784,12
bank_marketing,marketing intervention,53,5,0.0,free_l2,clbr_uncached,200,1.0,1.0,0.0,1.600069798647765,1.685,1.0,0.01314669999464968,0.0657334999732484,12
bank_marketing,marketing intervention,53,5,0.0,immutable_l2,nn_positive_train,200,0.505,0.505,0.0,1.8707103930638533,3.5247524752475248,0.4752475247524752,0.00800850000086939,0.04004250000434695,12
bank_marketing,marketing intervention,53,5,0.0,immutable_l2,leaf_centroid,200,0.235,0.235,0.0,2.372129129634166,3.595744680851064,0.40425531914893614,0.040447099991979485,0.20223549995989742,12
bank_marketing,marketing intervention,53,5,0.0,immutable_l2,raw_leaf_projection,200,0.1,0.1,0.0,1.8950191356982304,1.15,1.0,0.008275999998659245,0.041379999993296224,12
bank_marketing,marketing intervention,53,5,0.0,immutable_l2,clbr,200,0.52,0.1,0.42,1.2607246281542077,3.125,0.5192307692307693,0.03841579999971145,0.19207899999855726,12
bank_marketing,marketing intervention,53,5,0.0,immutable_l2,metric_leaf_projection,200,0.905,0.905,0.0,0.47647790164397275,1.4364640883977902,1.0,0.008518300002833712,0.04259150001416856,12
bank_marketing,marketing intervention,53,5,0.0,immutable_l2,metric_clbr,200,0.93,0.905,0.025,0.4876921569349642,1.5,0.978494623655914,0.010130799990292871,0.05065399995146436,12
bank_marketing,marketing intervention,53,5,0.0,immutable_l2,exact_leaf,200,1.0,1.0,0.0,0.5563885340872811,1.44,1.0,0.07372770000165474,0.3686385000082737,12
bank_marketing,marketing intervention,53,5,0.0,immutable_l2,exact_leaf_cached,200,1.0,1.0,0.0,0.5563885340872811,1.44,1.0,0.018212199992376554,0.09106099996188277,12
bank_marketing,marketing intervention,53,5,0.0,immutable_l2,native_exact_k_sparse,200,1.0,1.0,0.0,0.5563885340872811,1.44,1.0,0.016551399994568783,0.08275699997284391,12
bank_marketing,marketing intervention,53,5,0.0,immutable_l2,clbr_uncached,200,0.52,0.1,0.42,1.2607246281542077,3.125,0.5192307692307693,0.04336129999228433,0.21680649996142165,12
bank_marketing,marketing intervention,53,5,0.0,immutable_top3_l1,nn_positive_train,200,0.505,0.505,0.0,2.065766972300833,3.0,1.0,0.008773199991992442,0.04386599995996221,12
bank_marketing,marketing intervention,53,5,0.0,immutable_top3_l1,leaf_centroid,200,0.175,0.175,0.0,2.7712946486657795,2.9714285714285715,1.0,0.044050799997421564,0.22025399998710782,12
bank_marketing,marketing intervention,53,5,0.0,immutable_top3_l1,raw_leaf_projection,200,0.075,0.075,0.0,1.7574781913889965,1.0666666666666667,1.0,0.009153099995273806,0.04576549997636903,12
bank_marketing,marketing intervention,53,5,0.0,immutable_top3_l1,clbr,200,0.52,0.075,0.445,1.2640071506396902,2.7211538461538463,1.0,0.04366289999597939,0.21831449997989694,12
bank_marketing,marketing intervention,53,5,0.0,immutable_top3_l1,metric_leaf_projection,200,0.505,0.505,0.0,0.6375845474974359,1.4455445544554455,1.0,0.008663000000524335,0.04331500000262167,12
bank_marketing,marketing intervention,53,5,0.0,immutable_top3_l1,metric_clbr,200,0.62,0.505,0.115,0.9483839104168652,1.7338709677419355,1.0,0.01934279999932187,0.09671399999660935,12
bank_marketing,marketing intervention,53,5,0.0,immutable_top3_l1,exact_leaf,200,1.0,1.0,0.0,1.6696015281728769,1.565,1.0,0.07490560000132973,0.37452800000664865,12
bank_marketing,marketing intervention,53,5,0.0,immutable_top3_l1,exact_leaf_cached,200,1.0,1.0,0.0,1.6696015281728769,1.565,1.0,0.01794480000717158,0.0897240000358579,12
bank_marketing,marketing intervention,53,5,0.0,immutable_top3_l1,native_exact_k_sparse,200,1.0,1.0,0.0,0.6239296950462773,1.41,1.0,0.019296200001917896,0.09648100000958948,12
bank_marketing,marketing intervention,53,5,0.0,immutable_top3_l1,clbr_uncached,200,0.52,0.075,0.445,1.2640071506396902,2.7211538461538463,1.0,0.0471261999955459,0.23563099997772952,12
bank_marketing,marketing intervention,53,5,1.0,free_l2,nn_positive_train,200,1.0,1.0,0.0,3.66513503021353,6.485,0.0,0.008571400006076146,0.04285700003038073,12
bank_marketing,marketing intervention,53,5,1.0,free_l2,leaf_centroid,200,1.0,1.0,0.0,3.6042634064373917,6.99,0.0,0.04821680000532069,0.24108400002660346,12
bank_marketing,marketing intervention,53,5,1.0,free_l2,raw_leaf_projection,200,1.0,1.0,0.0,1.3709758217931347,1.49,1.0,0.01016549999712879,0.050827499985643954,12
bank_marketing,marketing intervention,53,5,1.0,free_l2,clbr,200,1.0,1.0,0.0,1.3709758217931347,1.49,1.0,0.008833200000481156,0.04416600000240578,12
bank_marketing,marketing intervention,53,5,1.0,free_l2,metric_leaf_projection,200,1.0,1.0,0.0,0.504461093978116,1.465,1.0,0.009296799995354377,0.046483999976771884,12
bank_marketing,marketing intervention,53,5,1.0,free_l2,metric_clbr,200,1.0,1.0,0.0,0.504461093978116,1.465,1.0,0.008987199997136486,0.04493599998568243,12
bank_marketing,marketing intervention,53,5,1.0,free_l2,exact_leaf,200,1.0,1.0,0.0,0.504461093978116,1.465,1.0,0.08470339999985299,0.42351699999926495,12
bank_marketing,marketing intervention,53,5,1.0,free_l2,exact_leaf_cached,200,1.0,1.0,0.0,0.504461093978116,1.465,1.0,0.018964500000038242,0.09482250000019121,12
bank_marketing,marketing intervention,53,5,1.0,free_l2,native_exact_k_sparse,200,1.0,1.0,0.0,0.504461093978116,1.465,1.0,0.01800300000104471,0.09001500000522356,12
bank_marketing,marketing intervention,53,5,1.0,free_l2,clbr_uncached,200,1.0,1.0,0.0,1.3709758217931347,1.49,1.0,0.014428999988922442,0.07214499994461221,12
bank_marketing,marketing intervention,53,5,1.0,immutable_l2,nn_positive_train,200,0.71,0.71,0.0,1.816368146445685,3.612676056338028,0.38028169014084506,0.009384000003592519,0.04692000001796259,12
bank_marketing,marketing intervention,53,5,1.0,immutable_l2,leaf_centroid,200,0.27,0.27,0.0,1.8589209304644965,4.0,0.0,0.047997299992857734,0.23998649996428867,12
bank_marketing,marketing intervention,53,5,1.0,immutable_l2,raw_leaf_projection,200,0.11,0.11,0.0,1.8456417182778595,1.0909090909090908,1.0,0.009666899994044797,0.04833449997022399,12
bank_marketing,marketing intervention,53,5,1.0,immutable_l2,clbr,200,0.74,0.11,0.63,1.213942026639925,3.2567567567567566,0.4527027027027027,0.053662800002712174,0.26831400001356087,12
bank_marketing,marketing intervention,53,5,1.0,immutable_l2,metric_leaf_projection,200,0.755,0.755,0.0,0.4217987690507721,1.3708609271523178,1.0,0.01015220001590933,0.05076100007954665,12
bank_marketing,marketing intervention,53,5,1.0,immutable_l2,metric_clbr,200,0.86,0.755,0.105,0.6076238258632085,1.6395348837209303,0.9302325581395349,0.01748249999491236,0.0874124999745618,12
bank_marketing,marketing intervention,53,5,1.0,immutable_l2,exact_leaf,200,1.0,1.0,0.0,0.634164370239432,1.335,1.0,0.08284879999700934,0.4142439999850467,12
bank_marketing,marketing intervention,53,5,1.0,immutable_l2,exact_leaf_cached,200,1.0,1.0,0.0,0.634164370239432,1.335,1.0,0.020842299990363244,0.10421149995181622,12
bank_marketing,marketing intervention,53,5,1.0,immutable_l2,native_exact_k_sparse,200,1.0,1.0,0.0,0.634164370239432,1.335,1.0,0.01953709999725106,0.09768549998625531,12
bank_marketing,marketing intervention,53,5,1.0,immutable_l2,clbr_uncached,200,0.74,0.11,0.63,1.213942026639925,3.2567567567567566,0.4527027027027027,0.06293619999541988,0.3146809999770994,12
bank_marketing,marketing intervention,53,5,1.0,immutable_top3_l1,nn_positive_train,200,0.71,0.71,0.0,1.9708927708426156,2.992957746478873,1.0,0.009349100003419153,0.046745500017095765,12
bank_marketing,marketing intervention,53,5,1.0,immutable_top3_l1,leaf_centroid,200,0.21,0.21,0.0,1.6458264256394801,3.0,1.0,0.048917199998868455,0.24458599999434227,12
bank_marketing,marketing intervention,53,5,1.0,immutable_top3_l1,raw_leaf_projection,200,0.045,0.045,0.0,1.6696556698669687,1.0,1.0,0.010108900006343902,0.05054450003171951,12
bank_marketing,marketing intervention,53,5,1.0,immutable_top3_l1,clbr,200,0.735,0.045,0.69,1.1228965545400293,2.870748299319728,1.0,0.05953029999454884,0.2976514999727442,12
bank_marketing,marketing intervention,53,5,1.0,immutable_top3_l1,metric_leaf_projection,200,0.705,0.705,0.0,0.4923776099135419,1.375886524822695,1.0,0.009216200000992103,0.046081000004960515,12
bank_marketing,marketing intervention,53,5,1.0,immutable_top3_l1,metric_clbr,200,0.825,0.705,0.12,0.7387627037640795,1.612121212121212,1.0,0.018568199993751477,0.09284099996875739,12
bank_marketing,marketing intervention,53,5,1.0,immutable_top3_l1,exact_leaf,200,1.0,1.0,0.0,0.779271684655516,1.32,1.0,0.08029879999958212,0.4014939999979106,12
bank_marketing,marketing intervention,53,5,1.0,immutable_top3_l1,exact_leaf_cached,200,1.0,1.0,0.0,0.779271684655516,1.32,1.0,0.019273199997769552,0.09636599998884776,12
bank_marketing,marketing intervention,53,5,1.0,immutable_top3_l1,native_exact_k_sparse,200,1.0,1.0,0.0,0.6847633634718094,1.305,1.0,0.019895900000847178,0.09947950000423589,12
bank_marketing,marketing intervention,53,5,1.0,immutable_top3_l1,clbr_uncached,200,0.735,0.045,0.69,1.1228965545400293,2.870748299319728,1.0,0.0670594000021083,0.3352970000105415,12
bank_marketing,marketing intervention,61,5,0.0,free_l2,nn_positive_train,200,1.0,1.0,0.0,3.3668970068521564,6.23,0.0,0.00838489999750891,0.04192449998754455,10
bank_marketing,marketing intervention,61,5,0.0,free_l2,leaf_centroid,200,1.0,1.0,0.0,3.70768818101194,5.865,0.0,0.03635479999775271,0.18177399998876353,10
bank_marketing,marketing intervention,61,5,0.0,free_l2,raw_leaf_projection,200,1.0,1.0,0.0,0.5700009891894439,1.47,1.0,0.00844679999318032,0.0422339999659016,10
bank_marketing,marketing intervention,61,5,0.0,free_l2,clbr,200,1.0,1.0,0.0,0.5700009891894439,1.47,1.0,0.008141500004057889,0.040707500020289444,10
bank_marketing,marketing intervention,61,5,0.0,free_l2,metric_leaf_projection,200,1.0,1.0,0.0,0.4089163785881651,1.545,1.0,0.008749000002353569,0.04374500001176784,10
bank_marketing,marketing intervention,61,5,0.0,free_l2,metric_clbr,200,1.0,1.0,0.0,0.4089163785881651,1.545,1.0,0.008115899996482767,0.040579499982413836,10
bank_marketing,marketing intervention,61,5,0.0,free_l2,exact_leaf,200,1.0,1.0,0.0,0.4089163785881651,1.545,1.0,0.06530559999646357,0.32652799998231785,10
bank_marketing,marketing intervention,61,5,0.0,free_l2,exact_leaf_cached,200,1.0,1.0,0.0,0.4089163785881651,1.545,1.0,0.018155200000364857,0.09077600000182429,10
bank_marketing,marketing intervention,61,5,0.0,free_l2,native_exact_k_sparse,200,1.0,1.0,0.0,0.4089163785881651,1.545,1.0,0.016120299987051112,0.08060149993525556,10
bank_marketing,marketing intervention,61,5,0.0,free_l2,clbr_uncached,200,1.0,1.0,0.0,0.5700009891894439,1.47,1.0,0.0123838000026808,0.061919000013404,10
bank_marketing,marketing intervention,61,5,0.0,immutable_l2,nn_positive_train,200,0.78,0.78,0.0,1.3254514992929063,3.5,0.4551282051282051,0.008662099996399775,0.04331049998199887,10
bank_marketing,marketing intervention,61,5,0.0,immutable_l2,leaf_centroid,200,0.26,0.26,0.0,1.59322766868126,3.826923076923077,0.17307692307692307,0.037172999993345,0.185864999966725,10
bank_marketing,marketing intervention,61,5,0.0,immutable_l2,raw_leaf_projection,200,0.75,0.75,0.0,0.3287083746455452,1.5133333333333334,1.0,0.008509300010700827,0.04254650005350413,10
bank_marketing,marketing intervention,61,5,0.0,immutable_l2,clbr,200,0.855,0.75,0.105,0.4396793324508742,1.760233918128655,0.9298245614035088,0.01569259999814676,0.0784629999907338,10
bank_marketing,marketing intervention,61,5,0.0,immutable_l2,metric_leaf_projection,200,0.87,0.87,0.0,0.35072479276239416,1.5172413793103448,1.0,0.008576900002481125,0.042884500012405624,10
bank_marketing,marketing intervention,61,5,0.0,immutable_l2,metric_clbr,200,0.93,0.87,0.06,0.43509452378487923,1.6451612903225807,0.967741935483871,0.012304900005801755,0.06152450002900878,10
bank_marketing,marketing intervention,61,5,0.0,immutable_l2,exact_leaf,200,1.0,1.0,0.0,0.4938107016654105,1.505,1.0,0.06341199999496894,0.3170599999748447,10
bank_marketing,marketing intervention,61,5,0.0,immutable_l2,exact_leaf_cached,200,1.0,1.0,0.0,0.4938107016654105,1.505,1.0,0.017558100003043364,0.08779050001521682,10
bank_marketing,marketing intervention,61,5,0.0,immutable_l2,native_exact_k_sparse,200,1.0,1.0,0.0,0.4938107016654105,1.505,1.0,0.017932300003849377,0.08966150001924689,10
bank_marketing,marketing intervention,61,5,0.0,immutable_l2,clbr_uncached,200,0.855,0.75,0.105,0.4396793324508742,1.760233918128655,0.9298245614035088,0.020933700000568933,0.10466850000284467,10
bank_marketing,marketing intervention,61,5,0.0,immutable_top3_l1,nn_positive_train,200,0.78,0.78,0.0,1.2955701026915079,2.9551282051282053,1.0,0.00915999998778716,0.0457999999389358,10
bank_marketing,marketing intervention,61,5,0.0,immutable_top3_l1,leaf_centroid,200,0.23,0.23,0.0,1.8802336851171861,2.9782608695652173,1.0,0.038349799993739,0.191748999968695,10
bank_marketing,marketing intervention,61,5,0.0,immutable_top3_l1,raw_leaf_projection,200,0.68,0.68,0.0,0.411847001459037,1.5588235294117647,1.0,0.009277999998630548,0.04638999999315274,10
bank_marketing,marketing intervention,61,5,0.0,immutable_top3_l1,clbr,200,0.8,0.68,0.12,0.5807994969454976,1.76875,1.0,0.018836299997929018,0.09418149998964509,10
bank_marketing,marketing intervention,61,5,0.0,immutable_top3_l1,metric_leaf_projection,200,0.76,0.76,0.0,0.445904675739246,1.5394736842105263,1.0,0.009066799991160224,0.04533399995580112,10
bank_marketing,marketing intervention,61,5,0.0,immutable_top3_l1,metric_clbr,200,0.835,0.76,0.075,0.5898497752723755,1.6706586826347305,1.0,0.01502879999952711,0.07514399999763555,10
bank_marketing,marketing intervention,61,5,0.0,immutable_top3_l1,exact_leaf,200,1.0,1.0,0.0,0.7230517131050567,1.5,1.0,0.0644914999966204,0.322457499983102,10
bank_marketing,marketing intervention,61,5,0.0,immutable_top3_l1,exact_leaf_cached,200,1.0,1.0,0.0,0.7230517131050567,1.5,1.0,0.018009899999015033,0.09004949999507517,10
bank_marketing,marketing intervention,61,5,0.0,immutable_top3_l1,native_exact_k_sparse,200,1.0,1.0,0.0,0.5656985263916459,1.49,1.0,0.018129899999621557,0.09064949999810779,10
bank_marketing,marketing intervention,61,5,0.0,immutable_top3_l1,clbr_uncached,200,0.8,0.68,0.12,0.5807994969454976,1.76875,1.0,0.022037699996872107,0.11018849998436053,10
bank_marketing,marketing intervention,61,5,1.0,free_l2,nn_positive_train,200,1.0,1.0,0.0,3.377595208869926,5.82,0.0,0.008624199994301307,0.043120999971506535,10
bank_marketing,marketing intervention,61,5,1.0,free_l2,leaf_centroid,200,1.0,1.0,0.0,3.2357978924407638,6.92,0.0,0.03979629999867029,0.19898149999335146,10
bank_marketing,marketing intervention,61,5,1.0,free_l2,raw_leaf_projection,200,1.0,1.0,0.0,0.8911633033071734,1.22,1.0,0.00887540000530862,0.0443770000265431,10
bank_marketing,marketing intervention,61,5,1.0,free_l2,clbr,200,1.0,1.0,0.0,0.8911633033071734,1.22,1.0,0.008155200001965568,0.04077600000982784,10
bank_marketing,marketing intervention,61,5,1.0,free_l2,metric_leaf_projection,200,1.0,1.0,0.0,0.32956489394114546,1.41,1.0,0.008176699999239645,0.040883499996198225,10
bank_marketing,marketing intervention,61,5,1.0,free_l2,metric_clbr,200,1.0,1.0,0.0,0.32956489394114546,1.41,1.0,0.00812049999331066,0.040602499966553296,10
bank_marketing,marketing intervention,61,5,1.0,free_l2,exact_leaf,200,1.0,1.0,0.0,0.32956489394114546,1.41,1.0,0.06723909999618627,0.33619549998093134,10
bank_marketing,marketing intervention,61,5,1.0,free_l2,exact_leaf_cached,200,1.0,1.0,0.0,0.32956489394114546,1.41,1.0,0.017984099999921455,0.08992049999960727,10
bank_marketing,marketing intervention,61,5,1.0,free_l2,native_exact_k_sparse,200,1.0,1.0,0.0,0.32956489394114546,1.41,1.0,0.018017399999735062,0.09008699999867531,10
bank_marketing,marketing intervention,61,5,1.0,free_l2,clbr_uncached,200,1.0,1.0,0.0,0.8911633033071734,1.22,1.0,0.012742900003104296,0.06371450001552148,10
bank_marketing,marketing intervention,61,5,1.0,immutable_l2,nn_positive_train,200,0.545,0.545,0.0,1.6659031780171933,3.5137614678899083,0.44954128440366975,0.009011400004965253,0.045057000024826266,10
bank_marketing,marketing intervention,61,5,1.0,immutable_l2,leaf_centroid,200,0.97,0.97,0.0,1.518807617020982,3.984536082474227,0.015463917525773196,0.040275300005305326,0.20137650002652663,10
bank_marketing,marketing intervention,61,5,1.0,immutable_l2,raw_leaf_projection,200,0.37,0.37,0.0,0.3267924070374547,1.4189189189189189,1.0,0.009268000000702159,0.046340000003510795,10
bank_marketing,marketing intervention,61,5,1.0,immutable_l2,clbr,200,0.685,0.37,0.315,0.5524332354157697,2.3795620437956204,0.7372262773722628,0.03292850000070757,0.16464250000353786,10
bank_marketing,marketing intervention,61,5,1.0,immutable_l2,metric_leaf_projection,200,0.89,0.89,0.0,0.31493861407966184,1.4157303370786516,1.0,0.00929379999251978,0.0464689999625989,10
bank_marketing,marketing intervention,61,5,1.0,immutable_l2,metric_clbr,200,0.935,0.89,0.045,0.3898995396668645,1.5133689839572193,0.9786096256684492,0.012702400005764503,0.06351200002882251,10
bank_marketing,marketing intervention,61,5,1.0,immutable_l2,exact_leaf,200,1.0,1.0,0.0,0.3732636553444537,1.41,1.0,0.06988889999411185,0.34944449997055926,10
bank_marketing,marketing intervention,61,5,1.0,immutable_l2,exact_leaf_cached,200,1.0,1.0,0.0,0.3732636553444537,1.41,1.0,0.019003299997166323,0.09501649998583162,10
bank_marketing,marketing intervention,61,5,1.0,immutable_l2,native_exact_k_sparse,200,1.0,1.0,0.0,0.3732636553444537,1.41,1.0,0.01827010000397422,0.0913505000198711,10
bank_marketing,marketing intervention,61,5,1.0,immutable_l2,clbr_uncached,200,0.685,0.37,0.315,0.5524332354157697,2.3795620437956204,0.7372262773722628,0.038069400003223564,0.19034700001611782,10
bank_marketing,marketing intervention,61,5,1.0,immutable_top3_l1,nn_positive_train,200,0.54,0.54,0.0,1.7567556248501321,2.962962962962963,1.0,0.009768699999767705,0.048843499998838524,10
bank_marketing,marketing intervention,61,5,1.0,immutable_top3_l1,leaf_centroid,200,0.59,0.59,0.0,1.859104681036264,2.9915254237288136,1.0,0.04274260000875074,0.2137130000437537,10
bank_marketing,marketing intervention,61,5,1.0,immutable_top3_l1,raw_leaf_projection,200,0.285,0.285,0.0,0.35803365101630613,1.3859649122807018,1.0,0.00959439999951428,0.0479719999975714,10
bank_marketing,marketing intervention,61,5,1.0,immutable_top3_l1,clbr,200,0.62,0.285,0.335,0.6908037153540741,2.225806451612903,1.0,0.036674500003755384,0.18337250001877692,10
bank_marketing,marketing intervention,61,5,1.0,immutable_top3_l1,metric_leaf_projection,200,0.54,0.54,0.0,0.315727971448587,1.2962962962962963,1.0,0.009066100000381994,0.04533050000190997,10
bank_marketing,marketing intervention,61,5,1.0,immutable_top3_l1,metric_clbr,200,0.63,0.54,0.09,0.5352030485618684,1.5158730158730158,1.0,0.01943770000434597,0.09718850002172985,10
bank_marketing,marketing intervention,61,5,1.0,immutable_top3_l1,exact_leaf,200,1.0,1.0,0.0,1.166903120000233,1.41,1.0,0.06933460001528147,0.34667300007640733,10
bank_marketing,marketing intervention,61,5,1.0,immutable_top3_l1,exact_leaf_cached,200,1.0,1.0,0.0,1.166903120000233,1.41,1.0,0.019957100003011874,0.09978550001505937,10
bank_marketing,marketing intervention,61,5,1.0,immutable_top3_l1,native_exact_k_sparse,200,1.0,1.0,0.0,0.43287156016828177,1.41,1.0,0.020210199995744915,0.10105099997872458,10
bank_marketing,marketing intervention,61,5,1.0,immutable_top3_l1,clbr_uncached,200,0.62,0.285,0.335,0.6908037153540741,2.225806451612903,1.0,0.04398559999663121,0.21992799998315604,10
bank_marketing,marketing intervention,73,5,0.0,free_l2,nn_positive_train,200,1.0,1.0,0.0,3.3172623934141074,5.565,0.0,0.009750599993822107,0.04875299996911053,12
bank_marketing,marketing intervention,73,5,0.0,free_l2,leaf_centroid,200,1.0,1.0,0.0,3.6996480829598903,6.385,0.0,0.04618230000596668,0.2309115000298334,12
bank_marketing,marketing intervention,73,5,0.0,free_l2,raw_leaf_projection,200,1.0,1.0,0.0,1.1894766614007914,1.45,1.0,0.00955849999718339,0.04779249998591695,12
bank_marketing,marketing intervention,73,5,0.0,free_l2,clbr,200,1.0,1.0,0.0,1.1894766614007914,1.45,1.0,0.009036599995852157,0.045182999979260785,12
bank_marketing,marketing intervention,73,5,0.0,free_l2,metric_leaf_projection,200,1.0,1.0,0.0,0.3350673222637316,1.525,1.0,0.008687300007295562,0.04343650003647781,12
bank_marketing,marketing intervention,73,5,0.0,free_l2,metric_clbr,200,1.0,1.0,0.0,0.3350673222637316,1.525,1.0,0.008885599996574456,0.04442799998287228,12
bank_marketing,marketing intervention,73,5,0.0,free_l2,exact_leaf,200,1.0,1.0,0.0,0.3350673222637316,1.525,1.0,0.08592459999090352,0.4296229999545176,12
bank_marketing,marketing intervention,73,5,0.0,free_l2,exact_leaf_cached,200,1.0,1.0,0.0,0.3350673222637316,1.525,1.0,0.019126899997900182,0.09563449998950091,12
bank_marketing,marketing intervention,73,5,0.0,free_l2,native_exact_k_sparse,200,1.0,1.0,0.0,0.3350673222637316,1.525,1.0,0.01842880000367586,0.0921440000183793,12
bank_marketing,marketing intervention,73,5,0.0,free_l2,clbr_uncached,200,1.0,1.0,0.0,1.1894766614007914,1.45,1.0,0.01475100000607199,0.07375500003035995,12
bank_marketing,marketing intervention,73,5,0.0,immutable_l2,nn_positive_train,200,0.59,0.59,0.0,1.3703508502485426,3.4915254237288136,0.4830508474576271,0.00984840000182885,0.04924200000914425,12
bank_marketing,marketing intervention,73,5,0.0,immutable_l2,leaf_centroid,200,0.465,0.465,0.0,2.4944050057104747,3.827956989247312,0.17204301075268819,0.04884190000302624,0.2442095000151312,12
bank_marketing,marketing intervention,73,5,0.0,immutable_l2,raw_leaf_projection,200,0.49,0.49,0.0,0.46406681699496266,1.2040816326530612,1.0,0.00994490000539372,0.0497245000269686,12
bank_marketing,marketing intervention,73,5,0.0,immutable_l2,clbr,200,0.715,0.49,0.225,0.5922008309802734,1.944055944055944,0.8251748251748252,0.027364400005353673,0.13682200002676836,12
bank_marketing,marketing intervention,73,5,0.0,immutable_l2,metric_leaf_projection,200,0.97,0.97,0.0,0.333310892026119,1.5206185567010309,1.0,0.009186000005684036,0.04593000002842018,12
bank_marketing,marketing intervention,73,5,0.0,immutable_l2,metric_clbr,200,0.98,0.97,0.01,0.3440449227804062,1.5459183673469388,0.9897959183673469,0.010150599989174225,0.050752999945871125,12
bank_marketing,marketing intervention,73,5,0.0,immutable_l2,exact_leaf,200,1.0,1.0,0.0,0.33798876891877677,1.52,1.0,0.08615029999782564,0.4307514999891282,12
bank_marketing,marketing intervention,73,5,0.0,immutable_l2,exact_leaf_cached,200,1.0,1.0,0.0,0.33798876891877677,1.52,1.0,0.020836599999711325,0.10418299999855662,12
bank_marketing,marketing intervention,73,5,0.0,immutable_l2,native_exact_k_sparse,200,1.0,1.0,0.0,0.33798876891877677,1.52,1.0,0.01916870000604831,0.09584350003024156,12
bank_marketing,marketing intervention,73,5,0.0,immutable_l2,clbr_uncached,200,0.715,0.49,0.225,0.5922008309802734,1.944055944055944,0.8251748251748252,0.03407099999367347,0.17035499996836734,12
bank_marketing,marketing intervention,73,5,0.0,immutable_top3_l1,nn_positive_train,200,0.585,0.585,0.0,1.52548759994126,2.9743589743589745,1.0,0.009224299999914365,0.046121499999571824,12
bank_marketing,marketing intervention,73,5,0.0,immutable_top3_l1,leaf_centroid,200,0.415,0.415,0.0,3.086005410599619,2.927710843373494,1.0,0.04684050000196294,0.23420250000981468,12
bank_marketing,marketing intervention,73,5,0.0,immutable_top3_l1,raw_leaf_projection,200,0.34,0.34,0.0,0.6107118288932144,1.2205882352941178,1.0,0.009357499993711826,0.04678749996855913,12
bank_marketing,marketing intervention,73,5,0.0,immutable_top3_l1,clbr,200,0.585,0.34,0.245,0.7582946586826442,1.9572649572649572,1.0,0.030720699997800693,0.15360349998900347,12
bank_marketing,marketing intervention,73,5,0.0,immutable_top3_l1,metric_leaf_projection,200,0.55,0.55,0.0,0.4210002206811987,1.4363636363636363,1.0,0.009067799995136738,0.04533899997568369,12
bank_marketing,marketing intervention,73,5,0.0,immutable_top3_l1,metric_clbr,200,0.605,0.55,0.055,0.49899629093622283,1.578512396694215,1.0,0.017585500000677712,0.08792750000338856,12
bank_marketing,marketing intervention,73,5,0.0,immutable_top3_l1,exact_leaf,200,1.0,1.0,0.0,1.0153786238215483,1.68,1.0,0.08423730000686191,0.4211865000343096,12
bank_marketing,marketing intervention,73,5,0.0,immutable_top3_l1,exact_leaf_cached,200,1.0,1.0,0.0,1.0153786238215483,1.68,1.0,0.019350799998392176,0.09675399999196088,12
bank_marketing,marketing intervention,73,5,0.0,immutable_top3_l1,native_exact_k_sparse,200,1.0,1.0,0.0,0.3993886862615576,1.51,1.0,0.019511299992700515,0.09755649996350257,12
bank_marketing,marketing intervention,73,5,0.0,immutable_top3_l1,clbr_uncached,200,0.585,0.34,0.245,0.7582946586826442,1.9572649572649572,1.0,0.038057299998399685,0.19028649999199843,12
bank_marketing,marketing intervention,73,5,1.0,free_l2,nn_positive_train,200,1.0,1.0,0.0,2.866954819112757,5.865,0.0,0.009464200000365963,0.047321000001829816,12
bank_marketing,marketing intervention,73,5,1.0,free_l2,leaf_centroid,200,1.0,1.0,0.0,3.274412146471267,6.97,0.0,0.04716359999110864,0.2358179999555432,12
bank_marketing,marketing intervention,73,5,1.0,free_l2,raw_leaf_projection,200,1.0,1.0,0.0,0.9130675692171327,1.26,1.0,0.010159899998143374,0.05079949999071687,12
bank_marketing,marketing intervention,73,5,1.0,free_l2,clbr,200,1.0,1.0,0.0,0.9130675692171327,1.26,1.0,0.009395300008691265,0.046976500043456326,12
bank_marketing,marketing intervention,73,5,1.0,free_l2,metric_leaf_projection,200,1.0,1.0,0.0,0.3134236187067198,1.49,1.0,0.009725000004436879,0.048625000022184395,12
bank_marketing,marketing intervention,73,5,1.0,free_l2,metric_clbr,200,1.0,1.0,0.0,0.3134236187067198,1.49,1.0,0.009288500005823153,0.04644250002911576,12
bank_marketing,marketing intervention,73,5,1.0,free_l2,exact_leaf,200,1.0,1.0,0.0,0.3134236187067198,1.49,1.0,0.09075359999860666,0.4537679999930333,12
bank_marketing,marketing intervention,73,5,1.0,free_l2,exact_leaf_cached,200,1.0,1.0,0.0,0.3134236187067198,1.49,1.0,0.020842900005845877,0.10421450002922938,12
bank_marketing,marketing intervention,73,5,1.0,free_l2,native_exact_k_sparse,200,1.0,1.0,0.0,0.3134236187067198,1.49,1.0,0.019877899996572523,0.09938949998286262,12
bank_marketing,marketing intervention,73,5,1.0,free_l2,clbr_uncached,200,1.0,1.0,0.0,0.9130675692171327,1.26,1.0,0.015444099996784644,0.07722049998392322,12
bank_marketing,marketing intervention,73,5,1.0,immutable_l2,nn_positive_train,200,0.71,0.71,0.0,1.4340680424764625,3.556338028169014,0.4084507042253521,0.010307499999726133,0.051537499998630665,12
bank_marketing,marketing intervention,73,5,1.0,immutable_l2,leaf_centroid,200,0.98,0.98,0.0,2.677574832824505,4.0,0.0,0.04914219999773195,0.24571099998865975,12
bank_marketing,marketing intervention,73,5,1.0,immutable_l2,raw_leaf_projection,200,0.35,0.35,0.0,0.41884023477574167,1.1714285714285715,1.0,0.010132499990504584,0.05066249995252292,12
bank_marketing,marketing intervention,73,5,1.0,immutable_l2,clbr,200,0.75,0.35,0.4,0.594455217176121,2.506666666666667,0.6333333333333333,0.04034969998974702,0.20174849994873512,12
bank_marketing,marketing intervention,73,5,1.0,immutable_l2,metric_leaf_projection,200,0.935,0.935,0.0,0.3154660003282922,1.4973262032085561,1.0,0.010352799998145201,0.051763999990726006,12
bank_marketing,marketing intervention,73,5,1.0,immutable_l2,metric_clbr,200,0.975,0.935,0.04,0.35076888194777134,1.5846153846153845,0.9743589743589743,0.012652100001105282,0.06326050000552641,12
bank_marketing,marketing intervention,73,5,1.0,immutable_l2,exact_leaf,200,1.0,1.0,0.0,0.3230801037151055,1.51,1.0,0.08643879999999626,0.4321939999999813,12
bank_marketing,marketing intervention,73,5,1.0,immutable_l2,exact_leaf_cached,200,1.0,1.0,0.0,0.3230801037151055,1.51,1.0,0.021403400005510775,0.10701700002755388,12
bank_marketing,marketing intervention,73,5,1.0,immutable_l2,native_exact_k_sparse,200,1.0,1.0,0.0,0.3230801037151055,1.51,1.0,0.020756299995809968,0.10378149997904984,12
bank_marketing,marketing intervention,73,5,1.0,immutable_l2,clbr_uncached,200,0.75,0.35,0.4,0.594455217176121,2.506666666666667,0.6333333333333333,0.04692969999905472,0.2346484999952736,12
bank_marketing,marketing intervention,73,5,1.0,immutable_top3_l1,nn_positive_train,200,0.705,0.705,0.0,1.6011582715795043,2.9645390070921986,1.0,0.00990719999117573,0.04953599995587865,12
bank_marketing,marketing intervention,73,5,1.0,immutable_top3_l1,leaf_centroid,200,0.79,0.79,0.0,3.3495347447803203,3.0,1.0,0.04933220000930305,0.24666100004651526,12
bank_marketing,marketing intervention,73,5,1.0,immutable_top3_l1,raw_leaf_projection,200,0.275,0.275,0.0,0.5071924281251811,1.2,1.0,0.0102446999935637,0.0512234999678185,12
bank_marketing,marketing intervention,73,5,1.0,immutable_top3_l1,clbr,200,0.715,0.275,0.44,0.6957798845714162,2.2867132867132867,1.0,0.04178440000487171,0.20892200002435857,12
bank_marketing,marketing intervention,73,5,1.0,immutable_top3_l1,metric_leaf_projection,200,0.665,0.665,0.0,0.37230422890186093,1.368421052631579,1.0,0.008999299991955922,0.04499649995977961,12
bank_marketing,marketing intervention,73,5,1.0,immutable_top3_l1,metric_clbr,200,0.73,0.665,0.065,0.47349790693619925,1.5,1.0,0.016170000001693552,0.08085000000846776,12
bank_marketing,marketing intervention,73,5,1.0,immutable_top3_l1,exact_leaf,200,1.0,1.0,0.0,0.7818146758789092,1.405,1.0,0.08337019999271433,0.41685099996357167,12
bank_marketing,marketing intervention,73,5,1.0,immutable_top3_l1,exact_leaf_cached,200,1.0,1.0,0.0,0.7818146758789092,1.405,1.0,0.019746099996154953,0.09873049998077477,12
bank_marketing,marketing intervention,73,5,1.0,immutable_top3_l1,native_exact_k_sparse,200,1.0,1.0,0.0,0.3829390097571732,1.45,1.0,0.020852000006925664,0.10426000003462832,12
bank_marketing,marketing intervention,73,5,1.0,immutable_top3_l1,clbr_uncached,200,0.715,0.275,0.44,0.6957798845714162,2.2867132867132867,1.0,0.05174879999412951,0.25874399997064756,12
bank_marketing,marketing intervention,89,5,0.0,free_l2,nn_positive_train,200,1.0,1.0,0.0,3.121797854613833,5.78,0.015,0.01058579999516951,0.052928999975847546,12
bank_marketing,marketing intervention,89,5,0.0,free_l2,leaf_centroid,200,1.0,1.0,0.0,3.413591410404989,5.86,0.0,0.04879770000206918,0.2439885000103459,12
bank_marketing,marketing intervention,89,5,0.0,free_l2,raw_leaf_projection,200,1.0,1.0,0.0,1.1030110483521076,1.515,1.0,0.010138599994206743,0.050692999971033714,12
bank_marketing,marketing intervention,89,5,0.0,free_l2,clbr,200,1.0,1.0,0.0,1.1030110483521076,1.515,1.0,0.00958600000012666,0.0479300000006333,12
bank_marketing,marketing intervention,89,5,0.0,free_l2,metric_leaf_projection,200,1.0,1.0,0.0,0.42887776967151325,1.505,1.0,0.009658199998739292,0.04829099999369646,12
bank_marketing,marketing intervention,89,5,0.0,free_l2,metric_clbr,200,1.0,1.0,0.0,0.42887776967151325,1.505,1.0,0.009425599999303813,0.047127999996519065,12
bank_marketing,marketing intervention,89,5,0.0,free_l2,exact_leaf,200,1.0,1.0,0.0,0.42887776967151325,1.505,1.0,0.08998989999690821,0.44994949998454103,12
bank_marketing,marketing intervention,89,5,0.0,free_l2,exact_leaf_cached,200,1.0,1.0,0.0,0.42887776967151325,1.505,1.0,0.019956800000727526,0.09978400000363763,12
bank_marketing,marketing intervention,89,5,0.0,free_l2,native_exact_k_sparse,200,1.0,1.0,0.0,0.42887776967151325,1.505,1.0,0.01944020000155433,0.09720100000777165,12
bank_marketing,marketing intervention,89,5,0.0,free_l2,clbr_uncached,200,1.0,1.0,0.0,1.1030110483521076,1.515,1.0,0.015068599990627263,0.07534299995313631,12
bank_marketing,marketing intervention,89,5,0.0,immutable_l2,nn_positive_train,200,0.64,0.64,0.0,1.1979030117129297,3.625,0.3515625,0.009631000000808854,0.04815500000404427,12
bank_marketing,marketing intervention,89,5,0.0,immutable_l2,leaf_centroid,200,0.835,0.835,0.0,2.313040161521479,3.4191616766467066,0.47904191616766467,0.04855400001451926,0.2427700000725963,12
bank_marketing,marketing intervention,89,5,0.0,immutable_l2,raw_leaf_projection,200,0.55,0.55,0.0,0.5140861771604,1.7,1.0,0.010079900008349796,0.05039950004174898,12
bank_marketing,marketing intervention,89,5,0.0,immutable_l2,clbr,200,0.805,0.55,0.255,0.5223592630642987,2.3167701863354035,0.7888198757763976,0.030046600000787294,0.15023300000393647,12
bank_marketing,marketing intervention,89,5,0.0,immutable_l2,metric_leaf_projection,200,0.98,0.98,0.0,0.4323780783817652,1.5,1.0,0.00955709999834653,0.04778549999173265,12
bank_marketing,marketing intervention,89,5,0.0,immutable_l2,metric_clbr,200,0.99,0.98,0.01,0.43675766400921423,1.52020202020202,0.9949494949494949,0.010289100015143049,0.051445500075715245,12
bank_marketing,marketing intervention,89,5,0.0,immutable_l2,exact_leaf,200,1.0,1.0,0.0,0.432197513300593,1.495,1.0,0.08957150000605907,0.44785750003029534,12
bank_marketing,marketing intervention,89,5,0.0,immutable_l2,exact_leaf_cached,200,1.0,1.0,0.0,0.432197513300593,1.495,1.0,0.020485099985307897,0.10242549992653949,12
bank_marketing,marketing intervention,89,5,0.0,immutable_l2,native_exact_k_sparse,200,1.0,1.0,0.0,0.432197513300593,1.495,1.0,0.019933400001718837,0.09966700000859419,12
bank_marketing,marketing intervention,89,5,0.0,immutable_l2,clbr_uncached,200,0.805,0.55,0.255,0.5223592630642987,2.3167701863354035,0.7888198757763976,0.03587909999805561,0.17939549999027804,12
bank_marketing,marketing intervention,89,5,0.0,immutable_top3_l1,nn_positive_train,200,0.64,0.64,0.0,1.1969974936170713,2.9765625,1.0,0.010366899998189183,0.051834499990945915,12
bank_marketing,marketing intervention,89,5,0.0,immutable_top3_l1,leaf_centroid,200,0.765,0.765,0.0,2.8586771954651096,2.7516339869281046,1.0,0.05033289999300905,0.25166449996504525,12
bank_marketing,marketing intervention,89,5,0.0,immutable_top3_l1,raw_leaf_projection,200,0.38,0.38,0.0,0.6513921394132767,1.6578947368421053,1.0,0.010394500004622387,0.051972500023111934,12
bank_marketing,marketing intervention,89,5,0.0,immutable_top3_l1,clbr,200,0.65,0.38,0.27,0.5964348457504507,2.2,1.0,0.0357964999966498,0.178982499983249,12
bank_marketing,marketing intervention,89,5,0.0,immutable_top3_l1,metric_leaf_projection,200,0.615,0.615,0.0,0.5202572909017361,1.4471544715447155,1.0,0.009558000003380585,0.04779000001690292,12
bank_marketing,marketing intervention,89,5,0.0,immutable_top3_l1,metric_clbr,200,0.65,0.615,0.035,0.534406052892613,1.523076923076923,1.0,0.01609590000134631,0.08047950000673154,12
bank_marketing,marketing intervention,89,5,0.0,immutable_top3_l1,exact_leaf,200,1.0,1.0,0.0,1.0091395732613,1.29,1.0,0.08856289998948341,0.44281449994741706,12
bank_marketing,marketing intervention,89,5,0.0,immutable_top3_l1,exact_leaf_cached,200,1.0,1.0,0.0,1.0091395732613,1.29,1.0,0.02014249999228923,0.10071249996144616,12
bank_marketing,marketing intervention,89,5,0.0,immutable_top3_l1,native_exact_k_sparse,200,1.0,1.0,0.0,0.49210501617069297,1.445,1.0,0.021136899999874004,0.10568449999937002,12
bank_marketing,marketing intervention,89,5,0.0,immutable_top3_l1,clbr_uncached,200,0.65,0.38,0.27,0.5964348457504507,2.2,1.0,0.03958840001723729,0.19794200008618645,12
bank_marketing,marketing intervention,89,5,1.0,free_l2,nn_positive_train,200,1.0,1.0,0.0,3.551305852107382,6.32,0.0,0.011010800006260979,0.055054000031304895,12
bank_marketing,marketing intervention,89,5,1.0,free_l2,leaf_centroid,200,1.0,1.0,0.0,3.288691798894231,6.32,0.0,0.05174889999398147,0.25874449996990734,12
bank_marketing,marketing intervention,89,5,1.0,free_l2,raw_leaf_projection,200,1.0,1.0,0.0,0.872649896737918,1.52,1.0,0.01036789999670873,0.051839499983543647,12
bank_marketing,marketing intervention,89,5,1.0,free_l2,clbr,200,1.0,1.0,0.0,0.872649896737918,1.52,1.0,0.009805100006815337,0.049025500034076686,12
bank_marketing,marketing intervention,89,5,1.0,free_l2,metric_leaf_projection,200,1.0,1.0,0.0,0.4416792506720523,1.525,1.0,0.009767000004103465,0.04883500002051733,12
bank_marketing,marketing intervention,89,5,1.0,free_l2,metric_clbr,200,1.0,1.0,0.0,0.4416792506720523,1.525,1.0,0.009389900003043294,0.04694950001521647,12
bank_marketing,marketing intervention,89,5,1.0,free_l2,exact_leaf,200,1.0,1.0,0.0,0.4416792506720523,1.525,1.0,0.0921998000030726,0.460999000015363,12
bank_marketing,marketing intervention,89,5,1.0,free_l2,exact_leaf_cached,200,1.0,1.0,0.0,0.4416792506720523,1.525,1.0,0.022006099998179707,0.11003049999089853,12
bank_marketing,marketing intervention,89,5,1.0,free_l2,native_exact_k_sparse,200,1.0,1.0,0.0,0.4416792506720523,1.525,1.0,0.01982139999836363,0.09910699999181816,12
bank_marketing,marketing intervention,89,5,1.0,free_l2,clbr_uncached,200,1.0,1.0,0.0,0.872649896737918,1.52,1.0,0.016065399998296925,0.08032699999148463,12
bank_marketing,marketing intervention,89,5,1.0,immutable_l2,nn_positive_train,200,0.805,0.805,0.0,1.6408258792201615,3.658385093167702,0.3167701863354037,0.010312799996427202,0.05156399998213601,12
bank_marketing,marketing intervention,89,5,1.0,immutable_l2,leaf_centroid,200,0.44,0.44,0.0,1.8470545551215927,3.9318181818181817,0.06818181818181818,0.05088049999994837,0.25440249999974185,12
bank_marketing,marketing intervention,89,5,1.0,immutable_l2,raw_leaf_projection,200,0.615,0.615,0.0,0.5623200360150538,1.7154471544715446,1.0,0.010289399993780535,0.051446999968902674,12
bank_marketing,marketing intervention,89,5,1.0,immutable_l2,clbr,200,0.915,0.615,0.3,0.553832247422237,2.3442622950819674,0.7759562841530054,0.03197020000880002,0.1598510000440001,12
bank_marketing,marketing intervention,89,5,1.0,immutable_l2,metric_leaf_projection,200,0.935,0.935,0.0,0.45382764598402187,1.5240641711229947,1.0,0.009896199999275268,0.04948099999637634,12
bank_marketing,marketing intervention,89,5,1.0,immutable_l2,metric_clbr,200,0.985,0.935,0.05,0.4662605379340792,1.6243654822335025,0.9746192893401016,0.0132772999959343,0.0663864999796715,12
bank_marketing,marketing intervention,89,5,1.0,immutable_l2,exact_leaf,200,1.0,1.0,0.0,0.4504651195926826,1.535,1.0,0.08794340001441014,0.4397170000720507,12
bank_marketing,marketing intervention,89,5,1.0,immutable_l2,exact_leaf_cached,200,1.0,1.0,0.0,0.4504651195926826,1.535,1.0,0.0214069999901767,0.1070349999508835,12
bank_marketing,marketing intervention,89,5,1.0,immutable_l2,native_exact_k_sparse,200,1.0,1.0,0.0,0.4504651195926826,1.535,1.0,0.020160600002782303,0.10080300001391151,12
bank_marketing,marketing intervention,89,5,1.0,immutable_l2,clbr_uncached,200,0.915,0.615,0.3,0.553832247422237,2.3442622950819674,0.7759562841530054,0.038625299993327644,0.19312649996663822,12
bank_marketing,marketing intervention,89,5,1.0,immutable_top3_l1,nn_positive_train,200,0.805,0.805,0.0,1.5639370436186144,2.9751552795031055,1.0,0.010915800006841891,0.05457900003420946,12
bank_marketing,marketing intervention,89,5,1.0,immutable_top3_l1,leaf_centroid,200,0.43,0.43,0.0,2.202671164998472,2.9651162790697674,1.0,0.05264469999929133,0.26322349999645667,12
bank_marketing,marketing intervention,89,5,1.0,immutable_top3_l1,raw_leaf_projection,200,0.53,0.53,0.0,0.6977776015377534,1.7075471698113207,1.0,0.010491800003364915,0.052459000016824575,12
bank_marketing,marketing intervention,89,5,1.0,immutable_top3_l1,clbr,200,0.86,0.53,0.33,0.6681909488687942,2.1802325581395348,1.0,0.03408389999731298,0.17041949998656492,12
bank_marketing,marketing intervention,89,5,1.0,immutable_top3_l1,metric_leaf_projection,200,0.8,0.8,0.0,0.5578182258258154,1.46875,1.0,0.009628300000258605,0.048141500001293025,12
bank_marketing,marketing intervention,89,5,1.0,immutable_top3_l1,metric_clbr,200,0.86,0.8,0.06,0.606435783675923,1.563953488372093,1.0,0.015322999998716114,0.07661499999358057,12
bank_marketing,marketing intervention,89,5,1.0,immutable_top3_l1,exact_leaf,200,1.0,1.0,0.0,0.7336554440329978,1.395,1.0,0.08700699999644712,0.4350349999822356,12
bank_marketing,marketing intervention,89,5,1.0,immutable_top3_l1,exact_leaf_cached,200,1.0,1.0,0.0,0.7336554440329978,1.395,1.0,0.021385199998803728,0.10692599999401864,12
bank_marketing,marketing intervention,89,5,1.0,immutable_top3_l1,native_exact_k_sparse,200,1.0,1.0,0.0,0.5274723169330349,1.47,1.0,0.02083310000034544,0.1041655000017272,12
bank_marketing,marketing intervention,89,5,1.0,immutable_top3_l1,clbr_uncached,200,0.86,0.53,0.33,0.6681909488687942,2.1802325581395348,1.0,0.041123400010292244,0.20561700005146122,12
compas,recidivism-risk audit,7,5,0.0,free_l2,nn_positive_train,200,1.0,1.0,0.0,2.7833072861261026,4.0,0.305,0.013281299999107432,0.06640649999553716,5
compas,recidivism-risk audit,7,5,0.0,free_l2,leaf_centroid,200,1.0,1.0,0.0,4.246632918467029,7.665,0.0,0.03319249999094609,0.16596249995473045,5
compas,recidivism-risk audit,7,5,0.0,free_l2,raw_leaf_projection,200,1.0,1.0,0.0,1.4534323324069858,1.04,1.0,0.009717300000374962,0.04858650000187481,5
compas,recidivism-risk audit,7,5,0.0,free_l2,clbr,200,1.0,1.0,0.0,1.4534323324069858,1.04,1.0,0.00928780000504048,0.046439000025202404,5
compas,recidivism-risk audit,7,5,0.0,free_l2,metric_leaf_projection,200,1.0,1.0,0.0,1.3024129069210033,1.0,1.0,0.008938099997976678,0.04469049998988339,5
compas,recidivism-risk audit,7,5,0.0,free_l2,metric_clbr,200,1.0,1.0,0.0,1.3024129069210033,1.0,1.0,0.008995800006232457,0.044979000031162286,5
compas,recidivism-risk audit,7,5,0.0,free_l2,exact_leaf,200,1.0,1.0,0.0,1.3024129069210033,1.0,1.0,0.041604000003644614,0.20802000001822307,5
compas,recidivism-risk audit,7,5,0.0,free_l2,exact_leaf_cached,200,1.0,1.0,0.0,1.3024129069210033,1.0,1.0,0.019934499999180844,0.09967249999590422,5
compas,recidivism-risk audit,7,5,0.0,free_l2,native_exact_k_sparse,200,1.0,1.0,0.0,1.3024129069210033,1.0,1.0,0.017890999994051526,0.08945499997025763,5
compas,recidivism-risk audit,7,5,0.0,free_l2,clbr_uncached,200,1.0,1.0,0.0,1.4534323324069858,1.04,1.0,0.01077539999732835,0.05387699998664175,5
compas,recidivism-risk audit,7,5,0.0,immutable_l2,nn_positive_train,200,1.0,1.0,0.0,1.503627247586781,2.01,1.0,0.013137899988578283,0.06568949994289142,5
compas,recidivism-risk audit,7,5,0.0,immutable_l2,leaf_centroid,200,0.98,0.98,0.0,3.15759115001116,2.8622448979591835,1.0,0.03430779999962397,0.17153899999811983,5
compas,recidivism-risk audit,7,5,0.0,immutable_l2,raw_leaf_projection,200,1.0,1.0,0.0,1.4534323324069858,1.04,1.0,0.009632100008275302,0.04816050004137651,5
compas,recidivism-risk audit,7,5,0.0,immutable_l2,clbr,200,1.0,1.0,0.0,1.4534323324069858,1.04,1.0,0.009022600001117098,0.04511300000558549,5
compas,recidivism-risk audit,7,5,0.0,immutable_l2,metric_leaf_projection,200,1.0,1.0,0.0,1.3024129069210033,1.0,1.0,0.009310899992669874,0.04655449996334937,5
compas,recidivism-risk audit,7,5,0.0,immutable_l2,metric_clbr,200,1.0,1.0,0.0,1.3024129069210033,1.0,1.0,0.009528299990961386,0.04764149995480693,5
compas,recidivism-risk audit,7,5,0.0,immutable_l2,exact_leaf,200,1.0,1.0,0.0,1.3024129069210033,1.0,1.0,0.04211160000613745,0.21055800003068725,5
compas,recidivism-risk audit,7,5,0.0,immutable_l2,exact_leaf_cached,200,1.0,1.0,0.0,1.3024129069210033,1.0,1.0,0.019375499988200318,0.09687749994100159,5
compas,recidivism-risk audit,7,5,0.0,immutable_l2,native_exact_k_sparse,200,1.0,1.0,0.0,1.3024129069210033,1.0,1.0,0.01890209999601211,0.09451049998006056,5
compas,recidivism-risk audit,7,5,0.0,immutable_l2,clbr_uncached,200,1.0,1.0,0.0,1.4534323324069858,1.04,1.0,0.01131839999834483,0.05659199999172415,5
compas,recidivism-risk audit,7,5,0.0,immutable_top3_l1,nn_positive_train,200,1.0,1.0,0.0,1.713100287276905,2.01,1.0,0.014070700001866498,0.07035350000933249,5
compas,recidivism-risk audit,7,5,0.0,immutable_top3_l1,leaf_centroid,200,0.98,0.98,0.0,3.6503969956714517,2.8622448979591835,1.0,0.03627859999414795,0.18139299997073977,5
compas,recidivism-risk audit,7,5,0.0,immutable_top3_l1,raw_leaf_projection,200,1.0,1.0,0.0,1.4805646323029324,1.04,1.0,0.011253999998189101,0.05626999999094551,5
compas,recidivism-risk audit,7,5,0.0,immutable_top3_l1,clbr,200,1.0,1.0,0.0,1.4805646323029324,1.04,1.0,0.010223999994195765,0.051119999970978824,5
compas,recidivism-risk audit,7,5,0.0,immutable_top3_l1,metric_leaf_projection,200,1.0,1.0,0.0,1.3024129069210033,1.0,1.0,0.010077100008857087,0.050385500044285436,5
compas,recidivism-risk audit,7,5,0.0,immutable_top3_l1,metric_clbr,200,1.0,1.0,0.0,1.3024129069210033,1.0,1.0,0.009802200010199158,0.04901100005099579,5
compas,recidivism-risk audit,7,5,0.0,immutable_top3_l1,exact_leaf,200,1.0,1.0,0.0,1.3024129069210033,1.0,1.0,0.0458440999927916,0.229220499963958,5
compas,recidivism-risk audit,7,5,0.0,immutable_top3_l1,exact_leaf_cached,200,1.0,1.0,0.0,1.3024129069210033,1.0,1.0,0.02107230000456184,0.1053615000228092,5
compas,recidivism-risk audit,7,5,0.0,immutable_top3_l1,native_exact_k_sparse,200,1.0,1.0,0.0,1.3024129069210033,1.0,1.0,0.021213800007899408,0.10606900003949704,5
compas,recidivism-risk audit,7,5,0.0,immutable_top3_l1,clbr_uncached,200,1.0,1.0,0.0,1.4805646323029324,1.04,1.0,0.012333600009696966,0.06166800004848483,5
compas,recidivism-risk audit,7,5,1.0,free_l2,nn_positive_train,200,1.0,1.0,0.0,3.3353584616755434,6.145,0.0,0.013824799996655202,0.06912399998327601,5
compas,recidivism-risk audit,7,5,1.0,free_l2,leaf_centroid,200,1.0,1.0,0.0,4.8075973813931645,7.82,0.0,0.03473670000130369,0.17368350000651844,5
compas,recidivism-risk audit,7,5,1.0,free_l2,raw_leaf_projection,200,1.0,1.0,0.0,1.4932955552906904,1.055,1.0,0.009918199998537602,0.04959099999268801,5
compas,recidivism-risk audit,7,5,1.0,free_l2,clbr,200,1.0,1.0,0.0,1.4932955552906904,1.055,1.0,0.009171900002002076,0.04585950001001038,5
compas,recidivism-risk audit,7,5,1.0,free_l2,metric_leaf_projection,200,1.0,1.0,0.0,1.2828717480024807,1.005,1.0,0.00912039999730041,0.04560199998650205,5
compas,recidivism-risk audit,7,5,1.0,free_l2,metric_clbr,200,1.0,1.0,0.0,1.2828717480024807,1.005,1.0,0.008984500007500174,0.04492250003750087,5
compas,recidivism-risk audit,7,5,1.0,free_l2,exact_leaf,200,1.0,1.0,0.0,1.2828717480024807,1.005,1.0,0.04093640000155574,0.2046820000077787,5
compas,recidivism-risk audit,7,5,1.0,free_l2,exact_leaf_cached,200,1.0,1.0,0.0,1.2828717480024807,1.005,1.0,0.018915300000116986,0.09457650000058493,5
compas,recidivism-risk audit,7,5,1.0,free_l2,native_exact_k_sparse,200,1.0,1.0,0.0,1.2828717480024807,1.005,1.0,0.01833329999954003,0.09166649999770016,5
compas,recidivism-risk audit,7,5,1.0,free_l2,clbr_uncached,200,1.0,1.0,0.0,1.4932955552906904,1.055,1.0,0.010695400004806288,0.05347700002403144,5
compas,recidivism-risk audit,7,5,1.0,immutable_l2,nn_positive_train,200,1.0,1.0,0.0,1.4942574121746741,2.2,1.0,0.013244299992948072,0.06622149996474036,5
compas,recidivism-risk audit,7,5,1.0,immutable_l2,leaf_centroid,200,1.0,1.0,0.0,3.5172216631754396,2.82,1.0,0.033072799987166945,0.16536399993583473,5
compas,recidivism-risk audit,7,5,1.0,immutable_l2,raw_leaf_projection,200,1.0,1.0,0.0,1.4932955552906904,1.055,1.0,0.009596199993211485,0.047980999966057425,5
compas,recidivism-risk audit,7,5,1.0,immutable_l2,clbr,200,1.0,1.0,0.0,1.4932955552906904,1.055,1.0,0.009004699996694399,0.04502349998347199,5
compas,recidivism-risk audit,7,5,1.0,immutable_l2,metric_leaf_projection,200,1.0,1.0,0.0,1.2828717480024807,1.005,1.0,0.009065099995495984,0.04532549997747992,5
compas,recidivism-risk audit,7,5,1.0,immutable_l2,metric_clbr,200,1.0,1.0,0.0,1.2828717480024807,1.005,1.0,0.009416500005499984,0.04708250002749992,5
compas,recidivism-risk audit,7,5,1.0,immutable_l2,exact_leaf,200,1.0,1.0,0.0,1.2828717480024807,1.005,1.0,0.042202800002087315,0.21101400001043658,5
compas,recidivism-risk audit,7,5,1.0,immutable_l2,exact_leaf_cached,200,1.0,1.0,0.0,1.2828717480024807,1.005,1.0,0.020023899997795525,0.10011949998897762,5
compas,recidivism-risk audit,7,5,1.0,immutable_l2,native_exact_k_sparse,200,1.0,1.0,0.0,1.2828717480024807,1.005,1.0,0.019160200001351768,0.09580100000675884,5
compas,recidivism-risk audit,7,5,1.0,immutable_l2,clbr_uncached,200,1.0,1.0,0.0,1.4932955552906904,1.055,1.0,0.011216899990358797,0.05608449995179399,5
compas,recidivism-risk audit,7,5,1.0,immutable_top3_l1,nn_positive_train,200,1.0,1.0,0.0,1.7506448644858401,2.2,1.0,0.014513499987515388,0.07256749993757694,5
compas,recidivism-risk audit,7,5,1.0,immutable_top3_l1,leaf_centroid,200,1.0,1.0,0.0,4.067780935819937,2.82,1.0,0.035511999996742816,0.17755999998371408,5
compas,recidivism-risk audit,7,5,1.0,immutable_top3_l1,raw_leaf_projection,200,1.0,1.0,0.0,1.5271109950795079,1.055,1.0,0.010998999990079028,0.05499499995039514,5
compas,recidivism-risk audit,7,5,1.0,immutable_top3_l1,clbr,200,1.0,1.0,0.0,1.5271109950795079,1.055,1.0,0.010586099997453857,0.052930499987269286,5
compas,recidivism-risk audit,7,5,1.0,immutable_top3_l1,metric_leaf_projection,200,1.0,1.0,0.0,1.2829233420581643,1.005,1.0,0.00911589999213902,0.0455794999606951,5
compas,recidivism-risk audit,7,5,1.0,immutable_top3_l1,metric_clbr,200,1.0,1.0,0.0,1.2829233420581643,1.005,1.0,0.00948640000387968,0.0474320000193984,5
compas,recidivism-risk audit,7,5,1.0,immutable_top3_l1,exact_leaf,200,1.0,1.0,0.0,1.2829233420581643,1.005,1.0,0.04415250000147353,0.22076250000736763,5
compas,recidivism-risk audit,7,5,1.0,immutable_top3_l1,exact_leaf_cached,200,1.0,1.0,0.0,1.2829233420581643,1.005,1.0,0.01949610000337998,0.0974805000168999,5
compas,recidivism-risk audit,7,5,1.0,immutable_top3_l1,native_exact_k_sparse,200,1.0,1.0,0.0,1.2829233420581643,1.005,1.0,0.019898499996088503,0.09949249998044252,5
compas,recidivism-risk audit,7,5,1.0,immutable_top3_l1,clbr_uncached,200,1.0,1.0,0.0,1.5271109950795079,1.055,1.0,0.01186830000460759,0.05934150002303795,5
compas,recidivism-risk audit,13,5,0.0,free_l2,nn_positive_train,200,1.0,1.0,0.0,2.1837442955272697,3.99,0.275,0.013500399997610657,0.06750199998805329,9
compas,recidivism-risk audit,13,5,0.0,free_l2,leaf_centroid,200,1.0,1.0,0.0,2.3210111780988743,7.07,0.0,0.0448316999927556,0.224158499963778,9
compas,recidivism-risk audit,13,5,0.0,free_l2,raw_leaf_projection,200,1.0,1.0,0.0,0.7167491549154659,1.045,1.0,0.009648500002185756,0.04824250001092878,9
compas,recidivism-risk audit,13,5,0.0,free_l2,clbr,200,1.0,1.0,0.0,0.7167491549154659,1.045,1.0,0.009223100011695351,0.046115500058476755,9
compas,recidivism-risk audit,13,5,0.0,free_l2,metric_leaf_projection,200,1.0,1.0,0.0,0.6974186050322311,1.015,1.0,0.008973999991212622,0.04486999995606311,9
compas,recidivism-risk audit,13,5,0.0,free_l2,metric_clbr,200,1.0,1.0,0.0,0.6974186050322311,1.015,1.0,0.009566300001097261,0.047831500005486305,9
compas,recidivism-risk audit,13,5,0.0,free_l2,exact_leaf,200,1.0,1.0,0.0,0.6974186050322311,1.015,1.0,0.06752390000201558,0.3376195000100779,9
compas,recidivism-risk audit,13,5,0.0,free_l2,exact_leaf_cached,200,1.0,1.0,0.0,0.6974186050322311,1.015,1.0,0.019022600001335377,0.09511300000667688,9
compas,recidivism-risk audit,13,5,0.0,free_l2,native_exact_k_sparse,200,1.0,1.0,0.0,0.6974186050322311,1.015,1.0,0.018554299993411405,0.09277149996705703,9
compas,recidivism-risk audit,13,5,0.0,free_l2,clbr_uncached,200,1.0,1.0,0.0,0.7167491549154659,1.045,1.0,0.012993100001040148,0.06496550000520074,9
compas,recidivism-risk audit,13,5,0.0,immutable_l2,nn_positive_train,200,0.98,0.98,0.0,0.9518799887075703,2.0357142857142856,1.0,0.014477699998678872,0.07238849999339436,9
compas,recidivism-risk audit,13,5,0.0,immutable_l2,leaf_centroid,200,1.0,1.0,0.0,1.0312349065222217,2.97,1.0,0.04872180000620574,0.2436090000310287,9
compas,recidivism-risk audit,13,5,0.0,immutable_l2,raw_leaf_projection,200,0.955,0.955,0.0,0.7181150142910929,1.0,1.0,0.010885300001064024,0.05442650000532012,9
compas,recidivism-risk audit,13,5,0.0,immutable_l2,clbr,200,0.98,0.955,0.025,0.7122254553983505,1.030612244897959,1.0,0.01146920000519458,0.0573460000259729,9
compas,recidivism-risk audit,13,5,0.0,immutable_l2,metric_leaf_projection,200,0.99,0.99,0.0,0.699549853506779,1.005050505050505,1.0,0.009455100001105166,0.04727550000552583,9
compas,recidivism-risk audit,13,5,0.0,immutable_l2,metric_clbr,200,1.0,0.99,0.01,0.6982529725649702,1.015,1.0,0.010304600004928943,0.051523000024644716,9
compas,recidivism-risk audit,13,5,0.0,immutable_l2,exact_leaf,200,1.0,1.0,0.0,0.6981679660155307,1.015,1.0,0.0707505000045785,0.3537525000228925,9
compas,recidivism-risk audit,13,5,0.0,immutable_l2,exact_leaf_cached,200,1.0,1.0,0.0,0.6981679660155307,1.015,1.0,0.02095399999507208,0.1047699999753604,9
compas,recidivism-risk audit,13,5,0.0,immutable_l2,native_exact_k_sparse,200,1.0,1.0,0.0,0.6981679660155307,1.015,1.0,0.0202177000037409,0.10108850001870451,9
compas,recidivism-risk audit,13,5,0.0,immutable_l2,clbr_uncached,200,0.98,0.955,0.025,0.7122254553983505,1.030612244897959,1.0,0.015907500001048902,0.07953750000524451,9
compas,recidivism-risk audit,13,5,0.0,immutable_top3_l1,nn_positive_train,200,0.98,0.98,0.0,1.09813829133874,2.0357142857142856,1.0,0.013774699996247364,0.06887349998123682,9
compas,recidivism-risk audit,13,5,0.0,immutable_top3_l1,leaf_centroid,200,1.0,1.0,0.0,1.2737795104756844,2.97,1.0,0.04693149999911839,0.23465749999559193,9
compas,recidivism-risk audit,13,5,0.0,immutable_top3_l1,raw_leaf_projection,200,0.955,0.955,0.0,0.7181150142910929,1.0,1.0,0.010347000004912843,0.051735000024564215,9
compas,recidivism-risk audit,13,5,0.0,immutable_top3_l1,clbr,200,0.98,0.955,0.025,0.7162206216350441,1.030612244897959,1.0,0.011969100002716004,0.05984550001358002,9
compas,recidivism-risk audit,13,5,0.0,immutable_top3_l1,metric_leaf_projection,200,0.99,0.99,0.0,0.7006532919074182,1.005050505050505,1.0,0.00937290000365465,0.04686450001827325,9
compas,recidivism-risk audit,13,5,0.0,immutable_top3_l1,metric_clbr,200,1.0,0.99,0.01,0.701660931812084,1.015,1.0,0.010162699996726587,0.05081349998363294,9
compas,recidivism-risk audit,13,5,0.0,immutable_top3_l1,exact_leaf,200,1.0,1.0,0.0,0.7015477985133006,1.015,1.0,0.06963450000694138,0.3481725000347069,9
compas,recidivism-risk audit,13,5,0.0,immutable_top3_l1,exact_leaf_cached,200,1.0,1.0,0.0,0.7015477985133006,1.015,1.0,0.02059440000630275,0.10297200003151374,9
compas,recidivism-risk audit,13,5,0.0,immutable_top3_l1,native_exact_k_sparse,200,1.0,1.0,0.0,0.7015477985133006,1.015,1.0,0.01995680000163702,0.0997840000081851,9
compas,recidivism-risk audit,13,5,0.0,immutable_top3_l1,clbr_uncached,200,0.98,0.955,0.025,0.7162206216350441,1.030612244897959,1.0,0.016189600012694427,0.08094800006347214,9
compas,recidivism-risk audit,13,5,1.0,free_l2,nn_positive_train,200,1.0,1.0,0.0,2.830663939556276,6.08,0.0,0.014043800003491924,0.07021900001745962,9
compas,recidivism-risk audit,13,5,1.0,free_l2,leaf_centroid,200,1.0,1.0,0.0,2.60023757772849,7.085,0.0,0.047866900003100454,0.23933450001550227,9
compas,recidivism-risk audit,13,5,1.0,free_l2,raw_leaf_projection,200,1.0,1.0,0.0,0.7339680158850476,1.06,1.0,0.0102238999961628,0.051119499980814,9
compas,recidivism-risk audit,13,5,1.0,free_l2,clbr,200,1.0,1.0,0.0,0.7339680158850476,1.06,1.0,0.009495100005551649,0.047475500027758244,9
compas,recidivism-risk audit,13,5,1.0,free_l2,metric_leaf_projection,200,1.0,1.0,0.0,0.7076737342118569,1.025,1.0,0.00997269998970296,0.0498634999485148,9
compas,recidivism-risk audit,13,5,1.0,free_l2,metric_clbr,200,1.0,1.0,0.0,0.7076737342118569,1.025,1.0,0.00989389999267587,0.04946949996337935,9
compas,recidivism-risk audit,13,5,1.0,free_l2,exact_leaf,200,1.0,1.0,0.0,0.7076737342118569,1.025,1.0,0.07392819999950007,0.36964099999750033,9
compas,recidivism-risk audit,13,5,1.0,free_l2,exact_leaf_cached,200,1.0,1.0,0.0,0.7076737342118569,1.025,1.0,0.021599200003038277,0.10799600001519138,9
compas,recidivism-risk audit,13,5,1.0,free_l2,native_exact_k_sparse,200,1.0,1.0,0.0,0.7076737342118569,1.025,1.0,0.019536999992851634,0.09768499996425817,9
compas,recidivism-risk audit,13,5,1.0,free_l2,clbr_uncached,200,1.0,1.0,0.0,0.7339680158850476,1.06,1.0,0.013238699999419623,0.06619349999709812,9
compas,recidivism-risk audit,13,5,1.0,immutable_l2,nn_positive_train,200,0.97,0.97,0.0,0.9577401880421244,2.1649484536082473,1.0,0.013234800003374403,0.06617400001687201,9
compas,recidivism-risk audit,13,5,1.0,immutable_l2,leaf_centroid,200,0.99,0.99,0.0,1.042248379520647,2.984848484848485,1.0,0.04572550000375486,0.2286275000187743,9
compas,recidivism-risk audit,13,5,1.0,immutable_l2,raw_leaf_projection,200,0.945,0.945,0.0,0.7317773381662304,1.0052910052910053,1.0,0.010154599997804326,0.05077299998902163,9
compas,recidivism-risk audit,13,5,1.0,immutable_l2,clbr,200,0.97,0.945,0.025,0.7289122297330567,1.0463917525773196,1.0,0.011732599998140358,0.05866299999070179,9
compas,recidivism-risk audit,13,5,1.0,immutable_l2,metric_leaf_projection,200,0.995,0.995,0.0,0.709173763274041,1.020100502512563,1.0,0.00980780000827508,0.0490390000413754,9
compas,recidivism-risk audit,13,5,1.0,immutable_l2,metric_clbr,200,1.0,0.995,0.005,0.7081333457630279,1.025,1.0,0.010080299990477215,0.050401499952386075,9
compas,recidivism-risk audit,13,5,1.0,immutable_l2,exact_leaf,200,1.0,1.0,0.0,0.7080904547201353,1.025,1.0,0.06973440000092523,0.34867200000462617,9
compas,recidivism-risk audit,13,5,1.0,immutable_l2,exact_leaf_cached,200,1.0,1.0,0.0,0.7080904547201353,1.025,1.0,0.020411400009834324,0.10205700004917162,9
compas,recidivism-risk audit,13,5,1.0,immutable_l2,native_exact_k_sparse,200,1.0,1.0,0.0,0.7080904547201353,1.025,1.0,0.01896549999310082,0.0948274999655041,9
compas,recidivism-risk audit,13,5,1.0,immutable_l2,clbr_uncached,200,0.97,0.945,0.025,0.7289122297330567,1.0463917525773196,1.0,0.01575530000081926,0.0787765000040963,9
compas,recidivism-risk audit,13,5,1.0,immutable_top3_l1,nn_positive_train,200,0.97,0.97,0.0,1.118121582405937,2.1649484536082473,1.0,0.012994399997296568,0.06497199998648284,9
compas,recidivism-risk audit,13,5,1.0,immutable_top3_l1,leaf_centroid,200,0.99,0.99,0.0,1.3041197701886333,2.984848484848485,1.0,0.047223999993548205,0.23611999996774102,9
compas,recidivism-risk audit,13,5,1.0,immutable_top3_l1,raw_leaf_projection,200,0.945,0.945,0.0,0.7324937995896548,1.0052910052910053,1.0,0.01071799998771894,0.0535899999385947,9
compas,recidivism-risk audit,13,5,1.0,immutable_top3_l1,clbr,200,0.97,0.945,0.025,0.7317110054005499,1.0463917525773196,1.0,0.012253300003067125,0.06126650001533562,9
compas,recidivism-risk audit,13,5,1.0,immutable_top3_l1,metric_leaf_projection,200,0.995,0.995,0.0,0.710807173393424,1.020100502512563,1.0,0.009414499999365944,0.04707249999682972,9
compas,recidivism-risk audit,13,5,1.0,immutable_top3_l1,metric_clbr,200,1.0,0.995,0.005,0.7107505371977908,1.025,1.0,0.009998799990171392,0.04999399995085696,9
compas,recidivism-risk audit,13,5,1.0,immutable_top3_l1,exact_leaf,200,1.0,1.0,0.0,0.7106953889927635,1.025,1.0,0.07175049999932526,0.3587524999966263,9
compas,recidivism-risk audit,13,5,1.0,immutable_top3_l1,exact_leaf_cached,200,1.0,1.0,0.0,0.7106953889927635,1.025,1.0,0.019698599999173894,0.09849299999586947,9
compas,recidivism-risk audit,13,5,1.0,immutable_top3_l1,native_exact_k_sparse,200,1.0,1.0,0.0,0.7106953889927635,1.025,1.0,0.019759399999202287,0.09879699999601144,9
compas,recidivism-risk audit,13,5,1.0,immutable_top3_l1,clbr_uncached,200,0.97,0.945,0.025,0.7317110054005499,1.0463917525773196,1.0,0.016725800006497593,0.08362900003248797,9
compas,recidivism-risk audit,19,5,0.0,free_l2,nn_positive_train,200,1.0,1.0,0.0,3.9510651648253905,4.485,0.03,0.01350260000617709,0.06751300003088545,5
compas,recidivism-risk audit,19,5,0.0,free_l2,leaf_centroid,200,1.0,1.0,0.0,4.470114901491322,7.135,0.0,0.034518800001933414,0.17259400000966707,5
compas,recidivism-risk audit,19,5,0.0,free_l2,raw_leaf_projection,200,1.0,1.0,0.0,2.519071839903669,1.86,1.0,0.010110700010955043,0.05055350005477521,5
compas,recidivism-risk audit,19,5,0.0,free_l2,clbr,200,1.0,1.0,0.0,2.519071839903669,1.86,1.0,0.00975990000370075,0.04879950001850375,5
compas,recidivism-risk audit,19,5,0.0,free_l2,metric_leaf_projection,200,1.0,1.0,0.0,1.2165341836273913,1.01,1.0,0.009478800005126686,0.04739400002563343,5
compas,recidivism-risk audit,19,5,0.0,free_l2,metric_clbr,200,1.0,1.0,0.0,1.2165341836273913,1.01,1.0,0.009464999997362611,0.047324999986813054,5
compas,recidivism-risk audit,19,5,0.0,free_l2,exact_leaf,200,1.0,1.0,0.0,1.2165341836273913,1.01,1.0,0.043083200008368294,0.21541600004184147,5
compas,recidivism-risk audit,19,5,0.0,free_l2,exact_leaf_cached,200,1.0,1.0,0.0,1.2165341836273913,1.01,1.0,0.01953059998959361,0.09765299994796806,5
compas,recidivism-risk audit,19,5,0.0,free_l2,native_exact_k_sparse,200,1.0,1.0,0.0,1.2165341836273913,1.01,1.0,0.019453899996733526,0.09726949998366763,5
compas,recidivism-risk audit,19,5,0.0,free_l2,clbr_uncached,200,1.0,1.0,0.0,2.519071839903669,1.86,1.0,0.011500100001285318,0.05750050000642659,5
compas,recidivism-risk audit,19,5,0.0,immutable_l2,nn_positive_train,200,1.0,1.0,0.0,2.765882313666251,2.36,1.0,0.013804500003971043,0.06902250001985522,5
compas,recidivism-risk audit,19,5,0.0,immutable_l2,leaf_centroid,200,1.0,1.0,0.0,3.872892366172216,3.0,1.0,0.034535899999355024,0.17267949999677512,5
compas,recidivism-risk audit,19,5,0.0,immutable_l2,raw_leaf_projection,200,1.0,1.0,0.0,2.519071839903669,1.86,1.0,0.010518599990973598,0.05259299995486799,5
compas,recidivism-risk audit,19,5,0.0,immutable_l2,clbr,200,1.0,1.0,0.0,2.519071839903669,1.86,1.0,0.009674900000391062,0.04837450000195531,5
compas,recidivism-risk audit,19,5,0.0,immutable_l2,metric_leaf_projection,200,1.0,1.0,0.0,1.2165341836273913,1.01,1.0,0.009521899995888816,0.04760949997944408,5
compas,recidivism-risk audit,19,5,0.0,immutable_l2,metric_clbr,200,1.0,1.0,0.0,1.2165341836273913,1.01,1.0,0.009369600003992673,0.046848000019963365,5
compas,recidivism-risk audit,19,5,0.0,immutable_l2,exact_leaf,200,1.0,1.0,0.0,1.2165341836273913,1.01,1.0,0.044963199994526803,0.22481599997263402,5
compas,recidivism-risk audit,19,5,0.0,immutable_l2,exact_leaf_cached,200,1.0,1.0,0.0,1.2165341836273913,1.01,1.0,0.02107669999713835,0.10538349998569174,5
compas,recidivism-risk audit,19,5,0.0,immutable_l2,native_exact_k_sparse,200,1.0,1.0,0.0,1.2165341836273913,1.01,1.0,0.019156399992425577,0.09578199996212788,5
compas,recidivism-risk audit,19,5,0.0,immutable_l2,clbr_uncached,200,1.0,1.0,0.0,2.519071839903669,1.86,1.0,0.011278500003754743,0.05639250001877372,5
compas,recidivism-risk audit,19,5,0.0,immutable_top3_l1,nn_positive_train,200,1.0,1.0,0.0,3.517453321544339,2.36,1.0,0.01484200000140845,0.07421000000704225,5
compas,recidivism-risk audit,19,5,0.0,immutable_top3_l1,leaf_centroid,200,1.0,1.0,0.0,4.757415308214806,3.0,1.0,0.03728679999585438,0.1864339999792719,5
compas,recidivism-risk audit,19,5,0.0,immutable_top3_l1,raw_leaf_projection,200,1.0,1.0,0.0,3.057533153868213,1.86,1.0,0.011432299992520711,0.05716149996260356,5
compas,recidivism-risk audit,19,5,0.0,immutable_top3_l1,clbr,200,1.0,1.0,0.0,3.057533153868213,1.86,1.0,0.010493399995539221,0.052466999977696105,5
compas,recidivism-risk audit,19,5,0.0,immutable_top3_l1,metric_leaf_projection,200,1.0,1.0,0.0,1.2179443538723052,1.01,1.0,0.010028499990767159,0.050142499953835795,5
compas,recidivism-risk audit,19,5,0.0,immutable_top3_l1,metric_clbr,200,1.0,1.0,0.0,1.2179443538723052,1.01,1.0,0.009608000002117478,0.04804000001058739,5
compas,recidivism-risk audit,19,5,0.0,immutable_top3_l1,exact_leaf,200,1.0,1.0,0.0,1.2179443538723052,1.01,1.0,0.04910310000923346,0.2455155000461673,5
compas,recidivism-risk audit,19,5,0.0,immutable_top3_l1,exact_leaf_cached,200,1.0,1.0,0.0,1.2179443538723052,1.01,1.0,0.02191430000402761,0.10957150002013805,5
compas,recidivism-risk audit,19,5,0.0,immutable_top3_l1,native_exact_k_sparse,200,1.0,1.0,0.0,1.2179443538723052,1.01,1.0,0.023032699999021133,0.11516349999510567,5
compas,recidivism-risk audit,19,5,0.0,immutable_top3_l1,clbr_uncached,200,1.0,1.0,0.0,3.057533153868213,1.86,1.0,0.013361099997382553,0.06680549998691276,5
compas,recidivism-risk audit,19,5,1.0,free_l2,nn_positive_train,200,1.0,1.0,0.0,4.139712157786648,6.465,0.0,0.013588599995273398,0.06794299997636699,5
compas,recidivism-risk audit,19,5,1.0,free_l2,leaf_centroid,200,1.0,1.0,0.0,4.837519204128752,8.0,0.0,0.0337995999989289,0.1689979999946445,5
compas,recidivism-risk audit,19,5,1.0,free_l2,raw_leaf_projection,200,1.0,1.0,0.0,2.5044723644287843,1.89,1.0,0.01028539999788336,0.0514269999894168,5
compas,recidivism-risk audit,19,5,1.0,free_l2,clbr,200,1.0,1.0,0.0,2.5044723644287843,1.89,1.0,0.009640200003559585,0.048201000017797924,5
compas,recidivism-risk audit,19,5,1.0,free_l2,metric_leaf_projection,200,1.0,1.0,0.0,1.260960743538555,1.0,1.0,0.009575899998708337,0.047879499993541685,5
compas,recidivism-risk audit,19,5,1.0,free_l2,metric_clbr,200,1.0,1.0,0.0,1.260960743538555,1.0,1.0,0.00961369999913586,0.048068499995679304,5
compas,recidivism-risk audit,19,5,1.0,free_l2,exact_leaf,200,1.0,1.0,0.0,1.260960743538555,1.0,1.0,0.044143900002382,0.22071950001190999,5
compas,recidivism-risk audit,19,5,1.0,free_l2,exact_leaf_cached,200,1.0,1.0,0.0,1.260960743538555,1.0,1.0,0.020097799999348354,0.10048899999674177,5
compas,recidivism-risk audit,19,5,1.0,free_l2,native_exact_k_sparse,200,1.0,1.0,0.0,1.260960743538555,1.0,1.0,0.019094500002211134,0.09547250001105567,5
compas,recidivism-risk audit,19,5,1.0,free_l2,clbr_uncached,200,1.0,1.0,0.0,2.5044723644287843,1.89,1.0,0.011222700009057007,0.056113500045285036,5
compas,recidivism-risk audit,19,5,1.0,immutable_l2,nn_positive_train,200,1.0,1.0,0.0,2.854902825250992,2.395,1.0,0.015706399997725384,0.07853199998862692,5
compas,recidivism-risk audit,19,5,1.0,immutable_l2,leaf_centroid,200,1.0,1.0,0.0,3.951076473234524,3.0,1.0,0.03684409999550553,0.18422049997752765,5
compas,recidivism-risk audit,19,5,1.0,immutable_l2,raw_leaf_projection,200,1.0,1.0,0.0,2.5044723644287843,1.89,1.0,0.011690300003465381,0.05845150001732691,5
compas,recidivism-risk audit,19,5,1.0,immutable_l2,clbr,200,1.0,1.0,0.0,2.5044723644287843,1.89,1.0,0.011061899996093416,0.05530949998046708,5
compas,recidivism-risk audit,19,5,1.0,immutable_l2,metric_leaf_projection,200,1.0,1.0,0.0,1.260960743538555,1.0,1.0,0.011266199991950998,0.05633099995975499,5
compas,recidivism-risk audit,19,5,1.0,immutable_l2,metric_clbr,200,1.0,1.0,0.0,1.260960743538555,1.0,1.0,0.01040840000314347,0.05204200001571735,5
compas,recidivism-risk audit,19,5,1.0,immutable_l2,exact_leaf,200,1.0,1.0,0.0,1.260960743538555,1.0,1.0,0.04711079999560752,0.2355539999780376,5
compas,recidivism-risk audit,19,5,1.0,immutable_l2,exact_leaf_cached,200,1.0,1.0,0.0,1.260960743538555,1.0,1.0,0.02133380000395846,0.10666900001979229,5
compas,recidivism-risk audit,19,5,1.0,immutable_l2,native_exact_k_sparse,200,1.0,1.0,0.0,1.260960743538555,1.0,1.0,0.021385100000770763,0.10692550000385381,5
compas,recidivism-risk audit,19,5,1.0,immutable_l2,clbr_uncached,200,1.0,1.0,0.0,2.5044723644287843,1.89,1.0,0.012781900001755275,0.06390950000877638,5
compas,recidivism-risk audit,19,5,1.0,immutable_top3_l1,nn_positive_train,200,1.0,1.0,0.0,3.666747810765009,2.395,1.0,0.015035600001283456,0.07517800000641728,5
compas,recidivism-risk audit,19,5,1.0,immutable_top3_l1,leaf_centroid,200,1.0,1.0,0.0,4.8756715462897535,3.0,1.0,0.03656149999369518,0.1828074999684759,5
compas,recidivism-risk audit,19,5,1.0,immutable_top3_l1,raw_leaf_projection,200,1.0,1.0,0.0,3.0754897000416515,1.89,1.0,0.011302599998089136,0.05651299999044568,5
compas,recidivism-risk audit,19,5,1.0,immutable_top3_l1,clbr,200,1.0,1.0,0.0,3.0754897000416515,1.89,1.0,0.01025499999832391,0.05127499999161955,5
compas,recidivism-risk audit,19,5,1.0,immutable_top3_l1,metric_leaf_projection,200,1.0,1.0,0.0,1.260960743538555,1.0,1.0,0.009835999994720623,0.04917999997360312,5
compas,recidivism-risk audit,19,5,1.0,immutable_top3_l1,metric_clbr,200,1.0,1.0,0.0,1.260960743538555,1.0,1.0,0.009831899998062,0.049159499990309996,5
compas,recidivism-risk audit,19,5,1.0,immutable_top3_l1,exact_leaf,200,1.0,1.0,0.0,1.260960743538555,1.0,1.0,0.04599670000698097,0.22998350003490486,5
compas,recidivism-risk audit,19,5,1.0,immutable_top3_l1,exact_leaf_cached,200,1.0,1.0,0.0,1.260960743538555,1.0,1.0,0.021794600003886444,0.10897300001943222,5
compas,recidivism-risk audit,19,5,1.0,immutable_top3_l1,native_exact_k_sparse,200,1.0,1.0,0.0,1.260960743538555,1.0,1.0,0.02313610000328481,0.11568050001642405,5
compas,recidivism-risk audit,19,5,1.0,immutable_top3_l1,clbr_uncached,200,1.0,1.0,0.0,3.0754897000416515,1.89,1.0,0.013509500000509433,0.06754750000254717,5
compas,recidivism-risk audit,29,5,0.0,free_l2,nn_positive_train,200,1.0,1.0,0.0,2.4729389241641604,4.125,0.225,0.013270800007376238,0.06635400003688119,4
compas,recidivism-risk audit,29,5,0.0,free_l2,leaf_centroid,200,1.0,1.0,0.0,5.934610728424341,6.755,0.0,0.030447499998444982,0.1522374999922249,4
compas,recidivism-risk audit,29,5,0.0,free_l2,raw_leaf_projection,200,1.0,1.0,0.0,3.0647135557767626,1.28,1.0,0.009908599998198042,0.04954299999099021,4
compas,recidivism-risk audit,29,5,0.0,free_l2,clbr,200,1.0,1.0,0.0,3.0647135557767626,1.28,1.0,0.009288700002798578,0.04644350001399289,4
compas,recidivism-risk audit,29,5,0.0,free_l2,metric_leaf_projection,200,1.0,1.0,0.0,1.2496220936712839,1.0,1.0,0.009491100006016495,0.047455500030082476,4
compas,recidivism-risk audit,29,5,0.0,free_l2,metric_clbr,200,1.0,1.0,0.0,1.2496220936712839,1.0,1.0,0.00959650000277179,0.04798250001385895,4
compas,recidivism-risk audit,29,5,0.0,free_l2,exact_leaf,200,1.0,1.0,0.0,1.2496220936712839,1.0,1.0,0.036041300005308585,0.18020650002654293,4
compas,recidivism-risk audit,29,5,0.0,free_l2,exact_leaf_cached,200,1.0,1.0,0.0,1.2496220936712839,1.0,1.0,0.02001950000249053,0.10009750001245266,4
compas,recidivism-risk audit,29,5,0.0,free_l2,native_exact_k_sparse,200,1.0,1.0,0.0,1.2496220936712839,1.0,1.0,0.018244600005346,0.09122300002673,4
compas,recidivism-risk audit,29,5,0.0,free_l2,clbr_uncached,200,1.0,1.0,0.0,3.0647135557767626,1.28,1.0,0.010545199989792309,0.052725999948961544,4
compas,recidivism-risk audit,29,5,0.0,immutable_l2,nn_positive_train,200,1.0,1.0,0.0,1.517527664087204,2.115,1.0,0.01449500000126136,0.0724750000063068,4
compas,recidivism-risk audit,29,5,0.0,immutable_l2,leaf_centroid,200,1.0,1.0,0.0,5.338506606661713,2.73,1.0,0.031402599995089986,0.15701299997544993,4
compas,recidivism-risk audit,29,5,0.0,immutable_l2,raw_leaf_projection,200,1.0,1.0,0.0,3.0647135557767626,1.28,1.0,0.011026099999980943,0.055130499999904714,4
compas,recidivism-risk audit,29,5,0.0,immutable_l2,clbr,200,1.0,1.0,0.0,3.0647135557767626,1.28,1.0,0.009610200004317448,0.04805100002158724,4
compas,recidivism-risk audit,29,5,0.0,immutable_l2,metric_leaf_projection,200,1.0,1.0,0.0,1.2496220936712839,1.0,1.0,0.009451900004023628,0.04725950002011814,4
compas,recidivism-risk audit,29,5,0.0,immutable_l2,metric_clbr,200,1.0,1.0,0.0,1.2496220936712839,1.0,1.0,0.00968169999669044,0.0484084999834522,4
compas,recidivism-risk audit,29,5,0.0,immutable_l2,exact_leaf,200,1.0,1.0,0.0,1.2496220936712839,1.0,1.0,0.03721350000887469,0.18606750004437345,4
compas,recidivism-risk audit,29,5,0.0,immutable_l2,exact_leaf_cached,200,1.0,1.0,0.0,1.2496220936712839,1.0,1.0,0.021285100003296975,0.10642550001648488,4
compas,recidivism-risk audit,29,5,0.0,immutable_l2,native_exact_k_sparse,200,1.0,1.0,0.0,1.2496220936712839,1.0,1.0,0.020999399996981083,0.10499699998490541,4
compas,recidivism-risk audit,29,5,0.0,immutable_l2,clbr_uncached,200,1.0,1.0,0.0,3.0647135557767626,1.28,1.0,0.01118079999650945,0.05590399998254725,4
compas,recidivism-risk audit,29,5,0.0,immutable_top3_l1,nn_positive_train,200,1.0,1.0,0.0,1.7790311566016894,2.115,1.0,0.014649700008703803,0.07324850004351902,4
compas,recidivism-risk audit,29,5,0.0,immutable_top3_l1,leaf_centroid,200,1.0,1.0,0.0,6.257284496779963,2.73,1.0,0.03265649999593734,0.1632824999796867,4
compas,recidivism-risk audit,29,5,0.0,immutable_top3_l1,raw_leaf_projection,200,1.0,1.0,0.0,3.2459324162511494,1.28,1.0,0.010933900008240016,0.05466950004120008,4
compas,recidivism-risk audit,29,5,0.0,immutable_top3_l1,clbr,200,1.0,1.0,0.0,3.2459324162511494,1.28,1.0,0.01023939999868162,0.0511969999934081,4
compas,recidivism-risk audit,29,5,0.0,immutable_top3_l1,metric_leaf_projection,200,1.0,1.0,0.0,1.2496220936712839,1.0,1.0,0.010126700005457678,0.05063350002728839,4
compas,recidivism-risk audit,29,5,0.0,immutable_top3_l1,metric_clbr,200,1.0,1.0,0.0,1.2496220936712839,1.0,1.0,0.009860800006208592,0.04930400003104296,4
compas,recidivism-risk audit,29,5,0.0,immutable_top3_l1,exact_leaf,200,1.0,1.0,0.0,1.2496220936712839,1.0,1.0,0.03688540000348439,0.18442700001742196,4
compas,recidivism-risk audit,29,5,0.0,immutable_top3_l1,exact_leaf_cached,200,1.0,1.0,0.0,1.2496220936712839,1.0,1.0,0.021059500001683773,0.10529750000841887,4
compas,recidivism-risk audit,29,5,0.0,immutable_top3_l1,native_exact_k_sparse,200,1.0,1.0,0.0,1.2496220936712839,1.0,1.0,0.02238700000816607,0.11193500004083035,4
compas,recidivism-risk audit,29,5,0.0,immutable_top3_l1,clbr_uncached,200,1.0,1.0,0.0,3.2459324162511494,1.28,1.0,0.01216339999155025,0.06081699995775125,4
compas,recidivism-risk audit,29,5,1.0,free_l2,nn_positive_train,200,1.0,1.0,0.0,3.1049039610394833,6.14,0.0,0.014596800004255783,0.07298400002127892,4
compas,recidivism-risk audit,29,5,1.0,free_l2,leaf_centroid,200,1.0,1.0,0.0,6.431134080724497,7.15,0.0,0.03170549999776995,0.15852749998884974,4
compas,recidivism-risk audit,29,5,1.0,free_l2,raw_leaf_projection,200,1.0,1.0,0.0,3.3831230350485644,1.33,1.0,0.01049200000215933,0.05246000001079665,4
compas,recidivism-risk audit,29,5,1.0,free_l2,clbr,200,1.0,1.0,0.0,3.3831230350485644,1.33,1.0,0.010028199997577758,0.05014099998788879,4
compas,recidivism-risk audit,29,5,1.0,free_l2,metric_leaf_projection,200,1.0,1.0,0.0,1.2951936153031969,1.005,1.0,0.009747800013428787,0.048739000067143934,4
compas,recidivism-risk audit,29,5,1.0,free_l2,metric_clbr,200,1.0,1.0,0.0,1.2951936153031969,1.005,1.0,0.009539499998936662,0.04769749999468331,4
compas,recidivism-risk audit,29,5,1.0,free_l2,exact_leaf,200,1.0,1.0,0.0,1.2951936153031969,1.005,1.0,0.03782819999469211,0.18914099997346057,4
compas,recidivism-risk audit,29,5,1.0,free_l2,exact_leaf_cached,200,1.0,1.0,0.0,1.2951936153031969,1.005,1.0,0.02077600000302482,0.1038800000151241,4
compas,recidivism-risk audit,29,5,1.0,free_l2,native_exact_k_sparse,200,1.0,1.0,0.0,1.2951936153031969,1.005,1.0,0.019887600000402017,0.09943800000201009,4
compas,recidivism-risk audit,29,5,1.0,free_l2,clbr_uncached,200,1.0,1.0,0.0,3.3831230350485644,1.33,1.0,0.011332400000355847,0.056662000001779234,4
compas,recidivism-risk audit,29,5,1.0,immutable_l2,nn_positive_train,200,0.99,0.99,0.0,1.61421131142857,2.257575757575758,1.0,0.014632600004006235,0.07316300002003118,4
compas,recidivism-risk audit,29,5,1.0,immutable_l2,leaf_centroid,200,0.99,0.99,0.0,5.687817512688362,2.691919191919192,1.0,0.03360749999774271,0.16803749998871353,4
compas,recidivism-risk audit,29,5,1.0,immutable_l2,raw_leaf_projection,200,0.985,0.985,0.0,3.39691376656918,1.3299492385786802,1.0,0.011389700002837344,0.05694850001418672,4
compas,recidivism-risk audit,29,5,1.0,immutable_l2,clbr,200,0.99,0.985,0.005,3.389995527469462,1.3383838383838385,1.0,0.010940899994238862,0.05470449997119431,4
compas,recidivism-risk audit,29,5,1.0,immutable_l2,metric_leaf_projection,200,0.99,0.99,0.0,1.2884430041076254,1.005050505050505,1.0,0.01078739999957179,0.05393699999785895,4
compas,recidivism-risk audit,29,5,1.0,immutable_l2,metric_clbr,200,0.99,0.99,0.0,1.2884430041076254,1.005050505050505,1.0,0.01072140000633226,0.0536070000316613,4
compas,recidivism-risk audit,29,5,1.0,immutable_l2,exact_leaf,200,1.0,1.0,0.0,1.326496931241663,1.01,1.0,0.038963599999078724,0.19481799999539362,4
compas,recidivism-risk audit,29,5,1.0,immutable_l2,exact_leaf_cached,200,1.0,1.0,0.0,1.326496931241663,1.01,1.0,0.021819100006723602,0.10909550003361801,4
compas,recidivism-risk audit,29,5,1.0,immutable_l2,native_exact_k_sparse,200,1.0,1.0,0.0,1.326496931241663,1.01,1.0,0.021533600004659093,0.10766800002329546,4
compas,recidivism-risk audit,29,5,1.0,immutable_l2,clbr_uncached,200,0.99,0.985,0.005,3.389995527469462,1.3383838383838385,1.0,0.012311599987697264,0.06155799993848632,4
compas,recidivism-risk audit,29,5,1.0,immutable_top3_l1,nn_positive_train,200,0.99,0.99,0.0,1.8914514087328984,2.257575757575758,1.0,0.014461699996900279,0.0723084999845014,4
compas,recidivism-risk audit,29,5,1.0,immutable_top3_l1,leaf_centroid,200,0.99,0.99,0.0,6.631201371855578,2.691919191919192,1.0,0.033942199995181,0.169710999975905,4
compas,recidivism-risk audit,29,5,1.0,immutable_top3_l1,raw_leaf_projection,200,0.985,0.985,0.0,3.599106025471799,1.3299492385786802,1.0,0.011227900002268143,0.056139500011340715,4
compas,recidivism-risk audit,29,5,1.0,immutable_top3_l1,clbr,200,0.99,0.985,0.005,3.5944524617914047,1.3383838383838385,1.0,0.010792400006721437,0.05396200003360718,4
compas,recidivism-risk audit,29,5,1.0,immutable_top3_l1,metric_leaf_projection,200,0.99,0.99,0.0,1.291672167141504,1.005050505050505,1.0,0.010061700003461738,0.05030850001730869,4
compas,recidivism-risk audit,29,5,1.0,immutable_top3_l1,metric_clbr,200,0.99,0.99,0.0,1.291672167141504,1.005050505050505,1.0,0.009931300000971532,0.04965650000485766,4
compas,recidivism-risk audit,29,5,1.0,immutable_top3_l1,exact_leaf,200,1.0,1.0,0.0,1.3338849517002733,1.01,1.0,0.0388864999931684,0.194432499965842,4
compas,recidivism-risk audit,29,5,1.0,immutable_top3_l1,exact_leaf_cached,200,1.0,1.0,0.0,1.3338849517002733,1.01,1.0,0.021938799996860325,0.10969399998430163,4
compas,recidivism-risk audit,29,5,1.0,immutable_top3_l1,native_exact_k_sparse,200,1.0,1.0,0.0,1.3338849517002733,1.01,1.0,0.021968299992295215,0.10984149996147607,4
compas,recidivism-risk audit,29,5,1.0,immutable_top3_l1,clbr_uncached,200,0.99,0.985,0.005,3.5944524617914047,1.3383838383838385,1.0,0.01280289999795059,0.06401449998975295,4
compas,recidivism-risk audit,37,5,0.0,free_l2,nn_positive_train,200,1.0,1.0,0.0,2.661450660549077,4.385,0.16,0.01445920000787737,0.07229600003938685,7
compas,recidivism-risk audit,37,5,0.0,free_l2,leaf_centroid,200,1.0,1.0,0.0,3.383268579830245,6.91,0.0,0.041927100001885265,0.20963550000942632,7
compas,recidivism-risk audit,37,5,0.0,free_l2,raw_leaf_projection,200,1.0,1.0,0.0,0.968222315941674,2.225,0.99,0.01045269999485754,0.0522634999742877,7
compas,recidivism-risk audit,37,5,0.0,free_l2,clbr,200,1.0,1.0,0.0,0.968222315941674,2.225,0.99,0.009783499996046885,0.048917499980234425,7
compas,recidivism-risk audit,37,5,0.0,free_l2,metric_leaf_projection,200,1.0,1.0,0.0,0.7438417988368774,2.14,1.0,0.010127199997441494,0.05063599998720747,7
compas,recidivism-risk audit,37,5,0.0,free_l2,metric_clbr,200,1.0,1.0,0.0,0.7438417988368774,2.14,1.0,0.00997119999556162,0.049855999977808096,7
compas,recidivism-risk audit,37,5,0.0,free_l2,exact_leaf,200,1.0,1.0,0.0,0.7438417988368774,2.14,1.0,0.05791560000216123,0.28957800001080614,7
compas,recidivism-risk audit,37,5,0.0,free_l2,exact_leaf_cached,200,1.0,1.0,0.0,0.7438417988368774,2.14,1.0,0.021319100003893254,0.10659550001946627,7
compas,recidivism-risk audit,37,5,0.0,free_l2,native_exact_k_sparse,200,1.0,1.0,0.0,0.7438417988368774,2.14,1.0,0.02147509999849717,0.10737549999248586,7
compas,recidivism-risk audit,37,5,0.0,free_l2,clbr_uncached,200,1.0,1.0,0.0,0.968222315941674,2.225,0.99,0.014344699995490373,0.07172349997745187,7
compas,recidivism-risk audit,37,5,0.0,immutable_l2,nn_positive_train,200,0.47,0.47,0.0,0.9390765330466104,2.297872340425532,1.0,0.014059599996471661,0.0702979999823583,7
compas,recidivism-risk audit,37,5,0.0,immutable_l2,leaf_centroid,200,0.44,0.44,0.0,2.675948176233651,3.0,1.0,0.0431215000062366,0.215607500031183,7
compas,recidivism-risk audit,37,5,0.0,immutable_l2,raw_leaf_projection,200,0.435,0.435,0.0,0.6400747237569444,1.7011494252873562,1.0,0.01138610000089102,0.0569305000044551,7
compas,recidivism-risk audit,37,5,0.0,immutable_l2,clbr,200,0.47,0.435,0.035,0.7699831018512564,1.7340425531914894,1.0,0.019476800007396378,0.09738400003698189,7
compas,recidivism-risk audit,37,5,0.0,immutable_l2,metric_leaf_projection,200,0.565,0.565,0.0,0.6894669696792309,1.7079646017699115,1.0,0.010317499993107049,0.051587499965535244,7
compas,recidivism-risk audit,37,5,0.0,immutable_l2,metric_clbr,200,0.58,0.565,0.015,0.6980875965975856,1.7155172413793103,1.0,0.01634570000533131,0.08172850002665655,7
compas,recidivism-risk audit,37,5,0.0,immutable_l2,exact_leaf,200,1.0,1.0,0.0,0.9584068217372308,1.43,1.0,0.062373200000365614,0.31186600000182807,7
compas,recidivism-risk audit,37,5,0.0,immutable_l2,exact_leaf_cached,200,1.0,1.0,0.0,0.9584068217372308,1.43,1.0,0.021682599999621743,0.10841299999810872,7
compas,recidivism-risk audit,37,5,0.0,immutable_l2,native_exact_k_sparse,200,1.0,1.0,0.0,0.9584068217372308,1.43,1.0,0.02083070000026055,0.10415350000130275,7
compas,recidivism-risk audit,37,5,0.0,immutable_l2,clbr_uncached,200,0.47,0.435,0.035,0.7699831018512564,1.7340425531914894,1.0,0.023414800003592973,0.11707400001796486,7
compas,recidivism-risk audit,37,5,0.0,immutable_top3_l1,nn_positive_train,200,0.47,0.47,0.0,1.0655535010057828,2.297872340425532,1.0,0.013163599999643338,0.06581799999821669,7
compas,recidivism-risk audit,37,5,0.0,immutable_top3_l1,leaf_centroid,200,0.44,0.44,0.0,3.7292127532913977,3.0,1.0,0.04140130001178477,0.20700650005892385,7
compas,recidivism-risk audit,37,5,0.0,immutable_top3_l1,raw_leaf_projection,200,0.435,0.435,0.0,0.6545908383654704,1.7011494252873562,1.0,0.010604900003272633,0.05302450001636316,7
compas,recidivism-risk audit,37,5,0.0,immutable_top3_l1,clbr,200,0.47,0.435,0.035,0.8043292092953652,1.7340425531914894,1.0,0.019282199997178395,0.09641099998589198,7
compas,recidivism-risk audit,37,5,0.0,immutable_top3_l1,metric_leaf_projection,200,0.655,0.655,0.0,0.8582405726535092,1.6030534351145038,1.0,0.009598500006177346,0.04799250003088673,7
compas,recidivism-risk audit,37,5,0.0,immutable_top3_l1,metric_clbr,200,0.665,0.655,0.01,0.8675904156066933,1.6090225563909775,1.0,0.014486299996860907,0.07243149998430454,7
compas,recidivism-risk audit,37,5,0.0,immutable_top3_l1,exact_leaf,200,1.0,1.0,0.0,0.9996015834076606,1.415,1.0,0.059042099997896,0.29521049998948,7
compas,recidivism-risk audit,37,5,0.0,immutable_top3_l1,exact_leaf_cached,200,1.0,1.0,0.0,0.9996015834076606,1.415,1.0,0.02126659999430558,0.1063329999715279,7
compas,recidivism-risk audit,37,5,0.0,immutable_top3_l1,native_exact_k_sparse,200,1.0,1.0,0.0,0.9996015834076606,1.415,1.0,0.02221199999530654,0.11105999997653271,7
compas,recidivism-risk audit,37,5,0.0,immutable_top3_l1,clbr_uncached,200,0.47,0.435,0.035,0.8043292092953652,1.7340425531914894,1.0,0.02340349999758473,0.11701749998792366,7
compas,recidivism-risk audit,37,5,1.0,free_l2,nn_positive_train,200,1.0,1.0,0.0,2.8860416924232855,6.22,0.0,0.015262699997037998,0.07631349998518999,7
compas,recidivism-risk audit,37,5,1.0,free_l2,leaf_centroid,200,1.0,1.0,0.0,3.663495076254599,7.81,0.0,0.0453060000008918,0.226530000004459,7
compas,recidivism-risk audit,37,5,1.0,free_l2,raw_leaf_projection,200,1.0,1.0,0.0,0.9297608636724712,1.955,1.0,0.011948600002142484,0.05974300001071242,7
compas,recidivism-risk audit,37,5,1.0,free_l2,clbr,200,1.0,1.0,0.0,0.9297608636724712,1.955,1.0,0.0107019999941258,0.053509999970628996,7
compas,recidivism-risk audit,37,5,1.0,free_l2,metric_leaf_projection,200,1.0,1.0,0.0,0.7245777423818356,1.805,1.0,0.01072609999391716,0.0536304999695858,7
compas,recidivism-risk audit,37,5,1.0,free_l2,metric_clbr,200,1.0,1.0,0.0,0.7245777423818356,1.805,1.0,0.010443399995892833,0.05221699997946416,7
compas,recidivism-risk audit,37,5,1.0,free_l2,exact_leaf,200,1.0,1.0,0.0,0.7245777423818356,1.805,1.0,0.06414719999247609,0.32073599996238045,7
compas,recidivism-risk audit,37,5,1.0,free_l2,exact_leaf_cached,200,1.0,1.0,0.0,0.7245777423818356,1.805,1.0,0.023220600001877756,0.11610300000938878,7
compas,recidivism-risk audit,37,5,1.0,free_l2,native_exact_k_sparse,200,1.0,1.0,0.0,0.7245777423818356,1.805,1.0,0.021412100001725776,0.10706050000862888,7
compas,recidivism-risk audit,37,5,1.0,free_l2,clbr_uncached,200,1.0,1.0,0.0,0.9297608636724712,1.955,1.0,0.013289399996210705,0.06644699998105352,7
compas,recidivism-risk audit,37,5,1.0,immutable_l2,nn_positive_train,200,0.625,0.625,0.0,0.8156683225445803,2.28,1.0,0.013622699992993148,0.06811349996496574,7
compas,recidivism-risk audit,37,5,1.0,immutable_l2,leaf_centroid,200,0.625,0.625,0.0,2.3899984505664023,2.96,1.0,0.04334459999427054,0.2167229999713527,7
compas,recidivism-risk audit,37,5,1.0,immutable_l2,raw_leaf_projection,200,0.63,0.63,0.0,0.6473370111797032,1.6349206349206349,1.0,0.012198999991596793,0.060994999957983964,7
compas,recidivism-risk audit,37,5,1.0,immutable_l2,clbr,200,0.655,0.63,0.025,0.6646687016471915,1.6488549618320612,1.0,0.01674230000389798,0.0837115000194899,7
compas,recidivism-risk audit,37,5,1.0,immutable_l2,metric_leaf_projection,200,0.85,0.85,0.0,0.6888890634845996,1.6823529411764706,1.0,0.010136899999451998,0.05068449999725999,7
compas,recidivism-risk audit,37,5,1.0,immutable_l2,metric_clbr,200,0.865,0.85,0.015,0.6978770814688903,1.6878612716763006,1.0,0.013490899994394567,0.06745449997197284,7
compas,recidivism-risk audit,37,5,1.0,immutable_l2,exact_leaf,200,1.0,1.0,0.0,0.7564526454436681,1.675,1.0,0.06079090000184806,0.3039545000092403,7
compas,recidivism-risk audit,37,5,1.0,immutable_l2,exact_leaf_cached,200,1.0,1.0,0.0,0.7564526454436681,1.675,1.0,0.022554600004696113,0.11277300002348056,7
compas,recidivism-risk audit,37,5,1.0,immutable_l2,native_exact_k_sparse,200,1.0,1.0,0.0,0.7564526454436681,1.675,1.0,0.021691299995836744,0.10845649997918372,7
compas,recidivism-risk audit,37,5,1.0,immutable_l2,clbr_uncached,200,0.655,0.63,0.025,0.6646687016471915,1.6488549618320612,1.0,0.019697500003530877,0.09848750001765438,7
compas,recidivism-risk audit,37,5,1.0,immutable_top3_l1,nn_positive_train,200,0.625,0.625,0.0,0.9244323137903776,2.28,1.0,0.014585999997507315,0.07292999998753658,7
compas,recidivism-risk audit,37,5,1.0,immutable_top3_l1,leaf_centroid,200,0.625,0.625,0.0,3.401837797286884,2.96,1.0,0.04174150000108057,0.20870750000540284,7
compas,recidivism-risk audit,37,5,1.0,immutable_top3_l1,raw_leaf_projection,200,0.63,0.63,0.0,0.6595478045129941,1.6349206349206349,1.0,0.010632599993186886,0.05316299996593443,7
compas,recidivism-risk audit,37,5,1.0,immutable_top3_l1,clbr,200,0.655,0.63,0.025,0.6899361707644643,1.6488549618320612,1.0,0.01591559999724268,0.0795779999862134,7
compas,recidivism-risk audit,37,5,1.0,immutable_top3_l1,metric_leaf_projection,200,0.87,0.87,0.0,0.7768468858843723,1.6666666666666667,1.0,0.00951829999758047,0.04759149998790235,7
compas,recidivism-risk audit,37,5,1.0,immutable_top3_l1,metric_clbr,200,0.88,0.87,0.01,0.7865819911170294,1.6704545454545454,1.0,0.01183800000580959,0.05919000002904795,7
compas,recidivism-risk audit,37,5,1.0,immutable_top3_l1,exact_leaf,200,1.0,1.0,0.0,0.8467445666524784,1.655,1.0,0.05818659999931697,0.29093299999658484,7
compas,recidivism-risk audit,37,5,1.0,immutable_top3_l1,exact_leaf_cached,200,1.0,1.0,0.0,0.8467445666524784,1.655,1.0,0.022183199997016345,0.11091599998508173,7
compas,recidivism-risk audit,37,5,1.0,immutable_top3_l1,native_exact_k_sparse,200,1.0,1.0,0.0,0.8467445666524784,1.655,1.0,0.021899299999859068,0.10949649999929534,7
compas,recidivism-risk audit,37,5,1.0,immutable_top3_l1,clbr_uncached,200,0.655,0.63,0.025,0.6899361707644643,1.6488549618320612,1.0,0.02004060000217578,0.1002030000108789,7
compas,recidivism-risk audit,41,5,0.0,free_l2,nn_positive_train,200,1.0,1.0,0.0,3.295428240529604,4.08,0.26,0.014163100003315776,0.07081550001657888,7
compas,recidivism-risk audit,41,5,0.0,free_l2,leaf_centroid,200,1.0,1.0,0.0,3.833488649874171,5.295,0.0,0.04445259999101836,0.2222629999550918,7
compas,recidivism-risk audit,41,5,0.0,free_l2,raw_leaf_projection,200,1.0,1.0,0.0,2.064425397006063,2.255,1.0,0.011108400004559371,0.055542000022796856,7
compas,recidivism-risk audit,41,5,0.0,free_l2,clbr,200,1.0,1.0,0.0,2.064425397006063,2.255,1.0,0.010542800002440345,0.05271400001220172,7
compas,recidivism-risk audit,41,5,0.0,free_l2,metric_leaf_projection,200,1.0,1.0,0.0,1.2233990714431737,1.195,1.0,0.010466699998687545,0.052333499993437727,7
compas,recidivism-risk audit,41,5,0.0,free_l2,metric_clbr,200,1.0,1.0,0.0,1.2233990714431737,1.195,1.0,0.009983100003410073,0.04991550001705036,7
compas,recidivism-risk audit,41,5,0.0,free_l2,exact_leaf,200,1.0,1.0,0.0,1.2233990714431737,1.195,1.0,0.06076560000019526,0.3038280000009763,7
compas,recidivism-risk audit,41,5,0.0,free_l2,exact_leaf_cached,200,1.0,1.0,0.0,1.2233990714431737,1.195,1.0,0.021817399998326437,0.10908699999163218,7
compas,recidivism-risk audit,41,5,0.0,free_l2,native_exact_k_sparse,200,1.0,1.0,0.0,1.2233990714431737,1.195,1.0,0.02112800000122661,0.10564000000613305,7
compas,recidivism-risk audit,41,5,0.0,free_l2,clbr_uncached,200,1.0,1.0,0.0,2.064425397006063,2.255,1.0,0.013260100001389219,0.0663005000069461,7
compas,recidivism-risk audit,41,5,0.0,immutable_l2,nn_positive_train,200,0.06,0.06,0.0,2.234499750261107,2.0833333333333335,1.0,0.013005399994653999,0.06502699997327,7
compas,recidivism-risk audit,41,5,0.0,immutable_l2,leaf_centroid,200,0.07,0.07,0.0,2.744832363636431,2.857142857142857,1.0,0.0409949000013512,0.204974500006756,7
compas,recidivism-risk audit,41,5,0.0,immutable_l2,raw_leaf_projection,200,0.045,0.045,0.0,0.4314279260245563,1.1111111111111112,1.0,0.010019599993938755,0.050097999969693774,7
compas,recidivism-risk audit,41,5,0.0,immutable_l2,clbr,200,0.06,0.045,0.015,1.3032107040069263,1.5,1.0,0.022103999996033963,0.11051999998016981,7
compas,recidivism-risk audit,41,5,0.0,immutable_l2,metric_leaf_projection,200,0.83,0.83,0.0,1.2590628574255232,1.0060240963855422,1.0,0.00920389999737381,0.04601949998686905,7
compas,recidivism-risk audit,41,5,0.0,immutable_l2,metric_clbr,200,0.84,0.83,0.01,1.3132749807710016,1.0238095238095237,1.0,0.012327899998126668,0.06163949999063334,7
compas,recidivism-risk audit,41,5,0.0,immutable_l2,exact_leaf,200,1.0,1.0,0.0,1.3287674784816892,1.01,1.0,0.05430480000904936,0.2715240000452468,7
compas,recidivism-risk audit,41,5,0.0,immutable_l2,exact_leaf_cached,200,1.0,1.0,0.0,1.3287674784816892,1.01,1.0,0.02014250000593165,0.10071250002965826,7
compas,recidivism-risk audit,41,5,0.0,immutable_l2,native_exact_k_sparse,200,1.0,1.0,0.0,1.3287674784816892,1.01,1.0,0.019863499999701162,0.09931749999850581,7
compas,recidivism-risk audit,41,5,0.0,immutable_l2,clbr_uncached,200,0.06,0.045,0.015,1.3032107040069263,1.5,1.0,0.027037600008043228,0.13518800004021614,7
compas,recidivism-risk audit,41,5,0.0,immutable_top3_l1,nn_positive_train,200,0.06,0.06,0.0,2.4942429835274122,2.0833333333333335,1.0,0.014518599999973958,0.07259299999986979,7
compas,recidivism-risk audit,41,5,0.0,immutable_top3_l1,leaf_centroid,200,0.07,0.07,0.0,3.2907894388899104,2.857142857142857,1.0,0.045385100005660206,0.22692550002830103,7
compas,recidivism-risk audit,41,5,0.0,immutable_top3_l1,raw_leaf_projection,200,0.045,0.045,0.0,0.44073043929884986,1.1111111111111112,1.0,0.010937599994576885,0.05468799997288443,7
compas,recidivism-risk audit,41,5,0.0,immutable_top3_l1,clbr,200,0.06,0.045,0.015,1.4139839165550783,1.5,1.0,0.024239800003670098,0.12119900001835049,7
compas,recidivism-risk audit,41,5,0.0,immutable_top3_l1,metric_leaf_projection,200,0.905,0.905,0.0,1.2815486164226313,1.0055248618784531,1.0,0.009984800007259764,0.04992400003629882,7
compas,recidivism-risk audit,41,5,0.0,immutable_top3_l1,metric_clbr,200,0.915,0.905,0.01,1.3375260971889917,1.0218579234972678,1.0,0.01246769999670505,0.06233849998352525,7
compas,recidivism-risk audit,41,5,0.0,immutable_top3_l1,exact_leaf,200,1.0,1.0,0.0,1.3309802158695623,1.01,1.0,0.06131899999854795,0.30659499999273976,7
compas,recidivism-risk audit,41,5,0.0,immutable_top3_l1,exact_leaf_cached,200,1.0,1.0,0.0,1.3309802158695623,1.01,1.0,0.022280300006059406,0.11140150003029703,7
compas,recidivism-risk audit,41,5,0.0,immutable_top3_l1,native_exact_k_sparse,200,1.0,1.0,0.0,1.3309802158695623,1.01,1.0,0.023139000001719978,0.11569500000859989,7
compas,recidivism-risk audit,41,5,0.0,immutable_top3_l1,clbr_uncached,200,0.06,0.045,0.015,1.4139839165550783,1.5,1.0,0.027968399996098015,0.13984199998049007,7
compas,recidivism-risk audit,41,5,1.0,free_l2,nn_positive_train,200,1.0,1.0,0.0,3.271135497049931,5.9,0.0,0.014559899993400904,0.07279949996700452,7
compas,recidivism-risk audit,41,5,1.0,free_l2,leaf_centroid,200,1.0,1.0,0.0,3.7537752730301692,7.13,0.0,0.0433540000103676,0.216770000051838,7
compas,recidivism-risk audit,41,5,1.0,free_l2,raw_leaf_projection,200,1.0,1.0,0.0,1.3702993294766168,2.245,1.0,0.011486899988994992,0.05743449994497496,7
compas,recidivism-risk audit,41,5,1.0,free_l2,clbr,200,1.0,1.0,0.0,1.3702993294766168,2.245,1.0,0.010242700011986017,0.051213500059930084,7
compas,recidivism-risk audit,41,5,1.0,free_l2,metric_leaf_projection,200,1.0,1.0,0.0,1.0963831445417913,1.52,1.0,0.01054470000508445,0.052723500025422254,7
compas,recidivism-risk audit,41,5,1.0,free_l2,metric_clbr,200,1.0,1.0,0.0,1.0963831445417913,1.52,1.0,0.009984599999370403,0.04992299999685201,7
compas,recidivism-risk audit,41,5,1.0,free_l2,exact_leaf,200,1.0,1.0,0.0,1.0963831445417913,1.52,1.0,0.05928869999752351,0.29644349998761754,7
compas,recidivism-risk audit,41,5,1.0,free_l2,exact_leaf_cached,200,1.0,1.0,0.0,1.0963831445417913,1.52,1.0,0.021464599994942546,0.10732299997471273,7
compas,recidivism-risk audit,41,5,1.0,free_l2,native_exact_k_sparse,200,1.0,1.0,0.0,1.0963831445417913,1.52,1.0,0.021415299998807313,0.10707649999403657,7
compas,recidivism-risk audit,41,5,1.0,free_l2,clbr_uncached,200,1.0,1.0,0.0,1.3702993294766168,2.245,1.0,0.01339089999510179,0.06695449997550895,7
compas,recidivism-risk audit,41,5,1.0,immutable_l2,nn_positive_train,200,0.105,0.105,0.0,2.136822975860778,2.1904761904761907,1.0,0.013334899996152672,0.06667449998076336,7
compas,recidivism-risk audit,41,5,1.0,immutable_l2,leaf_centroid,200,0.11,0.11,0.0,2.7949964678597534,2.909090909090909,1.0,0.042735699990771536,0.21367849995385768,7
compas,recidivism-risk audit,41,5,1.0,immutable_l2,raw_leaf_projection,200,0.08,0.08,0.0,0.6354776828583173,1.0,1.0,0.010182499993788952,0.05091249996894476,7
compas,recidivism-risk audit,41,5,1.0,immutable_l2,clbr,200,0.105,0.08,0.025,1.3523745739387334,1.3333333333333333,1.0,0.022948399996494118,0.11474199998247059,7
compas,recidivism-risk audit,41,5,1.0,immutable_l2,metric_leaf_projection,200,0.6,0.6,0.0,1.1161935236413119,1.0083333333333333,1.0,0.00987299999451352,0.0493649999725676,7
compas,recidivism-risk audit,41,5,1.0,immutable_l2,metric_clbr,200,0.62,0.6,0.02,1.2175583296080856,1.0564516129032258,1.0,0.015951799997310445,0.07975899998655223,7
compas,recidivism-risk audit,41,5,1.0,immutable_l2,exact_leaf,200,1.0,1.0,0.0,1.3090940065000622,1.015,1.0,0.0590025999908903,0.2950129999544515,7
compas,recidivism-risk audit,41,5,1.0,immutable_l2,exact_leaf_cached,200,1.0,1.0,0.0,1.3090940065000622,1.015,1.0,0.02183150000655587,0.10915750003277935,7
compas,recidivism-risk audit,41,5,1.0,immutable_l2,native_exact_k_sparse,200,1.0,1.0,0.0,1.3090940065000622,1.015,1.0,0.02061390000199026,0.1030695000099513,7
compas,recidivism-risk audit,41,5,1.0,immutable_l2,clbr_uncached,200,0.105,0.08,0.025,1.3523745739387334,1.3333333333333333,1.0,0.026643799998964823,0.13321899999482412,7
compas,recidivism-risk audit,41,5,1.0,immutable_top3_l1,nn_positive_train,200,0.105,0.105,0.0,2.4171061190609815,2.1904761904761907,1.0,0.013739099993472337,0.06869549996736168,7
compas,recidivism-risk audit,41,5,1.0,immutable_top3_l1,leaf_centroid,200,0.11,0.11,0.0,3.5444105822543506,2.909090909090909,1.0,0.04460850000214123,0.22304250001070614,7
compas,recidivism-risk audit,41,5,1.0,immutable_top3_l1,raw_leaf_projection,200,0.08,0.08,0.0,0.6354776828583173,1.0,1.0,0.010729400003583578,0.05364700001791789,7
compas,recidivism-risk audit,41,5,1.0,immutable_top3_l1,clbr,200,0.105,0.08,0.025,1.4546180719794322,1.3333333333333333,1.0,0.023367600004348787,0.11683800002174394,7
compas,recidivism-risk audit,41,5,1.0,immutable_top3_l1,metric_leaf_projection,200,0.79,0.79,0.0,1.2255698118146112,1.0,1.0,0.009850499994172424,0.04925249997086212,7
compas,recidivism-risk audit,41,5,1.0,immutable_top3_l1,metric_clbr,200,0.81,0.79,0.02,1.3108586321787945,1.037037037037037,1.0,0.013506799999959185,0.06753399999979592,7
compas,recidivism-risk audit,41,5,1.0,immutable_top3_l1,exact_leaf,200,1.0,1.0,0.0,1.3131797742041937,1.01,1.0,0.06058919999122736,0.3029459999561368,7
compas,recidivism-risk audit,41,5,1.0,immutable_top3_l1,exact_leaf_cached,200,1.0,1.0,0.0,1.3131797742041937,1.01,1.0,0.02147799999511335,0.10738999997556675,7
compas,recidivism-risk audit,41,5,1.0,immutable_top3_l1,native_exact_k_sparse,200,1.0,1.0,0.0,1.3131797742041937,1.01,1.0,0.021177000006900926,0.10588500003450463,7
compas,recidivism-risk audit,41,5,1.0,immutable_top3_l1,clbr_uncached,200,0.105,0.08,0.025,1.4546180719794322,1.3333333333333333,1.0,0.02772639999875537,0.13863199999377684,7
compas,recidivism-risk audit,53,5,0.0,free_l2,nn_positive_train,200,1.0,1.0,0.0,2.6406580318573947,4.765,0.07,0.014639099990745308,0.07319549995372654,9
compas,recidivism-risk audit,53,5,0.0,free_l2,leaf_centroid,200,1.0,1.0,0.0,3.315758804992953,6.2,0.0,0.051572599997598445,0.2578629999879922,9
compas,recidivism-risk audit,53,5,0.0,free_l2,raw_leaf_projection,200,1.0,1.0,0.0,1.391093743739081,2.1,1.0,0.011942800001634168,0.05971400000817084,9
compas,recidivism-risk audit,53,5,0.0,free_l2,clbr,200,1.0,1.0,0.0,1.391093743739081,2.1,1.0,0.011100700000497454,0.05550350000248727,9
compas,recidivism-risk audit,53,5,0.0,free_l2,metric_leaf_projection,200,1.0,1.0,0.0,0.692786705798303,1.265,1.0,0.010790999995151651,0.053954999975758255,9
compas,recidivism-risk audit,53,5,0.0,free_l2,metric_clbr,200,1.0,1.0,0.0,0.692786705798303,1.265,1.0,0.01084150000133377,0.05420750000666885,9
compas,recidivism-risk audit,53,5,0.0,free_l2,exact_leaf,200,1.0,1.0,0.0,0.692786705798303,1.265,1.0,0.07531990000552469,0.37659950002762344,9
compas,recidivism-risk audit,53,5,0.0,free_l2,exact_leaf_cached,200,1.0,1.0,0.0,0.692786705798303,1.265,1.0,0.02264329999434267,0.11321649997171335,9
compas,recidivism-risk audit,53,5,0.0,free_l2,native_exact_k_sparse,200,1.0,1.0,0.0,0.692786705798303,1.265,1.0,0.021676399996977125,0.10838199998488562,9
compas,recidivism-risk audit,53,5,0.0,free_l2,clbr_uncached,200,1.0,1.0,0.0,1.391093743739081,2.1,1.0,0.014801900000747992,0.07400950000373996,9
compas,recidivism-risk audit,53,5,0.0,immutable_l2,nn_positive_train,200,0.35,0.35,0.0,0.686531444170995,2.4,1.0,0.013853900000867725,0.06926950000433862,9
compas,recidivism-risk audit,53,5,0.0,immutable_l2,leaf_centroid,200,0.435,0.435,0.0,1.652269883397972,2.7586206896551726,1.0,0.05038989999502519,0.25194949997512595,9
compas,recidivism-risk audit,53,5,0.0,immutable_l2,raw_leaf_projection,200,0.13,0.13,0.0,0.30857076694547125,1.0384615384615385,1.0,0.010574199995062372,0.05287099997531186,9
compas,recidivism-risk audit,53,5,0.0,immutable_l2,clbr,200,0.35,0.13,0.22,0.4754660810162736,2.1,1.0,0.03416039999774512,0.17080199998872558,9
compas,recidivism-risk audit,53,5,0.0,immutable_l2,metric_leaf_projection,200,0.765,0.765,0.0,0.6514624891992398,1.0,1.0,0.00979569999526575,0.04897849997632875,9
compas,recidivism-risk audit,53,5,0.0,immutable_l2,metric_clbr,200,0.795,0.765,0.03,0.6808961031422757,1.0754716981132075,1.0,0.01423410000916192,0.0711705000458096,9
compas,recidivism-risk audit,53,5,0.0,immutable_l2,exact_leaf,200,1.0,1.0,0.0,0.7524835947932735,1.01,1.0,0.07167699999627075,0.35838499998135376,9
compas,recidivism-risk audit,53,5,0.0,immutable_l2,exact_leaf_cached,200,1.0,1.0,0.0,0.7524835947932735,1.01,1.0,0.021271800004797115,0.10635900002398557,9
compas,recidivism-risk audit,53,5,0.0,immutable_l2,native_exact_k_sparse,200,1.0,1.0,0.0,0.7524835947932735,1.01,1.0,0.02087400000255002,0.1043700000127501,9
compas,recidivism-risk audit,53,5,0.0,immutable_l2,clbr_uncached,200,0.35,0.13,0.22,0.4754660810162736,2.1,1.0,0.03829460000633844,0.1914730000316922,9
compas,recidivism-risk audit,53,5,0.0,immutable_top3_l1,nn_positive_train,200,0.35,0.35,0.0,0.8432146544608227,2.4,1.0,0.013916500004597765,0.06958250002298882,9
compas,recidivism-risk audit,53,5,0.0,immutable_top3_l1,leaf_centroid,200,0.435,0.435,0.0,1.9631926458221907,2.7586206896551726,1.0,0.0498154000060822,0.249077000030411,9
compas,recidivism-risk audit,53,5,0.0,immutable_top3_l1,raw_leaf_projection,200,0.13,0.13,0.0,0.31343462493030133,1.0384615384615385,1.0,0.011415399996622,0.05707699998311,9
compas,recidivism-risk audit,53,5,0.0,immutable_top3_l1,clbr,200,0.35,0.13,0.22,0.574654271518514,2.1,1.0,0.03690130000177305,0.18450650000886526,9
compas,recidivism-risk audit,53,5,0.0,immutable_top3_l1,metric_leaf_projection,200,0.855,0.855,0.0,0.7049278959782598,1.0,1.0,0.01054370000565541,0.05271850002827705,9
compas,recidivism-risk audit,53,5,0.0,immutable_top3_l1,metric_clbr,200,0.875,0.855,0.02,0.7338324421329011,1.0457142857142858,1.0,0.012884200001280988,0.06442100000640494,9
compas,recidivism-risk audit,53,5,0.0,immutable_top3_l1,exact_leaf,200,1.0,1.0,0.0,0.7579535068230763,1.005,1.0,0.07333480000852433,0.36667400004262163,9
compas,recidivism-risk audit,53,5,0.0,immutable_top3_l1,exact_leaf_cached,200,1.0,1.0,0.0,0.7579535068230763,1.005,1.0,0.021086300000206393,0.10543150000103196,9
compas,recidivism-risk audit,53,5,0.0,immutable_top3_l1,native_exact_k_sparse,200,1.0,1.0,0.0,0.7579535068230763,1.005,1.0,0.02158400001553673,0.10792000007768365,9
compas,recidivism-risk audit,53,5,0.0,immutable_top3_l1,clbr_uncached,200,0.35,0.13,0.22,0.574654271518514,2.1,1.0,0.03926919998775702,0.1963459999387851,9
compas,recidivism-risk audit,53,5,1.0,free_l2,nn_positive_train,200,1.0,1.0,0.0,2.776679473021353,6.3,0.0,0.013756499995906779,0.0687824999795339,9
compas,recidivism-risk audit,53,5,1.0,free_l2,leaf_centroid,200,1.0,1.0,0.0,3.3674707916273747,6.74,0.0,0.046249999992141966,0.23124999996070983,9
compas,recidivism-risk audit,53,5,1.0,free_l2,raw_leaf_projection,200,1.0,1.0,0.0,0.6875535655226347,1.805,1.0,0.010144000000764208,0.05072000000382104,9
compas,recidivism-risk audit,53,5,1.0,free_l2,clbr,200,1.0,1.0,0.0,0.6875535655226347,1.805,1.0,0.009959299994079629,0.049796499970398145,9
compas,recidivism-risk audit,53,5,1.0,free_l2,metric_leaf_projection,200,1.0,1.0,0.0,0.47701820173180026,1.55,0.995,0.009574199996677635,0.047870999983388174,9
compas,recidivism-risk audit,53,5,1.0,free_l2,metric_clbr,200,1.0,1.0,0.0,0.47701820173180026,1.55,0.995,0.009305800000220188,0.04652900000110094,9
compas,recidivism-risk audit,53,5,1.0,free_l2,exact_leaf,200,1.0,1.0,0.0,0.47701820173180026,1.55,0.995,0.06723859999783599,0.33619299998917995,9
compas,recidivism-risk audit,53,5,1.0,free_l2,exact_leaf_cached,200,1.0,1.0,0.0,0.47701820173180026,1.55,0.995,0.01969479999934265,0.09847399999671325,9
compas,recidivism-risk audit,53,5,1.0,free_l2,native_exact_k_sparse,200,1.0,1.0,0.0,0.47701820173180026,1.55,0.995,0.01831050000328105,0.09155250001640525,9
compas,recidivism-risk audit,53,5,1.0,free_l2,clbr_uncached,200,1.0,1.0,0.0,0.6875535655226347,1.805,1.0,0.01376559999971505,0.06882799999857525,9
compas,recidivism-risk audit,53,5,1.0,immutable_l2,nn_positive_train,200,0.415,0.415,0.0,0.700027645944932,2.2409638554216866,1.0,0.013502999999218446,0.06751499999609223,9
compas,recidivism-risk audit,53,5,1.0,immutable_l2,leaf_centroid,200,0.505,0.505,0.0,1.5265203841798602,2.722772277227723,1.0,0.047338100002889405,0.23669050001444703,9
compas,recidivism-risk audit,53,5,1.0,immutable_l2,raw_leaf_projection,200,0.265,0.265,0.0,0.2337359809420448,1.0188679245283019,1.0,0.009782099999029015,0.048910499995145074,9
compas,recidivism-risk audit,53,5,1.0,immutable_l2,clbr,200,0.415,0.265,0.15,0.32379942288671576,1.6024096385542168,1.0,0.026913200011222216,0.13456600005611108,9
compas,recidivism-risk audit,53,5,1.0,immutable_l2,metric_leaf_projection,200,0.49,0.49,0.0,0.3300106709652516,1.0,1.0,0.009762099995896278,0.04881049997948139,9
compas,recidivism-risk audit,53,5,1.0,immutable_l2,metric_clbr,200,0.54,0.49,0.05,0.3998134296063565,1.1388888888888888,1.0,0.018041200005427527,0.09020600002713763,9
compas,recidivism-risk audit,53,5,1.0,immutable_l2,exact_leaf,200,1.0,1.0,0.0,0.6963784371702153,1.005,1.0,0.06758130000525853,0.33790650002629263,9
compas,recidivism-risk audit,53,5,1.0,immutable_l2,exact_leaf_cached,200,1.0,1.0,0.0,0.6963784371702153,1.005,1.0,0.019952699994973955,0.09976349997486977,9
compas,recidivism-risk audit,53,5,1.0,immutable_l2,native_exact_k_sparse,200,1.0,1.0,0.0,0.6963784371702153,1.005,1.0,0.018711200000325334,0.09355600000162667,9
compas,recidivism-risk audit,53,5,1.0,immutable_l2,clbr_uncached,200,0.415,0.265,0.15,0.32379942288671576,1.6024096385542168,1.0,0.030318099997202808,0.15159049998601404,9
compas,recidivism-risk audit,53,5,1.0,immutable_top3_l1,nn_positive_train,200,0.415,0.415,0.0,0.8320413877302567,2.2409638554216866,1.0,0.012500399986492994,0.06250199993246497,9
compas,recidivism-risk audit,53,5,1.0,immutable_top3_l1,leaf_centroid,200,0.505,0.505,0.0,1.8211893305420928,2.722772277227723,1.0,0.04442449999805831,0.22212249999029154,9
compas,recidivism-risk audit,53,5,1.0,immutable_top3_l1,raw_leaf_projection,200,0.265,0.265,0.0,0.23612202448177283,1.0188679245283019,1.0,0.009531000002425571,0.04765500001212786,9
compas,recidivism-risk audit,53,5,1.0,immutable_top3_l1,clbr,200,0.415,0.265,0.15,0.3682075705898829,1.6024096385542168,1.0,0.026070700003401726,0.13035350001700863,9
compas,recidivism-risk audit,53,5,1.0,immutable_top3_l1,metric_leaf_projection,200,0.585,0.585,0.0,0.4348625288393412,1.0,1.0,0.009042100000442588,0.04521050000221294,9
compas,recidivism-risk audit,53,5,1.0,immutable_top3_l1,metric_clbr,200,0.625,0.585,0.04,0.4847946975812472,1.096,1.0,0.015266900008100492,0.07633450004050246,9
compas,recidivism-risk audit,53,5,1.0,immutable_top3_l1,exact_leaf,200,1.0,1.0,0.0,0.699612831459263,1.005,1.0,0.06509470000219153,0.32547350001095765,9
compas,recidivism-risk audit,53,5,1.0,immutable_top3_l1,exact_leaf_cached,200,1.0,1.0,0.0,0.699612831459263,1.005,1.0,0.01836079999611684,0.0918039999805842,9
compas,recidivism-risk audit,53,5,1.0,immutable_top3_l1,native_exact_k_sparse,200,1.0,1.0,0.0,0.699612831459263,1.005,1.0,0.01940380000087316,0.09701900000436581,9
compas,recidivism-risk audit,53,5,1.0,immutable_top3_l1,clbr_uncached,200,0.415,0.265,0.15,0.3682075705898829,1.6024096385542168,1.0,0.030094099994130374,0.15047049997065187,9
compas,recidivism-risk audit,61,5,0.0,free_l2,nn_positive_train,200,1.0,1.0,0.0,3.8478670555824555,4.445,0.165,0.014868299996123824,0.07434149998061912,6
compas,recidivism-risk audit,61,5,0.0,free_l2,leaf_centroid,200,1.0,1.0,0.0,4.930459652863215,6.965,0.0,0.04104610000104003,0.20523050000520016,6
compas,recidivism-risk audit,61,5,0.0,free_l2,raw_leaf_projection,200,1.0,1.0,0.0,2.1661471704761746,1.75,1.0,0.011236599999392638,0.05618299999696319,6
compas,recidivism-risk audit,61,5,0.0,free_l2,clbr,200,1.0,1.0,0.0,2.1661471704761746,1.75,1.0,0.010404700005892664,0.05202350002946332,6
compas,recidivism-risk audit,61,5,0.0,free_l2,metric_leaf_projection,200,1.0,1.0,0.0,0.6900377148171679,1.615,1.0,0.011084000010669115,0.055420000053345575,6
compas,recidivism-risk audit,61,5,0.0,free_l2,metric_clbr,200,1.0,1.0,0.0,0.6900377148171679,1.615,1.0,0.010514099996726145,0.052570499983630725,6
compas,recidivism-risk audit,61,5,0.0,free_l2,exact_leaf,200,1.0,1.0,0.0,0.6900377148171679,1.615,1.0,0.05366750000121101,0.26833750000605505,6
compas,recidivism-risk audit,61,5,0.0,free_l2,exact_leaf_cached,200,1.0,1.0,0.0,0.6900377148171679,1.615,1.0,0.023028699991300527,0.11514349995650264,6
compas,recidivism-risk audit,61,5,0.0,free_l2,native_exact_k_sparse,200,1.0,1.0,0.0,0.6900377148171679,1.615,1.0,0.0220562999984395,0.1102814999921975,6
compas,recidivism-risk audit,61,5,0.0,free_l2,clbr_uncached,200,1.0,1.0,0.0,2.1661471704761746,1.75,1.0,0.013492799997948168,0.06746399998974084,6
compas,recidivism-risk audit,61,5,0.0,immutable_l2,nn_positive_train,200,0.68,0.68,0.0,1.5569084719911293,2.375,1.0,0.014834300006441481,0.0741715000322074,6
compas,recidivism-risk audit,61,5,0.0,immutable_l2,leaf_centroid,200,0.625,0.625,0.0,3.6317758235827875,2.672,1.0,0.04089059998841549,0.20445299994207744,6
compas,recidivism-risk audit,61,5,0.0,immutable_l2,raw_leaf_projection,200,0.67,0.67,0.0,1.4679194715348156,1.4328358208955223,1.0,0.011306199999125965,0.05653099999562983,6
compas,recidivism-risk audit,61,5,0.0,immutable_l2,clbr,200,0.68,0.67,0.01,1.4588197108839196,1.4485294117647058,1.0,0.015452199993887916,0.07726099996943958,6
compas,recidivism-risk audit,61,5,0.0,immutable_l2,metric_leaf_projection,200,0.985,0.985,0.0,0.6867019756360697,1.6040609137055837,1.0,0.010825499997736188,0.05412749998868094,6
compas,recidivism-risk audit,61,5,0.0,immutable_l2,metric_clbr,200,0.985,0.985,0.0,0.6867019756360697,1.6040609137055837,1.0,0.010832999994818238,0.05416499997409119,6
compas,recidivism-risk audit,61,5,0.0,immutable_l2,exact_leaf,200,1.0,1.0,0.0,0.6965025899774209,1.595,1.0,0.05329049999545532,0.2664524999772766,6
compas,recidivism-risk audit,61,5,0.0,immutable_l2,exact_leaf_cached,200,1.0,1.0,0.0,0.6965025899774209,1.595,1.0,0.021969600007651024,0.10984800003825512,6
compas,recidivism-risk audit,61,5,0.0,immutable_l2,native_exact_k_sparse,200,1.0,1.0,0.0,0.6965025899774209,1.595,1.0,0.02117170000110491,0.10585850000552455,6
compas,recidivism-risk audit,61,5,0.0,immutable_l2,clbr_uncached,200,0.68,0.67,0.01,1.4588197108839196,1.4485294117647058,1.0,0.01820369999313698,0.0910184999656849,6
compas,recidivism-risk audit,61,5,0.0,immutable_top3_l1,nn_positive_train,200,0.68,0.68,0.0,1.7826488262663174,2.375,1.0,0.014282399988587713,0.07141199994293856,6
compas,recidivism-risk audit,61,5,0.0,immutable_top3_l1,leaf_centroid,200,0.625,0.625,0.0,4.2473888794753485,2.672,1.0,0.03941969999777939,0.19709849998889695,6
compas,recidivism-risk audit,61,5,0.0,immutable_top3_l1,raw_leaf_projection,200,0.67,0.67,0.0,1.486006006533518,1.4328358208955223,1.0,0.01082159999441501,0.05410799997207505,6
compas,recidivism-risk audit,61,5,0.0,immutable_top3_l1,clbr,200,0.68,0.67,0.01,1.4800372723931279,1.4485294117647058,1.0,0.015629199998329568,0.07814599999164784,6
compas,recidivism-risk audit,61,5,0.0,immutable_top3_l1,metric_leaf_projection,200,0.99,0.99,0.0,0.7116265409249576,1.5858585858585859,1.0,0.010172300000704126,0.05086150000352063,6
compas,recidivism-risk audit,61,5,0.0,immutable_top3_l1,metric_clbr,200,0.99,0.99,0.0,0.7116265409249576,1.5858585858585859,1.0,0.01090259999546106,0.0545129999773053,6
compas,recidivism-risk audit,61,5,0.0,immutable_top3_l1,exact_leaf,200,1.0,1.0,0.0,0.7172910590815752,1.58,1.0,0.05278299999099545,0.26391499995497725,6
compas,recidivism-risk audit,61,5,0.0,immutable_top3_l1,exact_leaf_cached,200,1.0,1.0,0.0,0.7172910590815752,1.58,1.0,0.021365800000239688,0.10682900000119844,6
compas,recidivism-risk audit,61,5,0.0,immutable_top3_l1,native_exact_k_sparse,200,1.0,1.0,0.0,0.7172910590815752,1.58,1.0,0.020990299992263317,0.10495149996131659,6
compas,recidivism-risk audit,61,5,0.0,immutable_top3_l1,clbr_uncached,200,0.68,0.67,0.01,1.4800372723931279,1.4485294117647058,1.0,0.0183067000043593,0.0915335000217965,6
compas,recidivism-risk audit,61,5,1.0,free_l2,nn_positive_train,200,1.0,1.0,0.0,4.002905907333863,6.275,0.0,0.012971000003744848,0.06485500001872424,6
compas,recidivism-risk audit,61,5,1.0,free_l2,leaf_centroid,200,1.0,1.0,0.0,4.771327660045056,6.975,0.0,0.036305300001913565,0.18152650000956783,6
compas,recidivism-risk audit,61,5,1.0,free_l2,raw_leaf_projection,200,1.0,1.0,0.0,2.243492570552573,1.82,1.0,0.010390100001131941,0.051950500005659705,6
compas,recidivism-risk audit,61,5,1.0,free_l2,clbr,200,1.0,1.0,0.0,2.243492570552573,1.82,1.0,0.009628699998756929,0.048143499993784644,6
compas,recidivism-risk audit,61,5,1.0,free_l2,metric_leaf_projection,200,1.0,1.0,0.0,0.7214856343871926,1.645,1.0,0.009764400000676687,0.04882200000338344,6
compas,recidivism-risk audit,61,5,1.0,free_l2,metric_clbr,200,1.0,1.0,0.0,0.7214856343871926,1.645,1.0,0.009491399996477412,0.04745699998238706,6
compas,recidivism-risk audit,61,5,1.0,free_l2,exact_leaf,200,1.0,1.0,0.0,0.7214856343871926,1.645,1.0,0.04914620000454306,0.2457310000227153,6
compas,recidivism-risk audit,61,5,1.0,free_l2,exact_leaf_cached,200,1.0,1.0,0.0,0.7214856343871926,1.645,1.0,0.019534599992766744,0.09767299996383372,6
compas,recidivism-risk audit,61,5,1.0,free_l2,native_exact_k_sparse,200,1.0,1.0,0.0,0.7214856343871926,1.645,1.0,0.020085200011635607,0.10042600005817803,6
compas,recidivism-risk audit,61,5,1.0,free_l2,clbr_uncached,200,1.0,1.0,0.0,2.243492570552573,1.82,1.0,0.011651699996946263,0.058258499984731316,6
compas,recidivism-risk audit,61,5,1.0,immutable_l2,nn_positive_train,200,0.685,0.685,0.0,1.6200819298474087,2.3065693430656933,1.0,0.01332410000031814,0.0666205000015907,6
compas,recidivism-risk audit,61,5,1.0,immutable_l2,leaf_centroid,200,0.63,0.63,0.0,3.559296024886129,2.6507936507936507,1.0,0.036759699995855044,0.18379849997927522,6
compas,recidivism-risk audit,61,5,1.0,immutable_l2,raw_leaf_projection,200,0.675,0.675,0.0,1.5287740572781618,1.525925925925926,1.0,0.009700500004328205,0.048502500021641026,6
compas,recidivism-risk audit,61,5,1.0,immutable_l2,clbr,200,0.685,0.675,0.01,1.5165554709591313,1.5401459854014599,1.0,0.013563099994826189,0.06781549997413094,6
compas,recidivism-risk audit,61,5,1.0,immutable_l2,metric_leaf_projection,200,0.96,0.96,0.0,0.707688419358942,1.6145833333333333,1.0,0.009177499990983051,0.045887499954915256,6
compas,recidivism-risk audit,61,5,1.0,immutable_l2,metric_clbr,200,0.96,0.96,0.0,0.707688419358942,1.6145833333333333,1.0,0.010004199994909868,0.05002099997454934,6
compas,recidivism-risk audit,61,5,1.0,immutable_l2,exact_leaf,200,1.0,1.0,0.0,0.7393638524163018,1.59,1.0,0.04847160000099393,0.24235800000496965,6
compas,recidivism-risk audit,61,5,1.0,immutable_l2,exact_leaf_cached,200,1.0,1.0,0.0,0.7393638524163018,1.59,1.0,0.01993620000212104,0.0996810000106052,6
compas,recidivism-risk audit,61,5,1.0,immutable_l2,native_exact_k_sparse,200,1.0,1.0,0.0,0.7393638524163018,1.59,1.0,0.01898920000076032,0.0949460000038016,6
compas,recidivism-risk audit,61,5,1.0,immutable_l2,clbr_uncached,200,0.685,0.675,0.01,1.5165554709591313,1.5401459854014599,1.0,0.01606870000159688,0.0803435000079844,6
compas,recidivism-risk audit,61,5,1.0,immutable_top3_l1,nn_positive_train,200,0.685,0.685,0.0,1.8913781744619114,2.3065693430656933,1.0,0.01295159999608586,0.0647579999804293,6
compas,recidivism-risk audit,61,5,1.0,immutable_top3_l1,leaf_centroid,200,0.63,0.63,0.0,4.255187765712614,2.6507936507936507,1.0,0.03765970000222296,0.1882985000111148,6
compas,recidivism-risk audit,61,5,1.0,immutable_top3_l1,raw_leaf_projection,200,0.675,0.675,0.0,1.5506592650435962,1.525925925925926,1.0,0.01024030000280618,0.0512015000140309,6
compas,recidivism-risk audit,61,5,1.0,immutable_top3_l1,clbr,200,0.685,0.675,0.01,1.5406516810310413,1.5401459854014599,1.0,0.0138020999957007,0.0690104999785035,6
compas,recidivism-risk audit,61,5,1.0,immutable_top3_l1,metric_leaf_projection,200,0.98,0.98,0.0,0.7513478335317538,1.5816326530612246,1.0,0.009249799998542585,0.046248999992712925,6
compas,recidivism-risk audit,61,5,1.0,immutable_top3_l1,metric_clbr,200,0.98,0.98,0.0,0.7513478335317538,1.5816326530612246,1.0,0.009924099997988378,0.04962049998994189,6
compas,recidivism-risk audit,61,5,1.0,immutable_top3_l1,exact_leaf,200,1.0,1.0,0.0,0.7627998456706857,1.57,1.0,0.05155200000262994,0.2577600000131497,6
compas,recidivism-risk audit,61,5,1.0,immutable_top3_l1,exact_leaf_cached,200,1.0,1.0,0.0,0.7627998456706857,1.57,1.0,0.021088599997710844,0.10544299998855422,6
compas,recidivism-risk audit,61,5,1.0,immutable_top3_l1,native_exact_k_sparse,200,1.0,1.0,0.0,0.7627998456706857,1.57,1.0,0.020208799992360582,0.10104399996180291,6
compas,recidivism-risk audit,61,5,1.0,immutable_top3_l1,clbr_uncached,200,0.685,0.675,0.01,1.5406516810310413,1.5401459854014599,1.0,0.01717610000196146,0.08588050000980729,6
compas,recidivism-risk audit,73,5,0.0,free_l2,nn_positive_train,200,1.0,1.0,0.0,1.9968098565300911,4.42,0.175,0.014086500003941183,0.07043250001970591,7
compas,recidivism-risk audit,73,5,0.0,free_l2,leaf_centroid,200,1.0,1.0,0.0,2.232450801026568,6.145,0.0,0.0424237000024732,0.21211850001236598,7
compas,recidivism-risk audit,73,5,0.0,free_l2,raw_leaf_projection,200,1.0,1.0,0.0,0.7071060257931099,1.0,1.0,0.011245399997278582,0.05622699998639291,7
compas,recidivism-risk audit,73,5,0.0,free_l2,clbr,200,1.0,1.0,0.0,0.7071060257931099,1.0,1.0,0.01046030000452447,0.05230150002262235,7
compas,recidivism-risk audit,73,5,0.0,free_l2,metric_leaf_projection,200,1.0,1.0,0.0,0.7071060257931099,1.0,1.0,0.010136999996575469,0.05068499998287734,7
compas,recidivism-risk audit,73,5,0.0,free_l2,metric_clbr,200,1.0,1.0,0.0,0.7071060257931099,1.0,1.0,0.009839699998337892,0.04919849999168946,7
compas,recidivism-risk audit,73,5,0.0,free_l2,exact_leaf,200,1.0,1.0,0.0,0.7071060257931099,1.0,1.0,0.05749159999322728,0.2874579999661364,7
compas,recidivism-risk audit,73,5,0.0,free_l2,exact_leaf_cached,200,1.0,1.0,0.0,0.7071060257931099,1.0,1.0,0.020942400001331407,0.10471200000665704,7
compas,recidivism-risk audit,73,5,0.0,free_l2,native_exact_k_sparse,200,1.0,1.0,0.0,0.7071060257931099,1.0,1.0,0.021134999995410908,0.10567499997705454,7
compas,recidivism-risk audit,73,5,0.0,free_l2,clbr_uncached,200,1.0,1.0,0.0,0.7071060257931099,1.0,1.0,0.012915800003611366,0.06457900001805683,7
compas,recidivism-risk audit,73,5,0.0,immutable_l2,nn_positive_train,200,1.0,1.0,0.0,0.9433311695979489,2.41,1.0,0.013486200008628657,0.06743100004314329,7
compas,recidivism-risk audit,73,5,0.0,immutable_l2,leaf_centroid,200,1.0,1.0,0.0,1.0350387175868379,2.945,1.0,0.04104050000296411,0.20520250001482054,7
compas,recidivism-risk audit,73,5,0.0,immutable_l2,raw_leaf_projection,200,1.0,1.0,0.0,0.7071060257931099,1.0,1.0,0.010269499994137732,0.05134749997068866,7
compas,recidivism-risk audit,73,5,0.0,immutable_l2,clbr,200,1.0,1.0,0.0,0.7071060257931099,1.0,1.0,0.010048900006950134,0.05024450003475067,7
compas,recidivism-risk audit,73,5,0.0,immutable_l2,metric_leaf_projection,200,1.0,1.0,0.0,0.7071060257931099,1.0,1.0,0.009488099996815436,0.04744049998407718,7
compas,recidivism-risk audit,73,5,0.0,immutable_l2,metric_clbr,200,1.0,1.0,0.0,0.7071060257931099,1.0,1.0,0.009336700007224863,0.046683500036124315,7
compas,recidivism-risk audit,73,5,0.0,immutable_l2,exact_leaf,200,1.0,1.0,0.0,0.7071060257931099,1.0,1.0,0.05590829999619018,0.2795414999809509,7
compas,recidivism-risk audit,73,5,0.0,immutable_l2,exact_leaf_cached,200,1.0,1.0,0.0,0.7071060257931099,1.0,1.0,0.02053559999239951,0.10267799996199756,7
compas,recidivism-risk audit,73,5,0.0,immutable_l2,native_exact_k_sparse,200,1.0,1.0,0.0,0.7071060257931099,1.0,1.0,0.019359899999471963,0.09679949999735982,7
compas,recidivism-risk audit,73,5,0.0,immutable_l2,clbr_uncached,200,1.0,1.0,0.0,0.7071060257931099,1.0,1.0,0.012132099993323209,0.060660499966616044,7
compas,recidivism-risk audit,73,5,0.0,immutable_top3_l1,nn_positive_train,200,1.0,1.0,0.0,1.086898827284361,2.41,1.0,0.01382179999291111,0.06910899996455555,7
compas,recidivism-risk audit,73,5,0.0,immutable_top3_l1,leaf_centroid,200,1.0,1.0,0.0,1.2885875077995035,2.945,1.0,0.04228879999664059,0.21144399998320296,7
compas,recidivism-risk audit,73,5,0.0,immutable_top3_l1,raw_leaf_projection,200,1.0,1.0,0.0,0.7071060257931099,1.0,1.0,0.010631199990712048,0.05315599995356024,7
compas,recidivism-risk audit,73,5,0.0,immutable_top3_l1,clbr,200,1.0,1.0,0.0,0.7071060257931099,1.0,1.0,0.00981330000286107,0.04906650001430535,7
compas,recidivism-risk audit,73,5,0.0,immutable_top3_l1,metric_leaf_projection,200,1.0,1.0,0.0,0.7071060257931099,1.0,1.0,0.009537100009765709,0.047685500048828544,7
compas,recidivism-risk audit,73,5,0.0,immutable_top3_l1,metric_clbr,200,1.0,1.0,0.0,0.7071060257931099,1.0,1.0,0.00969019999683951,0.04845099998419755,7
compas,recidivism-risk audit,73,5,0.0,immutable_top3_l1,exact_leaf,200,1.0,1.0,0.0,0.7071060257931099,1.0,1.0,0.05647960000169405,0.28239800000847026,7
compas,recidivism-risk audit,73,5,0.0,immutable_top3_l1,exact_leaf_cached,200,1.0,1.0,0.0,0.7071060257931099,1.0,1.0,0.020024200004627346,0.10012100002313673,7
compas,recidivism-risk audit,73,5,0.0,immutable_top3_l1,native_exact_k_sparse,200,1.0,1.0,0.0,0.7071060257931099,1.0,1.0,0.02090659999703348,0.10453299998516741,7
compas,recidivism-risk audit,73,5,0.0,immutable_top3_l1,clbr_uncached,200,1.0,1.0,0.0,0.7071060257931099,1.0,1.0,0.013125899998158275,0.06562949999079137,7
compas,recidivism-risk audit,73,5,1.0,free_l2,nn_positive_train,200,1.0,1.0,0.0,3.072170024091197,6.07,0.0,0.013184399999772722,0.06592199999886361,7
compas,recidivism-risk audit,73,5,1.0,free_l2,leaf_centroid,200,1.0,1.0,0.0,3.089184030324514,7.125,0.0,0.040641099988533824,0.20320549994266912,7
compas,recidivism-risk audit,73,5,1.0,free_l2,raw_leaf_projection,200,1.0,1.0,0.0,0.7225393444766837,1.0,1.0,0.010477999997419829,0.052389999987099145,7
compas,recidivism-risk audit,73,5,1.0,free_l2,clbr,200,1.0,1.0,0.0,0.7225393444766837,1.0,1.0,0.009306099995228578,0.04653049997614289,7
compas,recidivism-risk audit,73,5,1.0,free_l2,metric_leaf_projection,200,1.0,1.0,0.0,0.7225393444766837,1.0,1.0,0.009297200004766637,0.046486000023833185,7
compas,recidivism-risk audit,73,5,1.0,free_l2,metric_clbr,200,1.0,1.0,0.0,0.7225393444766837,1.0,1.0,0.009807299990825413,0.049036499954127066,7
compas,recidivism-risk audit,73,5,1.0,free_l2,exact_leaf,200,1.0,1.0,0.0,0.7225393444766837,1.0,1.0,0.05559469999934663,0.27797349999673315,7
compas,recidivism-risk audit,73,5,1.0,free_l2,exact_leaf_cached,200,1.0,1.0,0.0,0.7225393444766837,1.0,1.0,0.019579100001465122,0.09789550000732561,7
compas,recidivism-risk audit,73,5,1.0,free_l2,native_exact_k_sparse,200,1.0,1.0,0.0,0.7225393444766837,1.0,1.0,0.01860019999458018,0.0930009999729009,7
compas,recidivism-risk audit,73,5,1.0,free_l2,clbr_uncached,200,1.0,1.0,0.0,0.7225393444766837,1.0,1.0,0.012664699993365502,0.06332349996682751,7
compas,recidivism-risk audit,73,5,1.0,immutable_l2,nn_positive_train,200,1.0,1.0,0.0,1.0713570105336716,2.115,1.0,0.012776899992786639,0.0638844999639332,7
compas,recidivism-risk audit,73,5,1.0,immutable_l2,leaf_centroid,200,1.0,1.0,0.0,1.1997538264220564,2.96,1.0,0.039899399999740126,0.19949699999870063,7
compas,recidivism-risk audit,73,5,1.0,immutable_l2,raw_leaf_projection,200,1.0,1.0,0.0,0.7225393444766837,1.0,1.0,0.010040700004537939,0.050203500022689695,7
compas,recidivism-risk audit,73,5,1.0,immutable_l2,clbr,200,1.0,1.0,0.0,0.7225393444766837,1.0,1.0,0.009606199992958864,0.04803099996479432,7
compas,recidivism-risk audit,73,5,1.0,immutable_l2,metric_leaf_projection,200,1.0,1.0,0.0,0.7225393444766837,1.0,1.0,0.010404399997241853,0.052021999986209266,7
compas,recidivism-risk audit,73,5,1.0,immutable_l2,metric_clbr,200,1.0,1.0,0.0,0.7225393444766837,1.0,1.0,0.00991830000475602,0.0495915000237801,7
compas,recidivism-risk audit,73,5,1.0,immutable_l2,exact_leaf,200,1.0,1.0,0.0,0.7225393444766837,1.0,1.0,0.05424940000921197,0.27124700004605984,7
compas,recidivism-risk audit,73,5,1.0,immutable_l2,exact_leaf_cached,200,1.0,1.0,0.0,0.7225393444766837,1.0,1.0,0.01957159999801661,0.09785799999008304,7
compas,recidivism-risk audit,73,5,1.0,immutable_l2,native_exact_k_sparse,200,1.0,1.0,0.0,0.7225393444766837,1.0,1.0,0.01922720001584821,0.09613600007924106,7
compas,recidivism-risk audit,73,5,1.0,immutable_l2,clbr_uncached,200,1.0,1.0,0.0,0.7225393444766837,1.0,1.0,0.011875700001837686,0.05937850000918843,7
compas,recidivism-risk audit,73,5,1.0,immutable_top3_l1,nn_positive_train,200,1.0,1.0,0.0,1.2175686788523636,2.115,1.0,0.013805300001877185,0.06902650000938593,7
compas,recidivism-risk audit,73,5,1.0,immutable_top3_l1,leaf_centroid,200,1.0,1.0,0.0,1.4588848911027172,2.96,1.0,0.03976220000095054,0.1988110000047527,7
compas,recidivism-risk audit,73,5,1.0,immutable_top3_l1,raw_leaf_projection,200,1.0,1.0,0.0,0.7225393444766837,1.0,1.0,0.010580699991805886,0.05290349995902943,7
compas,recidivism-risk audit,73,5,1.0,immutable_top3_l1,clbr,200,1.0,1.0,0.0,0.7225393444766837,1.0,1.0,0.009085300002880103,0.04542650001440052,7
compas,recidivism-risk audit,73,5,1.0,immutable_top3_l1,metric_leaf_projection,200,1.0,1.0,0.0,0.7225393444766837,1.0,1.0,0.00912809999408637,0.04564049997043185,7
compas,recidivism-risk audit,73,5,1.0,immutable_top3_l1,metric_clbr,200,1.0,1.0,0.0,0.7225393444766837,1.0,1.0,0.00935169999320351,0.04675849996601755,7
compas,recidivism-risk audit,73,5,1.0,immutable_top3_l1,exact_leaf,200,1.0,1.0,0.0,0.7225393444766837,1.0,1.0,0.055683099997622776,0.2784154999881139,7
compas,recidivism-risk audit,73,5,1.0,immutable_top3_l1,exact_leaf_cached,200,1.0,1.0,0.0,0.7225393444766837,1.0,1.0,0.019873100000040722,0.09936550000020361,7
compas,recidivism-risk audit,73,5,1.0,immutable_top3_l1,native_exact_k_sparse,200,1.0,1.0,0.0,0.7225393444766837,1.0,1.0,0.019216899994717096,0.09608449997358548,7
compas,recidivism-risk audit,73,5,1.0,immutable_top3_l1,clbr_uncached,200,1.0,1.0,0.0,0.7225393444766837,1.0,1.0,0.012728400005471485,0.06364200002735743,7
compas,recidivism-risk audit,89,5,0.0,free_l2,nn_positive_train,200,1.0,1.0,0.0,2.673069028195503,4.135,0.2,0.013513600009900983,0.06756800004950492,6
compas,recidivism-risk audit,89,5,0.0,free_l2,leaf_centroid,200,1.0,1.0,0.0,2.901538085548438,6.175,0.0,0.03714160000345146,0.1857080000172573,6
compas,recidivism-risk audit,89,5,0.0,free_l2,raw_leaf_projection,200,1.0,1.0,0.0,1.2083951843625718,1.93,1.0,0.01001849999283877,0.05009249996419385,6
compas,recidivism-risk audit,89,5,0.0,free_l2,clbr,200,1.0,1.0,0.0,1.2083951843625718,1.93,1.0,0.00934130000314326,0.0467065000157163,6
compas,recidivism-risk audit,89,5,0.0,free_l2,metric_leaf_projection,200,1.0,1.0,0.0,1.048052707890717,1.465,1.0,0.00962049999179726,0.0481024999589863,6
compas,recidivism-risk audit,89,5,0.0,free_l2,metric_clbr,200,1.0,1.0,0.0,1.048052707890717,1.465,1.0,0.01008250000904809,0.05041250004524045,6
compas,recidivism-risk audit,89,5,0.0,free_l2,exact_leaf,200,1.0,1.0,0.0,1.048052707890717,1.465,1.0,0.051142499987690826,0.25571249993845413,6
compas,recidivism-risk audit,89,5,0.0,free_l2,exact_leaf_cached,200,1.0,1.0,0.0,1.048052707890717,1.465,1.0,0.019805799993264372,0.09902899996632186,6
compas,recidivism-risk audit,89,5,0.0,free_l2,native_exact_k_sparse,200,1.0,1.0,0.0,1.048052707890717,1.465,1.0,0.019709099998181046,0.09854549999090523,6
compas,recidivism-risk audit,89,5,0.0,free_l2,clbr_uncached,200,1.0,1.0,0.0,1.2083951843625718,1.93,1.0,0.012049999992996163,0.060249999964980816,6
compas,recidivism-risk audit,89,5,0.0,immutable_l2,nn_positive_train,200,0.165,0.165,0.0,1.4232709888057264,2.1515151515151514,1.0,0.013188900003115123,0.06594450001557561,6
compas,recidivism-risk audit,89,5,0.0,immutable_l2,leaf_centroid,200,0.195,0.195,0.0,1.7556066907098835,2.8974358974358974,1.0,0.0384669999975813,0.19233499998790649,6
compas,recidivism-risk audit,89,5,0.0,immutable_l2,raw_leaf_projection,200,0.155,0.155,0.0,0.6641588704943977,1.0,1.0,0.009748400003445568,0.04874200001722784,6
compas,recidivism-risk audit,89,5,0.0,immutable_l2,clbr,200,0.165,0.155,0.01,1.0562832531480593,1.121212121212121,1.0,0.020816000006561808,0.10408000003280904,6
compas,recidivism-risk audit,89,5,0.0,immutable_l2,metric_leaf_projection,200,0.585,0.585,0.0,0.9963027347608665,1.017094017094017,1.0,0.009727099999508937,0.048635499997544684,6
compas,recidivism-risk audit,89,5,0.0,immutable_l2,metric_clbr,200,0.595,0.585,0.01,1.0994608599628655,1.050420168067227,1.0,0.015565799989417428,0.07782899994708714,6
compas,recidivism-risk audit,89,5,0.0,immutable_l2,exact_leaf,200,1.0,1.0,0.0,1.2193442580003713,1.03,1.0,0.05106899999555026,0.2553449999777513,6
compas,recidivism-risk audit,89,5,0.0,immutable_l2,exact_leaf_cached,200,1.0,1.0,0.0,1.2193442580003713,1.03,1.0,0.02043220000268775,0.10216100001343875,6
compas,recidivism-risk audit,89,5,0.0,immutable_l2,native_exact_k_sparse,200,1.0,1.0,0.0,1.2193442580003713,1.03,1.0,0.020112900006097334,0.10056450003048667,6
compas,recidivism-risk audit,89,5,0.0,immutable_l2,clbr_uncached,200,0.165,0.155,0.01,1.0562832531480593,1.121212121212121,1.0,0.023679900004935917,0.11839950002467958,6
compas,recidivism-risk audit,89,5,0.0,immutable_top3_l1,nn_positive_train,200,0.165,0.165,0.0,1.6673585743860706,2.1515151515151514,1.0,0.013052200001766323,0.06526100000883162,6
compas,recidivism-risk audit,89,5,0.0,immutable_top3_l1,leaf_centroid,200,0.195,0.195,0.0,2.3099793066170853,2.8974358974358974,1.0,0.03851859999940643,0.19259299999703217,6
compas,recidivism-risk audit,89,5,0.0,immutable_top3_l1,raw_leaf_projection,200,0.155,0.155,0.0,0.6641588704943977,1.0,1.0,0.009957200001736055,0.049786000008680276,6
compas,recidivism-risk audit,89,5,0.0,immutable_top3_l1,clbr,200,0.165,0.155,0.01,1.092797861516148,1.121212121212121,1.0,0.02017149999119283,0.10085749995596416,6
compas,recidivism-risk audit,89,5,0.0,immutable_top3_l1,metric_leaf_projection,200,0.835,0.835,0.0,1.150791207168753,1.0,1.0,0.00911699999596749,0.04558499997983745,6
compas,recidivism-risk audit,89,5,0.0,immutable_top3_l1,metric_clbr,200,0.845,0.835,0.01,1.2287309824963804,1.0236686390532543,1.0,0.012499899992690189,0.062499499963450944,6
compas,recidivism-risk audit,89,5,0.0,immutable_top3_l1,exact_leaf,200,1.0,1.0,0.0,1.2242392076701187,1.015,1.0,0.05052429999523156,0.2526214999761578,6
compas,recidivism-risk audit,89,5,0.0,immutable_top3_l1,exact_leaf_cached,200,1.0,1.0,0.0,1.2242392076701187,1.015,1.0,0.019724700001461315,0.09862350000730657,6
compas,recidivism-risk audit,89,5,0.0,immutable_top3_l1,native_exact_k_sparse,200,1.0,1.0,0.0,1.2242392076701187,1.015,1.0,0.020758799995746813,0.10379399997873406,6
compas,recidivism-risk audit,89,5,0.0,immutable_top3_l1,clbr_uncached,200,0.165,0.155,0.01,1.092797861516148,1.121212121212121,1.0,0.024511199995686184,0.12255599997843092,6
compas,recidivism-risk audit,89,5,1.0,free_l2,nn_positive_train,200,1.0,1.0,0.0,2.8528116881148877,5.835,0.0,0.013155399995412154,0.06577699997706077,6
compas,recidivism-risk audit,89,5,1.0,free_l2,leaf_centroid,200,1.0,1.0,0.0,3.0493887540850158,7.095,0.0,0.03803490000154852,0.1901745000077426,6
compas,recidivism-risk audit,89,5,1.0,free_l2,raw_leaf_projection,200,1.0,1.0,0.0,0.7885787300985062,1.555,1.0,0.01008949999413744,0.050447499970687204,6
compas,recidivism-risk audit,89,5,1.0,free_l2,clbr,200,1.0,1.0,0.0,0.7885787300985062,1.555,1.0,0.009403199996086187,0.047015999980430934,6
compas,recidivism-risk audit,89,5,1.0,free_l2,metric_leaf_projection,200,1.0,1.0,0.0,0.7867811796156593,1.555,1.0,0.009635299996261892,0.04817649998130946,6
compas,recidivism-risk audit,89,5,1.0,free_l2,metric_clbr,200,1.0,1.0,0.0,0.7867811796156593,1.555,1.0,0.009392499990099168,0.04696249995049584,6
compas,recidivism-risk audit,89,5,1.0,free_l2,exact_leaf,200,1.0,1.0,0.0,0.7867811796156593,1.555,1.0,0.05156409999472089,0.25782049997360446,6
compas,recidivism-risk audit,89,5,1.0,free_l2,exact_leaf_cached,200,1.0,1.0,0.0,0.7867811796156593,1.555,1.0,0.020366800004012475,0.10183400002006238,6
compas,recidivism-risk audit,89,5,1.0,free_l2,native_exact_k_sparse,200,1.0,1.0,0.0,0.7867811796156593,1.555,1.0,0.019185100007234723,0.09592550003617362,6
compas,recidivism-risk audit,89,5,1.0,free_l2,clbr_uncached,200,1.0,1.0,0.0,0.7885787300985062,1.555,1.0,0.012180599994280783,0.060902999971403915,6
compas,recidivism-risk audit,89,5,1.0,immutable_l2,nn_positive_train,200,0.515,0.515,0.0,1.0145278607847663,1.9223300970873787,1.0,0.012847999997575243,0.06423999998787622,6
compas,recidivism-risk audit,89,5,1.0,immutable_l2,leaf_centroid,200,0.515,0.515,0.0,1.4703685693303625,3.0,1.0,0.039464800003770506,0.19732400001885253,6
compas,recidivism-risk audit,89,5,1.0,immutable_l2,raw_leaf_projection,200,0.515,0.515,0.0,0.7401081090364817,1.0,1.0,0.010104300001330557,0.050521500006652786,6
compas,recidivism-risk audit,89,5,1.0,immutable_l2,clbr,200,0.515,0.515,0.0,0.7401081090364817,1.0,1.0,0.01567609999437991,0.07838049997189955,6
compas,recidivism-risk audit,89,5,1.0,immutable_l2,metric_leaf_projection,200,0.53,0.53,0.0,0.7296701383433036,1.0,1.0,0.009329900005468517,0.04664950002734258,6
compas,recidivism-risk audit,89,5,1.0,immutable_l2,metric_clbr,200,0.53,0.53,0.0,0.7296701383433036,1.0,1.0,0.01527209999585466,0.0763604999792733,6
compas,recidivism-risk audit,89,5,1.0,immutable_l2,exact_leaf,200,1.0,1.0,0.0,1.0066784656280576,1.0,1.0,0.05050019999634969,0.25250099998174846,6
compas,recidivism-risk audit,89,5,1.0,immutable_l2,exact_leaf_cached,200,1.0,1.0,0.0,1.0066784656280576,1.0,1.0,0.020196900001792528,0.10098450000896264,6
compas,recidivism-risk audit,89,5,1.0,immutable_l2,native_exact_k_sparse,200,1.0,1.0,0.0,1.0066784656280576,1.0,1.0,0.02043849998881342,0.1021924999440671,6
compas,recidivism-risk audit,89,5,1.0,immutable_l2,clbr_uncached,200,0.515,0.515,0.0,0.7401081090364817,1.0,1.0,0.018005399992034654,0.09002699996017327,6
compas,recidivism-risk audit,89,5,1.0,immutable_top3_l1,nn_positive_train,200,0.515,0.515,0.0,1.196273493457579,1.9223300970873787,1.0,0.01347270000314893,0.06736350001574465,6
compas,recidivism-risk audit,89,5,1.0,immutable_top3_l1,leaf_centroid,200,0.515,0.515,0.0,2.096112711674521,3.0,1.0,0.03819039999962115,0.19095199999810575,6
compas,recidivism-risk audit,89,5,1.0,immutable_top3_l1,raw_leaf_projection,200,0.515,0.515,0.0,0.7401081090364817,1.0,1.0,0.010494600008314592,0.05247300004157296,6
compas,recidivism-risk audit,89,5,1.0,immutable_top3_l1,clbr,200,0.515,0.515,0.0,0.7401081090364817,1.0,1.0,0.015709499996773957,0.07854749998386978,6
compas,recidivism-risk audit,89,5,1.0,immutable_top3_l1,metric_leaf_projection,200,0.6,0.6,0.0,0.7913037096836036,1.0,1.0,0.009828300004301127,0.049141500021505635,6
compas,recidivism-risk audit,89,5,1.0,immutable_top3_l1,metric_clbr,200,0.6,0.6,0.0,0.7913037096836036,1.0,1.0,0.014518099996166711,0.07259049998083356,6
compas,recidivism-risk audit,89,5,1.0,immutable_top3_l1,exact_leaf,200,1.0,1.0,0.0,1.0066784656280576,1.0,1.0,0.05300360001001536,0.2650180000500768,6
compas,recidivism-risk audit,89,5,1.0,immutable_top3_l1,exact_leaf_cached,200,1.0,1.0,0.0,1.0066784656280576,1.0,1.0,0.022044600003937376,0.11022300001968688,6
compas,recidivism-risk audit,89,5,1.0,immutable_top3_l1,native_exact_k_sparse,200,1.0,1.0,0.0,1.0066784656280576,1.0,1.0,0.021330999999008782,0.10665499999504391,6
compas,recidivism-risk audit,89,5,1.0,immutable_top3_l1,clbr_uncached,200,0.515,0.515,0.0,0.7401081090364817,1.0,1.0,0.01893279999785591,0.09466399998927955,6
synthetic_overlap,synthetic stress test,7,5,0.0,free_l2,nn_positive_train,179,1.0,1.0,0.0,3.2651118103642105,16.0,0.0,0.009066199991139001,0.0506491619616704,15
synthetic_overlap,synthetic stress test,7,5,0.0,free_l2,leaf_centroid,179,1.0,1.0,0.0,3.835242627629109,16.0,0.0,0.033555700000761135,0.18746201117743652,15
synthetic_overlap,synthetic stress test,7,5,0.0,free_l2,raw_leaf_projection,179,1.0,1.0,0.0,0.4722453539427048,1.324022346368715,1.0,0.008646899996165303,0.048306703889191636,15
synthetic_overlap,synthetic stress test,7,5,0.0,free_l2,clbr,179,1.0,1.0,0.0,0.4722453539427048,1.324022346368715,1.0,0.008055099999182858,0.045000558654652835,15
synthetic_overlap,synthetic stress test,7,5,0.0,free_l2,metric_leaf_projection,179,1.0,1.0,0.0,0.4618253828254315,1.318435754189944,1.0,0.008809900003143412,0.049217318453315145,15
synthetic_overlap,synthetic stress test,7,5,0.0,free_l2,metric_clbr,179,1.0,1.0,0.0,0.4618253828254315,1.318435754189944,1.0,0.008115200003885548,0.04533631287086898,15
synthetic_overlap,synthetic stress test,7,5,0.0,free_l2,exact_leaf,179,1.0,1.0,0.0,0.4618253828254315,1.318435754189944,1.0,0.09651039999880595,0.5391642458033852,15
synthetic_overlap,synthetic stress test,7,5,0.0,free_l2,exact_leaf_cached,179,1.0,1.0,0.0,0.4618253828254315,1.318435754189944,1.0,0.018247100003463856,0.10193910616460256,15
synthetic_overlap,synthetic stress test,7,5,0.0,free_l2,native_exact_k_sparse,179,1.0,1.0,0.0,0.4618253828254315,1.318435754189944,1.0,0.016925699996136245,0.09455698321863824,15
synthetic_overlap,synthetic stress test,7,5,0.0,free_l2,clbr_uncached,179,1.0,1.0,0.0,0.4722453539427048,1.324022346368715,1.0,0.01437369998802751,0.08029999993311458,15
synthetic_overlap,synthetic stress test,7,5,0.0,immutable_l2,nn_positive_train,179,0.6983240223463687,0.6983240223463687,0.0,2.941044703381578,12.0,0.0,0.010730299993156223,0.05994581001763253,15
synthetic_overlap,synthetic stress test,7,5,0.0,immutable_l2,leaf_centroid,179,0.8994413407821229,0.8994413407821229,0.0,3.378213307353052,12.0,0.0,0.036729100000229664,0.20519050279457912,15
synthetic_overlap,synthetic stress test,7,5,0.0,immutable_l2,raw_leaf_projection,179,0.6536312849162011,0.6536312849162011,0.0,0.47650946364785196,1.2222222222222223,1.0,0.009822000001804554,0.05487150838996958,15
synthetic_overlap,synthetic stress test,7,5,0.0,immutable_l2,clbr,179,0.8491620111731844,0.6536312849162011,0.19553072625698323,0.8560439751923573,3.7039473684210527,0.7697368421052632,0.024320199996509473,0.1358670390866451,15
synthetic_overlap,synthetic stress test,7,5,0.0,immutable_l2,metric_leaf_projection,179,0.6815642458100558,0.6815642458100558,0.0,0.4845701565633561,1.2131147540983607,1.0,0.009217500000886503,0.051494413412773755,15
synthetic_overlap,synthetic stress test,7,5,0.0,immutable_l2,metric_clbr,179,0.8547486033519553,0.6815642458100558,0.17318435754189945,0.8182059781233825,3.3986928104575163,0.7973856209150327,0.022300600002381543,0.12458435755520415,15
synthetic_overlap,synthetic stress test,7,5,0.0,immutable_l2,exact_leaf,179,1.0,1.0,0.0,0.5818232408222934,1.23463687150838,1.0,0.09806489999846235,0.547848603343365,15
synthetic_overlap,synthetic stress test,7,5,0.0,immutable_l2,exact_leaf_cached,179,1.0,1.0,0.0,0.5818232408222934,1.23463687150838,1.0,0.020128300002397737,0.11244860336535048,15
synthetic_overlap,synthetic stress test,7,5,0.0,immutable_l2,native_exact_k_sparse,179,1.0,1.0,0.0,0.5818232408222934,1.23463687150838,1.0,0.01888319999761734,0.10549273741685665,15
synthetic_overlap,synthetic stress test,7,5,0.0,immutable_l2,clbr_uncached,179,0.8491620111731844,0.6536312849162011,0.19553072625698323,0.8560439751923573,3.7039473684210527,0.7697368421052632,0.0303468999964025,0.16953575416984637,15
synthetic_overlap,synthetic stress test,7,5,0.0,immutable_top3_l1,nn_positive_train,179,0.40782122905027934,0.40782122905027934,0.0,3.8104418399330227,3.0,1.0,0.009803999993891921,0.05477094968654704,15
synthetic_overlap,synthetic stress test,7,5,0.0,immutable_top3_l1,leaf_centroid,179,0.29608938547486036,0.29608938547486036,0.0,3.7138288240087287,3.0,1.0,0.03507890000582847,0.19597150841244956,15
synthetic_overlap,synthetic stress test,7,5,0.0,immutable_top3_l1,raw_leaf_projection,179,0.1452513966480447,0.1452513966480447,0.0,0.610793141113758,1.0769230769230769,1.0,0.008812600007331639,0.04923240227559575,15
synthetic_overlap,synthetic stress test,7,5,0.0,immutable_top3_l1,clbr,179,0.4301675977653631,0.1452513966480447,0.2849162011173184,2.1626148166725407,2.3506493506493507,1.0,0.033402300001398544,0.186605027940774,15
synthetic_overlap,synthetic stress test,7,5,0.0,immutable_top3_l1,metric_leaf_projection,179,0.18994413407821228,0.18994413407821228,0.0,0.689831155604554,1.088235294117647,1.0,0.008397999992666882,0.0469162010763513,15
synthetic_overlap,synthetic stress test,7,5,0.0,immutable_top3_l1,metric_clbr,179,0.4301675977653631,0.18994413407821228,0.24022346368715083,1.9998861385930378,2.155844155844156,1.0,0.029206100000010338,0.16316256983246,15
synthetic_overlap,synthetic stress test,7,5,0.0,immutable_top3_l1,exact_leaf,179,0.664804469273743,0.664804469273743,0.0,1.340556690784702,1.134453781512605,1.0,0.08827510000082839,0.49315698324485135,15
synthetic_overlap,synthetic stress test,7,5,0.0,immutable_top3_l1,exact_leaf_cached,179,0.664804469273743,0.664804469273743,0.0,1.340556690784702,1.134453781512605,1.0,0.015834799987715087,0.08846256976377144,15
synthetic_overlap,synthetic stress test,7,5,0.0,immutable_top3_l1,native_exact_k_sparse,179,1.0,1.0,0.0,0.6322737511435611,1.2067039106145252,1.0,0.018539399998189765,0.1035720670289931,15
synthetic_overlap,synthetic stress test,7,5,0.0,immutable_top3_l1,clbr_uncached,179,0.4301675977653631,0.1452513966480447,0.2849162011173184,2.1626148166725407,2.3506493506493507,1.0,0.04033059999710531,0.22531061450896822,15
synthetic_overlap,synthetic stress test,7,5,1.0,free_l2,nn_positive_train,190,1.0,1.0,0.0,3.7292929059253432,16.0,0.0,0.010130199990271649,0.05331684205406131,15
synthetic_overlap,synthetic stress test,7,5,1.0,free_l2,leaf_centroid,190,1.0,1.0,0.0,4.0980117808279815,16.0,0.0,0.038426699996307434,0.20224578945424965,15
synthetic_overlap,synthetic stress test,7,5,1.0,free_l2,raw_leaf_projection,190,1.0,1.0,0.0,0.49571609735880623,1.2842105263157895,1.0,0.00991330000670132,0.052175263193164845,15
synthetic_overlap,synthetic stress test,7,5,1.0,free_l2,clbr,190,1.0,1.0,0.0,0.49571609735880623,1.2842105263157895,1.0,0.0093135000051916,0.049018421079955785,15
synthetic_overlap,synthetic stress test,7,5,1.0,free_l2,metric_leaf_projection,190,1.0,1.0,0.0,0.49356293068417156,1.2789473684210526,1.0,0.009676699997726246,0.050929999988032874,15
synthetic_overlap,synthetic stress test,7,5,1.0,free_l2,metric_clbr,190,1.0,1.0,0.0,0.49356293068417156,1.2789473684210526,1.0,0.009098400008042518,0.04788631583180272,15
synthetic_overlap,synthetic stress test,7,5,1.0,free_l2,exact_leaf,190,1.0,1.0,0.0,0.49356293068417156,1.2789473684210526,1.0,0.10578489999443264,0.5567626315496454,15
synthetic_overlap,synthetic stress test,7,5,1.0,free_l2,exact_leaf_cached,190,1.0,1.0,0.0,0.49356293068417156,1.2789473684210526,1.0,0.02038689999608323,0.10729947366359595,15
synthetic_overlap,synthetic stress test,7,5,1.0,free_l2,native_exact_k_sparse,190,1.0,1.0,0.0,0.49356293068417156,1.2789473684210526,1.0,0.01901509999333939,0.10007947364915469,15
synthetic_overlap,synthetic stress test,7,5,1.0,free_l2,clbr_uncached,190,1.0,1.0,0.0,0.49571609735880623,1.2842105263157895,1.0,0.01625850000527862,0.08557105265936116,15
synthetic_overlap,synthetic stress test,7,5,1.0,immutable_l2,nn_positive_train,190,0.5105263157894737,0.5105263157894737,0.0,3.1841153643085907,12.0,0.0,0.010200300007454643,0.05368578951291918,15
synthetic_overlap,synthetic stress test,7,5,1.0,immutable_l2,leaf_centroid,190,0.968421052631579,0.968421052631579,0.0,3.3947116638782613,12.0,0.0,0.038513000005877984,0.20270000003093677,15
synthetic_overlap,synthetic stress test,7,5,1.0,immutable_l2,raw_leaf_projection,190,0.8052631578947368,0.8052631578947368,0.0,0.513827958573552,1.2549019607843137,1.0,0.01001470000937843,0.05270894741778121,15
synthetic_overlap,synthetic stress test,7,5,1.0,immutable_l2,clbr,190,0.8473684210526315,0.8052631578947368,0.042105263157894736,0.6062299844333485,1.7888198757763976,0.9503105590062112,0.013624799987155711,0.07170947361660901,15
synthetic_overlap,synthetic stress test,7,5,1.0,immutable_l2,metric_leaf_projection,190,0.8263157894736842,0.8263157894736842,0.0,0.5228665458516063,1.2547770700636942,1.0,0.009323900005256291,0.049073157922401536,15
synthetic_overlap,synthetic stress test,7,5,1.0,immutable_l2,metric_clbr,190,0.868421052631579,0.8263157894736842,0.042105263157894736,0.6125902880649567,1.7757575757575759,0.9515151515151515,0.013616499995805498,0.07166578945160788,15
synthetic_overlap,synthetic stress test,7,5,1.0,immutable_l2,exact_leaf,190,1.0,1.0,0.0,0.5625738712241182,1.2473684210526317,1.0,0.10270859999491222,0.5405715789205906,15
synthetic_overlap,synthetic stress test,7,5,1.0,immutable_l2,exact_leaf_cached,190,1.0,1.0,0.0,0.5625738712241182,1.2473684210526317,1.0,0.02147459999741841,0.11302421051272847,15
synthetic_overlap,synthetic stress test,7,5,1.0,immutable_l2,native_exact_k_sparse,190,1.0,1.0,0.0,0.5625738712241182,1.2473684210526317,1.0,0.019333899997036497,0.10175736840545524,15
synthetic_overlap,synthetic stress test,7,5,1.0,immutable_l2,clbr_uncached,190,0.8473684210526315,0.8052631578947368,0.042105263157894736,0.6062299844333485,1.7888198757763976,0.9503105590062112,0.02127029999428487,0.11194894733834142,15
synthetic_overlap,synthetic stress test,7,5,1.0,immutable_top3_l1,nn_positive_train,190,0.29473684210526313,0.29473684210526313,0.0,4.287999759893372,3.0,1.0,0.010203499997260224,0.053702631564527495,15
synthetic_overlap,synthetic stress test,7,5,1.0,immutable_top3_l1,leaf_centroid,190,0.3157894736842105,0.3157894736842105,0.0,3.540253978539278,3.0,1.0,0.03773749999163556,0.19861842100860821,15
synthetic_overlap,synthetic stress test,7,5,1.0,immutable_top3_l1,raw_leaf_projection,190,0.13157894736842105,0.13157894736842105,0.0,0.6254213281395014,1.0,1.0,0.009392399992975697,0.0494336841735563,15
synthetic_overlap,synthetic stress test,7,5,1.0,immutable_top3_l1,clbr,190,0.33157894736842103,0.13157894736842105,0.2,2.400009868283273,2.2063492063492065,1.0,0.030517199999849254,0.16061684210446975,15
synthetic_overlap,synthetic stress test,7,5,1.0,immutable_top3_l1,metric_leaf_projection,190,0.14736842105263157,0.14736842105263157,0.0,0.7257752174976256,1.0,1.0,0.008861099994646793,0.046637368392877854,15
synthetic_overlap,synthetic stress test,7,5,1.0,immutable_top3_l1,metric_clbr,190,0.3368421052631579,0.14736842105263157,0.18947368421052632,2.304427977137613,2.125,1.0,0.028839400002652837,0.151786315803436,15
synthetic_overlap,synthetic stress test,7,5,1.0,immutable_top3_l1,exact_leaf,190,0.6789473684210526,0.6789473684210526,0.0,1.517164731251942,1.062015503875969,1.0,0.09247069999491941,0.48668789471010215,15
synthetic_overlap,synthetic stress test,7,5,1.0,immutable_top3_l1,exact_leaf_cached,190,0.6789473684210526,0.6789473684210526,0.0,1.517164731251942,1.062015503875969,1.0,0.016882500002793677,0.0888552631725983,15
synthetic_overlap,synthetic stress test,7,5,1.0,immutable_top3_l1,native_exact_k_sparse,190,1.0,1.0,0.0,0.6132473062089947,1.2105263157894737,1.0,0.02055130000007921,0.10816473684252215,15
synthetic_overlap,synthetic stress test,7,5,1.0,immutable_top3_l1,clbr_uncached,190,0.33157894736842103,0.13157894736842105,0.2,2.400009868283273,2.2063492063492065,1.0,0.03854610000689718,0.20287421056261673,15
synthetic_overlap,synthetic stress test,13,5,0.0,free_l2,nn_positive_train,200,1.0,1.0,0.0,3.149601928022383,16.0,0.0,0.010748799992143176,0.05374399996071588,10
synthetic_overlap,synthetic stress test,13,5,0.0,free_l2,leaf_centroid,200,1.0,1.0,0.0,3.6899611247390296,16.0,0.0,0.03158969999731198,0.1579484999865599,10
synthetic_overlap,synthetic stress test,13,5,0.0,free_l2,raw_leaf_projection,200,1.0,1.0,0.0,0.4479577979848442,1.345,0.985,0.010514700000385346,0.05257350000192673,10
synthetic_overlap,synthetic stress test,13,5,0.0,free_l2,clbr,200,1.0,1.0,0.0,0.4479577979848442,1.345,0.985,0.009811400003854942,0.04905700001927471,10
synthetic_overlap,synthetic stress test,13,5,0.0,free_l2,metric_leaf_projection,200,1.0,1.0,0.0,0.4446900148486607,1.335,0.985,0.00977950000014971,0.04889750000074855,10
synthetic_overlap,synthetic stress test,13,5,0.0,free_l2,metric_clbr,200,1.0,1.0,0.0,0.4446900148486607,1.335,0.985,0.009315700006482075,0.046578500032410375,10
synthetic_overlap,synthetic stress test,13,5,0.0,free_l2,exact_leaf,200,1.0,1.0,0.0,0.4446900148486607,1.335,0.985,0.07878089999303484,0.3939044999651742,10
synthetic_overlap,synthetic stress test,13,5,0.0,free_l2,exact_leaf_cached,200,1.0,1.0,0.0,0.4446900148486607,1.335,0.985,0.020539900004223455,0.10269950002111727,10
synthetic_overlap,synthetic stress test,13,5,0.0,free_l2,native_exact_k_sparse,200,1.0,1.0,0.0,0.4446900148486607,1.335,0.985,0.019951600004787906,0.09975800002393953,10
synthetic_overlap,synthetic stress test,13,5,0.0,free_l2,clbr_uncached,200,1.0,1.0,0.0,0.4479577979848442,1.345,0.985,0.014130699993984308,0.07065349996992154,10
synthetic_overlap,synthetic stress test,13,5,0.0,immutable_l2,nn_positive_train,200,0.53,0.53,0.0,2.9778446342904257,12.0,0.0,0.01107630000296922,0.0553815000148461,10
synthetic_overlap,synthetic stress test,13,5,0.0,immutable_l2,leaf_centroid,200,0.58,0.58,0.0,3.390827778674625,12.0,0.0,0.032142300002306,0.16071150001153,10
synthetic_overlap,synthetic stress test,13,5,0.0,immutable_l2,raw_leaf_projection,200,0.55,0.55,0.0,0.4186169827656841,1.2818181818181817,0.9818181818181818,0.010393399999884423,0.051966999999422114,10
synthetic_overlap,synthetic stress test,13,5,0.0,immutable_l2,clbr,200,0.73,0.55,0.18,0.9057368093303079,3.9246575342465753,0.7397260273972602,0.02806859999691369,0.14034299998456845,10
synthetic_overlap,synthetic stress test,13,5,0.0,immutable_l2,metric_leaf_projection,200,0.55,0.55,0.0,0.41284411141963007,1.2545454545454546,0.9818181818181818,0.010579799997685768,0.05289899998842884,10
synthetic_overlap,synthetic stress test,13,5,0.0,immutable_l2,metric_clbr,200,0.73,0.55,0.18,0.904278720235665,3.904109589041096,0.7397260273972602,0.026970199999595934,0.13485099999797967,10
synthetic_overlap,synthetic stress test,13,5,0.0,immutable_l2,exact_leaf,200,1.0,1.0,0.0,0.6730268642223877,1.42,0.985,0.07804650000707625,0.39023250003538124,10
synthetic_overlap,synthetic stress test,13,5,0.0,immutable_l2,exact_leaf_cached,200,1.0,1.0,0.0,0.6730268642223877,1.42,0.985,0.02197049999904266,0.10985249999521329,10
synthetic_overlap,synthetic stress test,13,5,0.0,immutable_l2,native_exact_k_sparse,200,1.0,1.0,0.0,0.6730268642223877,1.42,0.985,0.021515999999792257,0.10757999999896128,10
synthetic_overlap,synthetic stress test,13,5,0.0,immutable_l2,clbr_uncached,200,0.73,0.55,0.18,0.9057368093303079,3.9246575342465753,0.7397260273972602,0.03441179999936139,0.17205899999680696,10
synthetic_overlap,synthetic stress test,13,5,0.0,immutable_top3_l1,nn_positive_train,200,0.255,0.255,0.0,3.889621672473835,3.0,1.0,0.010453999997480423,0.052269999987402116,10
synthetic_overlap,synthetic stress test,13,5,0.0,immutable_top3_l1,leaf_centroid,200,0.245,0.245,0.0,3.2940168346420475,3.0,1.0,0.03066819999639847,0.15334099998199235,10
synthetic_overlap,synthetic stress test,13,5,0.0,immutable_top3_l1,raw_leaf_projection,200,0.17,0.17,0.0,0.42268629780900163,1.0,1.0,0.009693100004369626,0.04846550002184813,10
synthetic_overlap,synthetic stress test,13,5,0.0,immutable_top3_l1,clbr,200,0.3,0.17,0.13,1.5136432929360908,1.8666666666666667,1.0,0.026749099997687154,0.13374549998843577,10
synthetic_overlap,synthetic stress test,13,5,0.0,immutable_top3_l1,metric_leaf_projection,200,0.19,0.19,0.0,0.44138816238928974,1.0,1.0,0.009640400005082483,0.04820200002541242,10
synthetic_overlap,synthetic stress test,13,5,0.0,immutable_top3_l1,metric_clbr,200,0.305,0.19,0.115,1.4044399877060498,1.7540983606557377,1.0,0.025194600002578227,0.12597300001289113,10
synthetic_overlap,synthetic stress test,13,5,0.0,immutable_top3_l1,exact_leaf,200,0.54,0.54,0.0,1.2243370014367276,1.0740740740740742,1.0,0.06667270000434655,0.33336350002173276,10
synthetic_overlap,synthetic stress test,13,5,0.0,immutable_top3_l1,exact_leaf_cached,200,0.54,0.54,0.0,1.2243370014367276,1.0740740740740742,1.0,0.015790199989169196,0.07895099994584598,10
synthetic_overlap,synthetic stress test,13,5,0.0,immutable_top3_l1,native_exact_k_sparse,200,1.0,1.0,0.0,0.7639099103363961,1.325,1.0,0.02045670000006794,0.1022835000003397,10
synthetic_overlap,synthetic stress test,13,5,0.0,immutable_top3_l1,clbr_uncached,200,0.3,0.17,0.13,1.5136432929360908,1.8666666666666667,1.0,0.03253779998703976,0.1626889999351988,10
synthetic_overlap,synthetic stress test,13,5,1.0,free_l2,nn_positive_train,200,1.0,1.0,0.0,3.489799954618012,16.0,0.0,0.011515800004417542,0.05757900002208771,10
synthetic_overlap,synthetic stress test,13,5,1.0,free_l2,leaf_centroid,200,1.0,1.0,0.0,4.008384183413304,16.0,0.0,0.03145369999219838,0.1572684999609919,10
synthetic_overlap,synthetic stress test,13,5,1.0,free_l2,raw_leaf_projection,200,1.0,1.0,0.0,0.5021580606050358,1.33,1.0,0.010694900000999041,0.05347450000499521,10
synthetic_overlap,synthetic stress test,13,5,1.0,free_l2,clbr,200,1.0,1.0,0.0,0.5021580606050358,1.33,1.0,0.010041399998954148,0.05020699999477074,10
synthetic_overlap,synthetic stress test,13,5,1.0,free_l2,metric_leaf_projection,200,1.0,1.0,0.0,0.4997935647519431,1.34,1.0,0.009812200005399063,0.049061000026995316,10
synthetic_overlap,synthetic stress test,13,5,1.0,free_l2,metric_clbr,200,1.0,1.0,0.0,0.4997935647519431,1.34,1.0,0.009678099994744116,0.04839049997372058,10
synthetic_overlap,synthetic stress test,13,5,1.0,free_l2,exact_leaf,200,1.0,1.0,0.0,0.4997935647519431,1.34,1.0,0.07862710000244988,0.3931355000122494,10
synthetic_overlap,synthetic stress test,13,5,1.0,free_l2,exact_leaf_cached,200,1.0,1.0,0.0,0.4997935647519431,1.34,1.0,0.021012800004427845,0.10506400002213923,10
synthetic_overlap,synthetic stress test,13,5,1.0,free_l2,native_exact_k_sparse,200,1.0,1.0,0.0,0.4997935647519431,1.34,1.0,0.02128070000799198,0.10640350003995991,10
synthetic_overlap,synthetic stress test,13,5,1.0,free_l2,clbr_uncached,200,1.0,1.0,0.0,0.5021580606050358,1.33,1.0,0.014190000000780856,0.07095000000390428,10
synthetic_overlap,synthetic stress test,13,5,1.0,immutable_l2,nn_positive_train,200,0.645,0.645,0.0,3.0774215504811018,12.0,0.0,0.010543599997618003,0.052717999988090014,10
synthetic_overlap,synthetic stress test,13,5,1.0,immutable_l2,leaf_centroid,200,0.76,0.76,0.0,3.4702810758041283,12.0,0.0,0.030346099993948883,0.15173049996974441,10
synthetic_overlap,synthetic stress test,13,5,1.0,immutable_l2,raw_leaf_projection,200,0.665,0.665,0.0,0.4890716237235338,1.218045112781955,1.0,0.009967099996174511,0.049835499980872555,10
synthetic_overlap,synthetic stress test,13,5,1.0,immutable_l2,clbr,200,0.77,0.665,0.105,0.7314251446141704,2.688311688311688,0.8636363636363636,0.02078789999904984,0.10393949999524921,10
synthetic_overlap,synthetic stress test,13,5,1.0,immutable_l2,metric_leaf_projection,200,0.655,0.655,0.0,0.4687025393062832,1.213740458015267,1.0,0.010227300000224204,0.05113650000112102,10
synthetic_overlap,synthetic stress test,13,5,1.0,immutable_l2,metric_clbr,200,0.76,0.655,0.105,0.7191575629682654,2.7039473684210527,0.8618421052631579,0.02082230000087293,0.10411150000436464,10
synthetic_overlap,synthetic stress test,13,5,1.0,immutable_l2,exact_leaf,200,1.0,1.0,0.0,0.6751873830705759,1.385,0.995,0.07484709999334882,0.3742354999667441,10
synthetic_overlap,synthetic stress test,13,5,1.0,immutable_l2,exact_leaf_cached,200,1.0,1.0,0.0,0.6751873830705759,1.385,0.995,0.021356999991439807,0.10678499995719903,10
synthetic_overlap,synthetic stress test,13,5,1.0,immutable_l2,native_exact_k_sparse,200,1.0,1.0,0.0,0.6751873830705759,1.385,0.995,0.019363899996278633,0.09681949998139316,10
synthetic_overlap,synthetic stress test,13,5,1.0,immutable_l2,clbr_uncached,200,0.77,0.665,0.105,0.7314251446141704,2.688311688311688,0.8636363636363636,0.024007500003790483,0.12003750001895241,10
synthetic_overlap,synthetic stress test,13,5,1.0,immutable_top3_l1,nn_positive_train,200,0.35,0.35,0.0,4.057866587130353,3.0,1.0,0.010569999994913815,0.05284999997456907,10
synthetic_overlap,synthetic stress test,13,5,1.0,immutable_top3_l1,leaf_centroid,200,0.35,0.35,0.0,3.680391537154431,3.0,1.0,0.03115570000227308,0.1557785000113654,10
synthetic_overlap,synthetic stress test,13,5,1.0,immutable_top3_l1,raw_leaf_projection,200,0.23,0.23,0.0,0.658732480816169,1.0217391304347827,1.0,0.01013100000909617,0.05065500004548085,10
synthetic_overlap,synthetic stress test,13,5,1.0,immutable_top3_l1,clbr,200,0.375,0.23,0.145,1.5584917202782156,1.7866666666666666,1.0,0.02686060000087309,0.13430300000436546,10
synthetic_overlap,synthetic stress test,13,5,1.0,immutable_top3_l1,metric_leaf_projection,200,0.23,0.23,0.0,0.6229460001974575,1.0,1.0,0.009507199998552096,0.04753599999276048,10
synthetic_overlap,synthetic stress test,13,5,1.0,immutable_top3_l1,metric_clbr,200,0.38,0.23,0.15,1.5853719802718602,1.7894736842105263,1.0,0.02767520000361401,0.13837600001807004,10
synthetic_overlap,synthetic stress test,13,5,1.0,immutable_top3_l1,exact_leaf,200,0.595,0.595,0.0,1.1745899706813183,1.1092436974789917,1.0,0.06894599999213824,0.3447299999606912,10
synthetic_overlap,synthetic stress test,13,5,1.0,immutable_top3_l1,exact_leaf_cached,200,0.595,0.595,0.0,1.1745899706813183,1.1092436974789917,1.0,0.016897399999834306,0.08448699999917153,10
synthetic_overlap,synthetic stress test,13,5,1.0,immutable_top3_l1,native_exact_k_sparse,200,1.0,1.0,0.0,0.7490757224122734,1.3,1.0,0.021019099996010482,0.10509549998005241,10
synthetic_overlap,synthetic stress test,13,5,1.0,immutable_top3_l1,clbr_uncached,200,0.375,0.23,0.145,1.5584917202782156,1.7866666666666666,1.0,0.03350419998878351,0.16752099994391756,10
synthetic_overlap,synthetic stress test,19,5,0.0,free_l2,nn_positive_train,157,1.0,1.0,0.0,3.0517918518573617,16.0,0.0,0.009100499994019629,0.0579649681147747,12
synthetic_overlap,synthetic stress test,19,5,0.0,free_l2,leaf_centroid,157,1.0,1.0,0.0,3.647522814394668,16.0,0.0,0.028265400003874674,0.18003439492913806,12
synthetic_overlap,synthetic stress test,19,5,0.0,free_l2,raw_leaf_projection,157,1.0,1.0,0.0,0.49821729802321607,1.3885350318471337,1.0,0.008171799995579931,0.05204968150050912,12
synthetic_overlap,synthetic stress test,19,5,0.0,free_l2,clbr,157,1.0,1.0,0.0,0.49821729802321607,1.3885350318471337,1.0,0.0077009000024190755,0.0490503184867457,12
synthetic_overlap,synthetic stress test,19,5,0.0,free_l2,metric_leaf_projection,157,1.0,1.0,0.0,0.46490861046519477,1.4203821656050954,1.0,0.008085499998742307,0.05149999999198922,12
synthetic_overlap,synthetic stress test,19,5,0.0,free_l2,metric_clbr,157,1.0,1.0,0.0,0.46490861046519477,1.4203821656050954,1.0,0.007756499994684418,0.04940445856486891,12
synthetic_overlap,synthetic stress test,19,5,0.0,free_l2,exact_leaf,157,1.0,1.0,0.0,0.46490861046519477,1.4203821656050954,1.0,0.07479270000203542,0.47638662421678607,12
synthetic_overlap,synthetic stress test,19,5,0.0,free_l2,exact_leaf_cached,157,1.0,1.0,0.0,0.46490861046519477,1.4203821656050954,1.0,0.01631930000257853,0.1039445860036849,12
synthetic_overlap,synthetic stress test,19,5,0.0,free_l2,native_exact_k_sparse,157,1.0,1.0,0.0,0.46490861046519477,1.4203821656050954,1.0,0.016009200003281876,0.10196942677249603,12
synthetic_overlap,synthetic stress test,19,5,0.0,free_l2,clbr_uncached,157,1.0,1.0,0.0,0.49821729802321607,1.3885350318471337,1.0,0.012568300003295008,0.08005286626302553,12
synthetic_overlap,synthetic stress test,19,5,0.0,immutable_l2,nn_positive_train,157,0.9363057324840764,0.9363057324840764,0.0,2.4994218770242385,12.0,0.0,0.00872760000584094,0.055589808954400896,12
synthetic_overlap,synthetic stress test,19,5,0.0,immutable_l2,leaf_centroid,157,0.8407643312101911,0.8407643312101911,0.0,3.113110752024186,12.0,0.0,0.026447700010976405,0.1684566879680026,12
synthetic_overlap,synthetic stress test,19,5,0.0,immutable_l2,raw_leaf_projection,157,0.8853503184713376,0.8853503184713376,0.0,0.4312810206719961,1.316546762589928,1.0,0.0077682999944954645,0.04947961779933417,12
synthetic_overlap,synthetic stress test,19,5,0.0,immutable_l2,clbr,157,0.9554140127388535,0.8853503184713376,0.07006369426751592,0.5820974739431044,2.1,0.9266666666666666,0.011248299987528299,0.07164522285049872,12
synthetic_overlap,synthetic stress test,19,5,0.0,immutable_l2,metric_leaf_projection,157,0.9171974522292994,0.9171974522292994,0.0,0.4146244294782481,1.375,1.0,0.00787919999947917,0.05018598725782911,12
synthetic_overlap,synthetic stress test,19,5,0.0,immutable_l2,metric_clbr,157,0.9617834394904459,0.9171974522292994,0.044585987261146494,0.5138304679739434,1.8675496688741722,0.9536423841059603,0.010469900003954535,0.06668726117168494,12
synthetic_overlap,synthetic stress test,19,5,0.0,immutable_l2,exact_leaf,157,1.0,1.0,0.0,0.4870953856981964,1.4076433121019107,1.0,0.06924280000566796,0.44103694271126087,12
synthetic_overlap,synthetic stress test,19,5,0.0,immutable_l2,exact_leaf_cached,157,1.0,1.0,0.0,0.4870953856981964,1.4076433121019107,1.0,0.01556790000086039,0.09915859873159484,12
synthetic_overlap,synthetic stress test,19,5,0.0,immutable_l2,native_exact_k_sparse,157,1.0,1.0,0.0,0.4870953856981964,1.4076433121019107,1.0,0.015585200004352373,0.09926878983663932,12
synthetic_overlap,synthetic stress test,19,5,0.0,immutable_l2,clbr_uncached,157,0.9554140127388535,0.8853503184713376,0.07006369426751592,0.5820974739431044,2.1,0.9266666666666666,0.01586569999653875,0.10105541399069268,12
synthetic_overlap,synthetic stress test,19,5,0.0,immutable_top3_l1,nn_positive_train,157,0.47770700636942676,0.47770700636942676,0.0,3.160401956925733,3.0,1.0,0.008497399992847932,0.05412356683342632,12
synthetic_overlap,synthetic stress test,19,5,0.0,immutable_top3_l1,leaf_centroid,157,0.27388535031847133,0.27388535031847133,0.0,2.907468893977581,3.0,1.0,0.0269161000069289,0.17144012743266815,12
synthetic_overlap,synthetic stress test,19,5,0.0,immutable_top3_l1,raw_leaf_projection,157,0.22929936305732485,0.22929936305732485,0.0,0.4429925253723214,1.0833333333333333,1.0,0.007531200001722027,0.047969426762560684,12
synthetic_overlap,synthetic stress test,19,5,0.0,immutable_top3_l1,clbr,157,0.4840764331210191,0.22929936305732485,0.25477707006369427,1.4401395242558344,2.0921052631578947,1.0,0.026802299997143564,0.17071528660600996,12
synthetic_overlap,synthetic stress test,19,5,0.0,immutable_top3_l1,metric_leaf_projection,157,0.21656050955414013,0.21656050955414013,0.0,0.435438327921226,1.0588235294117647,1.0,0.007192300003225682,0.045810828046023454,12
synthetic_overlap,synthetic stress test,19,5,0.0,immutable_top3_l1,metric_clbr,157,0.5031847133757962,0.21656050955414013,0.28662420382165604,1.581679374959697,2.1645569620253164,1.0,0.02724869999292423,0.17355859868104606,12
synthetic_overlap,synthetic stress test,19,5,0.0,immutable_top3_l1,exact_leaf,157,0.6942675159235668,0.6942675159235668,0.0,1.1758347035717103,1.2293577981651376,1.0,0.06457460000183346,0.4113031847250539,12
synthetic_overlap,synthetic stress test,19,5,0.0,immutable_top3_l1,exact_leaf_cached,157,0.6942675159235668,0.6942675159235668,0.0,1.1758347035717103,1.2293577981651376,1.0,0.01435029999447579,0.09140318467818975,12
synthetic_overlap,synthetic stress test,19,5,0.0,immutable_top3_l1,native_exact_k_sparse,157,1.0,1.0,0.0,0.5700753977438022,1.3439490445859872,1.0,0.01635860000442335,0.10419490448677295,12
synthetic_overlap,synthetic stress test,19,5,0.0,immutable_top3_l1,clbr_uncached,157,0.4840764331210191,0.22929936305732485,0.25477707006369427,1.4401395242558344,2.0921052631578947,1.0,0.0325336000050811,0.2072203821979688,12
synthetic_overlap,synthetic stress test,19,5,1.0,free_l2,nn_positive_train,158,1.0,1.0,0.0,3.5278000274573693,16.0,0.0,0.008906500006560236,0.05637025320607744,12
synthetic_overlap,synthetic stress test,19,5,1.0,free_l2,leaf_centroid,158,1.0,1.0,0.0,4.058068073435474,16.0,0.0,0.027301299999635376,0.1727930379723758,12
synthetic_overlap,synthetic stress test,19,5,1.0,free_l2,raw_leaf_projection,158,1.0,1.0,0.0,0.5139795687993366,1.379746835443038,1.0,0.008014400010324607,0.05072405069825701,12
synthetic_overlap,synthetic stress test,19,5,1.0,free_l2,clbr,158,1.0,1.0,0.0,0.5139795687993366,1.379746835443038,1.0,0.007498499996472674,0.047458860737168825,12
synthetic_overlap,synthetic stress test,19,5,1.0,free_l2,metric_leaf_projection,158,1.0,1.0,0.0,0.4790530020046801,1.4113924050632911,1.0,0.007365399987975252,0.04661645562009653,12
synthetic_overlap,synthetic stress test,19,5,1.0,free_l2,metric_clbr,158,1.0,1.0,0.0,0.4790530020046801,1.4113924050632911,1.0,0.007255899997289816,0.04592341770436593,12
synthetic_overlap,synthetic stress test,19,5,1.0,free_l2,exact_leaf,158,1.0,1.0,0.0,0.4790530020046801,1.4113924050632911,1.0,0.07036199999765813,0.4453291139092287,12
synthetic_overlap,synthetic stress test,19,5,1.0,free_l2,exact_leaf_cached,158,1.0,1.0,0.0,0.4790530020046801,1.4113924050632911,1.0,0.016432200001872843,0.10400126583463824,12
synthetic_overlap,synthetic stress test,19,5,1.0,free_l2,native_exact_k_sparse,158,1.0,1.0,0.0,0.4790530020046801,1.4113924050632911,1.0,0.016822100004901586,0.10646898737279485,12
synthetic_overlap,synthetic stress test,19,5,1.0,free_l2,clbr_uncached,158,1.0,1.0,0.0,0.5139795687993366,1.379746835443038,1.0,0.012560000002849847,0.07949367090411295,12
synthetic_overlap,synthetic stress test,19,5,1.0,immutable_l2,nn_positive_train,158,0.8227848101265823,0.8227848101265823,0.0,2.5905296423764614,12.0,0.0,0.008391899988964724,0.05311329106939699,12
synthetic_overlap,synthetic stress test,19,5,1.0,immutable_l2,leaf_centroid,158,0.6708860759493671,0.6708860759493671,0.0,3.104676078892548,12.0,0.0,0.027984699998341966,0.17711835441988585,12
synthetic_overlap,synthetic stress test,19,5,1.0,immutable_l2,raw_leaf_projection,158,0.9177215189873418,0.9177215189873418,0.0,0.48089742467798213,1.3310344827586207,1.0,0.007978300006470818,0.050495569661207704,12
synthetic_overlap,synthetic stress test,19,5,1.0,immutable_l2,clbr,158,0.9493670886075949,0.9177215189873418,0.03164556962025317,0.5403635097997761,1.6866666666666668,0.9666666666666667,0.010366699996666284,0.06561202529535623,12
synthetic_overlap,synthetic stress test,19,5,1.0,immutable_l2,metric_leaf_projection,158,0.9367088607594937,0.9367088607594937,0.0,0.4486564714920948,1.385135135135135,1.0,0.00773840000420023,0.04897721521645715,12
synthetic_overlap,synthetic stress test,19,5,1.0,immutable_l2,metric_clbr,158,0.9556962025316456,0.9367088607594937,0.0189873417721519,0.48732252977897766,1.596026490066225,0.9801324503311258,0.009070500005691429,0.05740822788412297,12
synthetic_overlap,synthetic stress test,19,5,1.0,immutable_l2,exact_leaf,158,1.0,1.0,0.0,0.49723676346657353,1.4050632911392404,1.0,0.07088420000036422,0.44863417721749504,12
synthetic_overlap,synthetic stress test,19,5,1.0,immutable_l2,exact_leaf_cached,158,1.0,1.0,0.0,0.49723676346657353,1.4050632911392404,1.0,0.017817899995861808,0.11277151896115069,12
synthetic_overlap,synthetic stress test,19,5,1.0,immutable_l2,native_exact_k_sparse,158,1.0,1.0,0.0,0.49723676346657353,1.4050632911392404,1.0,0.016858799996953167,0.10670126580350106,12
synthetic_overlap,synthetic stress test,19,5,1.0,immutable_l2,clbr_uncached,158,0.9493670886075949,0.9177215189873418,0.03164556962025317,0.5403635097997761,1.6866666666666668,0.9666666666666667,0.014082400000916095,0.08912911392984871,12
synthetic_overlap,synthetic stress test,19,5,1.0,immutable_top3_l1,nn_positive_train,158,0.4430379746835443,0.4430379746835443,0.0,3.288430638239145,3.0,1.0,0.00869819999934407,0.05505189873002576,12
synthetic_overlap,synthetic stress test,19,5,1.0,immutable_top3_l1,leaf_centroid,158,0.25949367088607594,0.25949367088607594,0.0,3.1521411169509257,3.0,1.0,0.02813700000206154,0.1780822784940604,12
synthetic_overlap,synthetic stress test,19,5,1.0,immutable_top3_l1,raw_leaf_projection,158,0.189873417721519,0.189873417721519,0.0,0.5926297732282925,1.0666666666666667,1.0,0.007862299997213995,0.049761392387430346,12
synthetic_overlap,synthetic stress test,19,5,1.0,immutable_top3_l1,clbr,158,0.4620253164556962,0.189873417721519,0.2721518987341772,1.5486444874952632,2.2054794520547945,1.0,0.02736630000072182,0.17320443038431532,12
synthetic_overlap,synthetic stress test,19,5,1.0,immutable_top3_l1,metric_leaf_projection,158,0.21518987341772153,0.21518987341772153,0.0,0.529327724996987,1.0588235294117647,1.0,0.007313999991310993,0.046291139185512614,12
synthetic_overlap,synthetic stress test,19,5,1.0,immutable_top3_l1,metric_clbr,158,0.4873417721518987,0.21518987341772153,0.2721518987341772,1.534793079485369,2.142857142857143,1.0,0.02726569999686035,0.17256772149911612,12
synthetic_overlap,synthetic stress test,19,5,1.0,immutable_top3_l1,exact_leaf,158,0.6075949367088608,0.6075949367088608,0.0,1.0619069661059635,1.15625,1.0,0.06507480000254873,0.4118658228009413,12
synthetic_overlap,synthetic stress test,19,5,1.0,immutable_top3_l1,exact_leaf_cached,158,0.6075949367088608,0.6075949367088608,0.0,1.0619069661059635,1.15625,1.0,0.013396700006524043,0.08478924054762052,12
synthetic_overlap,synthetic stress test,19,5,1.0,immutable_top3_l1,native_exact_k_sparse,158,1.0,1.0,0.0,0.5746803318250602,1.3354430379746836,1.0,0.016453399995953077,0.10413544301236125,12
synthetic_overlap,synthetic stress test,19,5,1.0,immutable_top3_l1,clbr_uncached,158,0.4620253164556962,0.189873417721519,0.2721518987341772,1.5486444874952632,2.2054794520547945,1.0,0.03256190000320203,0.2060879747038103,12
synthetic_overlap,synthetic stress test,29,5,0.0,free_l2,nn_positive_train,200,1.0,1.0,0.0,3.168337025897088,16.0,0.0,0.010638599999765574,0.05319299999882787,15
synthetic_overlap,synthetic stress test,29,5,0.0,free_l2,leaf_centroid,200,1.0,1.0,0.0,3.65844483448795,16.0,0.0,0.03842729999632866,0.19213649998164328,15
synthetic_overlap,synthetic stress test,29,5,0.0,free_l2,raw_leaf_projection,200,1.0,1.0,0.0,0.38428822116389527,1.355,1.0,0.009856899994701962,0.04928449997350981,15
synthetic_overlap,synthetic stress test,29,5,0.0,free_l2,clbr,200,1.0,1.0,0.0,0.38428822116389527,1.355,1.0,0.009526499991807214,0.04763249995903607,15
synthetic_overlap,synthetic stress test,29,5,0.0,free_l2,metric_leaf_projection,200,1.0,1.0,0.0,0.37223714607339986,1.33,1.0,0.009676300003775395,0.04838150001887698,15
synthetic_overlap,synthetic stress test,29,5,0.0,free_l2,metric_clbr,200,1.0,1.0,0.0,0.37223714607339986,1.33,1.0,0.009406399995896209,0.04703199997948104,15
synthetic_overlap,synthetic stress test,29,5,0.0,free_l2,exact_leaf,200,1.0,1.0,0.0,0.37223714607339986,1.33,1.0,0.11388649999935296,0.5694324999967648,15
synthetic_overlap,synthetic stress test,29,5,0.0,free_l2,exact_leaf_cached,200,1.0,1.0,0.0,0.37223714607339986,1.33,1.0,0.021556200003033155,0.10778100001516577,15
synthetic_overlap,synthetic stress test,29,5,0.0,free_l2,native_exact_k_sparse,200,1.0,1.0,0.0,0.37223714607339986,1.33,1.0,0.019700600007126923,0.09850300003563461,15
synthetic_overlap,synthetic stress test,29,5,0.0,free_l2,clbr_uncached,200,1.0,1.0,0.0,0.38428822116389527,1.355,1.0,0.017120899986366567,0.08560449993183283,15
synthetic_overlap,synthetic stress test,29,5,0.0,immutable_l2,nn_positive_train,200,0.595,0.595,0.0,2.81824303548156,12.0,0.0,0.009993700010454631,0.04996850005227316,15
synthetic_overlap,synthetic stress test,29,5,0.0,immutable_l2,leaf_centroid,200,0.6,0.6,0.0,3.201671254145279,12.0,0.0,0.03869400000621681,0.19347000003108406,15
synthetic_overlap,synthetic stress test,29,5,0.0,immutable_l2,raw_leaf_projection,200,0.49,0.49,0.0,0.350693230286446,1.1734693877551021,1.0,0.009618899999622954,0.04809449999811477,15
synthetic_overlap,synthetic stress test,29,5,0.0,immutable_l2,clbr,200,0.72,0.49,0.23,0.8718095255420343,4.631944444444445,0.6805555555555556,0.028695899998638197,0.14347949999319098,15
synthetic_overlap,synthetic stress test,29,5,0.0,immutable_l2,metric_leaf_projection,200,0.535,0.535,0.0,0.35588462721013464,1.158878504672897,1.0,0.009433299996999267,0.047166499984996335,15
synthetic_overlap,synthetic stress test,29,5,0.0,immutable_l2,metric_clbr,200,0.745,0.535,0.21,0.8362818964822918,4.214765100671141,0.7181208053691275,0.026358100001743878,0.1317905000087194,15
synthetic_overlap,synthetic stress test,29,5,0.0,immutable_l2,exact_leaf,200,1.0,1.0,0.0,0.5642971516002212,1.235,1.0,0.10093710000637657,0.5046855000318828,15
synthetic_overlap,synthetic stress test,29,5,0.0,immutable_l2,exact_leaf_cached,200,1.0,1.0,0.0,0.5642971516002212,1.235,1.0,0.019804599995040917,0.09902299997520458,15
synthetic_overlap,synthetic stress test,29,5,0.0,immutable_l2,native_exact_k_sparse,200,1.0,1.0,0.0,0.5642971516002212,1.235,1.0,0.0193401000024096,0.096700500012048,15
synthetic_overlap,synthetic stress test,29,5,0.0,immutable_l2,clbr_uncached,200,0.72,0.49,0.23,0.8718095255420343,4.631944444444445,0.6805555555555556,0.03609909999795491,0.18049549998977454,15
synthetic_overlap,synthetic stress test,29,5,0.0,immutable_top3_l1,nn_positive_train,200,0.33,0.33,0.0,3.5483988470156276,3.0,1.0,0.010324100001525949,0.051620500007629744,15
synthetic_overlap,synthetic stress test,29,5,0.0,immutable_top3_l1,leaf_centroid,200,0.23,0.23,0.0,3.03340738353774,3.0,1.0,0.03843560000950674,0.19217800004753371,15
synthetic_overlap,synthetic stress test,29,5,0.0,immutable_top3_l1,raw_leaf_projection,200,0.115,0.115,0.0,0.3982919655796534,1.0,1.0,0.009711400006381155,0.04855700003190577,15
synthetic_overlap,synthetic stress test,29,5,0.0,immutable_top3_l1,clbr,200,0.345,0.115,0.23,1.960234183806206,2.3333333333333335,1.0,0.032352000001992565,0.16176000000996282,15
synthetic_overlap,synthetic stress test,29,5,0.0,immutable_top3_l1,metric_leaf_projection,200,0.12,0.12,0.0,0.3598849815818254,1.0,1.0,0.009713700001157122,0.04856850000578561,15
synthetic_overlap,synthetic stress test,29,5,0.0,immutable_top3_l1,metric_clbr,200,0.35,0.12,0.23,1.9631145643219872,2.3142857142857145,1.0,0.03236559999186284,0.16182799995931418,15
synthetic_overlap,synthetic stress test,29,5,0.0,immutable_top3_l1,exact_leaf,200,0.595,0.595,0.0,1.2090081210828707,1.0588235294117647,1.0,0.09723709999343555,0.48618549996717775,15
synthetic_overlap,synthetic stress test,29,5,0.0,immutable_top3_l1,exact_leaf_cached,200,0.595,0.595,0.0,1.2090081210828707,1.0588235294117647,1.0,0.01665219999540568,0.0832609999770284,15
synthetic_overlap,synthetic stress test,29,5,0.0,immutable_top3_l1,native_exact_k_sparse,200,1.0,1.0,0.0,0.5960566699517972,1.195,1.0,0.020124700008636864,0.10062350004318432,15
synthetic_overlap,synthetic stress test,29,5,0.0,immutable_top3_l1,clbr_uncached,200,0.345,0.115,0.23,1.960234183806206,2.3333333333333335,1.0,0.04189119999864488,0.2094559999932244,15
synthetic_overlap,synthetic stress test,29,5,1.0,free_l2,nn_positive_train,124,1.0,1.0,0.0,3.31819922460264,16.0,0.0,0.006461899998612353,0.052112096763002845,15
synthetic_overlap,synthetic stress test,29,5,1.0,free_l2,leaf_centroid,124,1.0,1.0,0.0,3.899443495649866,16.0,0.0,0.023822699996344454,0.19211854835761658,15
synthetic_overlap,synthetic stress test,29,5,1.0,free_l2,raw_leaf_projection,124,1.0,1.0,0.0,0.3068910736687015,1.1612903225806452,1.0,0.006353900006615731,0.05124112908561074,15
synthetic_overlap,synthetic stress test,29,5,1.0,free_l2,clbr,124,1.0,1.0,0.0,0.3068910736687015,1.1612903225806452,1.0,0.005858199997419433,0.047243548366285755,15
synthetic_overlap,synthetic stress test,29,5,1.0,free_l2,metric_leaf_projection,124,1.0,1.0,0.0,0.2813000474447163,1.1209677419354838,1.0,0.00591759999133501,0.047722580575282336,15
synthetic_overlap,synthetic stress test,29,5,1.0,free_l2,metric_clbr,124,1.0,1.0,0.0,0.2813000474447163,1.1209677419354838,1.0,0.0060714999917763635,0.04896370961109971,15
synthetic_overlap,synthetic stress test,29,5,1.0,free_l2,exact_leaf,124,1.0,1.0,0.0,0.2813000474447163,1.1209677419354838,1.0,0.06835299999602285,0.5512338709356681,15
synthetic_overlap,synthetic stress test,29,5,1.0,free_l2,exact_leaf_cached,124,1.0,1.0,0.0,0.2813000474447163,1.1209677419354838,1.0,0.012247400002706854,0.09876935486053914,15
synthetic_overlap,synthetic stress test,29,5,1.0,free_l2,native_exact_k_sparse,124,1.0,1.0,0.0,0.2813000474447163,1.1209677419354838,1.0,0.011654900004032243,0.09399112906477615,15
synthetic_overlap,synthetic stress test,29,5,1.0,free_l2,clbr_uncached,124,1.0,1.0,0.0,0.3068910736687015,1.1612903225806452,1.0,0.010218599994914257,0.08240806447511498,15
synthetic_overlap,synthetic stress test,29,5,1.0,immutable_l2,nn_positive_train,124,0.5725806451612904,0.5725806451612904,0.0,2.8713890061868197,12.0,0.0,0.00692829999843525,0.05587338708415524,15
synthetic_overlap,synthetic stress test,29,5,1.0,immutable_l2,leaf_centroid,124,0.6290322580645161,0.6290322580645161,0.0,3.300179073516636,12.0,0.0,0.02598780000153056,0.20957903227040772,15
synthetic_overlap,synthetic stress test,29,5,1.0,immutable_l2,raw_leaf_projection,124,0.45161290322580644,0.45161290322580644,0.0,0.21999737708896014,1.1071428571428572,1.0,0.006729200002155267,0.05426774195286505,15
synthetic_overlap,synthetic stress test,29,5,1.0,immutable_l2,clbr,124,0.6935483870967742,0.45161290322580644,0.24193548387096775,0.9624188662352222,4.906976744186046,0.6511627906976745,0.02034580000599817,0.16407903230643686,15
synthetic_overlap,synthetic stress test,29,5,1.0,immutable_l2,metric_leaf_projection,124,0.5483870967741935,0.5483870967741935,0.0,0.25953146517765807,1.0735294117647058,1.0,0.006362500000250293,0.051310483872986236,15
synthetic_overlap,synthetic stress test,29,5,1.0,immutable_l2,metric_clbr,124,0.7096774193548387,0.5483870967741935,0.16129032258064516,0.7915907792344431,3.5568181818181817,0.7727272727272727,0.015630399999281508,0.12605161289743153,15
synthetic_overlap,synthetic stress test,29,5,1.0,immutable_l2,exact_leaf,124,1.0,1.0,0.0,0.4695712638572542,1.1209677419354838,1.0,0.0697093999988283,0.5621725806357121,15
synthetic_overlap,synthetic stress test,29,5,1.0,immutable_l2,exact_leaf_cached,124,1.0,1.0,0.0,0.4695712638572542,1.1209677419354838,1.0,0.013602500001070439,0.10969758065379386,15
synthetic_overlap,synthetic stress test,29,5,1.0,immutable_l2,native_exact_k_sparse,124,1.0,1.0,0.0,0.4695712638572542,1.1209677419354838,1.0,0.013073600004645414,0.10543225810197915,15
synthetic_overlap,synthetic stress test,29,5,1.0,immutable_l2,clbr_uncached,124,0.6935483870967742,0.45161290322580644,0.24193548387096775,0.9624188662352222,4.906976744186046,0.6511627906976745,0.0251159999961601,0.20254838706580724,15
synthetic_overlap,synthetic stress test,29,5,1.0,immutable_top3_l1,nn_positive_train,124,0.29838709677419356,0.29838709677419356,0.0,3.56167529381604,3.0,1.0,0.007032999996226863,0.056717741905055345,15
synthetic_overlap,synthetic stress test,29,5,1.0,immutable_top3_l1,leaf_centroid,124,0.23387096774193547,0.23387096774193547,0.0,3.0311226182020103,3.0,1.0,0.02540609999869048,0.2048879032152458,15
synthetic_overlap,synthetic stress test,29,5,1.0,immutable_top3_l1,raw_leaf_projection,124,0.08870967741935484,0.08870967741935484,0.0,0.2996698637708924,1.0909090909090908,1.0,0.00639849999879516,0.05160080644189645,15
synthetic_overlap,synthetic stress test,29,5,1.0,immutable_top3_l1,clbr,124,0.3064516129032258,0.08870967741935484,0.21774193548387097,2.371568535563059,2.4473684210526314,1.0,0.02139269999406679,0.1725217741456999,15
synthetic_overlap,synthetic stress test,29,5,1.0,immutable_top3_l1,metric_leaf_projection,124,0.13709677419354838,0.13709677419354838,0.0,0.4045898854255483,1.0588235294117647,1.0,0.0057693000007930095,0.04652661290962105,15
synthetic_overlap,synthetic stress test,29,5,1.0,immutable_top3_l1,metric_clbr,124,0.31451612903225806,0.13709677419354838,0.1774193548387097,2.0413841492552356,2.1538461538461537,1.0,0.018170500005908252,0.14653629037022783,15
synthetic_overlap,synthetic stress test,29,5,1.0,immutable_top3_l1,exact_leaf,124,0.5,0.5,0.0,1.0164811910307388,1.0483870967741935,1.0,0.06269090000114375,0.5055717742027721,15
synthetic_overlap,synthetic stress test,29,5,1.0,immutable_top3_l1,exact_leaf_cached,124,0.5,0.5,0.0,1.0164811910307388,1.0483870967741935,1.0,0.01026790000287292,0.08280564518445904,15
synthetic_overlap,synthetic stress test,29,5,1.0,immutable_top3_l1,native_exact_k_sparse,124,1.0,1.0,0.0,0.4847799941335801,1.096774193548387,1.0,0.013628999992761237,0.10991129026420353,15
synthetic_overlap,synthetic stress test,29,5,1.0,immutable_top3_l1,clbr_uncached,124,0.3064516129032258,0.08870967741935484,0.21774193548387097,2.371568535563059,2.4473684210526314,1.0,0.02676099999825965,0.21581451611499716,15
synthetic_overlap,synthetic stress test,37,5,0.0,free_l2,nn_positive_train,169,1.0,1.0,0.0,3.5067822378711977,16.0,0.0,0.00921819999894069,0.05454556212390941,9
synthetic_overlap,synthetic stress test,37,5,0.0,free_l2,leaf_centroid,169,1.0,1.0,0.0,4.102251426271735,16.0,0.0,0.0259569000090778,0.15359112431406982,9
synthetic_overlap,synthetic stress test,37,5,0.0,free_l2,raw_leaf_projection,169,1.0,1.0,0.0,0.6435276028265774,1.5207100591715976,1.0,0.008956499993473699,0.05299704138150118,9
synthetic_overlap,synthetic stress test,37,5,0.0,free_l2,clbr,169,1.0,1.0,0.0,0.6435276028265774,1.5207100591715976,1.0,0.0084313000079419,0.049889349159419526,9
synthetic_overlap,synthetic stress test,37,5,0.0,free_l2,metric_leaf_projection,169,1.0,1.0,0.0,0.5901977643039771,1.5502958579881656,1.0,0.00854129999424913,0.050540236652361716,9
synthetic_overlap,synthetic stress test,37,5,0.0,free_l2,metric_clbr,169,1.0,1.0,0.0,0.5901977643039771,1.5502958579881656,1.0,0.008304100003442727,0.04913668641090371,9
synthetic_overlap,synthetic stress test,37,5,0.0,free_l2,exact_leaf,169,1.0,1.0,0.0,0.5901977643039771,1.5502958579881656,1.0,0.060427300002629636,0.35755798818124046,9
synthetic_overlap,synthetic stress test,37,5,0.0,free_l2,exact_leaf_cached,169,1.0,1.0,0.0,0.5901977643039771,1.5502958579881656,1.0,0.017699100002573687,0.10472840238209281,9
synthetic_overlap,synthetic stress test,37,5,0.0,free_l2,native_exact_k_sparse,169,1.0,1.0,0.0,0.5901977643039771,1.5502958579881656,1.0,0.016631599996799196,0.09841183430058696,9
synthetic_overlap,synthetic stress test,37,5,0.0,free_l2,clbr_uncached,169,1.0,1.0,0.0,0.6435276028265774,1.5207100591715976,1.0,0.01185469999563793,0.07014615382034278,9
synthetic_overlap,synthetic stress test,37,5,0.0,immutable_l2,nn_positive_train,169,0.5088757396449705,0.5088757396449705,0.0,3.0175696287907536,12.0,0.0,0.009082700003091304,0.053743787000540263,9
synthetic_overlap,synthetic stress test,37,5,0.0,immutable_l2,leaf_centroid,169,0.7100591715976331,0.7100591715976331,0.0,3.5902202167580137,12.0,0.0,0.0260428000074171,0.15409940832791183,9
synthetic_overlap,synthetic stress test,37,5,0.0,immutable_l2,raw_leaf_projection,169,0.514792899408284,0.514792899408284,0.0,0.5630599695611475,1.2413793103448276,1.0,0.009382699999150645,0.05551893490621684,9
synthetic_overlap,synthetic stress test,37,5,0.0,immutable_l2,clbr,169,0.6390532544378699,0.514792899408284,0.1242603550295858,0.9612725092919744,3.3333333333333335,0.8055555555555556,0.02026970000588335,0.1199390532892506,9
synthetic_overlap,synthetic stress test,37,5,0.0,immutable_l2,metric_leaf_projection,169,0.3905325443786982,0.3905325443786982,0.0,0.4466653014178131,1.2424242424242424,1.0,0.008901899996999418,0.052673964479286496,9
synthetic_overlap,synthetic stress test,37,5,0.0,immutable_l2,metric_clbr,169,0.5798816568047337,0.3905325443786982,0.1893491124260355,1.1259289691013636,4.755102040816326,0.673469387755102,0.02396090000274853,0.14178047338904456,9
synthetic_overlap,synthetic stress test,37,5,0.0,immutable_l2,exact_leaf,169,1.0,1.0,0.0,1.0386648200877047,1.4201183431952662,1.0,0.057693900002050214,0.3413840236807705,9
synthetic_overlap,synthetic stress test,37,5,0.0,immutable_l2,exact_leaf_cached,169,1.0,1.0,0.0,1.0386648200877047,1.4201183431952662,1.0,0.018931600000541948,0.11202130177835472,9
synthetic_overlap,synthetic stress test,37,5,0.0,immutable_l2,native_exact_k_sparse,169,1.0,1.0,0.0,1.0386648200877047,1.4201183431952662,1.0,0.01739539999016415,0.10293136088854528,9
synthetic_overlap,synthetic stress test,37,5,0.0,immutable_l2,clbr_uncached,169,0.6390532544378699,0.514792899408284,0.1242603550295858,0.9612725092919744,3.3333333333333335,0.8055555555555556,0.024679100001776533,0.14603017752530492,9
synthetic_overlap,synthetic stress test,37,5,0.0,immutable_top3_l1,nn_positive_train,169,0.25443786982248523,0.25443786982248523,0.0,3.794621663191923,3.0,1.0,0.008989099994323624,0.053189940794814344,9
synthetic_overlap,synthetic stress test,37,5,0.0,immutable_top3_l1,leaf_centroid,169,0.20118343195266272,0.20118343195266272,0.0,4.040605439046037,3.0,1.0,0.023228999995808408,0.13744970411720953,9
synthetic_overlap,synthetic stress test,37,5,0.0,immutable_top3_l1,raw_leaf_projection,169,0.11242603550295859,0.11242603550295859,0.0,0.6197197060196311,1.0526315789473684,1.0,0.007855000008930801,0.04647928999367338,9
synthetic_overlap,synthetic stress test,37,5,0.0,immutable_top3_l1,clbr,169,0.2603550295857988,0.11242603550295859,0.14792899408284024,1.9313651169895003,2.159090909090909,1.0,0.02356450000388577,0.13943491126559626,9
synthetic_overlap,synthetic stress test,37,5,0.0,immutable_top3_l1,metric_leaf_projection,169,0.10650887573964497,0.10650887573964497,0.0,0.5895053456544447,1.0555555555555556,1.0,0.007328499994400772,0.04336390529231226,9
synthetic_overlap,synthetic stress test,37,5,0.0,immutable_top3_l1,metric_clbr,169,0.2603550295857988,0.10650887573964497,0.15384615384615385,1.9705674730694214,2.2045454545454546,1.0,0.023461099998712598,0.13882307691545917,9
synthetic_overlap,synthetic stress test,37,5,0.0,immutable_top3_l1,exact_leaf,169,0.46153846153846156,0.46153846153846156,0.0,1.4599257630495306,1.1153846153846154,1.0,0.04899409999597992,0.28990591713597585,9
synthetic_overlap,synthetic stress test,37,5,0.0,immutable_top3_l1,exact_leaf_cached,169,0.46153846153846156,0.46153846153846156,0.0,1.4599257630495306,1.1153846153846154,1.0,0.012178100000710401,0.07205976331781302,9
synthetic_overlap,synthetic stress test,37,5,0.0,immutable_top3_l1,native_exact_k_sparse,169,1.0,1.0,0.0,1.1523770537069362,1.272189349112426,1.0,0.01650390000304469,0.09765621303576741,9
synthetic_overlap,synthetic stress test,37,5,0.0,immutable_top3_l1,clbr_uncached,169,0.2603550295857988,0.11242603550295859,0.14792899408284024,1.9313651169895003,2.159090909090909,1.0,0.02752460000647261,0.16286745565960126,9
synthetic_overlap,synthetic stress test,37,5,1.0,free_l2,nn_positive_train,200,1.0,1.0,0.0,3.7198637569668,16.0,0.0,0.0118614000011803,0.0593070000059015,9
synthetic_overlap,synthetic stress test,37,5,1.0,free_l2,leaf_centroid,200,1.0,1.0,0.0,4.383114019085496,16.0,0.0,0.03211860000556044,0.1605930000278022,9
synthetic_overlap,synthetic stress test,37,5,1.0,free_l2,raw_leaf_projection,200,1.0,1.0,0.0,0.6420238014556559,1.525,1.0,0.011622500002886227,0.058112500014431134,9
synthetic_overlap,synthetic stress test,37,5,1.0,free_l2,clbr,200,1.0,1.0,0.0,0.6420238014556559,1.525,1.0,0.010880400004680268,0.05440200002340134,9
synthetic_overlap,synthetic stress test,37,5,1.0,free_l2,metric_leaf_projection,200,1.0,1.0,0.0,0.5935600727076947,1.575,1.0,0.010342600010517344,0.05171300005258672,9
synthetic_overlap,synthetic stress test,37,5,1.0,free_l2,metric_clbr,200,1.0,1.0,0.0,0.5935600727076947,1.575,1.0,0.010771400005978649,0.05385700002989324,9
synthetic_overlap,synthetic stress test,37,5,1.0,free_l2,exact_leaf,200,1.0,1.0,0.0,0.5935600727076947,1.575,1.0,0.07739420000689279,0.38697100003446394,9
synthetic_overlap,synthetic stress test,37,5,1.0,free_l2,exact_leaf_cached,200,1.0,1.0,0.0,0.5935600727076947,1.575,1.0,0.02323520000481949,0.11617600002409745,9
synthetic_overlap,synthetic stress test,37,5,1.0,free_l2,native_exact_k_sparse,200,1.0,1.0,0.0,0.5935600727076947,1.575,1.0,0.022115499996289145,0.11057749998144573,9
synthetic_overlap,synthetic stress test,37,5,1.0,free_l2,clbr_uncached,200,1.0,1.0,0.0,0.6420238014556559,1.525,1.0,0.015079199993124348,0.07539599996562174,9
synthetic_overlap,synthetic stress test,37,5,1.0,immutable_l2,nn_positive_train,200,0.445,0.445,0.0,3.0020224300374965,12.0,0.0,0.01207670000167127,0.06038350000835635,9
synthetic_overlap,synthetic stress test,37,5,1.0,immutable_l2,leaf_centroid,200,0.63,0.63,0.0,3.6122047010961555,12.0,0.0,0.03428539999822533,0.17142699999112665,9
synthetic_overlap,synthetic stress test,37,5,1.0,immutable_l2,raw_leaf_projection,200,0.535,0.535,0.0,0.6412274850632221,1.2990654205607477,1.0,0.01154589999714517,0.05772949998572585,9
synthetic_overlap,synthetic stress test,37,5,1.0,immutable_l2,clbr,200,0.61,0.535,0.075,0.9037925162973384,2.6147540983606556,0.8770491803278688,0.02259219999814377,0.11296099999071885,9
synthetic_overlap,synthetic stress test,37,5,1.0,immutable_l2,metric_leaf_projection,200,0.415,0.415,0.0,0.46181789660009526,1.2409638554216869,1.0,0.01091799999721843,0.05458999998609215,9
synthetic_overlap,synthetic stress test,37,5,1.0,immutable_l2,metric_clbr,200,0.545,0.415,0.13,0.9884536458387594,3.8073394495412844,0.7614678899082569,0.028812899999138608,0.14406449999569304,9
synthetic_overlap,synthetic stress test,37,5,1.0,immutable_l2,exact_leaf,200,1.0,1.0,0.0,0.9620523349837259,1.355,1.0,0.07477400000607304,0.3738700000303652,9
synthetic_overlap,synthetic stress test,37,5,1.0,immutable_l2,exact_leaf_cached,200,1.0,1.0,0.0,0.9620523349837259,1.355,1.0,0.02527179999924556,0.1263589999962278,9
synthetic_overlap,synthetic stress test,37,5,1.0,immutable_l2,native_exact_k_sparse,200,1.0,1.0,0.0,0.9620523349837259,1.355,1.0,0.023195700000542274,0.11597850000271137,9
synthetic_overlap,synthetic stress test,37,5,1.0,immutable_l2,clbr_uncached,200,0.61,0.535,0.075,0.9037925162973384,2.6147540983606556,0.8770491803278688,0.027739199999814446,0.13869599999907223,9
synthetic_overlap,synthetic stress test,37,5,1.0,immutable_top3_l1,nn_positive_train,200,0.255,0.255,0.0,3.718764034724959,3.0,1.0,0.013067999992017576,0.06533999996008788,9
synthetic_overlap,synthetic stress test,37,5,1.0,immutable_top3_l1,leaf_centroid,200,0.215,0.215,0.0,3.706678841488842,3.0,1.0,0.03503729999647476,0.1751864999823738,9
synthetic_overlap,synthetic stress test,37,5,1.0,immutable_top3_l1,raw_leaf_projection,200,0.17,0.17,0.0,0.5732702366538439,1.1470588235294117,1.0,0.012031899995236017,0.060159499976180086,9
synthetic_overlap,synthetic stress test,37,5,1.0,immutable_top3_l1,clbr,200,0.29,0.17,0.12,1.6132884191755712,1.9137931034482758,1.0,0.032063299998299044,0.16031649999149522,9
synthetic_overlap,synthetic stress test,37,5,1.0,immutable_top3_l1,metric_leaf_projection,200,0.15,0.15,0.0,0.46861010368843864,1.1,1.0,0.011538299996573187,0.057691499982865935,9
synthetic_overlap,synthetic stress test,37,5,1.0,immutable_top3_l1,metric_clbr,200,0.29,0.15,0.14,1.7108799999715627,2.0172413793103448,1.0,0.03245040000547306,0.16225200002736528,9
synthetic_overlap,synthetic stress test,37,5,1.0,immutable_top3_l1,exact_leaf,200,0.425,0.425,0.0,1.1276822227917693,1.1176470588235294,1.0,0.07485460000498279,0.3742730000249139,9
synthetic_overlap,synthetic stress test,37,5,1.0,immutable_top3_l1,exact_leaf_cached,200,0.425,0.425,0.0,1.1276822227917693,1.1176470588235294,1.0,0.019895800005542696,0.09947900002771348,9
synthetic_overlap,synthetic stress test,37,5,1.0,immutable_top3_l1,native_exact_k_sparse,200,1.0,1.0,0.0,1.0583369245783791,1.25,1.0,0.025519800004985882,0.1275990000249294,9
synthetic_overlap,synthetic stress test,37,5,1.0,immutable_top3_l1,clbr_uncached,200,0.29,0.17,0.12,1.6132884191755712,1.9137931034482758,1.0,0.04033719999551977,0.20168599997759884,9
synthetic_overlap,synthetic stress test,41,5,0.0,free_l2,nn_positive_train,146,1.0,1.0,0.0,2.8943348467666845,16.0,0.0,0.008498800001689233,0.05821095891567968,15
synthetic_overlap,synthetic stress test,41,5,0.0,free_l2,leaf_centroid,146,1.0,1.0,0.0,3.5551623308461062,16.0,0.0,0.029388900000412832,0.20129383561926598,15
synthetic_overlap,synthetic stress test,41,5,0.0,free_l2,raw_leaf_projection,146,1.0,1.0,0.0,0.4130318434234387,1.3013698630136987,1.0,0.007619899996825552,0.052191095868668165,15
synthetic_overlap,synthetic stress test,41,5,0.0,free_l2,clbr,146,1.0,1.0,0.0,0.4130318434234387,1.3013698630136987,1.0,0.007070099997690704,0.04842534244993633,15
synthetic_overlap,synthetic stress test,41,5,0.0,free_l2,metric_leaf_projection,146,1.0,1.0,0.0,0.4055687599595942,1.321917808219178,1.0,0.0070313999967765994,0.048160273950524655,15
synthetic_overlap,synthetic stress test,41,5,0.0,free_l2,metric_clbr,146,1.0,1.0,0.0,0.4055687599595942,1.321917808219178,1.0,0.007499700001972087,0.05136780823268553,15
synthetic_overlap,synthetic stress test,41,5,0.0,free_l2,exact_leaf,146,1.0,1.0,0.0,0.4055687599595942,1.321917808219178,1.0,0.08043190000717004,0.5509034247066441,15
synthetic_overlap,synthetic stress test,41,5,0.0,free_l2,exact_leaf_cached,146,1.0,1.0,0.0,0.4055687599595942,1.321917808219178,1.0,0.015793999997185892,0.10817808217250612,15
synthetic_overlap,synthetic stress test,41,5,0.0,free_l2,native_exact_k_sparse,146,1.0,1.0,0.0,0.4055687599595942,1.321917808219178,1.0,0.015266799998244096,0.10456712327564449,15
synthetic_overlap,synthetic stress test,41,5,0.0,free_l2,clbr_uncached,146,1.0,1.0,0.0,0.4130318434234387,1.3013698630136987,1.0,0.012673700010054745,0.08680616445242977,15
synthetic_overlap,synthetic stress test,41,5,0.0,immutable_l2,nn_positive_train,146,0.7945205479452054,0.7945205479452054,0.0,2.586039889941135,12.0,0.0,0.008085199995548464,0.05537808216129085,15
synthetic_overlap,synthetic stress test,41,5,0.0,immutable_l2,leaf_centroid,146,0.7054794520547946,0.7054794520547946,0.0,3.052675090316536,12.0,0.0,0.02916319999803818,0.19974794519204234,15
synthetic_overlap,synthetic stress test,41,5,0.0,immutable_l2,raw_leaf_projection,146,0.6506849315068494,0.6506849315068494,0.0,0.33927313512235335,1.1789473684210525,1.0,0.0077388999989125296,0.05300616437611322,15
synthetic_overlap,synthetic stress test,41,5,0.0,immutable_l2,clbr,146,0.863013698630137,0.6506849315068494,0.21232876712328766,0.802889609785612,3.8412698412698414,0.753968253968254,0.019265099997937796,0.13195273971190272,15
synthetic_overlap,synthetic stress test,41,5,0.0,immutable_l2,metric_leaf_projection,146,0.6506849315068494,0.6506849315068494,0.0,0.33834057827897246,1.1894736842105262,1.0,0.007839900006729295,0.05369794525157051,15
synthetic_overlap,synthetic stress test,41,5,0.0,immutable_l2,metric_clbr,146,0.8904109589041096,0.6506849315068494,0.23972602739726026,0.8374913425841662,4.1,0.7307692307692307,0.020668700002715923,0.1415664383747666,15
synthetic_overlap,synthetic stress test,41,5,0.0,immutable_l2,exact_leaf,146,1.0,1.0,0.0,0.5426585575588283,1.2328767123287672,1.0,0.07957209999585757,0.545014383533271,15
synthetic_overlap,synthetic stress test,41,5,0.0,immutable_l2,exact_leaf_cached,146,1.0,1.0,0.0,0.5426585575588283,1.2328767123287672,1.0,0.01579889999356965,0.10821164379157293,15
synthetic_overlap,synthetic stress test,41,5,0.0,immutable_l2,native_exact_k_sparse,146,1.0,1.0,0.0,0.5426585575588283,1.2328767123287672,1.0,0.01539980000416108,0.10547808222028136,15
synthetic_overlap,synthetic stress test,41,5,0.0,immutable_l2,clbr_uncached,146,0.863013698630137,0.6506849315068494,0.21232876712328766,0.802889609785612,3.8412698412698414,0.753968253968254,0.02598129999842058,0.17795410957822316,15
synthetic_overlap,synthetic stress test,41,5,0.0,immutable_top3_l1,nn_positive_train,146,0.5205479452054794,0.5205479452054794,0.0,3.2794649677663985,3.0,1.0,0.008037200001126621,0.055049315076209734,15
synthetic_overlap,synthetic stress test,41,5,0.0,immutable_top3_l1,leaf_centroid,146,0.3835616438356164,0.3835616438356164,0.0,2.927417368498235,3.0,1.0,0.029743699995378847,0.20372397257108799,15
synthetic_overlap,synthetic stress test,41,5,0.0,immutable_top3_l1,raw_leaf_projection,146,0.21232876712328766,0.21232876712328766,0.0,0.4224080485561529,1.064516129032258,1.0,0.007095599998137914,0.048599999987245984,15
synthetic_overlap,synthetic stress test,41,5,0.0,immutable_top3_l1,clbr,146,0.5205479452054794,0.21232876712328766,0.3082191780821918,1.634003213126075,2.210526315789474,1.0,0.026126400000066496,0.1789479452059349,15
synthetic_overlap,synthetic stress test,41,5,0.0,immutable_top3_l1,metric_leaf_projection,146,0.2602739726027397,0.2602739726027397,0.0,0.4801221892460605,1.0263157894736843,1.0,0.006968300000153249,0.04772808219283047,15
synthetic_overlap,synthetic stress test,41,5,0.0,immutable_top3_l1,metric_clbr,146,0.5342465753424658,0.2602739726027397,0.273972602739726,1.5065974746091,2.0384615384615383,1.0,0.02468520000729768,0.16907671237875124,15
synthetic_overlap,synthetic stress test,41,5,0.0,immutable_top3_l1,exact_leaf,146,0.726027397260274,0.726027397260274,0.0,0.9229934190333821,1.0566037735849056,1.0,0.07525420000092709,0.5154397260337471,15
synthetic_overlap,synthetic stress test,41,5,0.0,immutable_top3_l1,exact_leaf_cached,146,0.726027397260274,0.726027397260274,0.0,0.9229934190333821,1.0566037735849056,1.0,0.013624700003674661,0.09331986303886754,15
synthetic_overlap,synthetic stress test,41,5,0.0,immutable_top3_l1,native_exact_k_sparse,146,1.0,1.0,0.0,0.57721865865918,1.1575342465753424,1.0,0.015767899997626955,0.10799931505223942,15
synthetic_overlap,synthetic stress test,41,5,0.0,immutable_top3_l1,clbr_uncached,146,0.5205479452054794,0.21232876712328766,0.3082191780821918,1.634003213126075,2.210526315789474,1.0,0.03246630000285222,0.22237191782775495,15
synthetic_overlap,synthetic stress test,41,5,1.0,free_l2,nn_positive_train,120,1.0,1.0,0.0,3.095258273977235,16.0,0.0,0.00719520000347984,0.05996000002899867,15
synthetic_overlap,synthetic stress test,41,5,1.0,free_l2,leaf_centroid,120,1.0,1.0,0.0,3.6718952448510995,16.0,0.0,0.026852499997403356,0.22377083331169464,15
synthetic_overlap,synthetic stress test,41,5,1.0,free_l2,raw_leaf_projection,120,1.0,1.0,0.0,0.32772019481975023,1.15,1.0,0.0067887999985032366,0.05657333332086031,15
synthetic_overlap,synthetic stress test,41,5,1.0,free_l2,clbr,120,1.0,1.0,0.0,0.32772019481975023,1.15,1.0,0.0063388999942617374,0.05282416661884781,15
synthetic_overlap,synthetic stress test,41,5,1.0,free_l2,metric_leaf_projection,120,1.0,1.0,0.0,0.3222635124057814,1.1416666666666666,1.0,0.006271000002925575,0.05225833335771313,15
synthetic_overlap,synthetic stress test,41,5,1.0,free_l2,metric_clbr,120,1.0,1.0,0.0,0.3222635124057814,1.1416666666666666,1.0,0.0064103999957296764,0.05341999996441397,15
synthetic_overlap,synthetic stress test,41,5,1.0,free_l2,exact_leaf,120,1.0,1.0,0.0,0.3222635124057814,1.1416666666666666,1.0,0.0717402000027505,0.5978350000229208,15
synthetic_overlap,synthetic stress test,41,5,1.0,free_l2,exact_leaf_cached,120,1.0,1.0,0.0,0.3222635124057814,1.1416666666666666,1.0,0.014168000002428016,0.11806666668690013,15
synthetic_overlap,synthetic stress test,41,5,1.0,free_l2,native_exact_k_sparse,120,1.0,1.0,0.0,0.3222635124057814,1.1416666666666666,1.0,0.0137266999881831,0.1143891665681925,15
synthetic_overlap,synthetic stress test,41,5,1.0,free_l2,clbr_uncached,120,1.0,1.0,0.0,0.32772019481975023,1.15,1.0,0.0111769999975877,0.09314166664656416,15
synthetic_overlap,synthetic stress test,41,5,1.0,immutable_l2,nn_positive_train,120,0.7416666666666667,0.7416666666666667,0.0,2.627862389968909,12.0,0.0,0.007537799998317496,0.06281499998597913,15
synthetic_overlap,synthetic stress test,41,5,1.0,immutable_l2,leaf_centroid,120,0.5916666666666667,0.5916666666666667,0.0,3.085204922382365,12.0,0.0,0.02618119999897317,0.21817666665810975,15
synthetic_overlap,synthetic stress test,41,5,1.0,immutable_l2,raw_leaf_projection,120,0.625,0.625,0.0,0.26963439755246427,1.0933333333333333,1.0,0.007074600009218557,0.05895500007682131,15
synthetic_overlap,synthetic stress test,41,5,1.0,immutable_l2,clbr,120,0.8333333333333334,0.625,0.20833333333333334,0.6683882432770654,3.82,0.75,0.0173718000005465,0.14476500000455417,15
synthetic_overlap,synthetic stress test,41,5,1.0,immutable_l2,metric_leaf_projection,120,0.625,0.625,0.0,0.2725261615862719,1.12,1.0,0.0068817000019407715,0.05734750001617309,15
synthetic_overlap,synthetic stress test,41,5,1.0,immutable_l2,metric_clbr,120,0.8333333333333334,0.625,0.20833333333333334,0.6656906220607699,3.84,0.75,0.01766930000121647,0.14724416667680393,15
synthetic_overlap,synthetic stress test,41,5,1.0,immutable_l2,exact_leaf,120,1.0,1.0,0.0,0.5070084303729795,1.2083333333333333,1.0,0.07357330000013462,0.6131108333344552,15
synthetic_overlap,synthetic stress test,41,5,1.0,immutable_l2,exact_leaf_cached,120,1.0,1.0,0.0,0.5070084303729795,1.2083333333333333,1.0,0.01555859999734821,0.12965499997790175,15
synthetic_overlap,synthetic stress test,41,5,1.0,immutable_l2,native_exact_k_sparse,120,1.0,1.0,0.0,0.5070084303729795,1.2083333333333333,1.0,0.013629800001581316,0.1135816666798443,15
synthetic_overlap,synthetic stress test,41,5,1.0,immutable_l2,clbr_uncached,120,0.8333333333333334,0.625,0.20833333333333334,0.6683882432770654,3.82,0.75,0.023672999999689637,0.19727499999741363,15
synthetic_overlap,synthetic stress test,41,5,1.0,immutable_top3_l1,nn_positive_train,120,0.4583333333333333,0.4583333333333333,0.0,3.437070048764143,3.0,1.0,0.0071048000045266235,0.05920666670438853,15
synthetic_overlap,synthetic stress test,41,5,1.0,immutable_top3_l1,leaf_centroid,120,0.3,0.3,0.0,2.979118591391172,3.0,1.0,0.027139899999383488,0.22616583332819573,15
synthetic_overlap,synthetic stress test,41,5,1.0,immutable_top3_l1,raw_leaf_projection,120,0.18333333333333332,0.18333333333333332,0.0,0.37112476208533385,1.0454545454545454,1.0,0.006707200001983438,0.05589333334986198,15
synthetic_overlap,synthetic stress test,41,5,1.0,immutable_top3_l1,clbr,120,0.475,0.18333333333333332,0.2916666666666667,1.6470866027833886,2.245614035087719,1.0,0.025767600003746338,0.21473000003121948,15
synthetic_overlap,synthetic stress test,41,5,1.0,immutable_top3_l1,metric_leaf_projection,120,0.2,0.2,0.0,0.3552468110170226,1.0,1.0,0.006896699996104871,0.05747249996754059,15
synthetic_overlap,synthetic stress test,41,5,1.0,immutable_top3_l1,metric_clbr,120,0.475,0.2,0.275,1.6002612884566767,2.1578947368421053,1.0,0.024011999998037936,0.20009999998364947,15
synthetic_overlap,synthetic stress test,41,5,1.0,immutable_top3_l1,exact_leaf,120,0.6833333333333333,0.6833333333333333,0.0,0.9622900458934897,1.0609756097560976,1.0,0.07080069999756233,0.5900058333130195,15
synthetic_overlap,synthetic stress test,41,5,1.0,immutable_top3_l1,exact_leaf_cached,120,0.6833333333333333,0.6833333333333333,0.0,0.9622900458934897,1.0609756097560976,1.0,0.012478900000132853,0.10399083333444044,15
synthetic_overlap,synthetic stress test,41,5,1.0,immutable_top3_l1,native_exact_k_sparse,120,1.0,1.0,0.0,0.5454309139240127,1.125,1.0,0.014199399998688023,0.11832833332240018,15
synthetic_overlap,synthetic stress test,41,5,1.0,immutable_top3_l1,clbr_uncached,120,0.475,0.18333333333333332,0.2916666666666667,1.6470866027833886,2.245614035087719,1.0,0.0298865000013393,0.2490541666778275,15
synthetic_overlap,synthetic stress test,53,5,0.0,free_l2,nn_positive_train,146,1.0,1.0,0.0,3.0422563233040893,16.0,0.0,0.007905299999947601,0.05414589041060001,13
synthetic_overlap,synthetic stress test,53,5,0.0,free_l2,leaf_centroid,146,1.0,1.0,0.0,3.7003095323756443,16.0,0.0,0.027781000000686618,0.19028082192251108,13
synthetic_overlap,synthetic stress test,53,5,0.0,free_l2,raw_leaf_projection,146,1.0,1.0,0.0,0.5344421964783134,1.178082191780822,1.0,0.007376399997156113,0.0505232876517542,13
synthetic_overlap,synthetic stress test,53,5,0.0,free_l2,clbr,146,1.0,1.0,0.0,0.5344421964783134,1.178082191780822,1.0,0.006634800001847907,0.04544383562909525,13
synthetic_overlap,synthetic stress test,53,5,0.0,free_l2,metric_leaf_projection,146,1.0,1.0,0.0,0.4832763698201275,1.1164383561643836,1.0,0.0067576999972516205,0.04628561641953165,13
synthetic_overlap,synthetic stress test,53,5,0.0,free_l2,metric_clbr,146,1.0,1.0,0.0,0.4832763698201275,1.1164383561643836,1.0,0.007300999994185986,0.05000684927524648,13
synthetic_overlap,synthetic stress test,53,5,0.0,free_l2,exact_leaf,146,1.0,1.0,0.0,0.4832763698201275,1.1164383561643836,1.0,0.0718637999962084,0.4922178081932082,13
synthetic_overlap,synthetic stress test,53,5,0.0,free_l2,exact_leaf_cached,146,1.0,1.0,0.0,0.4832763698201275,1.1164383561643836,1.0,0.015488199998799246,0.10608356163561128,13
synthetic_overlap,synthetic stress test,53,5,0.0,free_l2,native_exact_k_sparse,146,1.0,1.0,0.0,0.4832763698201275,1.1164383561643836,1.0,0.01608230000420008,0.11015273975479506,13
synthetic_overlap,synthetic stress test,53,5,0.0,free_l2,clbr_uncached,146,1.0,1.0,0.0,0.5344421964783134,1.178082191780822,1.0,0.0116939000063212,0.08009520552274794,13
synthetic_overlap,synthetic stress test,53,5,0.0,immutable_l2,nn_positive_train,146,0.6506849315068494,0.6506849315068494,0.0,2.579120274898169,12.0,0.0,0.008222299994486093,0.056317123249904746,13
synthetic_overlap,synthetic stress test,53,5,0.0,immutable_l2,leaf_centroid,146,0.7328767123287672,0.7328767123287672,0.0,3.1401353205574485,12.0,0.0,0.02561779999632563,0.17546438353647692,13
synthetic_overlap,synthetic stress test,53,5,0.0,immutable_l2,raw_leaf_projection,146,0.636986301369863,0.636986301369863,0.0,0.4581217287370237,1.010752688172043,1.0,0.0070866000023670495,0.04853835618059623,13
synthetic_overlap,synthetic stress test,53,5,0.0,immutable_l2,clbr,146,0.7328767123287672,0.636986301369863,0.0958904109589041,0.7199400819263043,2.4485981308411215,0.8691588785046729,0.014881299999615294,0.10192671232613215,13
synthetic_overlap,synthetic stress test,53,5,0.0,immutable_l2,metric_leaf_projection,146,0.6506849315068494,0.6506849315068494,0.0,0.43070250097533735,1.0,1.0,0.0069650999967052485,0.047706164360994854,13
synthetic_overlap,synthetic stress test,53,5,0.0,immutable_l2,metric_clbr,146,0.726027397260274,0.6506849315068494,0.07534246575342465,0.6606910105946636,2.141509433962264,0.8962264150943396,0.012638000006518268,0.0865616438802621,13
synthetic_overlap,synthetic stress test,53,5,0.0,immutable_l2,exact_leaf,146,1.0,1.0,0.0,0.6882296643878275,1.082191780821918,1.0,0.0668377999936638,0.4577931506415328,13
synthetic_overlap,synthetic stress test,53,5,0.0,immutable_l2,exact_leaf_cached,146,1.0,1.0,0.0,0.6882296643878275,1.082191780821918,1.0,0.015447000005224254,0.10580136989879627,13
synthetic_overlap,synthetic stress test,53,5,0.0,immutable_l2,native_exact_k_sparse,146,1.0,1.0,0.0,0.6882296643878275,1.082191780821918,1.0,0.014517300000079558,0.09943356164438054,13
synthetic_overlap,synthetic stress test,53,5,0.0,immutable_l2,clbr_uncached,146,0.7328767123287672,0.636986301369863,0.0958904109589041,0.7199400819263043,2.4485981308411215,0.8691588785046729,0.019375399996533815,0.1327082191543412,13
synthetic_overlap,synthetic stress test,53,5,0.0,immutable_top3_l1,nn_positive_train,146,0.4041095890410959,0.4041095890410959,0.0,3.426653873252325,3.0,1.0,0.008460000007289636,0.05794520552938107,13
synthetic_overlap,synthetic stress test,53,5,0.0,immutable_top3_l1,leaf_centroid,146,0.363013698630137,0.363013698630137,0.0,2.8827270710938278,3.0,1.0,0.027930900004321302,0.1913075342761733,13
synthetic_overlap,synthetic stress test,53,5,0.0,immutable_top3_l1,raw_leaf_projection,146,0.273972602739726,0.273972602739726,0.0,0.6030541196099909,1.0,1.0,0.007638599997335405,0.052319178063941124,13
synthetic_overlap,synthetic stress test,53,5,0.0,immutable_top3_l1,clbr,146,0.4452054794520548,0.273972602739726,0.17123287671232876,1.4459108912484162,1.7692307692307692,1.0,0.020274300003620738,0.13886506851795025,13
synthetic_overlap,synthetic stress test,53,5,0.0,immutable_top3_l1,metric_leaf_projection,146,0.3150684931506849,0.3150684931506849,0.0,0.6040870373219617,1.0,1.0,0.0069795999997950275,0.047805479450650876,13
synthetic_overlap,synthetic stress test,53,5,0.0,immutable_top3_l1,metric_clbr,146,0.4657534246575342,0.3150684931506849,0.1506849315068493,1.3369056722351835,1.6470588235294117,1.0,0.019333400002324197,0.13242054796112462,13
synthetic_overlap,synthetic stress test,53,5,0.0,immutable_top3_l1,exact_leaf,146,0.6917808219178082,0.6917808219178082,0.0,1.0541576308377327,1.0,1.0,0.06297349999658763,0.4313253424423811,13
synthetic_overlap,synthetic stress test,53,5,0.0,immutable_top3_l1,exact_leaf_cached,146,0.6917808219178082,0.6917808219178082,0.0,1.0541576308377327,1.0,1.0,0.013227300003563869,0.09059794522988951,13
synthetic_overlap,synthetic stress test,53,5,0.0,immutable_top3_l1,native_exact_k_sparse,146,1.0,1.0,0.0,0.7177881398202691,1.0684931506849316,1.0,0.01570719999654102,0.10758356162014399,13
synthetic_overlap,synthetic stress test,53,5,0.0,immutable_top3_l1,clbr_uncached,146,0.4452054794520548,0.273972602739726,0.17123287671232876,1.4459108912484162,1.7692307692307692,1.0,0.026110500003596826,0.1788390411205262,13
synthetic_overlap,synthetic stress test,53,5,1.0,free_l2,nn_positive_train,149,1.0,1.0,0.0,3.3706066291066663,16.0,0.0,0.008950700002969825,0.06007181210046862,13
synthetic_overlap,synthetic stress test,53,5,1.0,free_l2,leaf_centroid,149,1.0,1.0,0.0,4.0300849210153995,16.0,0.0,0.030202300001292315,0.20270000000867325,13
synthetic_overlap,synthetic stress test,53,5,1.0,free_l2,raw_leaf_projection,149,1.0,1.0,0.0,0.5330963798998599,1.1543624161073827,1.0,0.008806599996205478,0.059104697961110585,13
synthetic_overlap,synthetic stress test,53,5,1.0,free_l2,clbr,149,1.0,1.0,0.0,0.5330963798998599,1.1543624161073827,1.0,0.007619599994541204,0.05113825499692083,13
synthetic_overlap,synthetic stress test,53,5,1.0,free_l2,metric_leaf_projection,149,1.0,1.0,0.0,0.501004905000007,1.1275167785234899,1.0,0.007625499997629959,0.05117785233308697,13
synthetic_overlap,synthetic stress test,53,5,1.0,free_l2,metric_clbr,149,1.0,1.0,0.0,0.501004905000007,1.1275167785234899,1.0,0.008033399987652956,0.053915436158744674,13
synthetic_overlap,synthetic stress test,53,5,1.0,free_l2,exact_leaf,149,1.0,1.0,0.0,0.501004905000007,1.1275167785234899,1.0,0.08158370000182913,0.5475416107505311,13
synthetic_overlap,synthetic stress test,53,5,1.0,free_l2,exact_leaf_cached,149,1.0,1.0,0.0,0.501004905000007,1.1275167785234899,1.0,0.017201900000145542,0.1154489932895674,13
synthetic_overlap,synthetic stress test,53,5,1.0,free_l2,native_exact_k_sparse,149,1.0,1.0,0.0,0.501004905000007,1.1275167785234899,1.0,0.015859500000260596,0.1064395973171852,13
synthetic_overlap,synthetic stress test,53,5,1.0,free_l2,clbr_uncached,149,1.0,1.0,0.0,0.5330963798998599,1.1543624161073827,1.0,0.012880100000984385,0.08644362416768044,13
synthetic_overlap,synthetic stress test,53,5,1.0,immutable_l2,nn_positive_train,149,0.5906040268456376,0.5906040268456376,0.0,2.518671843045681,12.0,0.0,0.008502800002133881,0.057065771826401886,13
synthetic_overlap,synthetic stress test,53,5,1.0,immutable_l2,leaf_centroid,149,0.6040268456375839,0.6040268456375839,0.0,3.1640408547743633,12.0,0.0,0.028903199999149365,0.1939812080479823,13
synthetic_overlap,synthetic stress test,53,5,1.0,immutable_l2,raw_leaf_projection,149,0.6174496644295302,0.6174496644295302,0.0,0.45711844943243973,1.0,1.0,0.007810399998561479,0.052418791936654226,13
synthetic_overlap,synthetic stress test,53,5,1.0,immutable_l2,clbr,149,0.6711409395973155,0.6174496644295302,0.053691275167785234,0.6119044347416763,1.88,0.92,0.014606699991418282,0.09803154356656565,13
synthetic_overlap,synthetic stress test,53,5,1.0,immutable_l2,metric_leaf_projection,149,0.6308724832214765,0.6308724832214765,0.0,0.4372640596890427,1.0,1.0,0.007882000001700362,0.05289932887047223,13
synthetic_overlap,synthetic stress test,53,5,1.0,immutable_l2,metric_clbr,149,0.6778523489932886,0.6308724832214765,0.04697986577181208,0.6030463551117877,1.7623762376237624,0.9306930693069307,0.013503899999705027,0.0906302013403022,13
synthetic_overlap,synthetic stress test,53,5,1.0,immutable_l2,exact_leaf,149,1.0,1.0,0.0,0.7288092271944361,1.080536912751678,1.0,0.07533970000076806,0.5056355704749534,13
synthetic_overlap,synthetic stress test,53,5,1.0,immutable_l2,exact_leaf_cached,149,1.0,1.0,0.0,0.7288092271944361,1.080536912751678,1.0,0.016814299999168725,0.11284765100113238,13
synthetic_overlap,synthetic stress test,53,5,1.0,immutable_l2,native_exact_k_sparse,149,1.0,1.0,0.0,0.7288092271944361,1.080536912751678,1.0,0.01665330000105314,0.11176711410102778,13
synthetic_overlap,synthetic stress test,53,5,1.0,immutable_l2,clbr_uncached,149,0.6711409395973155,0.6174496644295302,0.053691275167785234,0.6119044347416763,1.88,0.92,0.019414399999732268,0.13029798657538436,13
synthetic_overlap,synthetic stress test,53,5,1.0,immutable_top3_l1,nn_positive_train,149,0.35570469798657717,0.35570469798657717,0.0,3.2241696751200606,3.0,1.0,0.009417300000677642,0.06320335570924591,13
synthetic_overlap,synthetic stress test,53,5,1.0,immutable_top3_l1,leaf_centroid,149,0.348993288590604,0.348993288590604,0.0,3.082276148811594,3.0,1.0,0.03239309999935358,0.2174033557003596,13
synthetic_overlap,synthetic stress test,53,5,1.0,immutable_top3_l1,raw_leaf_projection,149,0.2684563758389262,0.2684563758389262,0.0,0.6417954907550133,1.0,1.0,0.009134200002336001,0.061303355720375846,13
synthetic_overlap,synthetic stress test,53,5,1.0,immutable_top3_l1,clbr,149,0.40268456375838924,0.2684563758389262,0.1342281879194631,1.215656218263159,1.6666666666666667,1.0,0.022810799991930253,0.15309261739550506,13
synthetic_overlap,synthetic stress test,53,5,1.0,immutable_top3_l1,metric_leaf_projection,149,0.28187919463087246,0.28187919463087246,0.0,0.6096355841918331,1.0,1.0,0.008142499993482488,0.05464765096296972,13
synthetic_overlap,synthetic stress test,53,5,1.0,immutable_top3_l1,metric_clbr,149,0.40268456375838924,0.28187919463087246,0.12080536912751678,1.1793198743854612,1.6,1.0,0.021293099993272335,0.14290671136424385,13
synthetic_overlap,synthetic stress test,53,5,1.0,immutable_top3_l1,exact_leaf,149,0.6510067114093959,0.6510067114093959,0.0,1.098363305305119,1.0,1.0,0.07584970000698377,0.5090583893086159,13
synthetic_overlap,synthetic stress test,53,5,1.0,immutable_top3_l1,exact_leaf_cached,149,0.6510067114093959,0.6510067114093959,0.0,1.098363305305119,1.0,1.0,0.015767100007906265,0.1058194631403105,13
synthetic_overlap,synthetic stress test,53,5,1.0,immutable_top3_l1,native_exact_k_sparse,149,1.0,1.0,0.0,0.7559768024378967,1.0738255033557047,1.0,0.018296999995982333,0.1227986576911566,13
synthetic_overlap,synthetic stress test,53,5,1.0,immutable_top3_l1,clbr_uncached,149,0.40268456375838924,0.2684563758389262,0.1342281879194631,1.215656218263159,1.6666666666666667,1.0,0.028910200003338105,0.19402818794186646,13
synthetic_overlap,synthetic stress test,61,5,0.0,free_l2,nn_positive_train,177,1.0,1.0,0.0,3.072186750201156,16.0,0.0,0.010111599995980214,0.057127683593108554,9
synthetic_overlap,synthetic stress test,61,5,0.0,free_l2,leaf_centroid,177,1.0,1.0,0.0,3.6295276444421676,16.0,0.0,0.025939399990420497,0.14655028243175422,9
synthetic_overlap,synthetic stress test,61,5,0.0,free_l2,raw_leaf_projection,177,1.0,1.0,0.0,0.4161767192900583,1.2372881355932204,1.0,0.008705899996130029,0.04918587568435045,9
synthetic_overlap,synthetic stress test,61,5,0.0,free_l2,clbr,177,1.0,1.0,0.0,0.4161767192900583,1.2372881355932204,1.0,0.008245699994404276,0.04658587567460043,9
synthetic_overlap,synthetic stress test,61,5,0.0,free_l2,metric_leaf_projection,177,1.0,1.0,0.0,0.40534931488249965,1.2485875706214689,1.0,0.008163899997271074,0.04612372879814166,9
synthetic_overlap,synthetic stress test,61,5,0.0,free_l2,metric_clbr,177,1.0,1.0,0.0,0.40534931488249965,1.2485875706214689,1.0,0.008377799989830237,0.04733220333237422,9
synthetic_overlap,synthetic stress test,61,5,0.0,free_l2,exact_leaf,177,1.0,1.0,0.0,0.40534931488249965,1.2485875706214689,1.0,0.06266929999674176,0.35406384178950145,9
synthetic_overlap,synthetic stress test,61,5,0.0,free_l2,exact_leaf_cached,177,1.0,1.0,0.0,0.40534931488249965,1.2485875706214689,1.0,0.01837459999933344,0.10381129943126238,9
synthetic_overlap,synthetic stress test,61,5,0.0,free_l2,native_exact_k_sparse,177,1.0,1.0,0.0,0.40534931488249965,1.2485875706214689,1.0,0.017253800000617048,0.09747909604868389,9
synthetic_overlap,synthetic stress test,61,5,0.0,free_l2,clbr_uncached,177,1.0,1.0,0.0,0.4161767192900583,1.2372881355932204,1.0,0.012587899995196494,0.07111807906890674,9
synthetic_overlap,synthetic stress test,61,5,0.0,immutable_l2,nn_positive_train,177,0.5988700564971752,0.5988700564971752,0.0,2.7237543461637617,12.0,0.0,0.010049999993498204,0.05677966098021584,9
synthetic_overlap,synthetic stress test,61,5,0.0,immutable_l2,leaf_centroid,177,0.6214689265536724,0.6214689265536724,0.0,3.2903682121454803,12.0,0.0,0.028120599996327655,0.1588734463069359,9
synthetic_overlap,synthetic stress test,61,5,0.0,immutable_l2,raw_leaf_projection,177,0.655367231638418,0.655367231638418,0.0,0.42430443193057743,1.1810344827586208,1.0,0.009676099999524013,0.05466723163572888,9
synthetic_overlap,synthetic stress test,61,5,0.0,immutable_l2,clbr,177,0.768361581920904,0.655367231638418,0.11299435028248588,0.5714380636612106,2.7720588235294117,0.8529411764705882,0.01914569999280502,0.10816779656951989,9
synthetic_overlap,synthetic stress test,61,5,0.0,immutable_l2,metric_leaf_projection,177,0.6779661016949152,0.6779661016949152,0.0,0.39886348011106904,1.1666666666666667,1.0,0.00917930000105116,0.05186045198333989,9
synthetic_overlap,synthetic stress test,61,5,0.0,immutable_l2,metric_clbr,177,0.768361581920904,0.6779661016949152,0.0903954802259887,0.5299049378157249,2.4411764705882355,0.8823529411764706,0.016928599996390403,0.09564180788921131,9
synthetic_overlap,synthetic stress test,61,5,0.0,immutable_l2,exact_leaf,177,1.0,1.0,0.0,0.5150296766989595,1.2542372881355932,1.0,0.0630053000022599,0.35596214690542316,9
synthetic_overlap,synthetic stress test,61,5,0.0,immutable_l2,exact_leaf_cached,177,1.0,1.0,0.0,0.5150296766989595,1.2542372881355932,1.0,0.019697200003065518,0.11128361583652835,9
synthetic_overlap,synthetic stress test,61,5,0.0,immutable_l2,native_exact_k_sparse,177,1.0,1.0,0.0,0.5150296766989595,1.2542372881355932,1.0,0.018885300001784344,0.10669661017957256,9
synthetic_overlap,synthetic stress test,61,5,0.0,immutable_l2,clbr_uncached,177,0.768361581920904,0.655367231638418,0.11299435028248588,0.5714380636612106,2.7720588235294117,0.8529411764705882,0.023062300003402925,0.13029548024521426,9
synthetic_overlap,synthetic stress test,61,5,0.0,immutable_top3_l1,nn_positive_train,177,0.3333333333333333,0.3333333333333333,0.0,3.528533646191692,3.0,1.0,0.010603400004583818,0.05990621471516282,9
synthetic_overlap,synthetic stress test,61,5,0.0,immutable_top3_l1,leaf_centroid,177,0.21468926553672316,0.21468926553672316,0.0,2.947946643326707,3.0,1.0,0.02909950000594108,0.16440395483582532,9
synthetic_overlap,synthetic stress test,61,5,0.0,immutable_top3_l1,raw_leaf_projection,177,0.1694915254237288,0.1694915254237288,0.0,0.5539254640722401,1.0666666666666667,1.0,0.009450200001992926,0.05339096046323687,9
synthetic_overlap,synthetic stress test,61,5,0.0,immutable_top3_l1,clbr,177,0.3559322033898305,0.1694915254237288,0.1864406779661017,1.4139643085730735,2.0793650793650795,1.0,0.029135999999198248,0.16461016948699575,9
synthetic_overlap,synthetic stress test,61,5,0.0,immutable_top3_l1,metric_leaf_projection,177,0.1864406779661017,0.1864406779661017,0.0,0.5159402790729007,1.0606060606060606,1.0,0.009483099996941746,0.05357683614091382,9
synthetic_overlap,synthetic stress test,61,5,0.0,immutable_top3_l1,metric_clbr,177,0.3559322033898305,0.1864406779661017,0.1694915254237288,1.3830709030843114,1.9841269841269842,1.0,0.029019000010521268,0.16394915260181508,9
synthetic_overlap,synthetic stress test,61,5,0.0,immutable_top3_l1,exact_leaf,177,0.5932203389830508,0.5932203389830508,0.0,1.0168226882273428,1.0952380952380953,1.0,0.060157600001730316,0.3398734463374594,9
synthetic_overlap,synthetic stress test,61,5,0.0,immutable_top3_l1,exact_leaf_cached,177,0.5932203389830508,0.5932203389830508,0.0,1.0168226882273428,1.0952380952380953,1.0,0.016248799998720642,0.09180112993627482,9
synthetic_overlap,synthetic stress test,61,5,0.0,immutable_top3_l1,native_exact_k_sparse,177,1.0,1.0,0.0,0.5552188403228223,1.1977401129943503,1.0,0.020378599996547564,0.11513333331382805,9
synthetic_overlap,synthetic stress test,61,5,0.0,immutable_top3_l1,clbr_uncached,177,0.3559322033898305,0.1694915254237288,0.1864406779661017,1.4139643085730735,2.0793650793650795,1.0,0.035163899992767256,0.1986661016540523,9
synthetic_overlap,synthetic stress test,61,5,1.0,free_l2,nn_positive_train,200,1.0,1.0,0.0,3.2811550537499166,16.0,0.0,0.012213300008625083,0.061066500043125416,9
synthetic_overlap,synthetic stress test,61,5,1.0,free_l2,leaf_centroid,200,1.0,1.0,0.0,3.825300381238506,16.0,0.0,0.03429709999818442,0.1714854999909221,9
synthetic_overlap,synthetic stress test,61,5,1.0,free_l2,raw_leaf_projection,200,1.0,1.0,0.0,0.45125367287013707,1.29,1.0,0.011403599993172975,0.057017999965864874,9
synthetic_overlap,synthetic stress test,61,5,1.0,free_l2,clbr,200,1.0,1.0,0.0,0.45125367287013707,1.29,1.0,0.011382000007870374,0.05691000003935187,9
synthetic_overlap,synthetic stress test,61,5,1.0,free_l2,metric_leaf_projection,200,1.0,1.0,0.0,0.43444216626261,1.285,1.0,0.011116500005300622,0.05558250002650311,9
synthetic_overlap,synthetic stress test,61,5,1.0,free_l2,metric_clbr,200,1.0,1.0,0.0,0.43444216626261,1.285,1.0,0.010983999994095939,0.054919999970479694,9
synthetic_overlap,synthetic stress test,61,5,1.0,free_l2,exact_leaf,200,1.0,1.0,0.0,0.43444216626261,1.285,1.0,0.08029969999734021,0.40149849998670106,9
synthetic_overlap,synthetic stress test,61,5,1.0,free_l2,exact_leaf_cached,200,1.0,1.0,0.0,0.43444216626261,1.285,1.0,0.024005500007660885,0.12002750003830442,9
synthetic_overlap,synthetic stress test,61,5,1.0,free_l2,native_exact_k_sparse,200,1.0,1.0,0.0,0.43444216626261,1.285,1.0,0.023999600000024657,0.11999800000012328,9
synthetic_overlap,synthetic stress test,61,5,1.0,free_l2,clbr_uncached,200,1.0,1.0,0.0,0.45125367287013707,1.29,1.0,0.015804200006641622,0.07902100003320811,9
synthetic_overlap,synthetic stress test,61,5,1.0,immutable_l2,nn_positive_train,200,0.635,0.635,0.0,2.8619153731325313,12.0,0.0,0.01280299999689305,0.06401499998446525,9
synthetic_overlap,synthetic stress test,61,5,1.0,immutable_l2,leaf_centroid,200,0.7,0.7,0.0,3.1250817509849225,12.0,0.0,0.034392300006402365,0.17196150003201183,9
synthetic_overlap,synthetic stress test,61,5,1.0,immutable_l2,raw_leaf_projection,200,0.755,0.755,0.0,0.4510904667573158,1.2913907284768211,1.0,0.012114599993765296,0.06057299996882648,9
synthetic_overlap,synthetic stress test,61,5,1.0,immutable_l2,clbr,200,0.815,0.755,0.06,0.5306875784835039,2.079754601226994,0.9263803680981595,0.018829100008588284,0.09414550004294142,9
synthetic_overlap,synthetic stress test,61,5,1.0,immutable_l2,metric_leaf_projection,200,0.815,0.815,0.0,0.45796695310470154,1.2760736196319018,1.0,0.01211990000501828,0.0605995000250914,9
synthetic_overlap,synthetic stress test,61,5,1.0,immutable_l2,metric_clbr,200,0.85,0.815,0.035,0.5095884502463489,1.7176470588235293,0.9588235294117647,0.016693800004759396,0.08346900002379698,9
synthetic_overlap,synthetic stress test,61,5,1.0,immutable_l2,exact_leaf,200,1.0,1.0,0.0,0.5221630271576478,1.32,1.0,0.08337500000288856,0.4168750000144428,9
synthetic_overlap,synthetic stress test,61,5,1.0,immutable_l2,exact_leaf_cached,200,1.0,1.0,0.0,0.5221630271576478,1.32,1.0,0.025844400000096357,0.12922200000048178,9
synthetic_overlap,synthetic stress test,61,5,1.0,immutable_l2,native_exact_k_sparse,200,1.0,1.0,0.0,0.5221630271576478,1.32,1.0,0.024988200005282124,0.12494100002641062,9
synthetic_overlap,synthetic stress test,61,5,1.0,immutable_l2,clbr_uncached,200,0.815,0.755,0.06,0.5306875784835039,2.079754601226994,0.9263803680981595,0.024369400002797192,0.12184700001398596,9
synthetic_overlap,synthetic stress test,61,5,1.0,immutable_top3_l1,nn_positive_train,200,0.365,0.365,0.0,3.7004278561946617,3.0,1.0,0.011944699999730801,0.059723499998654006,9
synthetic_overlap,synthetic stress test,61,5,1.0,immutable_top3_l1,leaf_centroid,200,0.275,0.275,0.0,2.9962570670928574,3.0,1.0,0.03207300000576652,0.16036500002883258,9
synthetic_overlap,synthetic stress test,61,5,1.0,immutable_top3_l1,raw_leaf_projection,200,0.215,0.215,0.0,0.5323717448300653,1.0930232558139534,1.0,0.010959499998534739,0.05479749999267369,9
synthetic_overlap,synthetic stress test,61,5,1.0,immutable_top3_l1,clbr,200,0.39,0.215,0.175,1.5022714594905557,1.9487179487179487,1.0,0.031769000002896064,0.15884500001448032,9
synthetic_overlap,synthetic stress test,61,5,1.0,immutable_top3_l1,metric_leaf_projection,200,0.25,0.25,0.0,0.5279129595988374,1.08,1.0,0.010252400004901574,0.05126200002450787,9
synthetic_overlap,synthetic stress test,61,5,1.0,immutable_top3_l1,metric_clbr,200,0.4,0.25,0.15,1.3674285007658096,1.8,1.0,0.02938579999590729,0.14692899997953646,9
synthetic_overlap,synthetic stress test,61,5,1.0,immutable_top3_l1,exact_leaf,200,0.57,0.57,0.0,0.9228858335808647,1.087719298245614,1.0,0.0663481999972646,0.331740999986323,9
synthetic_overlap,synthetic stress test,61,5,1.0,immutable_top3_l1,exact_leaf_cached,200,0.57,0.57,0.0,0.9228858335808647,1.087719298245614,1.0,0.018023199995695904,0.09011599997847952,9
synthetic_overlap,synthetic stress test,61,5,1.0,immutable_top3_l1,native_exact_k_sparse,200,1.0,1.0,0.0,0.5625704943561955,1.25,1.0,0.022386799998457718,0.11193399999228859,9
synthetic_overlap,synthetic stress test,61,5,1.0,immutable_top3_l1,clbr_uncached,200,0.39,0.215,0.175,1.5022714594905557,1.9487179487179487,1.0,0.03786629999649449,0.18933149998247245,9
synthetic_overlap,synthetic stress test,73,5,0.0,free_l2,nn_positive_train,200,1.0,1.0,0.0,2.9813377857899694,16.0,0.0,0.012669599998844205,0.06334799999422103,16
synthetic_overlap,synthetic stress test,73,5,0.0,free_l2,leaf_centroid,200,1.0,1.0,0.0,3.5034920443576674,16.0,0.0,0.04747729999235162,0.2373864999617581,16
synthetic_overlap,synthetic stress test,73,5,0.0,free_l2,raw_leaf_projection,200,1.0,1.0,0.0,0.432902605891901,1.14,1.0,0.013270500004182395,0.06635250002091198,16
synthetic_overlap,synthetic stress test,73,5,0.0,free_l2,clbr,200,1.0,1.0,0.0,0.432902605891901,1.14,1.0,0.012107799999284907,0.060538999996424536,16
synthetic_overlap,synthetic stress test,73,5,0.0,free_l2,metric_leaf_projection,200,1.0,1.0,0.0,0.43163470803829673,1.13,1.0,0.011901799998668139,0.059508999993340694,16
synthetic_overlap,synthetic stress test,73,5,0.0,free_l2,metric_clbr,200,1.0,1.0,0.0,0.43163470803829673,1.13,1.0,0.012364300010631268,0.06182150005315634,16
synthetic_overlap,synthetic stress test,73,5,0.0,free_l2,exact_leaf,200,1.0,1.0,0.0,0.43163470803829673,1.13,1.0,0.14440779999949882,0.7220389999974941,16
synthetic_overlap,synthetic stress test,73,5,0.0,free_l2,exact_leaf_cached,200,1.0,1.0,0.0,0.43163470803829673,1.13,1.0,0.025611900002331822,0.1280595000116591,16
synthetic_overlap,synthetic stress test,73,5,0.0,free_l2,native_exact_k_sparse,200,1.0,1.0,0.0,0.43163470803829673,1.13,1.0,0.02496650000284717,0.12483250001423585,16
synthetic_overlap,synthetic stress test,73,5,0.0,free_l2,clbr_uncached,200,1.0,1.0,0.0,0.432902605891901,1.14,1.0,0.02053419999901962,0.1026709999950981,16
synthetic_overlap,synthetic stress test,73,5,0.0,immutable_l2,nn_positive_train,200,0.995,0.995,0.0,2.5632138945216174,12.0,0.0,0.011882799998602422,0.05941399999301211,16
synthetic_overlap,synthetic stress test,73,5,0.0,immutable_l2,leaf_centroid,200,0.98,0.98,0.0,2.9338042890307574,12.0,0.0,0.04461120001178642,0.2230560000589321,16
synthetic_overlap,synthetic stress test,73,5,0.0,immutable_l2,raw_leaf_projection,200,0.99,0.99,0.0,0.43537570267215525,1.1414141414141414,1.0,0.01129659999787691,0.05648299998938455,16
synthetic_overlap,synthetic stress test,73,5,0.0,immutable_l2,clbr,200,1.0,0.99,0.01,0.4432721255303903,1.25,0.99,0.011655200000859622,0.05827600000429811,16
synthetic_overlap,synthetic stress test,73,5,0.0,immutable_l2,metric_leaf_projection,200,0.99,0.99,0.0,0.43409499776952476,1.1313131313131313,1.0,0.010833100007403118,0.05416550003701559,16
synthetic_overlap,synthetic stress test,73,5,0.0,immutable_l2,metric_clbr,200,1.0,0.99,0.01,0.4420042276767861,1.24,0.99,0.011257000006480666,0.05628500003240333,16
synthetic_overlap,synthetic stress test,73,5,0.0,immutable_l2,exact_leaf,200,1.0,1.0,0.0,0.4358742501624253,1.135,1.0,0.1315783000081865,0.6578915000409324,16
synthetic_overlap,synthetic stress test,73,5,0.0,immutable_l2,exact_leaf_cached,200,1.0,1.0,0.0,0.4358742501624253,1.135,1.0,0.024419400001534086,0.12209700000767043,16
synthetic_overlap,synthetic stress test,73,5,0.0,immutable_l2,native_exact_k_sparse,200,1.0,1.0,0.0,0.4358742501624253,1.135,1.0,0.021711999999752152,0.10855999999876076,16
synthetic_overlap,synthetic stress test,73,5,0.0,immutable_l2,clbr_uncached,200,1.0,0.99,0.01,0.4432721255303903,1.25,0.99,0.01935499999763124,0.0967749999881562,16
synthetic_overlap,synthetic stress test,73,5,0.0,immutable_top3_l1,nn_positive_train,200,0.52,0.52,0.0,3.418625332241103,3.0,1.0,0.011546300005647936,0.05773150002823968,16
synthetic_overlap,synthetic stress test,73,5,0.0,immutable_top3_l1,leaf_centroid,200,0.405,0.405,0.0,2.7185826580511376,3.0,1.0,0.04255650000050082,0.2127825000025041,16
synthetic_overlap,synthetic stress test,73,5,0.0,immutable_top3_l1,raw_leaf_projection,200,0.325,0.325,0.0,0.49760241776316316,1.0153846153846153,1.0,0.010796700012178917,0.053983500060894585,16
synthetic_overlap,synthetic stress test,73,5,0.0,immutable_top3_l1,clbr,200,0.58,0.325,0.255,1.5803854247540696,1.8879310344827587,1.0,0.03454830000646325,0.17274150003231625,16
synthetic_overlap,synthetic stress test,73,5,0.0,immutable_top3_l1,metric_leaf_projection,200,0.34,0.34,0.0,0.5172737514472159,1.0,1.0,0.010047400013718288,0.05023700006859144,16
synthetic_overlap,synthetic stress test,73,5,0.0,immutable_top3_l1,metric_clbr,200,0.59,0.34,0.25,1.5618643918513426,1.847457627118644,1.0,0.033982800001467695,0.16991400000733847,16
synthetic_overlap,synthetic stress test,73,5,0.0,immutable_top3_l1,exact_leaf,200,0.77,0.77,0.0,0.9923693415948928,1.0454545454545454,1.0,0.11488209999242827,0.5744104999621413,16
synthetic_overlap,synthetic stress test,73,5,0.0,immutable_top3_l1,exact_leaf_cached,200,0.77,0.77,0.0,0.9923693415948928,1.0454545454545454,1.0,0.020288499998059706,0.10144249999029853,16
synthetic_overlap,synthetic stress test,73,5,0.0,immutable_top3_l1,native_exact_k_sparse,200,1.0,1.0,0.0,0.4600156321574154,1.09,1.0,0.023320500008594536,0.11660250004297268,16
synthetic_overlap,synthetic stress test,73,5,0.0,immutable_top3_l1,clbr_uncached,200,0.58,0.325,0.255,1.5803854247540696,1.8879310344827587,1.0,0.04508159999659256,0.2254079999829628,16
synthetic_overlap,synthetic stress test,73,5,1.0,free_l2,nn_positive_train,200,1.0,1.0,0.0,3.220004316207794,16.0,0.0,0.011204200009160559,0.05602100004580279,16
synthetic_overlap,synthetic stress test,73,5,1.0,free_l2,leaf_centroid,200,1.0,1.0,0.0,3.9203314973514565,16.0,0.0,0.04180429999996704,0.20902149999983521,16
synthetic_overlap,synthetic stress test,73,5,1.0,free_l2,raw_leaf_projection,200,1.0,1.0,0.0,0.43187309163862664,1.155,1.0,0.010864299998502247,0.054321499992511235,16
synthetic_overlap,synthetic stress test,73,5,1.0,free_l2,clbr,200,1.0,1.0,0.0,0.43187309163862664,1.155,1.0,0.010417000002235,0.052085000011175,16
synthetic_overlap,synthetic stress test,73,5,1.0,free_l2,metric_leaf_projection,200,1.0,1.0,0.0,0.4305549294458284,1.145,1.0,0.01020650000009482,0.0510325000004741,16
synthetic_overlap,synthetic stress test,73,5,1.0,free_l2,metric_clbr,200,1.0,1.0,0.0,0.4305549294458284,1.145,1.0,0.010115399994901964,0.05057699997450982,16
synthetic_overlap,synthetic stress test,73,5,1.0,free_l2,exact_leaf,200,1.0,1.0,0.0,0.4305549294458284,1.145,1.0,0.12269989999913378,0.6134994999956689,16
synthetic_overlap,synthetic stress test,73,5,1.0,free_l2,exact_leaf_cached,200,1.0,1.0,0.0,0.4305549294458284,1.145,1.0,0.022514700002830068,0.11257350001415034,16
synthetic_overlap,synthetic stress test,73,5,1.0,free_l2,native_exact_k_sparse,200,1.0,1.0,0.0,0.4305549294458284,1.145,1.0,0.02144539999517292,0.1072269999758646,16
synthetic_overlap,synthetic stress test,73,5,1.0,free_l2,clbr_uncached,200,1.0,1.0,0.0,0.43187309163862664,1.155,1.0,0.017550200002915517,0.08775100001457758,16
synthetic_overlap,synthetic stress test,73,5,1.0,immutable_l2,nn_positive_train,200,1.0,1.0,0.0,2.607980843096566,12.0,0.0,0.011391700013518857,0.056958500067594287,16
synthetic_overlap,synthetic stress test,73,5,1.0,immutable_l2,leaf_centroid,200,0.985,0.985,0.0,2.9607807152420946,12.0,0.0,0.04443919999539503,0.22219599997697514,16
synthetic_overlap,synthetic stress test,73,5,1.0,immutable_l2,raw_leaf_projection,200,1.0,1.0,0.0,0.43187309163862664,1.155,1.0,0.011373300004379416,0.05686650002189708,16
synthetic_overlap,synthetic stress test,73,5,1.0,immutable_l2,clbr,200,1.0,1.0,0.0,0.43187309163862664,1.155,1.0,0.011129800004709978,0.05564900002354989,16
synthetic_overlap,synthetic stress test,73,5,1.0,immutable_l2,metric_leaf_projection,200,1.0,1.0,0.0,0.4305549294458284,1.145,1.0,0.010427100002743828,0.05213550001371914,16
synthetic_overlap,synthetic stress test,73,5,1.0,immutable_l2,metric_clbr,200,1.0,1.0,0.0,0.4305549294458284,1.145,1.0,0.010409899989099358,0.05204949994549679,16
synthetic_overlap,synthetic stress test,73,5,1.0,immutable_l2,exact_leaf,200,1.0,1.0,0.0,0.4305549294458284,1.145,1.0,0.1221914999978253,0.6109574999891265,16
synthetic_overlap,synthetic stress test,73,5,1.0,immutable_l2,exact_leaf_cached,200,1.0,1.0,0.0,0.4305549294458284,1.145,1.0,0.022701299998516333,0.11350649999258167,16
synthetic_overlap,synthetic stress test,73,5,1.0,immutable_l2,native_exact_k_sparse,200,1.0,1.0,0.0,0.4305549294458284,1.145,1.0,0.021636899997247383,0.10818449998623691,16
synthetic_overlap,synthetic stress test,73,5,1.0,immutable_l2,clbr_uncached,200,1.0,1.0,0.0,0.43187309163862664,1.155,1.0,0.018015600006037857,0.09007800003018929,16
synthetic_overlap,synthetic stress test,73,5,1.0,immutable_top3_l1,nn_positive_train,200,0.515,0.515,0.0,3.4942987176244364,3.0,1.0,0.012511200005974388,0.06255600002987194,16
synthetic_overlap,synthetic stress test,73,5,1.0,immutable_top3_l1,leaf_centroid,200,0.4,0.4,0.0,2.906976342830363,3.0,1.0,0.042527200000222365,0.21263600000111182,16
synthetic_overlap,synthetic stress test,73,5,1.0,immutable_top3_l1,raw_leaf_projection,200,0.315,0.315,0.0,0.5210591224733606,1.0158730158730158,1.0,0.01062700000966288,0.053135000048314396,16
synthetic_overlap,synthetic stress test,73,5,1.0,immutable_top3_l1,clbr,200,0.57,0.315,0.255,1.5098991918761502,1.9035087719298245,1.0,0.03393640001468157,0.16968200007340783,16
synthetic_overlap,synthetic stress test,73,5,1.0,immutable_top3_l1,metric_leaf_projection,200,0.345,0.345,0.0,0.5386094273330068,1.0,1.0,0.0097384000018792,0.048692000009396,16
synthetic_overlap,synthetic stress test,73,5,1.0,immutable_top3_l1,metric_clbr,200,0.58,0.345,0.235,1.469458565767365,1.8103448275862069,1.0,0.030494099999486934,0.15247049999743467,16
synthetic_overlap,synthetic stress test,73,5,1.0,immutable_top3_l1,exact_leaf,200,0.76,0.76,0.0,0.9707937319683326,1.0657894736842106,1.0,0.11213580000548973,0.5606790000274486,16
synthetic_overlap,synthetic stress test,73,5,1.0,immutable_top3_l1,exact_leaf_cached,200,0.76,0.76,0.0,0.9707937319683326,1.0657894736842106,1.0,0.019770399995650223,0.09885199997825111,16
synthetic_overlap,synthetic stress test,73,5,1.0,immutable_top3_l1,native_exact_k_sparse,200,1.0,1.0,0.0,0.454757297857527,1.095,1.0,0.02223990000948106,0.11119950004740531,16
synthetic_overlap,synthetic stress test,73,5,1.0,immutable_top3_l1,clbr_uncached,200,0.57,0.315,0.255,1.5098991918761502,1.9035087719298245,1.0,0.04309279999051796,0.2154639999525898,16
synthetic_overlap,synthetic stress test,89,5,0.0,free_l2,nn_positive_train,179,1.0,1.0,0.0,3.154189638656161,16.0,0.0,0.011453600005552289,0.06398659220978932,13
synthetic_overlap,synthetic stress test,89,5,0.0,free_l2,leaf_centroid,179,1.0,1.0,0.0,3.5448008980319523,16.0,0.0,0.038532499997927516,0.2152653631169135,13
synthetic_overlap,synthetic stress test,89,5,0.0,free_l2,raw_leaf_projection,179,1.0,1.0,0.0,0.3924772873563603,1.324022346368715,1.0,0.01083040000503388,0.060505027961083126,13
synthetic_overlap,synthetic stress test,89,5,0.0,free_l2,clbr,179,1.0,1.0,0.0,0.3924772873563603,1.324022346368715,1.0,0.01017759999831469,0.05685810054924408,13
synthetic_overlap,synthetic stress test,89,5,0.0,free_l2,metric_leaf_projection,179,1.0,1.0,0.0,0.3668880379056162,1.3519553072625698,1.0,0.01039600000694918,0.05807821232932503,13
synthetic_overlap,synthetic stress test,89,5,0.0,free_l2,metric_clbr,179,1.0,1.0,0.0,0.3668880379056162,1.3519553072625698,1.0,0.010394799997811788,0.058071508367663616,13
synthetic_overlap,synthetic stress test,89,5,0.0,free_l2,exact_leaf,179,1.0,1.0,0.0,0.3668880379056162,1.3519553072625698,1.0,0.1027529000029972,0.5740385475027776,13
synthetic_overlap,synthetic stress test,89,5,0.0,free_l2,exact_leaf_cached,179,1.0,1.0,0.0,0.3668880379056162,1.3519553072625698,1.0,0.022789400001784088,0.12731508380884965,13
synthetic_overlap,synthetic stress test,89,5,0.0,free_l2,native_exact_k_sparse,179,1.0,1.0,0.0,0.3668880379056162,1.3519553072625698,1.0,0.02039500001228589,0.11393854755466978,13
synthetic_overlap,synthetic stress test,89,5,0.0,free_l2,clbr_uncached,179,1.0,1.0,0.0,0.3924772873563603,1.324022346368715,1.0,0.016329999994013633,0.09122905024588622,13
synthetic_overlap,synthetic stress test,89,5,0.0,immutable_l2,nn_positive_train,179,0.8044692737430168,0.8044692737430168,0.0,2.880352649863337,12.0,0.0,0.010311700005331659,0.05760726259961821,13
synthetic_overlap,synthetic stress test,89,5,0.0,immutable_l2,leaf_centroid,179,0.8379888268156425,0.8379888268156425,0.0,3.0895342813466775,12.0,0.0,0.0360300999991523,0.20128547485559944,13
synthetic_overlap,synthetic stress test,89,5,0.0,immutable_l2,raw_leaf_projection,179,0.8100558659217877,0.8100558659217877,0.0,0.39750695809547637,1.2344827586206897,1.0,0.010268699990774621,0.05736703905460682,13
synthetic_overlap,synthetic stress test,89,5,0.0,immutable_l2,clbr,179,0.888268156424581,0.8100558659217877,0.0782122905027933,0.5855758689415964,2.1823899371069184,0.9119496855345912,0.01636610000696237,0.09143072629587916,13
synthetic_overlap,synthetic stress test,89,5,0.0,immutable_l2,metric_leaf_projection,179,0.7932960893854749,0.7932960893854749,0.0,0.3687292714175448,1.2605633802816902,1.0,0.009770500006197835,0.054583798917306345,13
synthetic_overlap,synthetic stress test,89,5,0.0,immutable_l2,metric_clbr,179,0.8938547486033519,0.7932960893854749,0.1005586592178771,0.6155401197304211,2.46875,0.8875,0.01840700000138895,0.10283240224239637,13
synthetic_overlap,synthetic stress test,89,5,0.0,immutable_l2,exact_leaf,179,1.0,1.0,0.0,0.4802558074774441,1.335195530726257,0.994413407821229,0.09516209999583225,0.5316318435521354,13
synthetic_overlap,synthetic stress test,89,5,0.0,immutable_l2,exact_leaf_cached,179,1.0,1.0,0.0,0.4802558074774441,1.335195530726257,0.994413407821229,0.021371499998167565,0.11939385473836628,13
synthetic_overlap,synthetic stress test,89,5,0.0,immutable_l2,native_exact_k_sparse,179,1.0,1.0,0.0,0.4802558074774441,1.335195530726257,0.994413407821229,0.01992969999810157,0.11133910613464564,13
synthetic_overlap,synthetic stress test,89,5,0.0,immutable_l2,clbr_uncached,179,0.888268156424581,0.8100558659217877,0.0782122905027933,0.5855758689415964,2.1823899371069184,0.9119496855345912,0.021610799992231478,0.12073072621358368,13
synthetic_overlap,synthetic stress test,89,5,0.0,immutable_top3_l1,nn_positive_train,179,0.4748603351955307,0.4748603351955307,0.0,3.8366709556103,3.0,1.0,0.010507099997084879,0.05869888266527865,13
synthetic_overlap,synthetic stress test,89,5,0.0,immutable_top3_l1,leaf_centroid,179,0.3016759776536313,0.3016759776536313,0.0,3.411137166192828,3.0,1.0,0.0352997999980289,0.19720558658116705,13
synthetic_overlap,synthetic stress test,89,5,0.0,immutable_top3_l1,raw_leaf_projection,179,0.2011173184357542,0.2011173184357542,0.0,0.4727258321184874,1.0555555555555556,1.0,0.009796699999242264,0.054730167593532206,13
synthetic_overlap,synthetic stress test,89,5,0.0,immutable_top3_l1,clbr,179,0.48044692737430167,0.2011173184357542,0.27932960893854747,1.9004648739415737,2.186046511627907,1.0,0.034145000001444714,0.1907541899522051,13
synthetic_overlap,synthetic stress test,89,5,0.0,immutable_top3_l1,metric_leaf_projection,179,0.22346368715083798,0.22346368715083798,0.0,0.4784073614871985,1.025,1.0,0.008702699999048491,0.04861843574887425,13
synthetic_overlap,synthetic stress test,89,5,0.0,immutable_top3_l1,metric_clbr,179,0.5027932960893855,0.22346368715083798,0.27932960893854747,1.8515860497627539,2.1222222222222222,1.0,0.031111599992073025,0.1738078211847655,13
synthetic_overlap,synthetic stress test,89,5,0.0,immutable_top3_l1,exact_leaf,179,0.7094972067039106,0.7094972067039106,0.0,1.0351656674284033,1.1023622047244095,1.0,0.08387070000844687,0.46855139669523393,13
synthetic_overlap,synthetic stress test,89,5,0.0,immutable_top3_l1,exact_leaf_cached,179,0.7094972067039106,0.7094972067039106,0.0,1.0351656674284033,1.1023622047244095,1.0,0.018076099998324935,0.10098379887332366,13
synthetic_overlap,synthetic stress test,89,5,0.0,immutable_top3_l1,native_exact_k_sparse,179,1.0,1.0,0.0,0.5212452578539397,1.223463687150838,1.0,0.020114299999477225,0.11237039105853198,13
synthetic_overlap,synthetic stress test,89,5,0.0,immutable_top3_l1,clbr_uncached,179,0.48044692737430167,0.2011173184357542,0.27932960893854747,1.9004648739415737,2.186046511627907,1.0,0.04132310000659345,0.23085530729940473,13
synthetic_overlap,synthetic stress test,89,5,1.0,free_l2,nn_positive_train,200,1.0,1.0,0.0,3.3392138060210135,16.0,0.0,0.01080490000458667,0.05402450002293335,13
synthetic_overlap,synthetic stress test,89,5,1.0,free_l2,leaf_centroid,200,1.0,1.0,0.0,3.874838901630444,16.0,0.0,0.03692290000162757,0.18461450000813784,13
synthetic_overlap,synthetic stress test,89,5,1.0,free_l2,raw_leaf_projection,200,1.0,1.0,0.0,0.4058609700611321,1.35,1.0,0.011214299996026966,0.05607149998013483,13
synthetic_overlap,synthetic stress test,89,5,1.0,free_l2,clbr,200,1.0,1.0,0.0,0.4058609700611321,1.35,1.0,0.01012420000097336,0.0506210000048668,13
synthetic_overlap,synthetic stress test,89,5,1.0,free_l2,metric_leaf_projection,200,1.0,1.0,0.0,0.3779516191418823,1.36,1.0,0.01040940000621049,0.05204700003105245,13
synthetic_overlap,synthetic stress test,89,5,1.0,free_l2,metric_clbr,200,1.0,1.0,0.0,0.3779516191418823,1.36,1.0,0.009835300003942393,0.049176500019711966,13
synthetic_overlap,synthetic stress test,89,5,1.0,free_l2,exact_leaf,200,1.0,1.0,0.0,0.3779516191418823,1.36,1.0,0.09792859999652137,0.48964299998260685,13
synthetic_overlap,synthetic stress test,89,5,1.0,free_l2,exact_leaf_cached,200,1.0,1.0,0.0,0.3779516191418823,1.36,1.0,0.022306599992589327,0.11153299996294663,13
synthetic_overlap,synthetic stress test,89,5,1.0,free_l2,native_exact_k_sparse,200,1.0,1.0,0.0,0.3779516191418823,1.36,1.0,0.021051099996839184,0.10525549998419592,13
synthetic_overlap,synthetic stress test,89,5,1.0,free_l2,clbr_uncached,200,1.0,1.0,0.0,0.4058609700611321,1.35,1.0,0.01687129999845638,0.0843564999922819,13
synthetic_overlap,synthetic stress test,89,5,1.0,immutable_l2,nn_positive_train,200,0.635,0.635,0.0,2.8502602537675195,12.0,0.0,0.011561199993593618,0.05780599996796809,13
synthetic_overlap,synthetic stress test,89,5,1.0,immutable_l2,leaf_centroid,200,0.745,0.745,0.0,3.1085806831595257,12.0,0.0,0.03847159999440919,0.19235799997204595,13
synthetic_overlap,synthetic stress test,89,5,1.0,immutable_l2,raw_leaf_projection,200,0.75,0.75,0.0,0.4077194722254361,1.3066666666666666,1.0,0.010251800002151867,0.05125900001075934,13
synthetic_overlap,synthetic stress test,89,5,1.0,immutable_l2,clbr,200,0.805,0.75,0.055,0.5562781417194814,2.0372670807453415,0.9316770186335404,0.01639900000191119,0.08199500000955595,13
synthetic_overlap,synthetic stress test,89,5,1.0,immutable_l2,metric_leaf_projection,200,0.76,0.76,0.0,0.38909084267369193,1.3355263157894737,1.0,0.009822100006203982,0.04911050003101991,13
synthetic_overlap,synthetic stress test,89,5,1.0,immutable_l2,metric_clbr,200,0.82,0.76,0.06,0.5507947944547144,2.1158536585365852,0.926829268292683,0.01622119999046845,0.08110599995234224,13
synthetic_overlap,synthetic stress test,89,5,1.0,immutable_l2,exact_leaf,200,1.0,1.0,0.0,0.5208467372944527,1.4,0.99,0.09789989999808313,0.48949949999041564,13
synthetic_overlap,synthetic stress test,89,5,1.0,immutable_l2,exact_leaf_cached,200,1.0,1.0,0.0,0.5208467372944527,1.4,0.99,0.023083600009158545,0.11541800004579272,13
synthetic_overlap,synthetic stress test,89,5,1.0,immutable_l2,native_exact_k_sparse,200,1.0,1.0,0.0,0.5208467372944527,1.4,0.99,0.021431000008306,0.10715500004153,13
synthetic_overlap,synthetic stress test,89,5,1.0,immutable_l2,clbr_uncached,200,0.805,0.75,0.055,0.5562781417194814,2.0372670807453415,0.9316770186335404,0.02357800000027055,0.11789000000135275,13
synthetic_overlap,synthetic stress test,89,5,1.0,immutable_top3_l1,nn_positive_train,200,0.3,0.3,0.0,3.7998880501934225,3.0,1.0,0.011480399984066025,0.05740199992033013,13
synthetic_overlap,synthetic stress test,89,5,1.0,immutable_top3_l1,leaf_centroid,200,0.21,0.21,0.0,3.5825573924571876,3.0,1.0,0.03863210001236439,0.19316050006182195,13
synthetic_overlap,synthetic stress test,89,5,1.0,immutable_top3_l1,raw_leaf_projection,200,0.17,0.17,0.0,0.46450901751364,1.0588235294117647,1.0,0.011585999996896135,0.05792999998448067,13
synthetic_overlap,synthetic stress test,89,5,1.0,immutable_top3_l1,clbr,200,0.315,0.17,0.145,1.6832197081106173,1.9523809523809523,1.0,0.02898860000914283,0.14494300004571414,13
synthetic_overlap,synthetic stress test,89,5,1.0,immutable_top3_l1,metric_leaf_projection,200,0.185,0.185,0.0,0.5039283756600421,1.0,1.0,0.010134299993296736,0.05067149996648368,13
synthetic_overlap,synthetic stress test,89,5,1.0,immutable_top3_l1,metric_clbr,200,0.34,0.185,0.155,1.6220347439805753,1.911764705882353,1.0,0.03101450000758632,0.1550725000379316,13
synthetic_overlap,synthetic stress test,89,5,1.0,immutable_top3_l1,exact_leaf,200,0.585,0.585,0.0,1.2536754427250718,1.1794871794871795,1.0,0.09087420000560087,0.45437100002800435,13
synthetic_overlap,synthetic stress test,89,5,1.0,immutable_top3_l1,exact_leaf_cached,200,0.585,0.585,0.0,1.2536754427250718,1.1794871794871795,1.0,0.01881859999957669,0.09409299999788345,13
synthetic_overlap,synthetic stress test,89,5,1.0,immutable_top3_l1,native_exact_k_sparse,200,1.0,1.0,0.0,0.5797697525707904,1.26,1.0,0.023172500006694463,0.11586250003347232,13
synthetic_overlap,synthetic stress test,89,5,1.0,immutable_top3_l1,clbr_uncached,200,0.315,0.17,0.145,1.6832197081106173,1.9523809523809523,1.0,0.03834530000403902,0.1917265000201951,13
