dataset,shift_strength,constraint,method,n_seeds,coverage_mean,coverage_ci_low,coverage_ci_high,mean_cost_valid_mean,mean_cost_valid_ci_low,mean_cost_valid_ci_high,mean_changed_valid_mean,mean_changed_valid_ci_low,mean_changed_valid_ci_high,sparse_share_leq3_mean,sparse_share_leq3_ci_low,sparse_share_leq3_ci_high,runtime_ms_per_query_mean,runtime_ms_per_query_ci_low,runtime_ms_per_query_ci_high
adult_income,0.0,free_l2,clbr,10,1.0,1.0,1.0,1.3965815835304096,1.3314865679808954,1.4659905689481403,1.8765,1.7684875,1.9625,1.0,1.0,1.0,0.04127939998761576,0.04036869998186603,0.042264155000520984
adult_income,0.0,free_l2,clbr_uncached,10,1.0,1.0,1.0,1.3965815835304096,1.3314865679808954,1.4659905689481403,1.8765,1.7684875,1.9625,1.0,1.0,1.0,0.06022299999904135,0.057056356256850904,0.06383943373523379
adult_income,0.0,free_l2,exact_leaf,10,1.0,1.0,1.0,0.5989722173790861,0.5594165383084927,0.6435869866118074,1.068,1.0450000000000002,1.09,1.0,1.0,1.0,0.3222452500122017,0.291305656267275,0.34903155000548625
adult_income,0.0,free_l2,exact_leaf_cached,10,1.0,1.0,1.0,0.5989722173790861,0.5594165383084927,0.6435869866118074,1.068,1.0450000000000002,1.09,1.0,1.0,1.0,0.08619949999138043,0.08478683373645027,0.08771116876388305
adult_income,0.0,free_l2,leaf_centroid,10,1.0,1.0,1.0,4.051742536787964,3.8214790038905675,4.250346214352356,5.0875,5.058000000000001,5.112,0.0,0.0,0.0,0.18834884999796486,0.17273738998977706,0.20343048499677252
adult_income,0.0,free_l2,metric_clbr,10,1.0,1.0,1.0,0.5989722173790861,0.5594165383084927,0.6435869866118074,1.068,1.0450000000000002,1.09,1.0,1.0,1.0,0.04043539999383938,0.03964384499471407,0.0413804549987276
adult_income,0.0,free_l2,metric_leaf_projection,10,1.0,1.0,1.0,0.5989722173790861,0.5594165383084927,0.6435869866118074,1.068,1.0450000000000002,1.09,1.0,1.0,1.0,0.04190979999657429,0.041213558746426314,0.04263913749246058
adult_income,0.0,free_l2,native_exact_k_sparse,10,1.0,1.0,1.0,0.5989722173790861,0.5594165383084927,0.6435869866118074,1.068,1.0450000000000002,1.09,1.0,1.0,1.0,0.08357069999919986,0.08154154248647956,0.08577660250557528
adult_income,0.0,free_l2,nn_positive_train,10,1.0,1.0,1.0,2.6532018548782945,2.575735782363121,2.7322237971524386,3.918,3.8669749999999996,3.9555124999999998,0.15299999999999997,0.12449999999999999,0.1895,0.04587964998700045,0.04476955373377223,0.04703936998384961
adult_income,0.0,free_l2,raw_leaf_projection,10,1.0,1.0,1.0,1.3965815835304096,1.3314865679808954,1.4659905689481403,1.8765,1.7684875,1.9625,1.0,1.0,1.0,0.043817599993872136,0.04269480499988276,0.04487782249700558
adult_income,0.0,immutable_l2,clbr,10,0.6610000000000001,0.625,0.6930125000000001,1.3648444228279364,1.293758328673349,1.4465853396799908,1.5289234403324206,1.4062414832911156,1.6196686395526032,0.9992805755395683,0.9978417266187052,1.0,0.06429080000543763,0.06129866999688147,0.06702592250702537
adult_income,0.0,immutable_l2,clbr_uncached,10,0.6610000000000001,0.625,0.6930125000000001,1.3648444228279364,1.293758328673349,1.4465853396799908,1.5289234403324206,1.4062414832911156,1.6196686395526032,0.9992805755395683,0.9978417266187052,1.0,0.08368020000443721,0.07834406001530851,0.08854003625967835
adult_income,0.0,immutable_l2,exact_leaf,10,1.0,1.0,1.0,0.6173392095813166,0.5750064587332339,0.6642655137617439,1.0295,1.0179999999999998,1.0415,1.0,1.0,1.0,0.3187695000046915,0.28918590376268866,0.34267387874521094
adult_income,0.0,immutable_l2,exact_leaf_cached,10,1.0,1.0,1.0,0.6173392095813166,0.5750064587332339,0.6642655137617439,1.0295,1.0179999999999998,1.0415,1.0,1.0,1.0,0.08929134999834787,0.08702311876128306,0.09161197873685296
adult_income,0.0,immutable_l2,leaf_centroid,10,0.8619999999999999,0.828,0.8935000000000001,3.4820158012456615,3.1568925578661267,3.772277023326579,3.068865207247602,3.030772855926185,3.098483026699112,0.9016390897985982,0.8821653680962044,0.9219695093121244,0.1855704999925365,0.17104509124328615,0.19798394249180545
adult_income,0.0,immutable_l2,metric_clbr,10,0.9469999999999998,0.938,0.9574999999999999,0.6235871947031969,0.5794412742926397,0.6742599726791763,1.0412638517449893,1.0249153751377218,1.058668525392211,1.0,1.0,1.0,0.045492049999211304,0.0440183962458832,0.047267753746689324
adult_income,0.0,immutable_l2,metric_leaf_projection,10,0.9410000000000001,0.9295,0.9535,0.6128770448510394,0.5715875501533239,0.6583545132497387,1.0308747857322387,1.018063437707748,1.0440947548518933,1.0,1.0,1.0,0.0418367499987653,0.04105254372769877,0.042888176257338276
adult_income,0.0,immutable_l2,native_exact_k_sparse,10,1.0,1.0,1.0,0.6173392095813166,0.5750064587332339,0.6642655137617439,1.0295,1.0179999999999998,1.0415,1.0,1.0,1.0,0.08371245001035277,0.0815964762609724,0.0862704625047627
adult_income,0.0,immutable_l2,nn_positive_train,10,0.658,0.623,0.6885,2.2601346914143043,2.1810287843023377,2.3433072748718002,1.9565435784076908,1.921835814647724,1.986215273608426,1.0,1.0,1.0,0.04460250000920496,0.043919882507509556,0.04529018999543268
adult_income,0.0,immutable_l2,raw_leaf_projection,10,0.6455,0.608,0.6799999999999999,1.338526990774247,1.2670439827158517,1.4138225329245675,1.499972740079344,1.3674587076868343,1.596878557925859,1.0,1.0,1.0,0.043657200005782215,0.04256448874951957,0.044822168762300406
adult_income,0.0,immutable_top3_l1,clbr,10,0.6605000000000001,0.6249874999999999,0.692,1.5861233991801202,1.4716672716605235,1.7321408877036333,1.527800054942393,1.4049424146564786,1.6178932995758912,1.0,1.0,1.0,0.06562005002069782,0.06316523001847826,0.06785192502186418
adult_income,0.0,immutable_top3_l1,clbr_uncached,10,0.6605000000000001,0.6249874999999999,0.692,1.5861233991801202,1.4716672716605235,1.7321408877036333,1.527800054942393,1.4049424146564786,1.6178932995758912,1.0,1.0,1.0,0.08853139999791892,0.08200471748591553,0.0941133587660147
adult_income,0.0,immutable_top3_l1,exact_leaf,10,0.9894999999999999,0.9804999999999999,0.9974999999999999,0.6647683356420473,0.6186638479985925,0.7172613144330275,1.0288469714809,1.0208795068027212,1.0354449838108322,1.0,1.0,1.0,0.31029505000151403,0.2782361275009066,0.3357907812481244
adult_income,0.0,immutable_top3_l1,exact_leaf_cached,10,0.9894999999999999,0.9804999999999999,0.9974999999999999,0.6647683356420473,0.6186638479985925,0.7172613144330275,1.0288469714809,1.0208795068027212,1.0354449838108322,1.0,1.0,1.0,0.08567330000005313,0.08362132499066774,0.08779550623831937
adult_income,0.0,immutable_top3_l1,leaf_centroid,10,0.634,0.5544875,0.7100000000000001,3.393935595847444,3.1176952908560587,3.6953964465506903,2.7110596584872555,2.5916987175522146,2.8122654307402843,1.0,1.0,1.0,0.18759930000260283,0.17363652500258694,0.19956910875544054
adult_income,0.0,immutable_top3_l1,metric_clbr,10,0.942,0.9305000000000001,0.9535,0.7474988890012175,0.6903880883458672,0.8097950358655355,1.0711282289419137,1.0557162674825007,1.0853113485811094,1.0,1.0,1.0,0.05093744999066985,0.04874236623621755,0.05346414499497314
adult_income,0.0,immutable_top3_l1,metric_leaf_projection,10,0.9145,0.9004999999999999,0.9275,0.6148323430878087,0.5732845377022737,0.6616114817122299,1.018019492270965,1.0110782411819785,1.0244012019126132,1.0,1.0,1.0,0.04043244999184026,0.039119866239957446,0.04173609999816108
adult_income,0.0,immutable_top3_l1,native_exact_k_sparse,10,1.0,1.0,1.0,0.6201646563839187,0.5775382256362002,0.6681134220576351,1.018,1.012,1.0235,1.0,1.0,1.0,0.08865104997539675,0.08514973622985736,0.09273781372907024
adult_income,0.0,immutable_top3_l1,nn_positive_train,10,0.658,0.623,0.6885,2.9299366313754946,2.8073834358565026,3.0513976872253705,1.9565435784076908,1.921835814647724,1.986215273608426,1.0,1.0,1.0,0.046132350010338996,0.04469255875995941,0.04760128001432804
adult_income,0.0,immutable_top3_l1,raw_leaf_projection,10,0.636,0.6015,0.6685000000000001,1.5164411763505934,1.4131260210359058,1.642317440543311,1.499378742186034,1.3666246990236228,1.5964369859337464,1.0,1.0,1.0,0.04410514999608495,0.04261903874004247,0.045833225009630496
adult_income,1.0,free_l2,clbr,10,1.0,1.0,1.0,0.8894797870787153,0.8280656159441487,0.9561468103794171,1.3489999999999998,1.2625,1.4295,1.0,1.0,1.0,0.041423750009471405,0.04061180375534832,0.04226767625689263
adult_income,1.0,free_l2,clbr_uncached,10,1.0,1.0,1.0,0.8894797870787153,0.8280656159441487,0.9561468103794171,1.3489999999999998,1.2625,1.4295,1.0,1.0,1.0,0.05934805001515997,0.05726726376628903,0.06125307001759665
adult_income,1.0,free_l2,exact_leaf,10,1.0,1.0,1.0,0.4706567541311877,0.4271187877870494,0.5134617002597671,1.141,1.0805000000000002,1.198,1.0,1.0,1.0,0.3178604499917128,0.2861004887481954,0.3465024462350129
adult_income,1.0,free_l2,exact_leaf_cached,10,1.0,1.0,1.0,0.4706567541311877,0.4271187877870494,0.5134617002597671,1.141,1.0805000000000002,1.198,1.0,1.0,1.0,0.0869875000025786,0.08523143375932704,0.08880875249892597
adult_income,1.0,free_l2,leaf_centroid,10,1.0,1.0,1.0,3.822494856825019,3.273808354570572,4.431482197571025,5.0035,4.9124875,5.0555,0.0,0.0,0.0,0.18669399999271263,0.17173174375344616,0.2004904299828354
adult_income,1.0,free_l2,metric_clbr,10,1.0,1.0,1.0,0.4706567541311877,0.4271187877870494,0.5134617002597671,1.141,1.0805000000000002,1.198,1.0,1.0,1.0,0.040680999994492595,0.039880643752530885,0.041613009984087054
adult_income,1.0,free_l2,metric_leaf_projection,10,1.0,1.0,1.0,0.4706567541311877,0.4271187877870494,0.5134617002597671,1.141,1.0805000000000002,1.198,1.0,1.0,1.0,0.041912500003491004,0.0408163787576882,0.04320456001509001
adult_income,1.0,free_l2,native_exact_k_sparse,10,1.0,1.0,1.0,0.4706567541311877,0.4271187877870494,0.5134617002597671,1.141,1.0805000000000002,1.198,1.0,1.0,1.0,0.08241795000640195,0.08054649125141396,0.08443747126694916
adult_income,1.0,free_l2,nn_positive_train,10,1.0,1.0,1.0,2.5668197904295225,2.490389962577527,2.6331106623250187,4.1034999999999995,4.0425,4.148512500000001,0.0495,0.014500000000000002,0.097,0.04460035000465723,0.04340833875944554,0.04585132000331669
adult_income,1.0,free_l2,raw_leaf_projection,10,1.0,1.0,1.0,0.8894797870787153,0.8280656159441487,0.9561468103794171,1.3489999999999998,1.2625,1.4295,1.0,1.0,1.0,0.04419609998240048,0.0428838424728724,0.04540863123079362
adult_income,1.0,immutable_l2,clbr,10,0.9995,0.9984999999999999,1.0,0.8908199155053363,0.8284033168759619,0.9568341569315536,1.349218592964824,1.2625,1.4297240577889445,1.0,1.0,1.0,0.04252969999879497,0.04144828500454878,0.0438949950125334
adult_income,1.0,immutable_l2,clbr_uncached,10,0.9995,0.9984999999999999,1.0,0.8908199155053363,0.8284033168759619,0.9568341569315536,1.349218592964824,1.2625,1.4297240577889445,1.0,1.0,1.0,0.06218855001316115,0.059488433758929204,0.06518686250932433
adult_income,1.0,immutable_l2,exact_leaf,10,1.0,1.0,1.0,0.4720300990530871,0.42785386387558055,0.5157994807691519,1.1375,1.0795000000000001,1.192,1.0,1.0,1.0,0.3317214500134469,0.30420086626825193,0.35777957502037905
adult_income,1.0,immutable_l2,exact_leaf_cached,10,1.0,1.0,1.0,0.4720300990530871,0.42785386387558055,0.5157994807691519,1.1375,1.0795000000000001,1.192,1.0,1.0,1.0,0.08945234999009699,0.08682419999649937,0.0928321824750924
adult_income,1.0,immutable_l2,leaf_centroid,10,0.9785,0.9395,0.9994999999999999,3.2564332302155323,2.6593681750447247,3.9338619635269034,3.003724888165024,2.9122520745746745,3.0559240284370914,0.949296618767342,0.9402335041872892,0.9599497487437185,0.19000475000029837,0.17763306999224823,0.20161972375798315
adult_income,1.0,immutable_l2,metric_clbr,10,0.9995,0.9984999999999999,1.0,0.477682931044479,0.43065909277517445,0.5264282462345014,1.1456608040201004,1.083,1.205490891959799,1.0,1.0,1.0,0.0444738500063977,0.04227275875055057,0.04684764000535324
adult_income,1.0,immutable_l2,metric_leaf_projection,10,0.9949999999999999,0.9869999999999999,1.0,0.4697468534877653,0.4268296312304141,0.5119261728527443,1.137566919191919,1.0795757575757576,1.1920416666666667,1.0,1.0,1.0,0.04278635000537179,0.04184439375068223,0.04377930126172487
adult_income,1.0,immutable_l2,native_exact_k_sparse,10,1.0,1.0,1.0,0.4720300990530871,0.42785386387558055,0.5157994807691519,1.1375,1.0795000000000001,1.192,1.0,1.0,1.0,0.08871739999085548,0.08562781000282485,0.09198463247513473
adult_income,1.0,immutable_l2,nn_positive_train,10,0.9949999999999999,0.9899999999999999,1.0,2.149634801350832,2.0601627689542523,2.230495917530806,2.0990925618978555,2.0394326634206985,2.1436667176007456,0.9974923857868019,0.995469543147208,0.9994999999999999,0.047653949999585166,0.04590049374526188,0.049411736248259785
adult_income,1.0,immutable_l2,raw_leaf_projection,10,0.998,0.9950000000000001,1.0,0.8877285944003935,0.8266352702858925,0.9545879051841888,1.346550505050505,1.2589098484848482,1.4283621212121214,1.0,1.0,1.0,0.04646395000099801,0.04435220250427392,0.04863434125678623
adult_income,1.0,immutable_top3_l1,clbr,10,0.999,0.9975000000000002,1.0,1.081614300532671,0.9731503295782067,1.1955802300371805,1.361964824120603,1.2717204773869344,1.4466918341708543,1.0,1.0,1.0,0.04914440001175535,0.04492787753075618,0.05397067498856813
adult_income,1.0,immutable_top3_l1,clbr_uncached,10,0.999,0.9975000000000002,1.0,1.081614300532671,0.9731503295782067,1.1955802300371805,1.361964824120603,1.2717204773869344,1.4466918341708543,1.0,1.0,1.0,0.07280729998910829,0.0679216212414417,0.07801493373550557
adult_income,1.0,immutable_top3_l1,exact_leaf,10,1.0,1.0,1.0,0.5429574734220115,0.4896297788967885,0.5961397586085403,1.1260000000000001,1.0719999999999998,1.1785,1.0,1.0,1.0,0.3174326000016663,0.28707694375038956,0.3407543050144682
adult_income,1.0,immutable_top3_l1,exact_leaf_cached,10,1.0,1.0,1.0,0.5429574734220115,0.4896297788967885,0.5961397586085403,1.1260000000000001,1.0719999999999998,1.1785,1.0,1.0,1.0,0.0883658500065394,0.08606178124513235,0.09072314000510459
adult_income,1.0,immutable_top3_l1,leaf_centroid,10,0.6955,0.5455,0.8205,3.384483772647344,2.994457628475511,3.7674891567580535,2.731163127803332,2.568648256092517,2.837840348458196,1.0,1.0,1.0,0.18951420000348662,0.17643087626607895,0.2001931187507239
adult_income,1.0,immutable_top3_l1,metric_clbr,10,0.9964999999999999,0.9924999999999999,1.0,0.7530183719206163,0.6387340618094312,0.8653295525404656,1.2002697880264264,1.1382051395939086,1.2606126527306585,1.0,1.0,1.0,0.05861994999941089,0.05288093499142406,0.06448025375252656
adult_income,1.0,immutable_top3_l1,metric_leaf_projection,10,0.9409999999999998,0.9255000000000001,0.9559999999999998,0.4847252016525749,0.43823037588178854,0.5318611017202546,1.1078608793818427,1.0475515746157456,1.1665137251522837,1.0,1.0,1.0,0.040068599997084675,0.03921559999795363,0.04105034749218248
adult_income,1.0,immutable_top3_l1,native_exact_k_sparse,10,1.0,1.0,1.0,0.4919630963569751,0.4439870209020704,0.5413139683771002,1.1065,1.047,1.1644999999999999,1.0,1.0,1.0,0.0885827999995854,0.08690475374293101,0.09006192001243107
adult_income,1.0,immutable_top3_l1,nn_positive_train,10,0.9945,0.9894999999999999,0.9984999999999999,2.7836149766532237,2.6556083547944285,2.893569419473608,2.0961578120062656,2.0375244765472447,2.1396161837885175,1.0,1.0,1.0,0.04672479999226198,0.045579748743944035,0.04789301124088752
adult_income,1.0,immutable_top3_l1,raw_leaf_projection,10,0.9744999999999999,0.9615,0.9855,0.9942766529389528,0.9167594210408269,1.0796942294030216,1.3437226084496738,1.257299507572407,1.425182859257607,1.0,1.0,1.0,0.0446201999875484,0.043661241245490603,0.04566299872757327
bank_marketing,0.0,free_l2,clbr,10,1.0,1.0,1.0,1.2991749814213125,1.046023165591012,1.5447899261051163,1.525,1.453,1.5950125000000002,1.0,1.0,1.0,0.0427905499955159,0.04117635498870413,0.044472347496719064
bank_marketing,0.0,free_l2,clbr_uncached,10,1.0,1.0,1.0,1.2991749814213125,1.046023165591012,1.5447899261051163,1.525,1.453,1.5950125000000002,1.0,1.0,1.0,0.06508454999539026,0.061300848741234405,0.06904259125877843
bank_marketing,0.0,free_l2,exact_leaf,10,1.0,1.0,1.0,0.5742601977306536,0.4495445868181379,0.7249294812086714,1.5245000000000002,1.4595,1.5795125,0.998,0.994,1.0,0.36550684998201177,0.33155037249547376,0.40156607873511807
bank_marketing,0.0,free_l2,exact_leaf_cached,10,1.0,1.0,1.0,0.5742601977306536,0.4495445868181379,0.7249294812086714,1.5245000000000002,1.4595,1.5795125,0.998,0.994,1.0,0.09206719999747293,0.08872254999248526,0.09532051625457143
bank_marketing,0.0,free_l2,leaf_centroid,10,1.0,1.0,1.0,3.523396154735329,3.340471892302833,3.691900176490362,6.444500000000001,6.221500000000001,6.664,0.0,0.0,0.0,0.19980990000476595,0.18379053875565887,0.21677940500749174
bank_marketing,0.0,free_l2,metric_clbr,10,1.0,1.0,1.0,0.5742601977306536,0.4495445868181379,0.7249294812086714,1.5245000000000002,1.4595,1.5795125,0.998,0.994,1.0,0.04299769999261116,0.04178076624522191,0.04433650374089666
bank_marketing,0.0,free_l2,metric_leaf_projection,10,1.0,1.0,1.0,0.5742601977306536,0.4495445868181379,0.7249294812086714,1.5245000000000002,1.4595,1.5795125,0.998,0.994,1.0,0.042768499994053855,0.04110275748134882,0.044625842494895096
bank_marketing,0.0,free_l2,native_exact_k_sparse,10,1.0,1.0,1.0,0.5742601977306536,0.4495445868181379,0.7249294812086714,1.5245000000000002,1.4595,1.5795125,0.998,0.994,1.0,0.08742350000466104,0.0838270800104965,0.09100189001306944
bank_marketing,0.0,free_l2,nn_positive_train,10,1.0,1.0,1.0,3.2517534913603257,3.0894691193833386,3.414254032080225,5.564,5.314000000000001,5.8165,0.012499999999999999,0.006,0.0215,0.04435929998544452,0.041996976247423844,0.04706410498231435
bank_marketing,0.0,free_l2,raw_leaf_projection,10,1.0,1.0,1.0,1.2991749814213125,1.046023165591012,1.5447899261051163,1.525,1.453,1.5950125000000002,1.0,1.0,1.0,0.04708129999426092,0.04477376124294778,0.04934030874666177
bank_marketing,0.0,immutable_l2,clbr,10,0.5349999999999999,0.3795,0.6850125,0.8247660875585827,0.6448834474339641,1.0133626463847172,2.341846643924235,2.0765840602318635,2.610540486600873,0.7703487467267524,0.6771777923305027,0.8610282131435344,0.12860044999615639,0.1075185212523138,0.15037731999518655
bank_marketing,0.0,immutable_l2,clbr_uncached,10,0.5349999999999999,0.3795,0.6850125,0.8247660875585827,0.6448834474339641,1.0133626463847172,2.341846643924235,2.0765840602318635,2.610540486600873,0.7703487467267524,0.6771777923305027,0.8610282131435344,0.15427349999345097,0.13216623125199475,0.17707052622889707
bank_marketing,0.0,immutable_l2,exact_leaf,10,1.0,1.0,1.0,0.6863049693197472,0.48864630503918133,0.9296364675610996,1.4695,1.3669875,1.5369999999999997,1.0,1.0,1.0,0.34876200000098834,0.3150899924916189,0.3845441974992923
bank_marketing,0.0,immutable_l2,exact_leaf_cached,10,1.0,1.0,1.0,0.6863049693197472,0.48864630503918133,0.9296364675610996,1.4695,1.3669875,1.5369999999999997,1.0,1.0,1.0,0.09169059999294404,0.08753290998889725,0.09640314371985141
bank_marketing,0.0,immutable_l2,leaf_centroid,10,0.524,0.358,0.692,2.278180691806584,1.9715680662353992,2.617424204058044,3.8206872845283315,3.700427124880569,3.918040346910045,0.16624607144184744,0.07814342024944428,0.2680694049489669,0.19810525000229973,0.1824483775011913,0.21543322375244997
bank_marketing,0.0,immutable_l2,metric_clbr,10,0.853,0.7194625,0.9499999999999998,0.6071388398169467,0.4560135501233919,0.7905346040315783,1.5600592160362077,1.4609941793445327,1.6407933533761199,0.9829388188515873,0.9742721174491302,0.9901496886764833,0.05933494999908362,0.052145043741836615,0.06884279000886409
bank_marketing,0.0,immutable_l2,metric_leaf_projection,10,0.8195,0.6764875,0.9255000000000001,0.5570355096028445,0.4230419703339144,0.727311384527334,1.473101807853072,1.367254138997517,1.54739210449436,1.0,1.0,1.0,0.04260660001591532,0.04076724377540586,0.0445324875133565
bank_marketing,0.0,immutable_l2,native_exact_k_sparse,10,1.0,1.0,1.0,0.6863049693197472,0.48864630503918133,0.9296364675610996,1.4695,1.3669875,1.5369999999999997,1.0,1.0,1.0,0.0875806499934697,0.08418479998927068,0.09155514000024141
bank_marketing,0.0,immutable_l2,nn_positive_train,10,0.46499999999999997,0.32348750000000004,0.6034999999999999,1.5441195500286518,1.4162305832258268,1.6809825250011705,3.488913910599824,3.39604326125256,3.5621756175861115,0.45392186701364085,0.4008713560475574,0.5181685129023367,0.04204470000513538,0.039538149997565594,0.04478910876076725
bank_marketing,0.0,immutable_l2,raw_leaf_projection,10,0.3335,0.18050000000000002,0.49850000000000005,0.5568133792955297,0.31689103166204274,0.8967631884523407,1.3533686665301572,1.2348923338566196,1.4855484870202262,1.0,1.0,1.0,0.04476430001477638,0.04284682252873608,0.04684224877911447
bank_marketing,0.0,immutable_top3_l1,clbr,10,0.48100000000000004,0.34099999999999997,0.619,0.9928509419422042,0.7941689176791913,1.2074493762596648,2.2312764363096584,2.0323365759484178,2.429484120916155,1.0,1.0,1.0,0.1411110499957431,0.11822772124561425,0.16579296248218042
bank_marketing,0.0,immutable_top3_l1,clbr_uncached,10,0.48100000000000004,0.34099999999999997,0.619,0.9928509419422042,0.7941689176791913,1.2074493762596648,2.2312764363096584,2.0323365759484178,2.429484120916155,1.0,1.0,1.0,0.16589874999499443,0.14170481249159367,0.19041777376299934
bank_marketing,0.0,immutable_top3_l1,exact_leaf,10,1.0,1.0,1.0,1.218561497702226,0.9468027338857488,1.5084153484256149,1.3379999999999999,1.2114999999999998,1.4705,1.0,1.0,1.0,0.3508330500021657,0.3218563462547195,0.3829768237504709
bank_marketing,0.0,immutable_top3_l1,exact_leaf_cached,10,1.0,1.0,1.0,1.218561497702226,0.9468027338857488,1.5084153484256149,1.3379999999999999,1.2114999999999998,1.4705,1.0,1.0,1.0,0.0899472499932017,0.0873886512508193,0.09313782372955756
bank_marketing,0.0,immutable_top3_l1,leaf_centroid,10,0.4025,0.2585,0.5600125,2.6699170962794962,2.389113928417144,2.9378088335642305,2.9334748364713077,2.8742622512465235,2.9807967665327,1.0,1.0,1.0,0.2027239999970334,0.18668380874843252,0.21965560124807554
bank_marketing,0.0,immutable_top3_l1,metric_clbr,10,0.6105,0.49350000000000005,0.7265125000000001,0.7946403274653335,0.6412602681294333,0.960023443716318,1.5385500479047869,1.433724144914107,1.6149869876791199,1.0,1.0,1.0,0.07974205001210066,0.0722020962672559,0.08662101250170054
bank_marketing,0.0,immutable_top3_l1,metric_leaf_projection,10,0.5559999999999999,0.4375000000000001,0.675,0.6487878879796019,0.5250616963354459,0.8040781689888594,1.3866059178171088,1.2935781979399263,1.4632301131259087,1.0,1.0,1.0,0.04250344999172739,0.040649762504210686,0.04440299123453997
bank_marketing,0.0,immutable_top3_l1,native_exact_k_sparse,10,1.0,1.0,1.0,0.7622806724359722,0.5620036131272309,1.010878221855163,1.414,1.307,1.5015125,1.0,1.0,1.0,0.09264289999237008,0.08971330374599802,0.09649633374162932
bank_marketing,0.0,immutable_top3_l1,nn_positive_train,10,0.46499999999999997,0.32448750000000004,0.6025125000000001,1.6998962851244896,1.4925412777820133,1.9057337660489588,2.9439540047124657,2.913153169260077,2.9695000373861564,1.0,1.0,1.0,0.04468184998177094,0.04287421997958063,0.04666692123556686
bank_marketing,0.0,immutable_top3_l1,raw_leaf_projection,10,0.26749999999999996,0.127,0.42650000000000005,0.5971439544258889,0.3597048191432459,0.9047652457661005,1.3506479170615613,1.2222469316674038,1.488187403250774,1.0,1.0,1.0,0.04487245000746043,0.04321138375652254,0.046831010014545885
bank_marketing,1.0,free_l2,clbr,10,1.0,1.0,1.0,1.0998582712660272,0.931025185353797,1.297536696165866,1.4874999999999998,1.379,1.5899999999999999,1.0,1.0,1.0,0.0430671500103017,0.04152394375722679,0.04497690375992534
bank_marketing,1.0,free_l2,clbr_uncached,10,1.0,1.0,1.0,1.0998582712660272,0.931025185353797,1.297536696165866,1.4874999999999998,1.379,1.5899999999999999,1.0,1.0,1.0,0.06745314998943286,0.06346678623604021,0.0718789737361135
bank_marketing,1.0,free_l2,exact_leaf,10,1.0,1.0,1.0,0.5345301025327381,0.4161599957004442,0.6752896303489223,1.4785,1.436,1.525,1.0,1.0,1.0,0.3744517500026632,0.3394490949879582,0.4111876412580159
bank_marketing,1.0,free_l2,exact_leaf_cached,10,1.0,1.0,1.0,0.5345301025327381,0.4161599957004442,0.6752896303489223,1.4785,1.436,1.525,1.0,1.0,1.0,0.09362189999910697,0.08950243125536872,0.09867423625661331
bank_marketing,1.0,free_l2,leaf_centroid,10,1.0,1.0,1.0,3.473565523810996,3.2330877370637965,3.7339951852979434,6.8725,6.725499999999999,6.965012500000001,0.0,0.0,0.0,0.20737495000366835,0.18916339000701327,0.22649548124189778
bank_marketing,1.0,free_l2,metric_clbr,10,1.0,1.0,1.0,0.5345301025327381,0.4161599957004442,0.6752896303489223,1.4785,1.436,1.525,1.0,1.0,1.0,0.04306019999012278,0.04172106997302762,0.044544850006332126
bank_marketing,1.0,free_l2,metric_leaf_projection,10,1.0,1.0,1.0,0.5345301025327381,0.4161599957004442,0.6752896303489223,1.4785,1.436,1.525,1.0,1.0,1.0,0.04429524999204659,0.04266193998610106,0.04610994999893592
bank_marketing,1.0,free_l2,native_exact_k_sparse,10,1.0,1.0,1.0,0.5345301025327381,0.4161599957004442,0.6752896303489223,1.4785,1.436,1.525,1.0,1.0,1.0,0.0894644499971946,0.08648034249819148,0.09312277124554384
bank_marketing,1.0,free_l2,nn_positive_train,10,1.0,1.0,1.0,3.292797279719681,3.117049474334137,3.475435149207503,5.944,5.6370000000000005,6.228525,0.0,0.0,0.0,0.04469889999700172,0.04279394499080809,0.0474320037602979
bank_marketing,1.0,free_l2,raw_leaf_projection,10,1.0,1.0,1.0,1.0998582712660272,0.931025185353797,1.297536696165866,1.4874999999999998,1.379,1.5899999999999999,1.0,1.0,1.0,0.04651384998805952,0.04464878498771441,0.04858350373284566
bank_marketing,1.0,immutable_l2,clbr,10,0.6559999999999999,0.5169875,0.7769999999999999,0.8322320327171108,0.6450734920366501,1.0442414823827215,2.5028099746183936,2.1987631348072925,2.830907981944379,0.6951525402383171,0.5846227153280634,0.7977701590465537,0.17686104999756935,0.13906930624773395,0.21739536376728666
bank_marketing,1.0,immutable_l2,clbr_uncached,10,0.6559999999999999,0.5169875,0.7769999999999999,0.8322320327171108,0.6450734920366501,1.0442414823827215,2.5028099746183936,2.1987631348072925,2.830907981944379,0.6951525402383171,0.5846227153280634,0.7977701590465537,0.2070016000116084,0.16518379377722567,0.25140041250682543
bank_marketing,1.0,immutable_l2,exact_leaf,10,1.0,1.0,1.0,0.6592386033872593,0.4712427682211474,0.8977934098375104,1.3655,1.259,1.4505,1.0,1.0,1.0,0.362952400001177,0.3289706774895649,0.3966432762682757
bank_marketing,1.0,immutable_l2,exact_leaf_cached,10,1.0,1.0,1.0,0.6592386033872593,0.4712427682211474,0.8977934098375104,1.3655,1.259,1.4505,1.0,1.0,1.0,0.09631485000090834,0.09243083126279998,0.10064108999558811
bank_marketing,1.0,immutable_l2,leaf_centroid,10,0.7615000000000001,0.5604875,0.9360500000000002,2.3073345350413748,1.8838254910797931,2.766071534346644,3.9544787017523184,3.918506054459401,3.984499801768407,0.045521298247681155,0.015500198231593102,0.08149394554059868,0.20754879999731202,0.18874409749562346,0.2269678449971934
bank_marketing,1.0,immutable_l2,metric_clbr,10,0.853,0.745,0.9404999999999999,0.6180753956330202,0.46594109001018835,0.8042449029603523,1.584608802052022,1.4611967145837066,1.6826246507673812,0.9476592915284041,0.9220602280319322,0.9716725834265423,0.07609959999444982,0.06636913501018853,0.08707352122770544
bank_marketing,1.0,immutable_l2,metric_leaf_projection,10,0.775,0.6625,0.8640125000000002,0.5021971236580469,0.3937095716508572,0.6256922716078911,1.3752553547288762,1.2816763260287296,1.4477618046812935,1.0,1.0,1.0,0.04492300000129035,0.04236268748445582,0.047629837512761244
bank_marketing,1.0,immutable_l2,native_exact_k_sparse,10,1.0,1.0,1.0,0.6592386033872593,0.4712427682211474,0.8977934098375104,1.3655,1.259,1.4505,1.0,1.0,1.0,0.09201435000613856,0.08859853000476506,0.0960533374993929
bank_marketing,1.0,immutable_l2,nn_positive_train,10,0.596,0.45497499999999996,0.7215250000000001,1.701839372417835,1.5555193353828152,1.8987423102504137,3.466894355759134,3.32200593477654,3.5932954517238125,0.4652870517570163,0.3785639286725154,0.5640268445211429,0.04467894999925193,0.04239304124797627,0.04726728749342328
bank_marketing,1.0,immutable_l2,raw_leaf_projection,10,0.297,0.1969875,0.4095,0.5614010722419996,0.3600331975900552,0.8774792302397396,1.304564270525533,1.1709672955996486,1.4525165451930158,1.0,1.0,1.0,0.0465478999849438,0.044774791237625775,0.04838158247315505
bank_marketing,1.0,immutable_top3_l1,clbr,10,0.6335000000000001,0.4964874999999999,0.7525,0.9705506764235808,0.7966942168644222,1.1809673481309733,2.281739609453991,2.0621346522785875,2.507879465491189,1.0,1.0,1.0,0.18738749999965876,0.1500901899944438,0.22683067000374424
bank_marketing,1.0,immutable_top3_l1,clbr_uncached,10,0.6335000000000001,0.4964874999999999,0.7525,0.9705506764235808,0.7966942168644222,1.1809673481309733,2.281739609453991,2.0621346522785875,2.507879465491189,1.0,1.0,1.0,0.21853550000605537,0.17735362501372265,0.26162246250825094
bank_marketing,1.0,immutable_top3_l1,exact_leaf,10,1.0,1.0,1.0,0.9200136657190784,0.7525455037763908,1.1076903814725114,1.2894999999999999,1.205475,1.362,1.0,1.0,1.0,0.3586358000056862,0.3282643912538902,0.39022162501286173
bank_marketing,1.0,immutable_top3_l1,exact_leaf_cached,10,1.0,1.0,1.0,0.9200136657190784,0.7525455037763908,1.1076903814725114,1.2894999999999999,1.205475,1.362,1.0,1.0,1.0,0.09396784999717056,0.0899483025065706,0.09809619998895869
bank_marketing,1.0,immutable_top3_l1,leaf_centroid,10,0.6265,0.47295000000000004,0.7749999999999999,2.7923579732044685,2.1891551393081246,3.4312868606315385,2.973257840976977,2.942200328407225,2.9958622772576264,1.0,1.0,1.0,0.2095783000127085,0.189449763768323,0.22986528501091927
bank_marketing,1.0,immutable_top3_l1,metric_clbr,10,0.744,0.6615,0.828,0.7660523294677147,0.6142994879170999,0.9481358288578012,1.5156867143899493,1.4001121018804714,1.6120269834609784,1.0,1.0,1.0,0.08533709999755956,0.07724138127816786,0.0937116824985651
bank_marketing,1.0,immutable_top3_l1,metric_leaf_projection,10,0.6485000000000001,0.5699875000000001,0.729,0.5829929844818791,0.44436963782384103,0.7410285992739736,1.308492784736218,1.2293809131747215,1.3770007116984464,1.0,1.0,1.0,0.04279344998894885,0.04083574999231132,0.0447742474784036
bank_marketing,1.0,immutable_top3_l1,native_exact_k_sparse,10,1.0,1.0,1.0,0.7179632020350752,0.5350114062479783,0.9478776985114098,1.342,1.2434999999999998,1.4180125,1.0,1.0,1.0,0.09521825000183526,0.09112087625354662,0.09929017126164581
bank_marketing,1.0,immutable_top3_l1,nn_positive_train,10,0.5945,0.454475,0.7200125,1.8850147811637856,1.6872148240171552,2.148717943734406,2.9321193523905507,2.8855926675447385,2.972820729819716,1.0,1.0,1.0,0.04590550000511939,0.043598232503359216,0.04849273625483193
bank_marketing,1.0,immutable_top3_l1,raw_leaf_projection,10,0.24900000000000003,0.15599999999999997,0.35750000000000004,0.5779110044755359,0.37101122131958475,0.8669899410650315,1.2760139678381595,1.1351975732254487,1.4334497074121,1.0,1.0,1.0,0.04741480000620868,0.0450810675071807,0.049585554998270706
breast_cancer,0.0,free_l2,clbr,10,1.0,1.0,1.0,1.340532241296503,1.188309175471818,1.5182400305911714,1.5933645038578395,1.4018708206679995,1.8183391122456976,1.0,1.0,1.0,0.04107082183527537,0.03946487098508435,0.043081228826494414
breast_cancer,0.0,free_l2,clbr_uncached,10,1.0,1.0,1.0,1.340532241296503,1.188309175471818,1.5182400305911714,1.5933645038578395,1.4018708206679995,1.8183391122456976,1.0,1.0,1.0,0.04918116294133108,0.04730675620938599,0.051086021860528366
breast_cancer,0.0,free_l2,exact_leaf,10,1.0,1.0,1.0,1.0173196931635173,0.9307315776850615,1.118210567566538,1.5639162890339635,1.4018553954357118,1.7100764551106382,0.9986111111111111,0.9958333333333332,1.0,0.19378896633736414,0.17945633377767073,0.20682821190470807
breast_cancer,0.0,free_l2,exact_leaf_cached,10,1.0,1.0,1.0,1.0173196931635173,0.9307315776850615,1.118210567566538,1.5639162890339635,1.4018553954357118,1.7100764551106382,0.9986111111111111,0.9958333333333332,1.0,0.08458821079574422,0.08212663127351373,0.08735283178015592
breast_cancer,0.0,free_l2,leaf_centroid,10,1.0,1.0,1.0,6.7070088810699815,6.304911974516137,7.276208836631003,30.0,30.0,30.0,0.0,0.0,0.0,0.08659282875812563,0.08219581136851795,0.0910735821109758
breast_cancer,0.0,free_l2,metric_clbr,10,1.0,1.0,1.0,1.0173196931635173,0.9307315776850615,1.118210567566538,1.5639162890339635,1.4018553954357118,1.7100764551106382,0.9986111111111111,0.9958333333333332,1.0,0.04017188962884072,0.039137770211053906,0.04129843703408616
breast_cancer,0.0,free_l2,metric_leaf_projection,10,1.0,1.0,1.0,1.0173196931635173,0.9307315776850615,1.118210567566538,1.5639162890339635,1.4018553954357118,1.7100764551106382,0.9986111111111111,0.9958333333333332,1.0,0.040440916292033245,0.039360171762518284,0.04171667984694176
breast_cancer,0.0,free_l2,native_exact_k_sparse,10,1.0,1.0,1.0,1.0173196931635173,0.9307315776850615,1.118210567566538,1.5639162890339635,1.4018553954357118,1.7100764551106382,0.9986111111111111,0.9958333333333332,1.0,0.08321743141680622,0.0809052488849254,0.08634348876680134
breast_cancer,0.0,free_l2,nn_positive_train,10,1.0,1.0,1.0,7.226439032539176,6.975363848302717,7.497808050377001,29.975067330963924,29.96009823146616,29.987981986216635,0.0,0.0,0.0,0.04362070293899323,0.04273866410840414,0.04440091660066152
breast_cancer,0.0,free_l2,raw_leaf_projection,10,1.0,1.0,1.0,1.340532241296503,1.188309175471818,1.5182400305911714,1.5933645038578395,1.4018708206679995,1.8183391122456976,1.0,1.0,1.0,0.043128695957135824,0.04182508112508082,0.04456143912535327
breast_cancer,0.0,immutable_l2,clbr,10,0.9103850425768234,0.7891405960755276,1.0,1.4150313207980154,1.2098927833251467,1.6487006535805107,2.4709831158414532,1.5310678320894153,4.134299964204032,0.967741935483871,0.9032258064516128,1.0,0.04702724714084271,0.03917380650341186,0.060188887016332376
breast_cancer,0.0,immutable_l2,clbr_uncached,10,0.9103850425768234,0.7891405960755276,1.0,1.4150313207980154,1.2098927833251467,1.6487006535805107,2.4709831158414532,1.5310678320894153,4.134299964204032,0.967741935483871,0.9032258064516128,1.0,0.056561912227363266,0.04792611635686647,0.07066646234397007
breast_cancer,0.0,immutable_l2,exact_leaf,10,1.0,1.0,1.0,1.0642639202315398,0.9862452090490281,1.1522453798084318,1.6035991826552132,1.4085361608934654,1.7864093291811491,1.0,1.0,1.0,0.18877698980806223,0.17570090848681078,0.20151372894555983
breast_cancer,0.0,immutable_l2,exact_leaf_cached,10,1.0,1.0,1.0,1.0642639202315398,0.9862452090490281,1.1522453798084318,1.6035991826552132,1.4085361608934654,1.7864093291811491,1.0,1.0,1.0,0.08413453419991647,0.08253275052704309,0.08569825668460565
breast_cancer,0.0,immutable_l2,leaf_centroid,10,0.8368811748948735,0.6126054136328108,0.9944444444444445,6.598947985342972,6.091634758209711,7.249585620834511,27.0,27.0,27.0,0.0,0.0,0.0,0.08479932792028447,0.08174316900294475,0.08810632299681369
breast_cancer,0.0,immutable_l2,metric_clbr,10,0.9444164498959019,0.8764925929309492,1.0,1.0393445678138664,0.9559349824536179,1.1334472062486054,1.7602401175790956,1.4829383759851105,2.0578826814625297,0.9932397583259652,0.9858090185676393,1.0,0.046355464958525806,0.041963435327891555,0.051506652109372726
breast_cancer,0.0,immutable_l2,metric_leaf_projection,10,0.9389549952906118,0.8653641655353983,0.9948051948051948,0.9988432623534302,0.8987529342114515,1.1082091101192004,1.5915445597554632,1.4088365489309826,1.749992570213193,1.0,1.0,1.0,0.04016403907171129,0.03856324208878353,0.04236708807249699
breast_cancer,0.0,immutable_l2,native_exact_k_sparse,10,1.0,1.0,1.0,1.0642639202315398,0.9862452090490281,1.1522453798084318,1.6035991826552132,1.4085361608934654,1.7864093291811491,1.0,1.0,1.0,0.0830180077923872,0.07904317035237603,0.08879367585839443
breast_cancer,0.0,immutable_l2,nn_positive_train,10,0.8208102338239325,0.6240745370882357,1.0,6.716214949014412,6.265848629413005,7.1158473071608155,26.9732320708603,26.942526480990846,26.993213149522795,0.0,0.0,0.0,0.04276907867158093,0.041463016494136334,0.04413987442581084
breast_cancer,0.0,immutable_l2,raw_leaf_projection,10,0.8968715290633099,0.7536282858200666,1.0,1.2422560912321579,0.9942175465244584,1.483806406295594,1.6476344215250172,1.4808917130446075,1.843564546113427,1.0,1.0,1.0,0.04183849361083253,0.040883553944318876,0.04282104614623591
breast_cancer,0.0,immutable_top3_l1,clbr,10,0.1740354429718541,0.09887569456697748,0.2697661572745613,0.9652963906367196,0.5860225113005243,1.3932247764129868,2.2928537690379795,1.944532967032967,2.5953689632735686,1.0,1.0,1.0,0.10839804193978342,0.09550825991061712,0.1262943950965834
breast_cancer,0.0,immutable_top3_l1,clbr_uncached,10,0.1740354429718541,0.09887569456697748,0.2697661572745613,0.9652963906367196,0.5860225113005243,1.3932247764129868,2.2928537690379795,1.944532967032967,2.5953689632735686,1.0,1.0,1.0,0.12392014922794177,0.11014642290631561,0.14330891470152748
breast_cancer,0.0,immutable_top3_l1,exact_leaf,10,0.334907764313692,0.20507398767638307,0.4921498043213736,0.8810407355284283,0.6944618521463727,1.0744682293648484,1.0561430571344363,1.016594827586207,1.100925099206349,1.0,1.0,1.0,0.15550755433440674,0.14214947822143914,0.1697904149441238
breast_cancer,0.0,immutable_top3_l1,exact_leaf_cached,10,0.334907764313692,0.20507398767638307,0.4921498043213736,0.8810407355284283,0.6944618521463727,1.0744682293648484,1.0561430571344363,1.016594827586207,1.100925099206349,1.0,1.0,1.0,0.058381880059343125,0.05261764007798547,0.06504671534152036
breast_cancer,0.0,immutable_top3_l1,leaf_centroid,10,0.25755691408142845,0.1211930965148419,0.4222503691793079,2.37947379441819,1.8273651922067367,2.9351434530790472,3.0,3.0,3.0,1.0,1.0,1.0,0.08418446289053183,0.08067429235730612,0.08811435541531618
breast_cancer,0.0,immutable_top3_l1,metric_clbr,10,0.2684468263387444,0.17243516049420446,0.37670103409447825,0.8967404947646177,0.659484770349788,1.1723742217406357,1.4296112591378014,1.1607198025551684,1.7548493543758965,1.0,1.0,1.0,0.08746764386030448,0.07947462219913494,0.09606333304194102
breast_cancer,0.0,immutable_top3_l1,metric_leaf_projection,10,0.22783843309206211,0.13768140971759277,0.3303898939984143,0.6262063847475041,0.4600685149499156,0.8015023827604272,1.0406180026869682,1.009090909090909,1.0798626660695625,1.0,1.0,1.0,0.03896166085322158,0.03706552812679222,0.04104361402251043
breast_cancer,0.0,immutable_top3_l1,native_exact_k_sparse,10,1.0,1.0,1.0,1.2531125640200345,1.1180660858600364,1.392814510608315,1.5256588862842608,1.296936318035932,1.7421349147526846,1.0,1.0,1.0,0.08607795881627231,0.08342637890030585,0.08894470313225139
breast_cancer,0.0,immutable_top3_l1,nn_positive_train,10,0.1654988576060005,0.09387721218350008,0.26168462408707127,1.5874912652384756,1.066828354548246,2.129629408341025,3.0,3.0,3.0,1.0,1.0,1.0,0.042327019817699305,0.041641541291787786,0.04300398156854592
breast_cancer,0.0,immutable_top3_l1,raw_leaf_projection,10,0.07169480045840373,0.029600336357025355,0.1270396162892535,0.5730662798861501,0.3112638564293946,0.8400727189087593,1.0,1.0,1.0,1.0,1.0,1.0,0.04062111292624313,0.03898490568612107,0.04273552868546702
breast_cancer,1.0,free_l2,clbr,10,1.0,1.0,1.0,1.3986620251483228,1.2315560850427842,1.5912991153540135,1.6038931621150834,1.410990927332902,1.8250162618535324,1.0,1.0,1.0,0.03908074283017269,0.03814646617963757,0.04017506837827634
breast_cancer,1.0,free_l2,clbr_uncached,10,1.0,1.0,1.0,1.3986620251483228,1.2315560850427842,1.5912991153540135,1.6038931621150834,1.410990927332902,1.8250162618535324,1.0,1.0,1.0,0.050292855788053904,0.04669431221474067,0.054642872527303245
breast_cancer,1.0,free_l2,exact_leaf,10,1.0,1.0,1.0,1.0357906170362199,0.9529893641488857,1.1315832777311945,1.5755117050401732,1.3952318501363463,1.7387777056990605,1.0,1.0,1.0,0.18792664243153437,0.1732406140876762,0.20360320402578974
breast_cancer,1.0,free_l2,exact_leaf_cached,10,1.0,1.0,1.0,1.0357906170362199,0.9529893641488857,1.1315832777311945,1.5755117050401732,1.3952318501363463,1.7387777056990605,1.0,1.0,1.0,0.08576227842277674,0.08260986449043589,0.08889776649304132
breast_cancer,1.0,free_l2,leaf_centroid,10,1.0,1.0,1.0,7.256898714925795,6.852512883583458,7.799790791186993,30.0,30.0,30.0,0.0,0.0,0.0,0.08418454565716404,0.07945936159295082,0.0895644344372185
breast_cancer,1.0,free_l2,metric_clbr,10,1.0,1.0,1.0,1.0357906170362199,0.9529893641488857,1.1315832777311945,1.5755117050401732,1.3952318501363463,1.7387777056990605,1.0,1.0,1.0,0.039824481769774135,0.038516149521111334,0.04123775024960565
breast_cancer,1.0,free_l2,metric_leaf_projection,10,1.0,1.0,1.0,1.0357906170362199,0.9529893641488857,1.1315832777311945,1.5755117050401732,1.3952318501363463,1.7387777056990605,1.0,1.0,1.0,0.03982735870155365,0.03873104525502524,0.04117617264089578
breast_cancer,1.0,free_l2,native_exact_k_sparse,10,1.0,1.0,1.0,1.0357906170362199,0.9529893641488857,1.1315832777311945,1.5755117050401732,1.3952318501363463,1.7387777056990605,1.0,1.0,1.0,0.08135020431278749,0.07897489694837102,0.08392796313985464
breast_cancer,1.0,free_l2,nn_positive_train,10,1.0,1.0,1.0,7.714633608995764,7.457114885911319,7.977485555874262,29.977448947182694,29.95820186609278,29.991513597391922,0.0,0.0,0.0,0.04275695821939368,0.04152931910112208,0.0441649664727856
breast_cancer,1.0,free_l2,raw_leaf_projection,10,1.0,1.0,1.0,1.3986620251483228,1.2315560850427842,1.5912991153540135,1.6038931621150834,1.410990927332902,1.8250162618535324,1.0,1.0,1.0,0.04148496843984169,0.0400780892650836,0.04311387786468784
breast_cancer,1.0,immutable_l2,clbr,10,0.9357642357642358,0.828071928071928,1.0,1.396222364564618,1.2139736564023569,1.599891342807563,2.207138346882007,1.5204717585872602,3.358912663796901,0.9777777777777779,0.9333333333333332,1.0,0.04708019075102291,0.03947767543590186,0.05926117572766079
breast_cancer,1.0,immutable_l2,clbr_uncached,10,0.9357642357642358,0.828071928071928,1.0,1.396222364564618,1.2139736564023569,1.599891342807563,2.207138346882007,1.5204717585872602,3.358912663796901,0.9777777777777779,0.9333333333333332,1.0,0.056572175133910184,0.048417390786737076,0.06867559107135729
breast_cancer,1.0,immutable_l2,exact_leaf,10,1.0,1.0,1.0,1.04872489704904,0.9650762580630786,1.1410358722075682,1.5925538997932116,1.394623176210482,1.7770868287296286,1.0,1.0,1.0,0.19293643207408775,0.17726955468614627,0.2109808971244636
breast_cancer,1.0,immutable_l2,exact_leaf_cached,10,1.0,1.0,1.0,1.04872489704904,0.9650762580630786,1.1410358722075682,1.5925538997932116,1.394623176210482,1.7770868287296286,1.0,1.0,1.0,0.08608612974128489,0.08288957585235608,0.08936109519671201
breast_cancer,1.0,immutable_l2,leaf_centroid,10,0.8301170716833367,0.6032634032634032,0.9896103896103895,6.580791799335531,6.060717737042226,7.239071649970691,27.0,27.0,27.0,0.0,0.0,0.0,0.09006064278577018,0.08406826269787232,0.09641691784545091
breast_cancer,1.0,immutable_l2,metric_clbr,10,0.9783036240867566,0.9534465534465536,1.0,1.0389303554159905,0.9496306586468513,1.1355694073249916,1.6907346727336754,1.4096808228248041,2.055169944898904,0.9958333333333333,0.9875,1.0,0.043629578283109795,0.040856948322646885,0.04674275887364423
breast_cancer,1.0,immutable_l2,metric_leaf_projection,10,0.9744574702406027,0.9446053946053945,1.0,1.018166439242603,0.9320010737122001,1.1220751473264947,1.5866887790138686,1.3915367210288303,1.7631173532389357,1.0,1.0,1.0,0.04154667863227453,0.03980388488838841,0.04334769662639072
breast_cancer,1.0,immutable_l2,native_exact_k_sparse,10,1.0,1.0,1.0,1.04872489704904,0.9650762580630786,1.1410358722075682,1.5925538997932116,1.394623176210482,1.7770868287296286,1.0,1.0,1.0,0.08414656416350896,0.08148090452165584,0.08684655307131055
breast_cancer,1.0,immutable_l2,nn_positive_train,10,0.7991981913668661,0.5996950840324334,0.9922402597402598,6.643376845785282,6.17696790495913,7.056765128723658,26.970456203084684,26.939921329314892,26.99393255950632,0.0,0.0,0.0,0.04328451900671958,0.042020118137352555,0.044702813576569064
breast_cancer,1.0,immutable_l2,raw_leaf_projection,10,0.9255078255078255,0.7973026973026973,1.0,1.244746811525495,0.99747753941345,1.481692502481084,1.63967802942169,1.4690765523505678,1.8415909271589874,1.0,1.0,1.0,0.042618788883303504,0.04075603244254072,0.04465941503336328
breast_cancer,1.0,immutable_top3_l1,clbr,10,0.16835558800581335,0.09745237472759785,0.25586751496369653,0.9573420653687432,0.5739071068095022,1.3927574856404399,2.261431293931294,1.8773621299871301,2.5984699844074846,1.0,1.0,1.0,0.11165702055286261,0.09778787392705739,0.12776563297117494
breast_cancer,1.0,immutable_top3_l1,clbr_uncached,10,0.16835558800581335,0.09745237472759785,0.25586751496369653,0.9573420653687432,0.5739071068095022,1.3927574856404399,2.261431293931294,1.8773621299871301,2.5984699844074846,1.0,1.0,1.0,0.12748207368229642,0.11355162739360167,0.14288015538815363
breast_cancer,1.0,immutable_top3_l1,exact_leaf,10,0.3335727046088518,0.20387014499173292,0.48883120763339044,0.8659093893736539,0.6773460694052408,1.0595982662650425,1.052986316105355,1.0184765122265123,1.0902856749135639,1.0,1.0,1.0,0.15781247490219596,0.14384150135466928,0.17326831307629084
breast_cancer,1.0,immutable_top3_l1,exact_leaf_cached,10,0.3335727046088518,0.20387014499173292,0.48883120763339044,0.8659093893736539,0.6773460694052408,1.0595982662650425,1.052986316105355,1.0184765122265123,1.0902856749135639,1.0,1.0,1.0,0.061011066985092025,0.05477323100428566,0.06792382064906738
breast_cancer,1.0,immutable_top3_l1,leaf_centroid,10,0.24884736496947402,0.1177008329250096,0.4039217339045441,2.388999645092639,1.8487125181231874,2.9206045639176446,3.0,3.0,3.0,1.0,1.0,1.0,0.08587201630935785,0.08085082893929048,0.09141504176096608
breast_cancer,1.0,immutable_top3_l1,metric_clbr,10,0.274441018543231,0.17484577509584254,0.3888465196107979,0.8859523371217415,0.6447976225155398,1.1609400401254863,1.4373454639308298,1.1645385856239514,1.7655119047619046,1.0,1.0,1.0,0.08833501790435118,0.07785040546097656,0.09797500466120175
breast_cancer,1.0,immutable_top3_l1,metric_leaf_projection,10,0.23400476601817388,0.13963396576951825,0.34846616119998497,0.6181830997908138,0.4530248976976473,0.7890533567105809,1.04246985453882,1.0109427609427608,1.080341904264318,1.0,1.0,1.0,0.039955800315570875,0.03826084847794851,0.041972726843896725
breast_cancer,1.0,immutable_top3_l1,native_exact_k_sparse,10,1.0,1.0,1.0,1.2345152939697868,1.0937722528696745,1.3779914623398022,1.5146685852543493,1.2856362136184838,1.7347360197692603,1.0,1.0,1.0,0.08827222838477336,0.08487418644945936,0.09288824184308554
breast_cancer,1.0,immutable_top3_l1,nn_positive_train,10,0.15981900263995968,0.09179842967301695,0.2476315116339822,1.5772663420230144,1.0419173160670994,2.137886441818175,3.0,3.0,3.0,1.0,1.0,1.0,0.045058334986156016,0.04228925727792155,0.048281717219711556
breast_cancer,1.0,immutable_top3_l1,raw_leaf_projection,10,0.0718258436617361,0.030233046040434263,0.12596412692329778,0.5636492179533701,0.2995327582649158,0.8348419945240019,1.0,1.0,1.0,1.0,1.0,1.0,0.04126589533103432,0.03963266872365403,0.04319547001682626
compas,0.0,free_l2,clbr,10,1.0,1.0,1.0,1.6259356720321558,1.1650348009621114,2.1132080598058978,1.6484999999999999,1.3529875,1.9400500000000003,0.999,0.9970000000000001,1.0,0.04959640001789012,0.047734311269016415,0.05158476001510053
compas,0.0,free_l2,clbr_uncached,10,1.0,1.0,1.0,1.6259356720321558,1.1650348009621114,2.1132080598058978,1.6484999999999999,1.3529875,1.9400500000000003,0.999,0.9970000000000001,1.0,0.0633395499908147,0.0591070262299354,0.06743257624050329
compas,0.0,free_l2,exact_leaf,10,1.0,1.0,1.0,0.9571211813831259,0.8011215914726897,1.1197090231337934,1.2704999999999997,1.0829875000000002,1.5145125000000002,1.0,1.0,1.0,0.2722775500046737,0.23581663375640574,0.3070364775118378
compas,0.0,free_l2,exact_leaf_cached,10,1.0,1.0,1.0,0.9571211813831259,0.8011215914726897,1.1197090231337934,1.2704999999999997,1.0829875000000002,1.5145125000000002,1.0,1.0,1.0,0.10403194998752952,0.10027353874761502,0.10804734747822523
compas,0.0,free_l2,leaf_centroid,10,1.0,1.0,1.0,3.756933430061715,3.075246246401664,4.449246087588767,6.6315,6.2229375000000005,7.010499999999999,0.0,0.0,0.0,0.20077709999077342,0.18181097623285042,0.21884626498997478
compas,0.0,free_l2,metric_clbr,10,1.0,1.0,1.0,0.9571211813831259,0.8011215914726897,1.1197090231337934,1.2704999999999997,1.0829875000000002,1.5145125000000002,1.0,1.0,1.0,0.049427850005940854,0.047892541258113396,0.05098838875344427
compas,0.0,free_l2,metric_leaf_projection,10,1.0,1.0,1.0,0.9571211813831259,0.8011215914726897,1.1197090231337934,1.2704999999999997,1.0829875000000002,1.5145125000000002,1.0,1.0,1.0,0.04955419999532751,0.04744266873772176,0.05170235249593134
compas,0.0,free_l2,native_exact_k_sparse,10,1.0,1.0,1.0,0.9571211813831259,0.8011215914726897,1.1197090231337934,1.2704999999999997,1.0829875000000002,1.5145125000000002,1.0,1.0,1.0,0.10066184998913741,0.09604399622799065,0.10505813373807768
compas,0.0,free_l2,nn_positive_train,10,1.0,1.0,1.0,2.850633854388705,2.484399318081792,3.25803683451657,4.283,4.1389875,4.4330125,0.18650000000000003,0.13300000000000003,0.236,0.06964245001108793,0.06795388374920322,0.07136150001269925
compas,0.0,free_l2,raw_leaf_projection,10,1.0,1.0,1.0,1.6259356720321558,1.1650348009621114,2.1132080598058978,1.6484999999999999,1.3529875,1.9400500000000003,0.999,0.9970000000000001,1.0,0.052694750001137436,0.05042486749808859,0.055057308747132085
compas,0.0,immutable_l2,clbr,10,0.6705,0.4405,0.882,1.352031206018531,0.9071829907605203,1.9049378597011564,1.4114396331066277,1.1987965558757352,1.6461276420336026,1.0,1.0,1.0,0.08091760000979775,0.05953687126843761,0.10539597126181662
compas,0.0,immutable_l2,clbr_uncached,10,0.6705,0.4405,0.882,1.352031206018531,0.9071829907605203,1.9049378597011564,1.4114396331066277,1.1987965558757352,1.6461276420336026,1.0,1.0,1.0,0.09622395000451434,0.07220714374871022,0.12269305001882458
compas,0.0,immutable_l2,exact_leaf,10,1.0,1.0,1.0,1.0129347919018303,0.8471425249563654,1.1710053290315303,1.1099999999999999,1.0074999999999998,1.2515125,1.0,1.0,1.0,0.27183080000349946,0.23799942001511454,0.3061545812471877
compas,0.0,immutable_l2,exact_leaf_cached,10,1.0,1.0,1.0,1.0129347919018303,0.8471425249563654,1.1710053290315303,1.1099999999999999,1.0074999999999998,1.2515125,1.0,1.0,1.0,0.10436279999839826,0.10208737998832476,0.10652921626381158
compas,0.0,immutable_l2,leaf_centroid,10,0.6745,0.45150000000000007,0.882,2.6895696684514867,1.9066388033309307,3.5291019600682847,2.8692444342193113,2.8001235823905164,2.9337013986629135,1.0,1.0,1.0,0.2019362499959243,0.1840848287404583,0.21979668374623315
compas,0.0,immutable_l2,metric_clbr,10,0.8795,0.7725,0.968,0.9652349698687557,0.7970537805603595,1.138179386897515,1.1494279545074852,1.016306098382749,1.3287802378121094,1.0,1.0,1.0,0.058763700000326935,0.05131817500373472,0.06718914751980946
compas,0.0,immutable_l2,metric_leaf_projection,10,0.8719999999999999,0.7619999999999999,0.9644999999999999,0.9458222090220498,0.7805908298902743,1.1152449432884828,1.1350194134005558,1.0036024096385543,1.3239285943682984,1.0,1.0,1.0,0.048548799986747326,0.04725419748917829,0.05009897249298092
compas,0.0,immutable_l2,native_exact_k_sparse,10,1.0,1.0,1.0,1.0129347919018303,0.8471425249563654,1.1710053290315303,1.1099999999999999,1.0074999999999998,1.2515125,1.0,1.0,1.0,0.1007441499991728,0.09838069374675343,0.10302872750370398
compas,0.0,immutable_l2,nn_positive_train,10,0.6705,0.4405,0.882,1.4522535571921322,1.095843076332137,1.8598199501648043,2.2238435110988304,2.126554999078935,2.315440470433821,1.0,1.0,1.0,0.0691717000013341,0.0673522837483688,0.07100833000810099
compas,0.0,immutable_l2,raw_leaf_projection,10,0.639,0.3964875,0.8690500000000003,1.1974590526927804,0.7009704438615273,1.8040887239554093,1.2463557895755528,1.0792797359357063,1.4453521497288093,1.0,1.0,1.0,0.05268304999344764,0.05091128998312797,0.05451527124520226
compas,0.0,immutable_top3_l1,clbr,10,0.6705,0.4405,0.882,1.4573159381128682,0.9506761094149602,2.084368574194756,1.4114396331066277,1.1987965558757352,1.6461276420336026,1.0,1.0,1.0,0.08448159999306881,0.061824986238696054,0.11116247624566995
compas,0.0,immutable_top3_l1,clbr_uncached,10,0.6705,0.4405,0.882,1.4573159381128682,0.9506761094149602,2.084368574194756,1.4114396331066277,1.1987965558757352,1.6461276420336026,1.0,1.0,1.0,0.10031629999548386,0.07693679751472474,0.12673873622953807
compas,0.0,immutable_top3_l1,exact_leaf,10,1.0,1.0,1.0,1.0208698751622995,0.8574299125512719,1.1777475692355737,1.105,1.0055,1.2430124999999999,1.0,1.0,1.0,0.2774749500026701,0.24541013124704705,0.3089765900002931
compas,0.0,immutable_top3_l1,exact_leaf_cached,10,1.0,1.0,1.0,1.0208698751622995,0.8574299125512719,1.1777475692355737,1.105,1.0055,1.2430124999999999,1.0,1.0,1.0,0.10519420001173785,0.10286377501927291,0.10747390876413192
compas,0.0,immutable_top3_l1,leaf_centroid,10,0.6745,0.45150000000000007,0.882,3.2768026843037346,2.350621906231133,4.254102242779708,2.8692444342193113,2.8001235823905164,2.9337013986629135,1.0,1.0,1.0,0.20499115000120582,0.1897164212370967,0.2199333000111096
compas,0.0,immutable_top3_l1,metric_clbr,10,0.929,0.855475,0.9844999999999999,1.005805279041971,0.83853764258822,1.16775683254715,1.131112199051437,1.0115710772833724,1.3028017293750254,1.0,1.0,1.0,0.05618229999754476,0.051448777501798305,0.061447398733116644
compas,0.0,immutable_top3_l1,metric_leaf_projection,10,0.923,0.8465,0.9814999999999999,0.988487350531323,0.8278315490156906,1.1475658959230497,1.1209487387902048,1.0016100228807412,1.2972152874960223,1.0,1.0,1.0,0.04927930001713321,0.047989923765237565,0.05053685751647663
compas,0.0,immutable_top3_l1,native_exact_k_sparse,10,1.0,1.0,1.0,1.0208698751622995,0.8574299125512719,1.1777475692355737,1.105,1.0055,1.2430124999999999,1.0,1.0,1.0,0.10809050000716525,0.10508066126652693,0.11122511000571648
compas,0.0,immutable_top3_l1,nn_positive_train,10,0.6705,0.4405,0.882,1.7047640423692438,1.2751340548210663,2.2260364350458546,2.2238435110988304,2.126554999078935,2.315440470433821,1.0,1.0,1.0,0.07004609999785316,0.06822062500094717,0.07179857750617202
compas,0.0,immutable_top3_l1,raw_leaf_projection,10,0.639,0.3964875,0.8690500000000003,1.2768172022129032,0.7111573160568146,1.9771370079674,1.2463557895755528,1.0792797359357063,1.4453521497288093,1.0,1.0,1.0,0.05416754999259865,0.05277097624482394,0.05553108623495291
compas,1.0,free_l2,clbr,10,1.0,1.0,1.0,1.485708337445257,0.9751693715339105,2.075180488087125,1.5715,1.3174875000000001,1.8305125,1.0,1.0,1.0,0.0487886999994771,0.04750017625012788,0.050257757509780274
compas,1.0,free_l2,clbr_uncached,10,1.0,1.0,1.0,1.485708337445257,0.9751693715339105,2.075180488087125,1.5715,1.3174875000000001,1.8305125,1.0,1.0,1.0,0.06171604999462943,0.0584357162554852,0.06478699873761115
compas,1.0,free_l2,exact_leaf,10,1.0,1.0,1.0,0.9075485088191051,0.7349057677728879,1.0907986231791829,1.311,1.123975,1.5055,0.9995,0.9984999999999999,1.0,0.27190809999228804,0.23647850499237394,0.30784840249075385
compas,1.0,free_l2,exact_leaf_cached,10,1.0,1.0,1.0,0.9075485088191051,0.7349057677728879,1.0907986231791829,1.311,1.123975,1.5055,0.9995,0.9984999999999999,1.0,0.10262439999996786,0.09919069124588305,0.10662765124988027
compas,1.0,free_l2,leaf_centroid,10,1.0,1.0,1.0,4.037112982934163,3.3903722733519133,4.749517705106311,7.293000000000001,7.056487499999999,7.5470125,0.0,0.0,0.0,0.19899999999825013,0.18221650624506083,0.21595980999277345
compas,1.0,free_l2,metric_clbr,10,1.0,1.0,1.0,0.9075485088191051,0.7349057677728879,1.0907986231791829,1.311,1.123975,1.5055,0.9995,0.9984999999999999,1.0,0.04822829998556699,0.04707648249735712,0.04943784997931289
compas,1.0,free_l2,metric_leaf_projection,10,1.0,1.0,1.0,0.9075485088191051,0.7349057677728879,1.0907986231791829,1.311,1.123975,1.5055,0.9995,0.9984999999999999,1.0,0.04897934999826248,0.04763950749528476,0.05055945750559658
compas,1.0,free_l2,native_exact_k_sparse,10,1.0,1.0,1.0,0.9075485088191051,0.7349057677728879,1.0907986231791829,1.311,1.123975,1.5055,0.9995,0.9984999999999999,1.0,0.09793040000613473,0.09479745125445334,0.10146682999262566
compas,1.0,free_l2,nn_positive_train,10,1.0,1.0,1.0,3.2272382802092467,2.9614069608819733,3.5307630789659328,6.143,6.034,6.255,0.0,0.0,0.0,0.06947194999247586,0.06744576749889575,0.07159600500348233
compas,1.0,free_l2,raw_leaf_projection,10,1.0,1.0,1.0,1.485708337445257,0.9751693715339105,2.075180488087125,1.5715,1.3174875000000001,1.8305125,1.0,1.0,1.0,0.052728299989666993,0.05105078249046073,0.054795456251076756
compas,1.0,immutable_l2,clbr,10,0.7335,0.5414875,0.9060250000000001,1.343672129986693,0.8305697508977756,1.963925210671611,1.3454519510082228,1.1678669365174104,1.5332029733732542,1.0,1.0,1.0,0.07409469998947316,0.058402577476067564,0.0924804499863285
compas,1.0,immutable_l2,clbr_uncached,10,0.7335,0.5414875,0.9060250000000001,1.343672129986693,0.8305697508977756,1.963925210671611,1.3454519510082228,1.1678669365174104,1.5332029733732542,1.0,1.0,1.0,0.08733744998789916,0.06993440749679394,0.10714452999030756
compas,1.0,immutable_l2,exact_leaf,10,1.0,1.0,1.0,0.9808926629137822,0.815073142785577,1.15087448740852,1.1324999999999998,1.0055,1.3140125,1.0,1.0,1.0,0.26930380000112564,0.23927604124339724,0.30015372498992293
compas,1.0,immutable_l2,exact_leaf_cached,10,1.0,1.0,1.0,0.9808926629137822,0.815073142785577,1.15087448740852,1.1324999999999998,1.0055,1.3140125,1.0,1.0,1.0,0.10381585001323401,0.10087457500534355,0.10691521751950858
compas,1.0,immutable_l2,leaf_centroid,10,0.7364999999999999,0.5475,0.9105000000000001,2.7139297751863536,1.8807539979451322,3.6260668710023243,2.8699424513879963,2.7887410619633393,2.9453939393939392,1.0,1.0,1.0,0.1993960999857336,0.18486465373156308,0.2137562624819452
compas,1.0,immutable_l2,metric_clbr,10,0.8504999999999999,0.726,0.959,0.9015555584273951,0.7069799957853156,1.0994182851109906,1.1532835611852252,1.0192966031280548,1.330287906598382,1.0,1.0,1.0,0.06165254999905301,0.053219738750135547,0.07098720499062665
compas,1.0,immutable_l2,metric_leaf_projection,10,0.8414999999999999,0.710975,0.9560000000000001,0.8836440419192794,0.6913762011826224,1.0793627656493987,1.1335420615406204,1.0031815656565657,1.321855689245395,1.0,1.0,1.0,0.049805149989424535,0.04782196623602886,0.05200903123650278
compas,1.0,immutable_l2,native_exact_k_sparse,10,1.0,1.0,1.0,0.9808926629137822,0.815073142785577,1.15087448740852,1.1324999999999998,1.0055,1.3140125,1.0,1.0,1.0,0.10035785000172837,0.09694446248818167,0.1038457875008703
compas,1.0,immutable_l2,nn_positive_train,10,0.7304999999999999,0.5389875000000001,0.906,1.4279597482412498,1.0559977610093667,1.860777487442871,2.2072863697234952,2.124273795866222,2.2759563248964105,1.0,1.0,1.0,0.06811384998854919,0.06584992748051946,0.07107338123893214
compas,1.0,immutable_l2,raw_leaf_projection,10,0.7095,0.5044875,0.8965,1.2634431210226276,0.7407359033045976,1.9151407199865476,1.2459954729244547,1.0714079564739942,1.4511624778422365,1.0,1.0,1.0,0.052419949995965,0.04994402999686827,0.05533151499743098
compas,1.0,immutable_top3_l1,clbr,10,0.7335,0.5414875,0.9060250000000001,1.44448251101911,0.8532854378012815,2.164489795694689,1.3454519510082228,1.1678669365174104,1.5332029733732542,1.0,1.0,1.0,0.07391880000295714,0.058544761252971964,0.09161208125477742
compas,1.0,immutable_top3_l1,clbr_uncached,10,0.7335,0.5414875,0.9060250000000001,1.44448251101911,0.8532854378012815,2.164489795694689,1.3454519510082228,1.1678669365174104,1.5332029733732542,1.0,1.0,1.0,0.09080245000495779,0.07376009501307408,0.10993746375313551
compas,1.0,immutable_top3_l1,exact_leaf,10,1.0,1.0,1.0,0.9940019254381118,0.8330212160811561,1.1580504201434407,1.128,1.005,1.3039999999999998,1.0,1.0,1.0,0.27244770000197605,0.2430565087488162,0.3029056387615242
compas,1.0,immutable_top3_l1,exact_leaf_cached,10,1.0,1.0,1.0,0.9940019254381118,0.8330212160811561,1.1580504201434407,1.128,1.005,1.3039999999999998,1.0,1.0,1.0,0.10397819999661806,0.1000076937439303,0.10779176498966762
compas,1.0,immutable_top3_l1,leaf_centroid,10,0.7364999999999999,0.5475,0.9105000000000001,3.345639670272708,2.3709959106882263,4.391097540118383,2.8699424513879963,2.7887410619633393,2.9453939393939392,1.0,1.0,1.0,0.19981324999162098,0.18719422374410896,0.21283528000101343
compas,1.0,immutable_top3_l1,metric_clbr,10,0.8885,0.7889875,0.974,0.9393732998505125,0.7568922544659474,1.1270401273347594,1.142017474060331,1.014308627946128,1.313796866625438,1.0,1.0,1.0,0.056826999997156236,0.05068825249212523,0.06366829998797811
compas,1.0,immutable_top3_l1,metric_leaf_projection,10,0.881,0.776,0.9715,0.9248833540362013,0.7402869501039528,1.112530566365544,1.127845032729096,1.0020151515151514,1.3088281797567511,1.0,1.0,1.0,0.047522599989406444,0.04649054998435531,0.04861064624252549
compas,1.0,immutable_top3_l1,native_exact_k_sparse,10,1.0,1.0,1.0,0.9940019254381118,0.8330212160811561,1.1580504201434407,1.128,1.005,1.3039999999999998,1.0,1.0,1.0,0.10399954999229521,0.10035910749838876,0.10797025749357089
compas,1.0,immutable_top3_l1,nn_positive_train,10,0.7304999999999999,0.5389875000000001,0.906,1.6905765833743154,1.2302512997203645,2.2646111659088324,2.2072863697234952,2.124273795866222,2.2759563248964105,1.0,1.0,1.0,0.06903014998079016,0.06662076745699323,0.07149031624193185
compas,1.0,immutable_top3_l1,raw_leaf_projection,10,0.7095,0.5044875,0.8965,1.347865475059246,0.7528662098547726,2.0843479968034955,1.2459954729244547,1.0714079564739942,1.4511624778422365,1.0,1.0,1.0,0.05322804999013897,0.051687787502817176,0.05464787000149727
credit_default,0.0,free_l2,clbr,10,1.0,1.0,1.0,0.719480190699306,0.6665162869257204,0.7715951521462184,1.219,1.1684875,1.2754999999999999,1.0,1.0,1.0,0.04196079999746871,0.04108811625269482,0.04298518249881909
credit_default,0.0,free_l2,clbr_uncached,10,1.0,1.0,1.0,0.719480190699306,0.6665162869257204,0.7715951521462184,1.219,1.1684875,1.2754999999999999,1.0,1.0,1.0,0.07482639999761886,0.07239457873796482,0.07713770000191289
credit_default,0.0,free_l2,exact_leaf,10,1.0,1.0,1.0,0.24736691263329535,0.1904460415782828,0.3035684515673891,1.2049999999999998,1.1185,1.3074999999999997,1.0,1.0,1.0,0.5105179999932261,0.48474228626138255,0.5352847624686546
credit_default,0.0,free_l2,exact_leaf_cached,10,1.0,1.0,1.0,0.24736691263329535,0.1904460415782828,0.3035684515673891,1.2049999999999998,1.1185,1.3074999999999997,1.0,1.0,1.0,0.09350535000066884,0.09150996252341201,0.0956737437618699
credit_default,0.0,free_l2,leaf_centroid,10,1.0,1.0,1.0,4.490605228543636,4.352144388412305,4.633753458158096,22.5575,22.33795,22.7480125,0.0,0.0,0.0,0.3517188999753671,0.34040329871660335,0.3630144562357941
credit_default,0.0,free_l2,metric_clbr,10,1.0,1.0,1.0,0.24736691263329535,0.1904460415782828,0.3035684515673891,1.2049999999999998,1.1185,1.3074999999999997,1.0,1.0,1.0,0.04196774999036279,0.04110480873270035,0.04284546374370848
credit_default,0.0,free_l2,metric_leaf_projection,10,1.0,1.0,1.0,0.24736691263329535,0.1904460415782828,0.3035684515673891,1.2049999999999998,1.1185,1.3074999999999997,1.0,1.0,1.0,0.04241835000721039,0.041729348755870886,0.04313027374556668
credit_default,0.0,free_l2,native_exact_k_sparse,10,1.0,1.0,1.0,0.24736691263329535,0.1904460415782828,0.3035684515673891,1.2049999999999998,1.1185,1.3074999999999997,1.0,1.0,1.0,0.08726145000719043,0.08545200749749711,0.08914149627116785
credit_default,0.0,free_l2,nn_positive_train,10,1.0,1.0,1.0,4.693695817045908,4.599800225642005,4.794721060333852,17.555,17.3565,17.746500000000005,0.002,0.0,0.005,0.10003500000857457,0.09826055374700218,0.10197687125933044
credit_default,0.0,free_l2,raw_leaf_projection,10,1.0,1.0,1.0,0.719480190699306,0.6665162869257204,0.7715951521462184,1.219,1.1684875,1.2754999999999999,1.0,1.0,1.0,0.04671234998659202,0.04603144998624202,0.04740052750876202
credit_default,0.0,immutable_l2,clbr,10,0.9984999999999999,0.9970000000000001,0.9995,0.7631775863938945,0.6863942797664812,0.8407558240396045,1.5082964824120604,1.2900396984924623,1.7928751256281406,0.9789949748743719,0.9599949748743718,0.9949899497487437,0.04819880001059573,0.043420071271475534,0.05410016750327031
credit_default,0.0,immutable_l2,clbr_uncached,10,0.9984999999999999,0.9970000000000001,0.9995,0.7631775863938945,0.6863942797664812,0.8407558240396045,1.5082964824120604,1.2900396984924623,1.7928751256281406,0.9789949748743719,0.9599949748743718,0.9949899497487437,0.08101770000803299,0.07551413500578974,0.0869935150064407
credit_default,0.0,immutable_l2,exact_leaf,10,1.0,1.0,1.0,0.254946313884676,0.1925693735856119,0.3197678659904167,1.2129999999999999,1.1245,1.315525,1.0,1.0,1.0,0.49992364999616257,0.47607956624798364,0.5229375549993961
credit_default,0.0,immutable_l2,exact_leaf_cached,10,1.0,1.0,1.0,0.254946313884676,0.1925693735856119,0.3197678659904167,1.2129999999999999,1.1245,1.315525,1.0,1.0,1.0,0.09109780000198953,0.08969981876655311,0.09248072623513508
credit_default,0.0,immutable_l2,leaf_centroid,10,0.873,0.7729875,0.9625125000000001,3.959356613142307,3.7959048036476304,4.108531761002886,18.58615853703236,18.34082203666962,18.785312945826558,0.0,0.0,0.0,0.3464523999978155,0.3338789349931062,0.35871412376295664
credit_default,0.0,immutable_l2,metric_clbr,10,0.9994999999999999,0.9984999999999999,1.0,0.2815305190879446,0.20781139088512643,0.3642133637455881,1.5934472361809044,1.2884736809045225,1.9430236809045227,0.9729748743718591,0.9464748743718593,0.9935,0.048702499990668,0.04263631374412853,0.05611880498776145
credit_default,0.0,immutable_l2,metric_leaf_projection,10,0.9724999999999999,0.9460000000000001,0.9935,0.24727457792529145,0.19049348176647563,0.3035947673738707,1.2044730416586087,1.1160776034151034,1.3090469556884505,1.0,1.0,1.0,0.04205725001429528,0.04143911626476893,0.04267364625596883
credit_default,0.0,immutable_l2,native_exact_k_sparse,10,1.0,1.0,1.0,0.254946313884676,0.1925693735856119,0.3197678659904167,1.2129999999999999,1.1245,1.315525,1.0,1.0,1.0,0.08573124998520143,0.08438262874618659,0.08694627872372393
credit_default,0.0,immutable_l2,nn_positive_train,10,0.9879999999999999,0.9785,0.9964999999999999,3.700675975766847,3.6096851187239083,3.7984031318007414,15.060325092573697,14.898795270637239,15.211087202337302,0.008666086885357412,0.005035481978420019,0.013921754606365156,0.09792299999480747,0.09647913749157624,0.09934457874174996
credit_default,0.0,immutable_l2,raw_leaf_projection,10,0.977,0.9584999999999999,0.9924999999999999,0.7183943027407583,0.6690050547424499,0.7659559161205842,1.2110826055593968,1.1617962911367432,1.2683563837377603,1.0,1.0,1.0,0.04556689999753871,0.04503342750250568,0.04613271124512721
credit_default,0.0,immutable_top3_l1,clbr,10,0.053000000000000005,0.0359875,0.071,0.37550353271895437,0.25209590311092955,0.5274697921965545,2.5373287007110537,2.3223419386985564,2.7225075280112048,1.0,1.0,1.0,0.10233005000736739,0.09806183125840562,0.10687766874696081
credit_default,0.0,immutable_top3_l1,clbr_uncached,10,0.053000000000000005,0.0359875,0.071,0.37550353271895437,0.25209590311092955,0.5274697921965545,2.5373287007110537,2.3223419386985564,2.7225075280112048,1.0,1.0,1.0,0.14157550002346397,0.13787037251971695,0.1451206412778788
credit_default,0.0,immutable_top3_l1,exact_leaf,10,0.312,0.24099999999999996,0.3815,0.6789126748749871,0.5381634901388455,0.8255111127222117,1.0609217271925606,1.0220735314068647,1.1222625238380448,1.0,1.0,1.0,0.4269369999860828,0.40687223496985325,0.4463932074933723
credit_default,0.0,immutable_top3_l1,exact_leaf_cached,10,0.312,0.24099999999999996,0.3815,0.6789126748749871,0.5381634901388455,0.8255111127222117,1.0609217271925606,1.0220735314068647,1.1222625238380448,1.0,1.0,1.0,0.0618638499959161,0.0589608987693623,0.0646704999985559
credit_default,0.0,immutable_top3_l1,leaf_centroid,10,0.0645,0.0444875,0.08800000000000001,1.5040928117589694,1.0787256877166724,2.079032933892397,2.9833333333333334,2.95,3.0,1.0,1.0,1.0,0.34655649999876914,0.33516872001387127,0.35783326751104594
credit_default,0.0,immutable_top3_l1,metric_clbr,10,0.147,0.118,0.176,0.2951998302660651,0.20413002426677226,0.4115307656453391,1.278622693096377,1.163179226475279,1.3994869275461381,1.0,1.0,1.0,0.08811594999133376,0.08478436249259858,0.09176571749378581
credit_default,0.0,immutable_top3_l1,metric_leaf_projection,10,0.12800000000000003,0.0975,0.1595,0.2203228365164093,0.1453555023148222,0.31808065840872346,1.0228927203065132,1.0,1.05,1.0,1.0,1.0,0.03969669999924008,0.03912499124438682,0.04039956875176358
credit_default,0.0,immutable_top3_l1,native_exact_k_sparse,10,1.0,1.0,1.0,0.2669843549695189,0.20350006763652587,0.33338873079823117,1.1765,1.1035,1.268,1.0,1.0,1.0,0.08887209998829348,0.08738000623640119,0.09037205748633141
credit_default,0.0,immutable_top3_l1,nn_positive_train,10,0.052000000000000005,0.0355,0.06999999999999999,1.6815816950807239,1.2025120595141476,2.17235131981557,2.8636363636363638,2.6636363636363636,3.0,1.0,1.0,1.0,0.0973927999884836,0.09610948497362415,0.0986457537459728
credit_default,0.0,immutable_top3_l1,raw_leaf_projection,10,0.0105,0.0055,0.0175,0.4890170806365834,0.4410167651944998,0.5797283625929154,1.025,1.0,1.075,1.0,1.0,1.0,0.04400344999066874,0.04282483499092678,0.04526857374860356
credit_default,1.0,free_l2,clbr,10,1.0,1.0,1.0,0.7032252266685559,0.6655813044469372,0.7387589649980382,1.195,1.1480000000000001,1.25,1.0,1.0,1.0,0.04100599999674159,0.040310588734860174,0.04174917626186243
credit_default,1.0,free_l2,clbr_uncached,10,1.0,1.0,1.0,0.7032252266685559,0.6655813044469372,0.7387589649980382,1.195,1.1480000000000001,1.25,1.0,1.0,1.0,0.07465505000436679,0.07242940500914301,0.07696230750135555
credit_default,1.0,free_l2,exact_leaf,10,1.0,1.0,1.0,0.25944496137813244,0.19686906349748606,0.32263225776971627,1.2125000000000001,1.1225,1.3165125,1.0,1.0,1.0,0.5068799500045316,0.4830065625069778,0.5306449487624263
credit_default,1.0,free_l2,exact_leaf_cached,10,1.0,1.0,1.0,0.25944496137813244,0.19686906349748606,0.32263225776971627,1.2125000000000001,1.1225,1.3165125,1.0,1.0,1.0,0.09052744999780771,0.08885629998864034,0.09247845875293023
credit_default,1.0,free_l2,leaf_centroid,10,1.0,1.0,1.0,5.318203667065466,5.139856271853502,5.490969323485537,22.7595,22.696500000000004,22.817999999999998,0.0,0.0,0.0,0.3500091000032626,0.3377416112595938,0.3628771825007561
credit_default,1.0,free_l2,metric_clbr,10,1.0,1.0,1.0,0.25944496137813244,0.19686906349748606,0.32263225776971627,1.2125000000000001,1.1225,1.3165125,1.0,1.0,1.0,0.04148559999748613,0.04062330624898323,0.04223273624932063
credit_default,1.0,free_l2,metric_leaf_projection,10,1.0,1.0,1.0,0.25944496137813244,0.19686906349748606,0.32263225776971627,1.2125000000000001,1.1225,1.3165125,1.0,1.0,1.0,0.04162530000894549,0.041111840017561005,0.04217105125748048
credit_default,1.0,free_l2,native_exact_k_sparse,10,1.0,1.0,1.0,0.25944496137813244,0.19686906349748606,0.32263225776971627,1.2125000000000001,1.1225,1.3165125,1.0,1.0,1.0,0.08515074999741046,0.08360358499230643,0.0865908124970474
credit_default,1.0,free_l2,nn_positive_train,10,1.0,1.0,1.0,5.01160531900266,4.917525865891698,5.11038318952067,19.654,19.475,19.819499999999998,0.0,0.0,0.0,0.09932065000793955,0.09740528625208071,0.10135438625471807
credit_default,1.0,free_l2,raw_leaf_projection,10,1.0,1.0,1.0,0.7032252266685559,0.6655813044469372,0.7387589649980382,1.195,1.1480000000000001,1.25,1.0,1.0,1.0,0.046189849991606025,0.045222637470214974,0.04718685875656092
credit_default,1.0,immutable_l2,clbr,10,0.9984999999999999,0.9964999999999999,1.0,0.7498663772923724,0.684883420028205,0.8247872681744224,1.5462218161514645,1.268071922110553,1.9450276343840411,0.9758712248109234,0.9496156058068117,0.9950122487437187,0.05147729999725925,0.04404950000025565,0.0628824462453963
credit_default,1.0,immutable_l2,clbr_uncached,10,0.9984999999999999,0.9964999999999999,1.0,0.7498663772923724,0.684883420028205,0.8247872681744224,1.5462218161514645,1.268071922110553,1.9450276343840411,0.9758712248109234,0.9496156058068117,0.9950122487437187,0.08323949999339675,0.07538757500590236,0.09474949874469303
credit_default,1.0,immutable_l2,exact_leaf,10,1.0,1.0,1.0,0.2648626453751697,0.1985072760480316,0.33336800548133033,1.2165,1.125,1.3230125,1.0,1.0,1.0,0.5031058499939718,0.4775878287468004,0.5282658499873719
credit_default,1.0,immutable_l2,exact_leaf_cached,10,1.0,1.0,1.0,0.2648626453751697,0.1985072760480316,0.33336800548133033,1.2165,1.125,1.3230125,1.0,1.0,1.0,0.0912757500123007,0.08958759125862344,0.09294781002793115
credit_default,1.0,immutable_l2,leaf_centroid,10,0.976,0.9570000000000001,0.9914999999999999,4.6176101489975565,4.420517944367118,4.802353108922876,18.763990212331294,18.697195929381007,18.824292398650176,0.0,0.0,0.0,0.3503510999912578,0.3394871937378639,0.360958042490779
credit_default,1.0,immutable_l2,metric_clbr,10,0.9995,0.9984999999999999,1.0,0.2928890226252358,0.2129353217753562,0.3830356693348326,1.55156783919598,1.2731214824120602,1.8420125,0.977,0.9564999999999999,0.9945,0.04852439999967828,0.04301505749875787,0.05474760250369855
credit_default,1.0,immutable_l2,metric_leaf_projection,10,0.9765,0.9559999999999998,0.9935,0.2586412277439442,0.1960468235268983,0.3217408690243927,1.2103249418070288,1.1185525105719059,1.3177043407828615,1.0,1.0,1.0,0.041939149988138524,0.04137004874552304,0.04250841874413709
credit_default,1.0,immutable_l2,native_exact_k_sparse,10,1.0,1.0,1.0,0.2648626453751697,0.1985072760480316,0.33336800548133033,1.2165,1.125,1.3230125,1.0,1.0,1.0,0.08548019999761891,0.08379997748751293,0.08742905874549933
credit_default,1.0,immutable_l2,nn_positive_train,10,0.9964999999999999,0.993,1.0,3.9108728356766163,3.7843072205920905,4.039955246191315,16.220507614213197,16.046754962698046,16.38152642734451,0.004035353535353535,0.0,0.011106060606060605,0.09918100000322738,0.09797099625531018,0.10040059623413526
credit_default,1.0,immutable_l2,raw_leaf_projection,10,0.9709999999999999,0.9364874999999999,0.9945,0.7085856844487226,0.6688023632173072,0.7481374283189627,1.1898698828359895,1.1427602488254283,1.24567766303957,1.0,1.0,1.0,0.04626320000306805,0.04479898125606496,0.047958407503710984
credit_default,1.0,immutable_top3_l1,clbr,10,0.045000000000000005,0.030000000000000006,0.0605,0.3694424451791759,0.2115625120696933,0.6039481193868323,2.9307692307692306,2.8230769230769233,3.0,1.0,1.0,1.0,0.10468289999835179,0.10061556124837807,0.10854821750251631
credit_default,1.0,immutable_top3_l1,clbr_uncached,10,0.045000000000000005,0.030000000000000006,0.0605,0.3694424451791759,0.2115625120696933,0.6039481193868323,2.9307692307692306,2.8230769230769233,3.0,1.0,1.0,1.0,0.1433081999989554,0.1391006124942919,0.14824830752146453
credit_default,1.0,immutable_top3_l1,exact_leaf,10,0.2825000000000001,0.1965,0.3635,0.7316515706550752,0.5652421100897949,0.9311562931643343,1.0456933419130081,1.0120253882450545,1.0914500884813387,1.0,1.0,1.0,0.4295328999978665,0.411311258748367,0.44773956499906264
credit_default,1.0,immutable_top3_l1,exact_leaf_cached,10,0.2825000000000001,0.1965,0.3635,0.7316515706550752,0.5652421100897949,0.9311562931643343,1.0456933419130081,1.0120253882450545,1.0914500884813387,1.0,1.0,1.0,0.061779599996043544,0.058579842488404664,0.06487393374515023
credit_default,1.0,immutable_top3_l1,leaf_centroid,10,0.05450000000000001,0.0329875,0.07950000000000002,1.2997616101509109,0.8040383600551821,2.0394838186456283,3.0,3.0,3.0,1.0,1.0,1.0,0.3477753999968627,0.3363971749967277,0.359929013745591
credit_default,1.0,immutable_top3_l1,metric_clbr,10,0.12050000000000001,0.092,0.15100000000000002,0.3003492560437947,0.19853760736220322,0.4411864562232715,1.2593140767278699,1.1385549895506792,1.383790404040404,1.0,1.0,1.0,0.08965879999686877,0.08581587125910346,0.09357980874951863
credit_default,1.0,immutable_top3_l1,metric_leaf_projection,10,0.10799999999999998,0.07800000000000001,0.14100000000000001,0.18909756507259967,0.13990953855362886,0.24405215675477282,1.0372828623282344,1.006896551724138,1.0748768472906403,1.0,1.0,1.0,0.04047515000866042,0.039385151244380266,0.04167250752102518
credit_default,1.0,immutable_top3_l1,native_exact_k_sparse,10,1.0,1.0,1.0,0.276727855727205,0.20888580704199386,0.34692111024931827,1.1824999999999999,1.1045,1.2754999999999999,1.0,1.0,1.0,0.09146770000688775,0.089285275026009,0.09353872250489985
credit_default,1.0,immutable_top3_l1,nn_positive_train,10,0.045000000000000005,0.030000000000000006,0.0605,0.9798324184286624,0.5447601372494744,1.5372202371419375,2.946153846153846,2.8384615384615386,3.0,1.0,1.0,1.0,0.09776199998941593,0.095037964979565,0.10064220375119248
credit_default,1.0,immutable_top3_l1,raw_leaf_projection,10,0.0005,0.0,0.0015,0.4493930326104891,0.4493930326104891,0.4493930326104891,1.0,1.0,1.0,1.0,1.0,1.0,0.04452389999050865,0.04307666998350897,0.046039569983258845
german_credit,0.0,free_l2,clbr,10,1.0,1.0,1.0,0.7401049190904886,0.5837960512713933,0.8987288431340418,1.1064012059582402,1.063149341345105,1.1489573508737054,1.0,1.0,1.0,0.040446338396972314,0.03932154254224486,0.04163310033071464
german_credit,0.0,free_l2,clbr_uncached,10,1.0,1.0,1.0,0.7401049190904886,0.5837960512713933,0.8987288431340418,1.1064012059582402,1.063149341345105,1.1489573508737054,1.0,1.0,1.0,0.06890797745785837,0.06512447031281542,0.07259349880792647
german_credit,0.0,free_l2,exact_leaf,10,1.0,1.0,1.0,0.30937150548393155,0.2315092181468823,0.3957444233395401,1.0615196597834728,1.029622214050026,1.0982004891742299,1.0,1.0,1.0,0.4463657720149465,0.39719588157543423,0.49258807724526793
german_credit,0.0,free_l2,exact_leaf_cached,10,1.0,1.0,1.0,0.30937150548393155,0.2315092181468823,0.3957444233395401,1.0615196597834728,1.029622214050026,1.0982004891742299,1.0,1.0,1.0,0.09000790616499513,0.08595797396887467,0.09483372234288222
german_credit,0.0,free_l2,leaf_centroid,10,1.0,1.0,1.0,2.9866129496771388,2.8761662057118937,3.0927434391297837,6.661929781659145,6.56980802703264,6.748519700277286,0.0,0.0,0.0,0.15507819879581056,0.14420343346889075,0.1657461743453995
german_credit,0.0,free_l2,metric_clbr,10,1.0,1.0,1.0,0.30937150548393155,0.2315092181468823,0.3957444233395401,1.0615196597834728,1.029622214050026,1.0982004891742299,1.0,1.0,1.0,0.04066878238876196,0.03934403173005997,0.04223712993503116
german_credit,0.0,free_l2,metric_leaf_projection,10,1.0,1.0,1.0,0.30937150548393155,0.2315092181468823,0.3957444233395401,1.0615196597834728,1.029622214050026,1.0982004891742299,1.0,1.0,1.0,0.04220879495021398,0.040711166329238636,0.04394036798055334
german_credit,0.0,free_l2,native_exact_k_sparse,10,1.0,1.0,1.0,0.30937150548393155,0.2315092181468823,0.3957444233395401,1.0615196597834728,1.029622214050026,1.0982004891742299,1.0,1.0,1.0,0.08785060663341025,0.08442258659152421,0.09151039042227999
german_credit,0.0,free_l2,nn_positive_train,10,1.0,1.0,1.0,3.028737303330054,2.9321454872588184,3.117946282416377,4.830549458103333,4.758811774600715,4.907156048819038,0.08843930801288032,0.07030144251345136,0.10903254392847828,0.04588577600783491,0.044672803748095936,0.047098883573546635
german_credit,0.0,free_l2,raw_leaf_projection,10,1.0,1.0,1.0,0.7401049190904886,0.5837960512713933,0.8987288431340418,1.1064012059582402,1.063149341345105,1.1489573508737054,1.0,1.0,1.0,0.044594570695637284,0.042885598189968906,0.046634860974967975
german_credit,0.0,immutable_l2,clbr,10,0.7149231924861932,0.6207318981558853,0.7993997425129142,0.8093734316296315,0.6478598065110167,1.0007651521688798,1.7192768235820974,1.4965323879551822,1.9784312781538946,0.9098743447222148,0.8749329739732885,0.9414023479689683,0.13944753971769183,0.11544599477402626,0.16930376494146124
german_credit,0.0,immutable_l2,clbr_uncached,10,0.7149231924861932,0.6207318981558853,0.7993997425129142,0.8093734316296315,0.6478598065110167,1.0007651521688798,1.7192768235820974,1.4965323879551822,1.9784312781538946,0.9098743447222148,0.8749329739732885,0.9414023479689683,0.1708075545709032,0.14363006852312485,0.20707202561373075
german_credit,0.0,immutable_l2,exact_leaf,10,1.0,1.0,1.0,0.5031889731076311,0.3881832680410884,0.630430288268667,1.0784543829760027,1.0424026343417194,1.1193300808845443,1.0,1.0,1.0,0.46190620279378036,0.4104495391820389,0.5097059398353604
german_credit,0.0,immutable_l2,exact_leaf_cached,10,1.0,1.0,1.0,0.5031889731076311,0.3881832680410884,0.630430288268667,1.0784543829760027,1.0424026343417194,1.1193300808845443,1.0,1.0,1.0,0.09928573659945764,0.09383728602616863,0.10474959262127254
german_credit,0.0,immutable_l2,leaf_centroid,10,0.6058255902830754,0.5148495760699958,0.6930814565198397,2.172032495288472,2.0418155589457543,2.315272132929063,3.8996868854011715,3.814954435418721,3.970749819624819,0.09031311459882888,0.026471861471861476,0.17033293358293358,0.16584699268170797,0.1525760037777242,0.17869778900370484
german_credit,0.0,immutable_l2,metric_clbr,10,0.8235470810085678,0.7666940603366406,0.8745054271087518,0.47557051665919053,0.3776595260371208,0.5829960215424025,1.3643051399755841,1.2465171226825984,1.500039121779688,0.9572463635970309,0.9318545209296762,0.9809810819262037,0.09898025998059151,0.08055716630725081,0.11949115118956724
german_credit,0.0,immutable_l2,metric_leaf_projection,10,0.680205123896315,0.5983470665714068,0.756931168894764,0.3069450184568515,0.216715286092682,0.4028169258926401,1.017556454477442,1.0081938360450562,1.0265620056670752,1.0,1.0,1.0,0.044281005572273276,0.041915384199281695,0.04673461595188535
german_credit,0.0,immutable_l2,native_exact_k_sparse,10,1.0,1.0,1.0,0.5031889731076311,0.3881832680410884,0.630430288268667,1.0784543829760027,1.0424026343417194,1.1193300808845443,1.0,1.0,1.0,0.0918352830372098,0.0858505958044474,0.0984418279134501
german_credit,0.0,immutable_l2,nn_positive_train,10,0.6420227447541766,0.5589291760334585,0.7208203777581642,2.067749226777483,1.9216738801069522,2.1962419344472206,2.992288221663222,2.9163954622235875,3.06109101491914,0.7299906074906075,0.6881771398021399,0.7699037418099918,0.049182145431570734,0.04697485047665904,0.051564105223739366
german_credit,0.0,immutable_l2,raw_leaf_projection,10,0.4614792022222797,0.3478834662810357,0.5751478387405775,0.6330092391799141,0.4300517910729693,0.9072274227542647,1.0100000000000002,1.0,1.025,1.0,1.0,1.0,0.0470374637993624,0.04459288164248968,0.04951173929969335
german_credit,0.0,immutable_top3_l1,clbr,10,0.6927500852994999,0.6019449133133548,0.7752032848646881,0.9496175814436315,0.7301750573451312,1.1986829829817696,1.7620610238230188,1.5879578005689077,1.955715838241455,1.0,1.0,1.0,0.15308855648385933,0.129456180653569,0.1839479302227499
german_credit,0.0,immutable_top3_l1,clbr_uncached,10,0.6927500852994999,0.6019449133133548,0.7752032848646881,0.9496175814436315,0.7301750573451312,1.1986829829817696,1.7620610238230188,1.5879578005689077,1.955715838241455,1.0,1.0,1.0,0.18967295779750953,0.1633241825822967,0.22426281903956008
german_credit,0.0,immutable_top3_l1,exact_leaf,10,0.9898925790023538,0.9810916551798489,0.9979166666666666,0.555365525746927,0.41563893494063436,0.708984245605864,1.075098739607177,1.0354146772767463,1.1185154555031664,1.0,1.0,1.0,0.4448529962060748,0.3925786694113422,0.4959647998201191
german_credit,0.0,immutable_top3_l1,exact_leaf_cached,10,0.9898925790023538,0.9810916551798489,0.9979166666666666,0.555365525746927,0.41563893494063436,0.708984245605864,1.075098739607177,1.0354146772767463,1.1185154555031664,1.0,1.0,1.0,0.08968289382310665,0.0857066005576066,0.09456901866753317
german_credit,0.0,immutable_top3_l1,leaf_centroid,10,0.5627779394791909,0.4722941333034719,0.647344266221166,2.672523300370318,2.483106653455915,2.858915764350688,2.974925917735516,2.9489495798319334,2.995,1.0,1.0,1.0,0.15721002966366354,0.14636417039808036,0.16755654230522873
german_credit,0.0,immutable_top3_l1,metric_clbr,10,0.8202399601876724,0.7645031573618575,0.8694506733114122,0.5242673516149122,0.41379455712346574,0.6413216656411164,1.3115440839069177,1.2254803185974508,1.4071385334214437,1.0,1.0,1.0,0.09385285790818187,0.08274597384594382,0.10518901111810705
german_credit,0.0,immutable_top3_l1,metric_leaf_projection,10,0.6781675648907562,0.6040613064556727,0.7490883942735694,0.3148066858768374,0.22038438735371554,0.41489572701808164,1.0129709383753502,1.003125,1.0230549719887954,1.0,1.0,1.0,0.04068472582750439,0.039416318548712706,0.04202243061361384
german_credit,0.0,immutable_top3_l1,native_exact_k_sparse,10,1.0,1.0,1.0,0.5445873692685832,0.4068972102178484,0.6981768867670888,1.0784543829760027,1.0424026343417194,1.1193300808845443,1.0,1.0,1.0,0.0929163995165729,0.0875921664229614,0.09981761737970518
german_credit,0.0,immutable_top3_l1,nn_positive_train,10,0.6408551364679244,0.5571706432240359,0.7189290302376232,2.4771105548204018,2.280826731091054,2.6661615416723357,2.7222775559172616,2.6778617724867724,2.7648187052598816,1.0,1.0,1.0,0.048226258329276045,0.04645621257680491,0.05033195395065586
german_credit,0.0,immutable_top3_l1,raw_leaf_projection,10,0.38441438095601554,0.28954087512813664,0.4834768706337257,0.6100866630098473,0.4008426750515457,0.890367964144929,1.0,1.0,1.0,1.0,1.0,1.0,0.04378491441017097,0.04216149613689978,0.04572651550789071
german_credit,1.0,free_l2,clbr,10,1.0,1.0,1.0,0.9986477886643055,0.7382664308723823,1.275273067690115,1.147834710304956,1.0961015472456168,1.2080595211086906,1.0,1.0,1.0,0.04739637982128152,0.0433180400109776,0.05184642491805754
german_credit,1.0,free_l2,clbr_uncached,10,1.0,1.0,1.0,0.9986477886643055,0.7382664308723823,1.275273067690115,1.147834710304956,1.0961015472456168,1.2080595211086906,1.0,1.0,1.0,0.08102735568929456,0.07442426221627808,0.0882816537141804
german_credit,1.0,free_l2,exact_leaf,10,1.0,1.0,1.0,0.4059783414530485,0.3224433288448539,0.4982477655121017,1.1027178216303648,1.0638615844855173,1.1442473782247131,1.0,1.0,1.0,0.500035614422119,0.43777320580154194,0.5700813540719696
german_credit,1.0,free_l2,exact_leaf_cached,10,1.0,1.0,1.0,0.4059783414530485,0.3224433288448539,0.4982477655121017,1.1027178216303648,1.0638615844855173,1.1442473782247131,1.0,1.0,1.0,0.10220048695986787,0.09515867155617982,0.10998252560987241
german_credit,1.0,free_l2,leaf_centroid,10,1.0,1.0,1.0,3.255575804463798,3.141884405711658,3.353222958201732,6.701753477027891,6.605811639605255,6.801808292823142,0.0,0.0,0.0,0.17096907878056747,0.15531473936769316,0.1876820404234374
german_credit,1.0,free_l2,metric_clbr,10,1.0,1.0,1.0,0.4059783414530485,0.3224433288448539,0.4982477655121017,1.1027178216303648,1.0638615844855173,1.1442473782247131,1.0,1.0,1.0,0.04553080831187433,0.04272677547454316,0.04915033309832387
german_credit,1.0,free_l2,metric_leaf_projection,10,1.0,1.0,1.0,0.4059783414530485,0.3224433288448539,0.4982477655121017,1.1027178216303648,1.0638615844855173,1.1442473782247131,1.0,1.0,1.0,0.04637739444189648,0.04325867598882916,0.0496194440307054
german_credit,1.0,free_l2,native_exact_k_sparse,10,1.0,1.0,1.0,0.4059783414530485,0.3224433288448539,0.4982477655121017,1.1027178216303648,1.0638615844855173,1.1442473782247131,1.0,1.0,1.0,0.09878751187041669,0.09027401960133981,0.10929991808375346
german_credit,1.0,free_l2,nn_positive_train,10,1.0,1.0,1.0,3.626515312933654,3.4669777629025673,3.814583659136118,5.38680102974007,5.311812575161755,5.458663915144559,0.0013333333333333335,0.0,0.004,0.0531193955739999,0.049799489804200445,0.05660451700465421
german_credit,1.0,free_l2,raw_leaf_projection,10,1.0,1.0,1.0,0.9986477886643055,0.7382664308723823,1.275273067690115,1.147834710304956,1.0961015472456168,1.2080595211086906,1.0,1.0,1.0,0.049799445872047265,0.04635644988032589,0.053896381051978234
german_credit,1.0,immutable_l2,clbr,10,0.6628232119991818,0.5357410104224645,0.785537119608445,1.4134320626197248,1.1195510149975356,1.7417528168856555,2.3835169278057675,1.8715716443680492,2.883640497329372,0.721640298861886,0.6140265557141226,0.8317889512644139,0.16202794372113744,0.12019427619882295,0.20124685546944168
german_credit,1.0,immutable_l2,clbr_uncached,10,0.6628232119991818,0.5357410104224645,0.785537119608445,1.4134320626197248,1.1195510149975356,1.7417528168856555,2.3835169278057675,1.8715716443680492,2.883640497329372,0.721640298861886,0.6140265557141226,0.8317889512644139,0.19568349525128045,0.15526713268489575,0.23595423985633865
german_credit,1.0,immutable_l2,exact_leaf,10,1.0,1.0,1.0,0.7974119123291248,0.6051236695254105,0.996765934010428,1.162750984970272,1.0878556762455895,1.2439270707103995,1.0,1.0,1.0,0.440624023997578,0.39312390238353356,0.48624241780693506
german_credit,1.0,immutable_l2,exact_leaf_cached,10,1.0,1.0,1.0,0.7974119123291248,0.6051236695254105,0.996765934010428,1.162750984970272,1.0878556762455895,1.2439270707103995,1.0,1.0,1.0,0.09591952962862443,0.09396845557948191,0.09788762965877515
german_credit,1.0,immutable_l2,leaf_centroid,10,0.507528712166314,0.3632916550736701,0.6621482844892599,2.8111075940024834,2.5539158419060137,3.1169203509119385,3.9578685897435895,3.8923076923076927,4.0,0.042131410256410255,0.0,0.10769230769230768,0.1646483582509858,0.1510732650878359,0.17637138796364102
german_credit,1.0,immutable_l2,metric_clbr,10,0.7309570867923425,0.60449746295641,0.8411652404952592,0.8365072300708528,0.5922981808881408,1.166994280093184,1.618604540634431,1.3598362459970117,1.8966609544343596,0.8833399101160199,0.8264881377122124,0.9331143509349273,0.10619101632776813,0.08216780824916735,0.13241966217291884
german_credit,1.0,immutable_l2,metric_leaf_projection,10,0.5681620081203796,0.42564334950980814,0.7190959003352903,0.4367138820280007,0.3178651014773795,0.5816652272307342,1.0518082985243626,1.0169601423393844,1.0941975723585,1.0,1.0,1.0,0.046228414555325434,0.044478570654940486,0.048168402707774026
german_credit,1.0,immutable_l2,native_exact_k_sparse,10,1.0,1.0,1.0,0.7974119123291248,0.6051236695254105,0.996765934010428,1.162750984970272,1.0878556762455895,1.2439270707103995,1.0,1.0,1.0,0.08952438922916689,0.0857671212769043,0.09370795940481975
german_credit,1.0,immutable_l2,nn_positive_train,10,0.6120474572299919,0.4903702111335239,0.7344890960072384,2.9525697243384292,2.7494651014069134,3.2256617489236152,3.5071040020569186,3.4681017062219675,3.547185787360664,0.49289599794308137,0.4528142126393355,0.5318982937780328,0.04752763422954179,0.04533405983966414,0.05000742659523143
german_credit,1.0,immutable_l2,raw_leaf_projection,10,0.3365274230466162,0.17044443919507904,0.5270003023620614,0.906747617486146,0.5383525177625226,1.396121153058252,1.0827752865396563,1.0058252427184466,1.2171795520876765,1.0,1.0,1.0,0.04453692422905206,0.0431577582683838,0.04603185119239635
german_credit,1.0,immutable_top3_l1,clbr,10,0.6389290163941328,0.5175786078648895,0.754206200780567,1.7914344262574766,1.3577235166877446,2.2981839031486144,2.2139059737372526,1.8046766264009901,2.5739803659025973,1.0,1.0,1.0,0.18282626088719975,0.1362480438684619,0.2236210345452932
german_credit,1.0,immutable_top3_l1,clbr_uncached,10,0.6389290163941328,0.5175786078648895,0.754206200780567,1.7914344262574766,1.3577235166877446,2.2981839031486144,2.2139059737372526,1.8046766264009901,2.5739803659025973,1.0,1.0,1.0,0.21447346707222875,0.17213133897415347,0.2519372512694454
german_credit,1.0,immutable_top3_l1,exact_leaf,10,0.9868348336290265,0.9755035639389872,0.996345126835781,0.9091703344957217,0.6868030852670326,1.1408182077597127,1.1432909442540666,1.0721729529929993,1.2207508556740687,1.0,1.0,1.0,0.4554118472963573,0.4065110480868869,0.497816339806677
german_credit,1.0,immutable_top3_l1,exact_leaf_cached,10,0.9868348336290265,0.9755035639389872,0.996345126835781,0.9091703344957217,0.6868030852670326,1.1408182077597127,1.1432909442540666,1.0721729529929993,1.2207508556740687,1.0,1.0,1.0,0.09286351077839214,0.08887769635769749,0.09735795104760787
german_credit,1.0,immutable_top3_l1,leaf_centroid,10,0.4665995755804456,0.3194577639175471,0.6220893059741971,3.637699516127656,3.1687392276165443,4.171323480182343,2.9993421052631577,2.9980263157894735,3.0,1.0,1.0,1.0,0.16646379874218253,0.15504671600251718,0.17626805676322513
german_credit,1.0,immutable_top3_l1,metric_clbr,10,0.7161194588824411,0.5908478812705904,0.8292678592676015,1.0143142204084732,0.6982607789595769,1.4490495193550241,1.5039089544502873,1.2933889921994006,1.718560869976917,1.0,1.0,1.0,0.10936394205616176,0.08316234133878479,0.13733394667721618
german_credit,1.0,immutable_top3_l1,metric_leaf_projection,10,0.5507803120503401,0.4151208373859283,0.70078861169026,0.4453787388677231,0.32188095980420073,0.5910687979565834,1.037157355223393,1.00914987135506,1.0738356560891937,1.0,1.0,1.0,0.04304944910797824,0.04163908511481129,0.04435032921992663
german_credit,1.0,immutable_top3_l1,native_exact_k_sparse,10,1.0,1.0,1.0,0.8763526045404468,0.6446299151262955,1.1189363518384685,1.1548599889165299,1.0803746723641736,1.2355594498241347,1.0,1.0,1.0,0.09347372924223112,0.09133610658953807,0.0958545688406077
german_credit,1.0,immutable_top3_l1,nn_positive_train,10,0.6035365967454472,0.48541797222259914,0.7227889583182019,3.7364642042122598,3.4561366000562765,4.132339371180924,3.0,3.0,3.0,1.0,1.0,1.0,0.05070347236994192,0.04722673918364026,0.05599862674359653
german_credit,1.0,immutable_top3_l1,raw_leaf_projection,10,0.27916634595212925,0.13643957526934022,0.45932539452639715,0.8940801269441536,0.5016655668599674,1.4072966633602284,1.071985815602837,1.0,1.2053191489361703,1.0,1.0,1.0,0.04771733192442644,0.045339657387141206,0.05026799887895469
synthetic_overlap,0.0,free_l2,clbr,10,1.0,1.0,1.0,0.4635266926381309,0.4222384185849671,0.5143054757104442,1.3114029974143904,1.2470844003061548,1.3757067130150598,0.9984999999999999,0.9954999999999998,1.0,0.04984818805784295,0.04719244206739309,0.05310572693903057
synthetic_overlap,0.0,free_l2,clbr_uncached,10,1.0,1.0,1.0,0.4635266926381309,0.4222384185849671,0.5143054757104442,1.3114029974143904,1.2470844003061548,1.3757067130150598,0.9984999999999999,0.9954999999999998,1.0,0.0818676519203306,0.07615413202508718,0.08813790269848955
synthetic_overlap,0.0,free_l2,exact_leaf,10,1.0,1.0,1.0,0.44265761091227984,0.40860179548063247,0.4829385176774853,1.3123012820050806,1.2363007978774432,1.385677001839361,0.9984999999999999,0.9954999999999998,1.0,0.5029708480352977,0.43652062395366575,0.5700769364775004
synthetic_overlap,0.0,free_l2,exact_leaf_cached,10,1.0,1.0,1.0,0.44265761091227984,0.40860179548063247,0.4829385176774853,1.3123012820050806,1.2363007978774432,1.385677001839361,0.9984999999999999,0.9954999999999998,1.0,0.10945401216465518,0.10434269867024284,0.11617762574220004
synthetic_overlap,0.0,free_l2,leaf_centroid,10,1.0,1.0,1.0,3.6866715277576025,3.596670372092567,3.7980631288036366,16.0,16.0,16.0,0.0,0.0,0.0,0.18619493334410503,0.16973243487898737,0.2032032885487792
synthetic_overlap,0.0,free_l2,metric_clbr,10,1.0,1.0,1.0,0.44265761091227984,0.40860179548063247,0.4829385176774853,1.3123012820050806,1.2363007978774432,1.385677001839361,0.9984999999999999,0.9954999999999998,1.0,0.050608782711965915,0.04775732759632039,0.054105542319785024
synthetic_overlap,0.0,free_l2,metric_leaf_projection,10,1.0,1.0,1.0,0.44265761091227984,0.40860179548063247,0.4829385176774853,1.3123012820050806,1.2363007978774432,1.385677001839361,0.9984999999999999,0.9954999999999998,1.0,0.050669338660815536,0.04820462827338438,0.053708286375932446
synthetic_overlap,0.0,free_l2,native_exact_k_sparse,10,1.0,1.0,1.0,0.44265761091227984,0.40860179548063247,0.4829385176774853,1.3123012820050806,1.2363007978774432,1.385677001839361,0.9984999999999999,0.9954999999999998,1.0,0.10441692509993243,0.09941989519622338,0.11049002830492151
synthetic_overlap,0.0,free_l2,nn_positive_train,10,1.0,1.0,1.0,3.12859301987303,3.036949986925245,3.235707647442062,16.0,16.0,16.0,0.0,0.0,0.0,0.056691581728329686,0.05420327716893704,0.05945935234784205
synthetic_overlap,0.0,free_l2,raw_leaf_projection,10,1.0,1.0,1.0,0.4635266926381309,0.4222384185849671,0.5143054757104442,1.3114029974143904,1.2470844003061548,1.3757067130150598,0.9984999999999999,0.9954999999999998,1.0,0.05339692139334064,0.05049102923835051,0.05718370298191656
synthetic_overlap,0.0,immutable_l2,clbr,10,0.8146149427654297,0.7486582963155893,0.8839211650648262,0.7300076043144891,0.6241445173101345,0.8323471767221534,3.01881994131927,2.399203835728395,3.6344095699137573,0.8300258641758408,0.7720635113709523,0.8880452159107555,0.1103027790111886,0.09201905736326517,0.12723238232674308
synthetic_overlap,0.0,immutable_l2,clbr_uncached,10,0.8146149427654297,0.7486582963155893,0.8839211650648262,0.7300076043144891,0.6241445173101345,0.8323471767221534,3.01881994131927,2.399203835728395,3.6344095699137573,0.8300258641758408,0.7720635113709523,0.8880452159107555,0.14276393808519441,0.12398431265145732,0.16134453746817018
synthetic_overlap,0.0,immutable_l2,exact_leaf,10,1.0,1.0,1.0,0.6006955418716288,0.5150407910601225,0.7182159538170545,1.2756899838818092,1.2050852331024113,1.3430132346019257,0.9979413407821228,0.9947653631284915,1.0,0.47734805944759556,0.41890530573484436,0.5358613340339727
synthetic_overlap,0.0,immutable_l2,exact_leaf_cached,10,1.0,1.0,1.0,0.6006955418716288,0.5150407910601225,0.7182159538170545,1.2756899838818092,1.2050852331024113,1.3430132346019257,0.9979413407821228,0.9947653631284915,1.0,0.10992914881186522,0.10564078750021647,0.1143423110665246
synthetic_overlap,0.0,immutable_l2,leaf_centroid,10,0.7508078761342825,0.6744691597238316,0.8320075457993575,3.218056050235206,3.106041096421187,3.334829886431965,12.0,12.0,12.0,0.0,0.0,0.0,0.18403553490830943,0.17030410886391248,0.19780777557269452
synthetic_overlap,0.0,immutable_l2,metric_clbr,10,0.8150068386335775,0.7397172705859087,0.8880383637285733,0.7284157670318409,0.6090129529990365,0.8535743376157626,3.053165511441075,2.3852222983359397,3.7420168377406977,0.8269192812582524,0.7633689657760372,0.8893611003173828,0.10825808845416725,0.08952113359187522,0.1259717034047872
synthetic_overlap,0.0,immutable_l2,metric_leaf_projection,10,0.6836926296512142,0.5826117908419646,0.7921673149084079,0.40853194546416305,0.3820249840165462,0.4341317348230482,1.199197981821297,1.138853906704918,1.2553394714221755,0.9981818181818183,0.9945454545454545,1.0,0.05164337256735417,0.050094166550202636,0.05309490602447811
synthetic_overlap,0.0,immutable_l2,native_exact_k_sparse,10,1.0,1.0,1.0,0.6006955418716288,0.5150407910601225,0.7182159538170545,1.2756899838818092,1.2050852331024113,1.3430132346019257,0.9979413407821228,0.9947653631284915,1.0,0.10434807483306914,0.10158545839726993,0.10697206018914486
synthetic_overlap,0.0,immutable_l2,nn_positive_train,10,0.7112050304167663,0.6175794154897148,0.8148342974534014,2.7586604934356576,2.647800787002237,2.872127591441682,12.0,12.0,12.0,0.0,0.0,0.0,0.056012553502373476,0.05428323921507718,0.05759305833463933
synthetic_overlap,0.0,immutable_l2,raw_leaf_projection,10,0.6836868833232741,0.5954312102951723,0.785704273928303,0.42947426234907116,0.39492094463225447,0.46763855602389015,1.198206730411681,1.1447728813884264,1.2444215148668032,0.9981818181818183,0.9945454545454545,1.0,0.05299933523294872,0.050972001618205365,0.054911741991502505
synthetic_overlap,0.0,immutable_top3_l1,clbr,10,0.4201731615893848,0.36025611962703685,0.4797791067516437,1.6982725646303378,1.5472590757015383,1.8646776503328018,2.093494523339414,1.9771506867300879,2.2041175251833995,1.0,1.0,1.0,0.16381795990061812,0.15146199067860164,0.17535100740663162
synthetic_overlap,0.0,immutable_top3_l1,clbr_uncached,10,0.4201731615893848,0.36025611962703685,0.4797791067516437,1.6982725646303378,1.5472590757015383,1.8646776503328018,2.093494523339414,1.9771506867300879,2.2041175251833995,1.0,1.0,1.0,0.20236838201796625,0.18644023783417044,0.21672235463698708
synthetic_overlap,0.0,immutable_top3_l1,exact_leaf,10,0.6446136211600815,0.5866917288019602,0.6982679993112545,1.1431171027047295,1.0452976671787946,1.2443918219873304,1.0911752417550153,1.058138778770393,1.130161867587399,1.0,1.0,1.0,0.43435154965657546,0.37954845654894503,0.48579922030504313
synthetic_overlap,0.0,immutable_top3_l1,exact_leaf_cached,10,0.6446136211600815,0.5866917288019602,0.6982679993112545,1.1431171027047295,1.0452976671787946,1.2443918219873304,1.0911752417550153,1.058138778770393,1.130161867587399,1.0,1.0,1.0,0.08922827547513026,0.0838099627340089,0.09457788155091278
synthetic_overlap,0.0,immutable_top3_l1,leaf_centroid,10,0.29140987534021023,0.250457845600618,0.3348981920104079,3.187713828237487,2.962758669608185,3.453566357308354,3.0,3.0,3.0,1.0,1.0,1.0,0.1819803888258611,0.16679467569102036,0.19533948752569144
synthetic_overlap,0.0,immutable_top3_l1,metric_clbr,10,0.42974328402061734,0.36679007991252566,0.4931718663840454,1.6559712030192884,1.5039977238686557,1.8158348435126304,2.0232657842815183,1.8967177393149188,2.1435121524581406,1.0,1.0,1.0,0.15725134795349655,0.14600437548369113,0.167278228900347
synthetic_overlap,0.0,immutable_top3_l1,metric_leaf_projection,10,0.2148260350242362,0.17192850128483303,0.2593810959735792,0.5111878591726676,0.4582867923240259,0.5674012041589431,1.0314536229164712,1.0136455108359133,1.0499153297682708,1.0,1.0,1.0,0.048082726804774586,0.04655578964115705,0.04967906625542154
synthetic_overlap,0.0,immutable_top3_l1,native_exact_k_sparse,10,1.0,1.0,1.0,0.6546179311696119,0.5578912906498021,0.7856258394888044,1.20800735017184,1.1550765925336433,1.2597315490907972,1.0,1.0,1.0,0.10680192856827737,0.10328087371922497,0.11067054883152154
synthetic_overlap,0.0,immutable_top3_l1,nn_positive_train,10,0.3977817308017631,0.3377883523222072,0.45728438347390393,3.569343475460196,3.420418885596706,3.7120793543474244,3.0,3.0,3.0,1.0,1.0,1.0,0.05553060753240915,0.05390892841587123,0.057248899776998596
synthetic_overlap,0.0,immutable_top3_l1,raw_leaf_projection,10,0.19538870089308247,0.1577021062035555,0.23652789088211043,0.5044199518014401,0.4556382142872285,0.5541568649873782,1.0415010955842872,1.0213227112446128,1.0607693305327008,1.0,1.0,1.0,0.05037274252544345,0.04873007025148858,0.05212116993435016
synthetic_overlap,1.0,free_l2,clbr,10,1.0,1.0,1.0,0.46105729111770427,0.4041485003137557,0.5182241134144573,1.2779610100446854,1.2087162284788422,1.352529665169457,1.0,1.0,1.0,0.05119082518727447,0.04947657225601805,0.053031339190945166
synthetic_overlap,1.0,free_l2,clbr_uncached,10,1.0,1.0,1.0,0.46105729111770427,0.4041485003137557,0.5182241134144573,1.2779610100446854,1.2087162284788422,1.352529665169457,1.0,1.0,1.0,0.08245325788624272,0.07861601362430873,0.08609354398002297
synthetic_overlap,1.0,free_l2,exact_leaf,10,1.0,1.0,1.0,0.44134867498493147,0.3873953282346174,0.49426863488894596,1.2785490960609982,1.1961023264415096,1.368389212064945,1.0,1.0,1.0,0.4983449727179684,0.44622773959657663,0.546891920316363
synthetic_overlap,1.0,free_l2,exact_leaf_cached,10,1.0,1.0,1.0,0.44134867498493147,0.3873953282346174,0.49426863488894596,1.2785490960609982,1.1961023264415096,1.368389212064945,1.0,1.0,1.0,0.11089597543968788,0.10674044774509178,0.11479463070395844
synthetic_overlap,1.0,free_l2,leaf_centroid,10,1.0,1.0,1.0,3.9769472498499026,3.8703330424206843,4.092811240781062,16.0,16.0,16.0,0.0,0.0,0.0,0.18766112090922993,0.17456403021790207,0.20030374369453186
synthetic_overlap,1.0,free_l2,metric_clbr,10,1.0,1.0,1.0,0.44134867498493147,0.3873953282346174,0.49426863488894596,1.2785490960609982,1.1961023264415096,1.368389212064945,1.0,1.0,1.0,0.05070298792387423,0.04888270345003223,0.052496560509575345
synthetic_overlap,1.0,free_l2,metric_leaf_projection,10,1.0,1.0,1.0,0.44134867498493147,0.3873953282346174,0.49426863488894596,1.2785490960609982,1.1961023264415096,1.368389212064945,1.0,1.0,1.0,0.05081412220118235,0.04932232062648701,0.05233724116043119
synthetic_overlap,1.0,free_l2,native_exact_k_sparse,10,1.0,1.0,1.0,0.44134867498493147,0.3873953282346174,0.49426863488894596,1.2785490960609982,1.1961023264415096,1.368389212064945,1.0,1.0,1.0,0.10708298539536928,0.10293866663512788,0.1113893958836128
synthetic_overlap,1.0,free_l2,nn_positive_train,10,1.0,1.0,1.0,3.4091193948632794,3.2896453824624716,3.530709874517057,16.0,16.0,16.0,0.0,0.0,0.0,0.05698290042924596,0.055125371030461966,0.05875325955717655
synthetic_overlap,1.0,free_l2,raw_leaf_projection,10,1.0,1.0,1.0,0.46105729111770427,0.4041485003137557,0.5182241134144573,1.2779610100446854,1.2087162284788422,1.352529665169457,1.0,1.0,1.0,0.05488164742169408,0.05310178528526272,0.0565999284989668
synthetic_overlap,1.0,immutable_l2,clbr,10,0.7994758169687649,0.7282879958085965,0.8698005174865502,0.6543361511240209,0.5614892873300105,0.7561855533292617,2.465755075527379,1.8818410116002073,3.168262313402326,0.8836882947066484,0.8171049146178877,0.9393666827114441,0.09928870748515373,0.08048979964033913,0.12022921061320697
synthetic_overlap,1.0,immutable_l2,clbr_uncached,10,0.7994758169687649,0.7282879958085965,0.8698005174865502,0.6543361511240209,0.5614892873300105,0.7561855533292617,2.465755075527379,1.8818410116002073,3.168262313402326,0.8836882947066484,0.8171049146178877,0.9393666827114441,0.13197479349703478,0.11084432623232562,0.1566135121275291
synthetic_overlap,1.0,immutable_l2,exact_leaf,10,1.0,1.0,1.0,0.5876003968067592,0.5049163292894204,0.6928657123491387,1.2667269700212367,1.1940878419252337,1.335913251009394,0.9985000000000002,0.9964999999999999,1.0,0.4935562240574301,0.4414355828356314,0.5437173283597027
synthetic_overlap,1.0,immutable_l2,exact_leaf_cached,10,1.0,1.0,1.0,0.5876003968067592,0.5049163292894204,0.6928657123491387,1.2667269700212367,1.1940878419252337,1.335913251009394,0.9985000000000002,0.9964999999999999,1.0,0.11692864610989902,0.11246439812499982,0.1221418732745407
synthetic_overlap,1.0,immutable_l2,leaf_centroid,10,0.7284032898949713,0.6501537921586951,0.816015806470604,3.2325741519730995,3.1150715137440526,3.3553860460970846,12.0,12.0,12.0,0.0,0.0,0.0,0.19112282613692264,0.17741638113432362,0.2041316164074255
synthetic_overlap,1.0,immutable_l2,metric_clbr,10,0.8019980356844686,0.7186552617810493,0.8780570667941802,0.6358789957204852,0.5470675678439495,0.7364632169021315,2.40207660205882,1.8560197471511535,3.0133552798786587,0.8894030736756344,0.8318087930018613,0.9416844094401187,0.09578004981719622,0.07711708842752633,0.11622239341281186
synthetic_overlap,1.0,immutable_l2,metric_leaf_projection,10,0.7212284230228848,0.6156402229159055,0.8245158711396703,0.4148977864927274,0.3631676287576854,0.4610699456793215,1.2044745865821864,1.1334436272447166,1.274759301398211,1.0,1.0,1.0,0.05271796859555339,0.05060943835991082,0.05510403306558014
synthetic_overlap,1.0,immutable_l2,native_exact_k_sparse,10,1.0,1.0,1.0,0.5876003968067592,0.5049163292894204,0.6928657123491387,1.2667269700212367,1.1940878419252337,1.335913251009394,0.9985000000000002,0.9964999999999999,1.0,0.10923181731300897,0.10485473437954013,0.11397058950432605
synthetic_overlap,1.0,immutable_l2,nn_positive_train,10,0.6598162464589651,0.5712838775196273,0.7615921857800699,2.819216869640168,2.6905522291484254,2.9538896763640397,12.0,12.0,12.0,0.0,0.0,0.0,0.057443423949532633,0.05524191392144061,0.059832753099253885
synthetic_overlap,1.0,immutable_l2,raw_leaf_projection,10,0.7122047244537415,0.6170730532607329,0.8118024281351583,0.4362457746733533,0.3654673927119899,0.5028081937319754,1.2056580562505315,1.138443445285569,1.2684770669515804,1.0,1.0,1.0,0.054510955101341074,0.052327242862705306,0.056805716294497544
synthetic_overlap,1.0,immutable_top3_l1,clbr,10,0.3917740440485732,0.3416505558591306,0.4478784247302693,1.7050136211319251,1.505222211807582,1.9479909899791106,2.0276545224354683,1.887973110463197,2.1739679316276352,1.0,1.0,1.0,0.16422551641906724,0.1528361170302284,0.1782569185303028
synthetic_overlap,1.0,immutable_top3_l1,clbr_uncached,10,0.3917740440485732,0.3416505558591306,0.4478784247302693,1.7050136211319251,1.505222211807582,1.9479909899791106,2.0276545224354683,1.887973110463197,2.1739679316276352,1.0,1.0,1.0,0.2033588055877892,0.19129089821756362,0.21639361421537015
synthetic_overlap,1.0,immutable_top3_l1,exact_leaf,10,0.6055882349872642,0.5484258494337109,0.6601878602370976,1.110583344133461,1.0174706322436367,1.2250908444338915,1.0887514918125785,1.0583271199636508,1.1205579083770105,1.0,1.0,1.0,0.4568983714362832,0.4046329556805519,0.5074719884479869
synthetic_overlap,1.0,immutable_top3_l1,exact_leaf_cached,10,0.6055882349872642,0.5484258494337109,0.6601878602370976,1.110583344133461,1.0174706322436367,1.2250908444338915,1.0887514918125785,1.0583271199636508,1.1205579083770105,1.0,1.0,1.0,0.09332874453609279,0.08842948654681719,0.09824193160378539
synthetic_overlap,1.0,immutable_top3_l1,leaf_centroid,10,0.2908147400902826,0.2534260865582287,0.32769990867385945,3.2657773634918663,3.087818621675046,3.4613673473389452,3.0,3.0,3.0,1.0,1.0,1.0,0.19222842918319755,0.17770654584459503,0.2060009554653688
synthetic_overlap,1.0,immutable_top3_l1,metric_clbr,10,0.4006384570205704,0.35031217870881776,0.45722144962642347,1.641536015947753,1.4658149624874477,1.841056289166953,1.9508422630534832,1.8307393981325604,2.0647318374683397,1.0,1.0,1.0,0.15689970390810112,0.14772850507979504,0.16948181597469766
synthetic_overlap,1.0,immutable_top3_l1,metric_leaf_projection,10,0.2141534263294774,0.17736446808608075,0.2546150366757732,0.5286582089606798,0.4664406632720796,0.5933500828028624,1.029764705882353,1.008,1.0538823529411765,1.0,1.0,1.0,0.05074282713945357,0.04829412334080489,0.053478688760656506
synthetic_overlap,1.0,immutable_top3_l1,native_exact_k_sparse,10,1.0,1.0,1.0,0.637862554030471,0.5468634165846604,0.7526737107863676,1.1996569050668249,1.1454295319105299,1.2545243023666548,1.0,1.0,1.0,0.11350289612107918,0.10927266337429263,0.11808445278828805
synthetic_overlap,1.0,immutable_top3_l1,nn_positive_train,10,0.3635199944882911,0.3160354993011322,0.4151448728787626,3.65705906617006,3.4718967283973377,3.860998583393534,3.0,3.0,3.0,1.0,1.0,1.0,0.05857537944967561,0.05613556739227873,0.06104475094352748
synthetic_overlap,1.0,immutable_top3_l1,raw_leaf_projection,10,0.19619517516815543,0.15793260363829997,0.23532161596570028,0.5280583820266113,0.4567004751064865,0.593378613060851,1.053954805809323,1.0280744714222976,1.08261628357566,1.0,1.0,1.0,0.05446695721202506,0.05205877692166206,0.05700605938666709
wine_binary,0.0,free_l2,clbr,10,1.0,1.0,1.0,0.8972541764357768,0.7962443162147732,1.0148367617307488,1.1584761904761904,1.0,1.3630380952380972,1.0,1.0,1.0,0.038187381503579684,0.036834997615442115,0.039523840721757214
wine_binary,0.0,free_l2,clbr_uncached,10,1.0,1.0,1.0,0.8972541764357768,0.7962443162147732,1.0148367617307488,1.1584761904761904,1.0,1.3630380952380972,1.0,1.0,1.0,0.040863816324615235,0.038856017312113675,0.04298759209426078
wine_binary,0.0,free_l2,exact_leaf,10,1.0,1.0,1.0,0.7911422610875751,0.7029433775757895,0.8872927675319415,1.106095238095238,1.0,1.2502857142857144,1.0,1.0,1.0,0.11992345875715842,0.10661102078172047,0.13357387955136985
wine_binary,0.0,free_l2,exact_leaf_cached,10,1.0,1.0,1.0,0.7911422610875751,0.7029433775757895,0.8872927675319415,1.106095238095238,1.0,1.2502857142857144,1.0,1.0,1.0,0.07962530469989323,0.07672633335478699,0.08257801364034391
wine_binary,0.0,free_l2,leaf_centroid,10,1.0,1.0,1.0,4.243587281040118,3.891305223888459,4.6707915091407175,12.97305194805195,12.93733766233766,13.0,0.0,0.0,0.0,0.06247911413343088,0.05788060256121776,0.06777209601835697
wine_binary,0.0,free_l2,metric_clbr,10,1.0,1.0,1.0,0.7911422610875751,0.7029433775757895,0.8872927675319415,1.106095238095238,1.0,1.2502857142857144,1.0,1.0,1.0,0.03842693764949733,0.03704123416111829,0.039897710098440724
wine_binary,0.0,free_l2,metric_leaf_projection,10,1.0,1.0,1.0,0.7911422610875751,0.7029433775757895,0.8872927675319415,1.106095238095238,1.0,1.2502857142857144,1.0,1.0,1.0,0.039065301432567555,0.03740451879964616,0.04090384931078846
wine_binary,0.0,free_l2,native_exact_k_sparse,10,1.0,1.0,1.0,0.7911422610875751,0.7029433775757895,0.8872927675319415,1.106095238095238,1.0,1.2502857142857144,1.0,1.0,1.0,0.07818160019613,0.07496015526086398,0.08143255109984242
wine_binary,0.0,free_l2,nn_positive_train,10,1.0,1.0,1.0,4.582420547049663,4.010490250466262,5.220446605430438,12.844891707879324,12.810982874968168,12.879220268250842,0.0,0.0,0.0,0.03883891686389497,0.03739219259217809,0.04043498119345028
wine_binary,0.0,free_l2,raw_leaf_projection,10,1.0,1.0,1.0,0.8972541764357768,0.7962443162147732,1.0148367617307488,1.1584761904761904,1.0,1.3630380952380972,1.0,1.0,1.0,0.04167483499867326,0.039789338045537664,0.043601512972498
wine_binary,0.0,immutable_l2,clbr,10,0.631406162464986,0.34255070028011203,0.9095238095238095,0.7272419493776003,0.5550683853299926,0.869869616798652,1.0,1.0,1.0,1.0,1.0,1.0,0.05480944703845621,0.04206921460432286,0.06885384566053619
wine_binary,0.0,immutable_l2,clbr_uncached,10,0.631406162464986,0.34255070028011203,0.9095238095238095,0.7272419493776003,0.5550683853299926,0.869869616798652,1.0,1.0,1.0,1.0,1.0,1.0,0.05904096274715952,0.046454509460211256,0.07259694908986306
wine_binary,0.0,immutable_l2,exact_leaf,10,0.631406162464986,0.34255070028011203,0.9095238095238095,0.7272419493776003,0.5550683853299926,0.869869616798652,1.0,1.0,1.0,1.0,1.0,1.0,0.10154589083867001,0.08643182087475326,0.11779848659472528
wine_binary,0.0,immutable_l2,exact_leaf_cached,10,0.631406162464986,0.34255070028011203,0.9095238095238095,0.7272419493776003,0.5550683853299926,0.869869616798652,1.0,1.0,1.0,1.0,1.0,1.0,0.06607509001979767,0.05468820759886366,0.07657524925035568
wine_binary,0.0,immutable_l2,leaf_centroid,10,0.6268607079195314,0.34032838044308633,0.9004555003819711,4.148039969141055,3.7909240660582424,4.574458457783142,11.989658489658488,11.974506974506973,12.0,0.0,0.0,0.0,0.060947000940567785,0.057432041921425515,0.06464467122248904
wine_binary,0.0,immutable_l2,metric_clbr,10,0.6215975500247947,0.33640924101698094,0.891847537292429,1.3705230139548465,0.947456741494324,1.7933428620637075,5.362650312650313,3.090117845117845,8.069701779701779,0.5989658489658489,0.35031565656565655,0.8082076719576721,0.1111287666309265,0.09149323999190707,0.1309458406758158
wine_binary,0.0,immutable_l2,metric_leaf_projection,10,0.43819609183386266,0.21180290297937354,0.6613526999316472,0.6525770512621899,0.47309390952367464,0.7933748422429768,1.0,1.0,1.0,1.0,1.0,1.0,0.037717556813185824,0.03658639625881221,0.038809288126652616
wine_binary,0.0,immutable_l2,native_exact_k_sparse,10,0.631406162464986,0.34255070028011203,0.9095238095238095,0.7272419493776003,0.5550683853299926,0.869869616798652,1.0,1.0,1.0,1.0,1.0,1.0,0.06648862110502486,0.05518095131851443,0.07721749069917913
wine_binary,0.0,immutable_l2,nn_positive_train,10,0.6215975500247947,0.33640924101698094,0.891847537292429,4.3585184482899395,3.8544782472660604,4.869321303565984,11.862602212602212,11.812862554112554,11.92053872053872,0.0,0.0,0.0,0.03704555754174828,0.035188928666728556,0.03871680219543264
wine_binary,0.0,immutable_l2,raw_leaf_projection,10,0.631406162464986,0.34255070028011203,0.9095238095238095,0.7272419493776003,0.5550683853299926,0.869869616798652,1.0,1.0,1.0,1.0,1.0,1.0,0.04020898053223483,0.037429175054469944,0.0436705083216104
wine_binary,0.0,immutable_top3_l1,clbr,10,0.20743381180223283,0.06098409090909091,0.4106415869218503,0.9401946918930553,0.8494305449205681,1.0409080612472947,1.0,1.0,1.0,1.0,1.0,1.0,0.08178487345012235,0.06850536450014126,0.09578122401246442
wine_binary,0.0,immutable_top3_l1,clbr_uncached,10,0.20743381180223283,0.06098409090909091,0.4106415869218503,0.9401946918930553,0.8494305449205681,1.0409080612472947,1.0,1.0,1.0,1.0,1.0,1.0,0.08861078412906645,0.07779505754088833,0.09851616875770204
wine_binary,0.0,immutable_top3_l1,exact_leaf,10,0.20743381180223283,0.06098409090909091,0.4106415869218503,0.9401946918930553,0.8494305449205681,1.0409080612472947,1.0,1.0,1.0,1.0,1.0,1.0,0.09768969885446534,0.08069600362087977,0.1220015547844005
wine_binary,0.0,immutable_top3_l1,exact_leaf_cached,10,0.20743381180223283,0.06098409090909091,0.4106415869218503,0.9401946918930553,0.8494305449205681,1.0409080612472947,1.0,1.0,1.0,1.0,1.0,1.0,0.0522024560509325,0.045290917674094246,0.061897377462888446
wine_binary,0.0,immutable_top3_l1,leaf_centroid,10,0.20743381180223283,0.06098409090909091,0.4106415869218503,4.176746070585832,3.4506782689518922,5.016894692707332,3.0,3.0,3.0,1.0,1.0,1.0,0.06160666714907166,0.057426644810724646,0.06650531211039419
wine_binary,0.0,immutable_top3_l1,metric_clbr,10,0.20743381180223283,0.06098409090909091,0.4106415869218503,1.2446620515407336,1.0911980642866626,1.4445564571621015,1.6865079365079365,1.26984126984127,2.242063492063492,1.0,1.0,1.0,0.09976796675236872,0.08737172695580983,0.11462845568248212
wine_binary,0.0,immutable_top3_l1,metric_leaf_projection,10,0.14900205058099794,0.04,0.2899367737525634,0.8596915088514123,0.6728147580057777,1.0414397348495128,1.0,1.0,1.0,1.0,1.0,1.0,0.039041657015688846,0.03645513071004708,0.042045823485062896
wine_binary,0.0,immutable_top3_l1,native_exact_k_sparse,10,0.631406162464986,0.34255070028011203,0.9095238095238095,0.7272419493776003,0.5550683853299926,0.869869616798652,1.0,1.0,1.0,1.0,1.0,1.0,0.07013821723025616,0.058343693569555655,0.08131485258702068
wine_binary,0.0,immutable_top3_l1,nn_positive_train,10,0.20743381180223283,0.06098409090909091,0.4106415869218503,4.519134348945421,3.522652395766477,5.6462911131909665,3.0,3.0,3.0,1.0,1.0,1.0,0.037287564225931956,0.035750747347657194,0.03870865326034552
wine_binary,0.0,immutable_top3_l1,raw_leaf_projection,10,0.20743381180223283,0.06098409090909091,0.4106415869218503,0.9401946918930553,0.8494305449205681,1.0409080612472947,1.0,1.0,1.0,1.0,1.0,1.0,0.04129571756742397,0.038782270970483965,0.043709963076369394
wine_binary,1.0,free_l2,clbr,10,1.0,1.0,1.0,0.9584492966833318,0.7900393798895626,1.1845177388917627,1.1815531135531134,1.0,1.3855824175824174,1.0,1.0,1.0,0.04230877064062174,0.04035582121688843,0.04478994213925523
wine_binary,1.0,free_l2,clbr_uncached,10,1.0,1.0,1.0,0.9584492966833318,0.7900393798895626,1.1845177388917627,1.1815531135531134,1.0,1.3855824175824174,1.0,1.0,1.0,0.04611928407038367,0.04295853772652807,0.049069030504222705
wine_binary,1.0,free_l2,exact_leaf,10,1.0,1.0,1.0,0.8188633136686331,0.7075662907090098,0.9477777146148276,1.1375054945054945,1.0166666666666666,1.2818388278388277,1.0,1.0,1.0,0.13170303574911624,0.11818391207304214,0.1453158040456602
wine_binary,1.0,free_l2,exact_leaf_cached,10,1.0,1.0,1.0,0.8188633136686331,0.7075662907090098,0.9477777146148276,1.1375054945054945,1.0166666666666666,1.2818388278388277,1.0,1.0,1.0,0.08586161913686467,0.08311127961253756,0.08859157055145617
wine_binary,1.0,free_l2,leaf_centroid,10,1.0,1.0,1.0,4.7902919265880515,4.439142096258963,5.179260305991314,12.973430735930737,12.937337662337663,13.0,0.0,0.0,0.0,0.06959330189920862,0.06536103484123457,0.07400922568530946
wine_binary,1.0,free_l2,metric_clbr,10,1.0,1.0,1.0,0.8188633136686331,0.7075662907090098,0.9477777146148276,1.1375054945054945,1.0166666666666666,1.2818388278388277,1.0,1.0,1.0,0.041899125744583356,0.04025985959082782,0.043895585279869045
wine_binary,1.0,free_l2,metric_leaf_projection,10,1.0,1.0,1.0,0.8188633136686331,0.7075662907090098,0.9477777146148276,1.1375054945054945,1.0166666666666666,1.2818388278388277,1.0,1.0,1.0,0.044536720199912117,0.041573283575499276,0.047646275300780576
wine_binary,1.0,free_l2,native_exact_k_sparse,10,1.0,1.0,1.0,0.8188633136686331,0.7075662907090098,0.9477777146148276,1.1375054945054945,1.0166666666666666,1.2818388278388277,1.0,1.0,1.0,0.08360615593310243,0.07930172251140297,0.09017404948419644
wine_binary,1.0,free_l2,nn_positive_train,10,1.0,1.0,1.0,5.164966352232552,4.592188842453444,5.745920175616114,12.849448709185548,12.810160293653713,12.887256979862242,0.0,0.0,0.0,0.0442497471308238,0.04094094683984269,0.048623867227930447
wine_binary,1.0,free_l2,raw_leaf_projection,10,1.0,1.0,1.0,0.9584492966833318,0.7900393798895626,1.1845177388917627,1.1815531135531134,1.0,1.3855824175824174,1.0,1.0,1.0,0.04505892931265758,0.04244958580538656,0.04832306885438032
wine_binary,1.0,immutable_l2,clbr,10,0.663985347985348,0.379985347985348,0.916,0.8448885515360041,0.6586503053042773,1.1031159615823498,1.0,1.0,1.0,1.0,1.0,1.0,0.05891514904697963,0.046071496095787534,0.07410963145195144
wine_binary,1.0,immutable_l2,clbr_uncached,10,0.663985347985348,0.379985347985348,0.916,0.8448885515360041,0.6586503053042773,1.1031159615823498,1.0,1.0,1.0,1.0,1.0,1.0,0.06465598447373884,0.04949308196468891,0.08262695002601893
wine_binary,1.0,immutable_l2,exact_leaf,10,0.663985347985348,0.379985347985348,0.916,0.8448885515360041,0.6586503053042773,1.1031159615823498,1.0,1.0,1.0,1.0,1.0,1.0,0.11078108166184704,0.09246667297325961,0.12899667898006612
wine_binary,1.0,immutable_l2,exact_leaf_cached,10,0.663985347985348,0.379985347985348,0.916,0.8448885515360041,0.6586503053042773,1.1031159615823498,1.0,1.0,1.0,1.0,1.0,1.0,0.07651902819174623,0.06499212392629107,0.0867500513974337
wine_binary,1.0,immutable_l2,leaf_centroid,10,0.651485347985348,0.37350915750915753,0.8970982142857145,4.773863615297539,4.398150864453183,5.217243557593824,11.989658489658488,11.974506974506973,12.0,0.0,0.0,0.0,0.0664283725558084,0.0610588777788461,0.07153339572699
wine_binary,1.0,immutable_l2,metric_clbr,10,0.6503888567572778,0.37290677655677656,0.8947421052631579,1.6793395429671218,1.1490353001830318,2.2240819496253605,5.963179413179413,3.480114838864839,8.613649591149592,0.5448532948532948,0.30311868686868687,0.7731361231361231,0.12577735860831685,0.09653008206373143,0.15902335718282515
wine_binary,1.0,immutable_l2,metric_leaf_projection,10,0.4234267925057399,0.21178773857721228,0.631399465665913,0.8201787984166146,0.6121071070633244,1.1483445426572112,1.0,1.0,1.0,1.0,1.0,1.0,0.04337649168123272,0.040045432770422176,0.048122849786139905
wine_binary,1.0,immutable_l2,native_exact_k_sparse,10,0.663985347985348,0.379985347985348,0.916,0.8448885515360041,0.6586503053042773,1.1031159615823498,1.0,1.0,1.0,1.0,1.0,1.0,0.07191317924016818,0.0592190744248151,0.08371623914036225
wine_binary,1.0,immutable_l2,nn_positive_train,10,0.6503888567572778,0.37290677655677656,0.8947421052631579,4.952057473086876,4.4097577181870955,5.481546105903185,11.857375340708673,11.811913780663781,11.907602613435946,0.0,0.0,0.0,0.04416089309513479,0.039543268499652666,0.04955758060701449
wine_binary,1.0,immutable_l2,raw_leaf_projection,10,0.663985347985348,0.379985347985348,0.916,0.8448885515360041,0.6586503053042773,1.1031159615823498,1.0,1.0,1.0,1.0,1.0,1.0,0.04654314948025075,0.04048191483293315,0.05455505462385255
wine_binary,1.0,immutable_top3_l1,clbr,10,0.18559398496240603,0.031,0.4080170426065164,1.2352481423454638,0.89517737006917,1.6356669579809286,1.0,1.0,1.0,1.0,1.0,1.0,0.0847258467980321,0.07246697188980042,0.0947257586988404
wine_binary,1.0,immutable_top3_l1,clbr_uncached,10,0.18559398496240603,0.031,0.4080170426065164,1.2352481423454638,0.89517737006917,1.6356669579809286,1.0,1.0,1.0,1.0,1.0,1.0,0.0903748156185657,0.07847760913628832,0.1015429268998252
wine_binary,1.0,immutable_top3_l1,exact_leaf,10,0.18559398496240603,0.031,0.4080170426065164,1.2352481423454638,0.89517737006917,1.6356669579809286,1.0,1.0,1.0,1.0,1.0,1.0,0.09544376802112907,0.07848897964793865,0.11485157797389443
wine_binary,1.0,immutable_top3_l1,exact_leaf_cached,10,0.18559398496240603,0.031,0.4080170426065164,1.2352481423454638,0.89517737006917,1.6356669579809286,1.0,1.0,1.0,1.0,1.0,1.0,0.052711060476994795,0.045385259367921524,0.06242227989071613
wine_binary,1.0,immutable_top3_l1,leaf_centroid,10,0.18559398496240603,0.031,0.4080170426065164,4.736275435031636,4.053084846978112,5.594713971952685,3.0,3.0,3.0,1.0,1.0,1.0,0.06700933656863203,0.06113158392474691,0.0736181425568889
wine_binary,1.0,immutable_top3_l1,metric_clbr,10,0.18559398496240603,0.031,0.4080170426065164,1.8229180609272433,1.383658092931818,2.540228599937379,2.015873015873016,1.5158730158730158,2.5,1.0,1.0,1.0,0.10827505954819527,0.09039654570639045,0.1320967371281126
wine_binary,1.0,immutable_top3_l1,metric_leaf_projection,10,0.09458646616541354,0.014523809523809522,0.23067011278195493,1.2140755541376156,0.5864655203014759,1.750450484346132,1.0,1.0,1.0,1.0,1.0,1.0,0.04040718923040491,0.037963744527460645,0.04320485339845076
wine_binary,1.0,immutable_top3_l1,native_exact_k_sparse,10,0.663985347985348,0.379985347985348,0.916,0.8448885515360041,0.6586503053042773,1.1031159615823498,1.0,1.0,1.0,1.0,1.0,1.0,0.07579431323747196,0.06190553772402749,0.08915047588428598
wine_binary,1.0,immutable_top3_l1,nn_positive_train,10,0.18559398496240603,0.031,0.4080170426065164,5.314928242635151,4.5444104688179765,6.348839228899745,3.0,3.0,3.0,1.0,1.0,1.0,0.03919593966031502,0.03681457812047695,0.04208165177725754
wine_binary,1.0,immutable_top3_l1,raw_leaf_projection,10,0.18559398496240603,0.031,0.4080170426065164,1.2352481423454638,0.89517737006917,1.6356669579809286,1.0,1.0,1.0,1.0,1.0,1.0,0.04086969142311531,0.03881821849515984,0.04285970090306563
