dataset,domain,seed,depth,shift_strength,constraint,method,n_queries,coverage,direct_valid_rate,repair_recovery_share,mean_cost_valid,mean_changed_valid,sparse_share_leq3,runtime_total_sec,runtime_ms_per_query,n_positive_leaves
breast_cancer,diagnostic benchmark,7,7,0.0,free_l2,nn_positive_train,83,1.0,1.0,0.0,7.249631375137842,29.97590361445783,0.0,0.00559999999768479,0.0674698794901782,8
breast_cancer,diagnostic benchmark,7,7,0.0,free_l2,leaf_centroid,83,1.0,1.0,0.0,7.070023722695143,30.0,0.0,0.014038699997399817,0.1691409638240942,8
breast_cancer,diagnostic benchmark,7,7,0.0,free_l2,raw_leaf_projection,83,1.0,1.0,0.0,2.0173226513814444,2.36144578313253,1.0,0.005656500005898124,0.06815060248070029,8
breast_cancer,diagnostic benchmark,7,7,0.0,free_l2,clbr,83,1.0,1.0,0.0,2.0173226513814444,2.36144578313253,1.0,0.005214099995100696,0.06282048186868308,8
breast_cancer,diagnostic benchmark,7,7,0.0,free_l2,metric_leaf_projection,83,1.0,1.0,0.0,1.181656749767527,1.7590361445783131,1.0,0.005172700003640784,0.06232168679085282,8
breast_cancer,diagnostic benchmark,7,7,0.0,free_l2,metric_clbr,83,1.0,1.0,0.0,1.181656749767527,1.7590361445783131,1.0,0.00533190000714967,0.06423975912228519,8
breast_cancer,diagnostic benchmark,7,7,0.0,free_l2,exact_leaf,83,1.0,1.0,0.0,1.181656749767527,1.7590361445783131,1.0,0.0352342000032877,0.42450843377455055,8
breast_cancer,diagnostic benchmark,7,7,0.0,free_l2,exact_leaf_cached,83,1.0,1.0,0.0,1.181656749767527,1.7590361445783131,1.0,0.011286399998425622,0.13598072287259785,8
breast_cancer,diagnostic benchmark,7,7,0.0,free_l2,native_exact_k_sparse,83,1.0,1.0,0.0,1.181656749767527,1.7590361445783131,1.0,0.010707100001127401,0.12900120483286026,8
breast_cancer,diagnostic benchmark,7,7,0.0,free_l2,clbr_uncached,83,1.0,1.0,0.0,2.0173226513814444,2.36144578313253,1.0,0.007127399998353212,0.08587228913678568,8
breast_cancer,diagnostic benchmark,7,7,0.0,immutable_l2,nn_positive_train,83,1.0,1.0,0.0,6.923657213536351,26.97590361445783,0.0,0.004762800004755263,0.05738313258741281,8
breast_cancer,diagnostic benchmark,7,7,0.0,immutable_l2,leaf_centroid,83,1.0,1.0,0.0,6.762507325995898,27.0,0.0,0.01176989999748912,0.14180602406613396,8
breast_cancer,diagnostic benchmark,7,7,0.0,immutable_l2,raw_leaf_projection,83,1.0,1.0,0.0,2.0173226513814444,2.36144578313253,1.0,0.004776799999490322,0.05755180722277496,8
breast_cancer,diagnostic benchmark,7,7,0.0,immutable_l2,clbr,83,1.0,1.0,0.0,2.0173226513814444,2.36144578313253,1.0,0.0043991999973513884,0.053002409606643236,8
breast_cancer,diagnostic benchmark,7,7,0.0,immutable_l2,metric_leaf_projection,83,1.0,1.0,0.0,1.181656749767527,1.7590361445783131,1.0,0.004685200005042134,0.05644819283183294,8
breast_cancer,diagnostic benchmark,7,7,0.0,immutable_l2,metric_clbr,83,1.0,1.0,0.0,1.181656749767527,1.7590361445783131,1.0,0.0046350999973583384,0.055844578281425764,8
breast_cancer,diagnostic benchmark,7,7,0.0,immutable_l2,exact_leaf,83,1.0,1.0,0.0,1.181656749767527,1.7590361445783131,1.0,0.02941240000018297,0.3543662650624454,8
breast_cancer,diagnostic benchmark,7,7,0.0,immutable_l2,exact_leaf_cached,83,1.0,1.0,0.0,1.181656749767527,1.7590361445783131,1.0,0.009366199997202784,0.11284578309882873,8
breast_cancer,diagnostic benchmark,7,7,0.0,immutable_l2,native_exact_k_sparse,83,1.0,1.0,0.0,1.181656749767527,1.7590361445783131,1.0,0.008928200002628728,0.1075686747304666,8
breast_cancer,diagnostic benchmark,7,7,0.0,immutable_l2,clbr_uncached,83,1.0,1.0,0.0,2.0173226513814444,2.36144578313253,1.0,0.006001499996273196,0.0723072288707614,8
breast_cancer,diagnostic benchmark,7,7,0.0,immutable_top3_l1,nn_positive_train,83,0.1927710843373494,0.1927710843373494,0.0,2.701842527565136,3.0,1.0,0.005410200002188503,0.06518313255648799,8
breast_cancer,diagnostic benchmark,7,7,0.0,immutable_top3_l1,leaf_centroid,83,0.30120481927710846,0.30120481927710846,0.0,3.130392553409842,3.0,1.0,0.01380270000481687,0.16629759041948036,8
breast_cancer,diagnostic benchmark,7,7,0.0,immutable_top3_l1,raw_leaf_projection,83,0.060240963855421686,0.060240963855421686,0.0,0.19983742315447586,1.0,1.0,0.005599200002507132,0.06746024099406184,8
breast_cancer,diagnostic benchmark,7,7,0.0,immutable_top3_l1,clbr,83,0.1927710843373494,0.060240963855421686,0.13253012048192772,1.6543528040292745,2.375,1.0,0.01574949999940145,0.18975301204098133,8
breast_cancer,diagnostic benchmark,7,7,0.0,immutable_top3_l1,metric_leaf_projection,83,0.25301204819277107,0.25301204819277107,0.0,0.7449191263467678,1.0952380952380953,1.0,0.004881200004092534,0.058809638603524506,8
breast_cancer,diagnostic benchmark,7,7,0.0,immutable_top3_l1,metric_clbr,83,0.30120481927710846,0.25301204819277107,0.04819277108433735,0.8208745311284658,1.4,1.0,0.011209599992071162,0.13505542159121883,8
breast_cancer,diagnostic benchmark,7,7,0.0,immutable_top3_l1,exact_leaf,83,0.3493975903614458,0.3493975903614458,0.0,0.8259794841391499,1.103448275862069,1.0,0.029598500010251882,0.3566084338584564,8
breast_cancer,diagnostic benchmark,7,7,0.0,immutable_top3_l1,exact_leaf_cached,83,0.3493975903614458,0.3493975903614458,0.0,0.8259794841391499,1.103448275862069,1.0,0.008195200001864578,0.09873734942005515,8
breast_cancer,diagnostic benchmark,7,7,0.0,immutable_top3_l1,native_exact_k_sparse,83,1.0,1.0,0.0,1.4886555633254221,1.7108433734939759,1.0,0.011208599997189594,0.1350433734601156,8
breast_cancer,diagnostic benchmark,7,7,0.0,immutable_top3_l1,clbr_uncached,83,0.1927710843373494,0.060240963855421686,0.13253012048192772,1.6543528040292745,2.375,1.0,0.01839489999019861,0.22162530108673023,8
breast_cancer,diagnostic benchmark,13,7,0.0,free_l2,nn_positive_train,73,1.0,1.0,0.0,6.942331441322774,30.0,0.0,0.004507600001488754,0.061747945225873346,7
breast_cancer,diagnostic benchmark,13,7,0.0,free_l2,leaf_centroid,73,1.0,1.0,0.0,6.343867479880497,30.0,0.0,0.009884200000669807,0.13540000000917543,7
breast_cancer,diagnostic benchmark,13,7,0.0,free_l2,raw_leaf_projection,73,1.0,1.0,0.0,1.458532188911289,1.917808219178082,1.0,0.0042789000071934424,0.058615068591690994,7
breast_cancer,diagnostic benchmark,13,7,0.0,free_l2,clbr,73,1.0,1.0,0.0,1.458532188911289,1.917808219178082,1.0,0.004125700001168298,0.05651643837216846,7
breast_cancer,diagnostic benchmark,13,7,0.0,free_l2,metric_leaf_projection,73,1.0,1.0,0.0,1.3103136903668997,1.917808219178082,1.0,0.0041049999999813735,0.05623287671207361,7
breast_cancer,diagnostic benchmark,13,7,0.0,free_l2,metric_clbr,73,1.0,1.0,0.0,1.3103136903668997,1.917808219178082,1.0,0.004196500000034575,0.05748630137033665,7
breast_cancer,diagnostic benchmark,13,7,0.0,free_l2,exact_leaf,73,1.0,1.0,0.0,1.3103136903668997,1.917808219178082,1.0,0.02447740000388876,0.3353068493683392,7
breast_cancer,diagnostic benchmark,13,7,0.0,free_l2,exact_leaf_cached,73,1.0,1.0,0.0,1.3103136903668997,1.917808219178082,1.0,0.008471100007227506,0.11604246585243158,7
breast_cancer,diagnostic benchmark,13,7,0.0,free_l2,native_exact_k_sparse,73,1.0,1.0,0.0,1.3103136903668997,1.917808219178082,1.0,0.008240599996497622,0.11288493145887153,7
breast_cancer,diagnostic benchmark,13,7,0.0,free_l2,clbr_uncached,73,1.0,1.0,0.0,1.458532188911289,1.917808219178082,1.0,0.005546100001083687,0.07597397261758475,7
breast_cancer,diagnostic benchmark,13,7,0.0,immutable_l2,nn_positive_train,73,1.0,1.0,0.0,6.469752647721441,27.0,0.0,0.004757099996822944,0.06516575338113623,7
breast_cancer,diagnostic benchmark,13,7,0.0,immutable_l2,leaf_centroid,73,1.0,1.0,0.0,5.876415998396707,27.0,0.0,0.01115360000403598,0.1527890411511778,7
breast_cancer,diagnostic benchmark,13,7,0.0,immutable_l2,raw_leaf_projection,73,1.0,1.0,0.0,1.458532188911289,1.917808219178082,1.0,0.005012899997382192,0.06866986297783824,7
breast_cancer,diagnostic benchmark,13,7,0.0,immutable_l2,clbr,73,1.0,1.0,0.0,1.458532188911289,1.917808219178082,1.0,0.004493600001296727,0.061556164401325025,7
breast_cancer,diagnostic benchmark,13,7,0.0,immutable_l2,metric_leaf_projection,73,1.0,1.0,0.0,1.3103136903668997,1.917808219178082,1.0,0.004733400000986876,0.06484109590392981,7
breast_cancer,diagnostic benchmark,13,7,0.0,immutable_l2,metric_clbr,73,1.0,1.0,0.0,1.3103136903668997,1.917808219178082,1.0,0.004694600002039806,0.06430958906903844,7
breast_cancer,diagnostic benchmark,13,7,0.0,immutable_l2,exact_leaf,73,1.0,1.0,0.0,1.3103136903668997,1.917808219178082,1.0,0.028269199992791982,0.3872493149697532,7
breast_cancer,diagnostic benchmark,13,7,0.0,immutable_l2,exact_leaf_cached,73,1.0,1.0,0.0,1.3103136903668997,1.917808219178082,1.0,0.009997699999985343,0.13695479452034717,7
breast_cancer,diagnostic benchmark,13,7,0.0,immutable_l2,native_exact_k_sparse,73,1.0,1.0,0.0,1.3103136903668997,1.917808219178082,1.0,0.009434600000531645,0.12924109589769378,7
breast_cancer,diagnostic benchmark,13,7,0.0,immutable_l2,clbr_uncached,73,1.0,1.0,0.0,1.458532188911289,1.917808219178082,1.0,0.006179099998007587,0.08464520545215873,7
breast_cancer,diagnostic benchmark,13,7,0.0,immutable_top3_l1,nn_positive_train,73,0.2876712328767123,0.2876712328767123,0.0,2.5033447868989174,3.0,1.0,0.004630699998415366,0.06343424655363515,7
breast_cancer,diagnostic benchmark,13,7,0.0,immutable_top3_l1,leaf_centroid,73,0.2876712328767123,0.2876712328767123,0.0,2.9015532995445446,3.0,1.0,0.010467799998878036,0.14339452053257584,7
breast_cancer,diagnostic benchmark,13,7,0.0,immutable_top3_l1,raw_leaf_projection,73,0.273972602739726,0.273972602739726,0.0,0.6847573970998474,1.0,1.0,0.0047507000008408795,0.06507808220329972,7
breast_cancer,diagnostic benchmark,13,7,0.0,immutable_top3_l1,clbr,73,0.2876712328767123,0.273972602739726,0.0136986301369863,0.704860145495141,1.0952380952380953,1.0,0.008915299998989212,0.12212739724642757,7
breast_cancer,diagnostic benchmark,13,7,0.0,immutable_top3_l1,metric_leaf_projection,73,0.2876712328767123,0.2876712328767123,0.0,0.7018517587196682,1.0476190476190477,1.0,0.004429899999195186,0.060683561632810766,7
breast_cancer,diagnostic benchmark,13,7,0.0,immutable_top3_l1,metric_clbr,73,0.2876712328767123,0.2876712328767123,0.0,0.7018517587196682,1.0476190476190477,1.0,0.008719299998119823,0.1194424657276688,7
breast_cancer,diagnostic benchmark,13,7,0.0,immutable_top3_l1,exact_leaf,73,0.2876712328767123,0.2876712328767123,0.0,0.7018517587196682,1.0476190476190477,1.0,0.02268379999895842,0.31073698628710167,7
breast_cancer,diagnostic benchmark,13,7,0.0,immutable_top3_l1,exact_leaf_cached,73,0.2876712328767123,0.2876712328767123,0.0,0.7018517587196682,1.0476190476190477,1.0,0.006031500000972301,0.08262328768455207,7
breast_cancer,diagnostic benchmark,13,7,0.0,immutable_top3_l1,native_exact_k_sparse,73,1.0,1.0,0.0,1.6399670473624983,1.917808219178082,1.0,0.009152900008302822,0.1253821918945592,7
breast_cancer,diagnostic benchmark,13,7,0.0,immutable_top3_l1,clbr_uncached,73,0.2876712328767123,0.273972602739726,0.0136986301369863,0.704860145495141,1.0952380952380953,1.0,0.01073309999446792,0.14702876704750575,7
breast_cancer,diagnostic benchmark,19,7,0.0,free_l2,nn_positive_train,73,1.0,1.0,0.0,7.825090140618956,29.931506849315067,0.0,0.004626000000826025,0.06336986302501404,8
breast_cancer,diagnostic benchmark,19,7,0.0,free_l2,leaf_centroid,73,1.0,1.0,0.0,7.014589222543945,30.0,0.0,0.010745999994469457,0.14720547937629394,8
breast_cancer,diagnostic benchmark,19,7,0.0,free_l2,raw_leaf_projection,73,1.0,1.0,0.0,0.9697043208627729,1.4383561643835616,1.0,0.004633499999727064,0.06347260273598718,8
breast_cancer,diagnostic benchmark,19,7,0.0,free_l2,clbr,73,1.0,1.0,0.0,0.9697043208627729,1.4383561643835616,1.0,0.0041470999940429465,0.05680958895949242,8
breast_cancer,diagnostic benchmark,19,7,0.0,free_l2,metric_leaf_projection,73,1.0,1.0,0.0,0.8930076754047325,1.4657534246575343,1.0,0.004359200004728336,0.05971506855792241,8
breast_cancer,diagnostic benchmark,19,7,0.0,free_l2,metric_clbr,73,1.0,1.0,0.0,0.8930076754047325,1.4657534246575343,1.0,0.004222000000481785,0.05783561644495595,8
breast_cancer,diagnostic benchmark,19,7,0.0,free_l2,exact_leaf,73,1.0,1.0,0.0,0.8930076754047325,1.4657534246575343,1.0,0.02804509999896254,0.38417945204058274,8
breast_cancer,diagnostic benchmark,19,7,0.0,free_l2,exact_leaf_cached,73,1.0,1.0,0.0,0.8930076754047325,1.4657534246575343,1.0,0.008818200004498067,0.12079726033558996,8
breast_cancer,diagnostic benchmark,19,7,0.0,free_l2,native_exact_k_sparse,73,1.0,1.0,0.0,0.8930076754047325,1.4657534246575343,1.0,0.008378799998354225,0.11477808216923596,8
breast_cancer,diagnostic benchmark,19,7,0.0,free_l2,clbr_uncached,73,1.0,1.0,0.0,0.9697043208627729,1.4383561643835616,1.0,0.005573999998887302,0.07635616436831921,8
breast_cancer,diagnostic benchmark,19,7,0.0,immutable_l2,nn_positive_train,73,0.1917808219178082,0.1917808219178082,0.0,7.342152184913734,26.857142857142858,0.0,0.004768100001456332,0.06531643837611414,8
breast_cancer,diagnostic benchmark,19,7,0.0,immutable_l2,leaf_centroid,73,0.1917808219178082,0.1917808219178082,0.0,8.331159942049629,27.0,0.0,0.01248820000091655,0.1710712328892678,8
breast_cancer,diagnostic benchmark,19,7,0.0,immutable_l2,raw_leaf_projection,73,0.684931506849315,0.684931506849315,0.0,0.944499126350845,1.64,1.0,0.004649200002859288,0.06368767127204504,8
breast_cancer,diagnostic benchmark,19,7,0.0,immutable_l2,clbr,73,0.684931506849315,0.684931506849315,0.0,0.944499126350845,1.64,1.0,0.006300599997302925,0.08630958900414966,8
breast_cancer,diagnostic benchmark,19,7,0.0,immutable_l2,metric_leaf_projection,73,0.6986301369863014,0.6986301369863014,0.0,0.8464729329267914,1.6470588235294117,1.0,0.004457700002603815,0.06106438359731253,8
breast_cancer,diagnostic benchmark,19,7,0.0,immutable_l2,metric_clbr,73,0.7123287671232876,0.6986301369863014,0.0136986301369863,0.9420788662512769,2.1153846153846154,0.9807692307692307,0.0073443999981464,0.10060821915269041,8
breast_cancer,diagnostic benchmark,19,7,0.0,immutable_l2,exact_leaf,73,1.0,1.0,0.0,1.1297510255346601,1.6027397260273972,1.0,0.031389400000989554,0.42999178083547335,8
breast_cancer,diagnostic benchmark,19,7,0.0,immutable_l2,exact_leaf_cached,73,1.0,1.0,0.0,1.1297510255346601,1.6027397260273972,1.0,0.010516999998799292,0.1440684931342369,8
breast_cancer,diagnostic benchmark,19,7,0.0,immutable_l2,native_exact_k_sparse,73,1.0,1.0,0.0,1.1297510255346601,1.6027397260273972,1.0,0.009635499995056307,0.13199315061720968,8
breast_cancer,diagnostic benchmark,19,7,0.0,immutable_l2,clbr_uncached,73,0.684931506849315,0.684931506849315,0.0,0.944499126350845,1.64,1.0,0.008041800001592492,0.1101616438574314,8
breast_cancer,diagnostic benchmark,19,7,0.0,immutable_top3_l1,nn_positive_train,73,0.0547945205479452,0.0547945205479452,0.0,2.145292911772338,3.0,1.0,0.005181500000617234,0.07097945206324978,8
breast_cancer,diagnostic benchmark,19,7,0.0,immutable_top3_l1,leaf_centroid,73,0.0684931506849315,0.0684931506849315,0.0,2.3607045947900334,3.0,1.0,0.012815500000215252,0.1755547945234966,8
breast_cancer,diagnostic benchmark,19,7,0.0,immutable_top3_l1,raw_leaf_projection,73,0.0,0.0,0.0,inf,nan,nan,0.00484450000567449,0.06636301377636288,8
breast_cancer,diagnostic benchmark,19,7,0.0,immutable_top3_l1,clbr,73,0.0547945205479452,0.0,0.0547945205479452,1.476849328995836,3.0,1.0,0.011956099997405545,0.16378219174528144,8
breast_cancer,diagnostic benchmark,19,7,0.0,immutable_top3_l1,metric_leaf_projection,73,0.0136986301369863,0.0136986301369863,0.0,0.3371112429893007,1.0,1.0,0.0043760999988080584,0.059946575326137785,8
breast_cancer,diagnostic benchmark,19,7,0.0,immutable_top3_l1,metric_clbr,73,0.0547945205479452,0.0136986301369863,0.0410958904109589,1.4107841514388226,2.5,1.0,0.011446899997281434,0.15680684927782787,8
breast_cancer,diagnostic benchmark,19,7,0.0,immutable_top3_l1,exact_leaf,73,0.0684931506849315,0.0684931506849315,0.0,1.415541750204291,1.0,1.0,0.026339399999415036,0.36081369862212376,8
breast_cancer,diagnostic benchmark,19,7,0.0,immutable_top3_l1,exact_leaf_cached,73,0.0684931506849315,0.0684931506849315,0.0,1.415541750204291,1.0,1.0,0.005570200001784542,0.07630410961348688,8
breast_cancer,diagnostic benchmark,19,7,0.0,immutable_top3_l1,native_exact_k_sparse,73,1.0,1.0,0.0,1.3373435617526253,1.6027397260273972,1.0,0.009859499999038235,0.13506164382244157,8
breast_cancer,diagnostic benchmark,19,7,0.0,immutable_top3_l1,clbr_uncached,73,0.0547945205479452,0.0,0.0547945205479452,1.476849328995836,3.0,1.0,0.014828400002443232,0.2031287671567566,8
breast_cancer,diagnostic benchmark,29,7,0.0,free_l2,nn_positive_train,89,1.0,1.0,0.0,7.586596993907355,29.97752808988764,0.0,0.005094300002383534,0.05723932586947791,7
breast_cancer,diagnostic benchmark,29,7,0.0,free_l2,leaf_centroid,89,1.0,1.0,0.0,6.523666942002403,30.0,0.0,0.011510799999086885,0.12933483145041444,7
breast_cancer,diagnostic benchmark,29,7,0.0,free_l2,raw_leaf_projection,89,1.0,1.0,0.0,1.1495129664135348,1.5730337078651686,1.0,0.0051352999989831005,0.05769999998857416,7
breast_cancer,diagnostic benchmark,29,7,0.0,free_l2,clbr,89,1.0,1.0,0.0,1.1495129664135348,1.5730337078651686,1.0,0.004672799999752897,0.05250337078374041,7
breast_cancer,diagnostic benchmark,29,7,0.0,free_l2,metric_leaf_projection,89,1.0,1.0,0.0,0.904909666478794,1.6292134831460674,1.0,0.0046841999974276405,0.05263146064525439,7
breast_cancer,diagnostic benchmark,29,7,0.0,free_l2,metric_clbr,89,1.0,1.0,0.0,0.904909666478794,1.6292134831460674,1.0,0.004754600002343068,0.05342247193643897,7
breast_cancer,diagnostic benchmark,29,7,0.0,free_l2,exact_leaf,89,1.0,1.0,0.0,0.904909666478794,1.6292134831460674,1.0,0.027949100008299865,0.3140348315539311,7
breast_cancer,diagnostic benchmark,29,7,0.0,free_l2,exact_leaf_cached,89,1.0,1.0,0.0,0.904909666478794,1.6292134831460674,1.0,0.009867299997495138,0.11086853929769819,7
breast_cancer,diagnostic benchmark,29,7,0.0,free_l2,native_exact_k_sparse,89,1.0,1.0,0.0,0.904909666478794,1.6292134831460674,1.0,0.009539600001517101,0.10718651687097866,7
breast_cancer,diagnostic benchmark,29,7,0.0,free_l2,clbr_uncached,89,1.0,1.0,0.0,1.1495129664135348,1.5730337078651686,1.0,0.006112000001849083,0.068674157324147,7
breast_cancer,diagnostic benchmark,29,7,0.0,immutable_l2,nn_positive_train,89,0.4943820224719101,0.4943820224719101,0.0,6.963398989219633,27.0,0.0,0.005363900006159383,0.06026853939504925,7
breast_cancer,diagnostic benchmark,29,7,0.0,immutable_l2,leaf_centroid,89,0.4044943820224719,0.4044943820224719,0.0,6.784987887399619,27.0,0.0,0.012762399998791807,0.14339775279541356,7
breast_cancer,diagnostic benchmark,29,7,0.0,immutable_l2,raw_leaf_projection,89,0.39325842696629215,0.39325842696629215,0.0,0.824425544740792,1.1142857142857143,1.0,0.005727799996748217,0.06435730333424963,7
breast_cancer,diagnostic benchmark,29,7,0.0,immutable_l2,clbr,89,0.4943820224719101,0.39325842696629215,0.10112359550561797,1.40760944473848,6.409090909090909,0.7954545454545454,0.012688000007983646,0.14256179784251288,7
breast_cancer,diagnostic benchmark,29,7,0.0,immutable_l2,metric_leaf_projection,89,0.7415730337078652,0.7415730337078652,0.0,0.8781341594459274,1.5151515151515151,1.0,0.0059365000070101814,0.06670224726977732,7
breast_cancer,diagnostic benchmark,29,7,0.0,immutable_l2,metric_clbr,89,0.7752808988764045,0.7415730337078652,0.033707865168539325,1.0621753666422369,2.6231884057971016,0.9565217391304348,0.008668699995723728,0.09740112354745761,7
breast_cancer,diagnostic benchmark,29,7,0.0,immutable_l2,exact_leaf,89,1.0,1.0,0.0,1.0363660168681477,1.6179775280898876,1.0,0.03315570000177104,0.37253595507607906,7
breast_cancer,diagnostic benchmark,29,7,0.0,immutable_l2,exact_leaf_cached,89,1.0,1.0,0.0,1.0363660168681477,1.6179775280898876,1.0,0.012051199999405071,0.1354067415663491,7
breast_cancer,diagnostic benchmark,29,7,0.0,immutable_l2,native_exact_k_sparse,89,1.0,1.0,0.0,1.0363660168681477,1.6179775280898876,1.0,0.011156100012158277,0.12534943833885703,7
breast_cancer,diagnostic benchmark,29,7,0.0,immutable_l2,clbr_uncached,89,0.4943820224719101,0.39325842696629215,0.10112359550561797,1.40760944473848,6.409090909090909,0.7954545454545454,0.0146764000019175,0.1649033708080618,7
breast_cancer,diagnostic benchmark,29,7,0.0,immutable_top3_l1,nn_positive_train,89,0.10112359550561797,0.10112359550561797,0.0,0.5243773981304307,3.0,1.0,0.005896600004234642,0.06625393263184991,7
breast_cancer,diagnostic benchmark,29,7,0.0,immutable_top3_l1,leaf_centroid,89,0.02247191011235955,0.02247191011235955,0.0,0.9010902271520882,3.0,1.0,0.013766299999588227,0.15467752808526097,7
breast_cancer,diagnostic benchmark,29,7,0.0,immutable_top3_l1,raw_leaf_projection,89,0.0,0.0,0.0,inf,nan,nan,0.005762300001151743,0.06474494383316566,7
breast_cancer,diagnostic benchmark,29,7,0.0,immutable_top3_l1,clbr,89,0.10112359550561797,0.0,0.10112359550561797,0.2890137575150922,3.0,1.0,0.01618620000226656,0.18186741575580403,7
breast_cancer,diagnostic benchmark,29,7,0.0,immutable_top3_l1,metric_leaf_projection,89,0.12359550561797752,0.12359550561797752,0.0,0.6907030617266878,1.0909090909090908,1.0,0.006007100000715582,0.06749550562601778,7
breast_cancer,diagnostic benchmark,29,7,0.0,immutable_top3_l1,metric_clbr,89,0.15730337078651685,0.12359550561797752,0.033707865168539325,0.6357171910986497,1.5,1.0,0.012657400007810793,0.14221797761585162,7
breast_cancer,diagnostic benchmark,29,7,0.0,immutable_top3_l1,exact_leaf,89,0.23595505617977527,0.23595505617977527,0.0,0.9125886620179796,1.1904761904761905,1.0,0.027636200004053535,0.31051910116914083,7
breast_cancer,diagnostic benchmark,29,7,0.0,immutable_top3_l1,exact_leaf_cached,89,0.23595505617977527,0.23595505617977527,0.0,0.9125886620179796,1.1904761904761905,1.0,0.007984100001522165,0.08970898878114793,7
breast_cancer,diagnostic benchmark,29,7,0.0,immutable_top3_l1,native_exact_k_sparse,89,1.0,1.0,0.0,1.274954530752677,1.6179775280898876,1.0,0.01225450000310957,0.13769101127089403,7
breast_cancer,diagnostic benchmark,29,7,0.0,immutable_top3_l1,clbr_uncached,89,0.10112359550561797,0.0,0.10112359550561797,0.2890137575150922,3.0,1.0,0.018715700005486724,0.2102887641065924,7
breast_cancer,diagnostic benchmark,37,7,0.0,free_l2,nn_positive_train,74,1.0,1.0,0.0,6.939944697628269,29.95945945945946,0.0,0.004986999997527164,0.06739189185847519,6
breast_cancer,diagnostic benchmark,37,7,0.0,free_l2,leaf_centroid,74,1.0,1.0,0.0,5.94515749176625,30.0,0.0,0.011026700001821155,0.14900945948406966,6
breast_cancer,diagnostic benchmark,37,7,0.0,free_l2,raw_leaf_projection,74,1.0,1.0,0.0,1.3688897743293842,1.135135135135135,1.0,0.005054499996731465,0.06830405400988467,6
breast_cancer,diagnostic benchmark,37,7,0.0,free_l2,clbr,74,1.0,1.0,0.0,1.3688897743293842,1.135135135135135,1.0,0.005083999997623323,0.06870270267058545,6
breast_cancer,diagnostic benchmark,37,7,0.0,free_l2,metric_leaf_projection,74,1.0,1.0,0.0,0.8461263562089794,1.6891891891891893,1.0,0.0051947999991170946,0.07019999998806885,6
breast_cancer,diagnostic benchmark,37,7,0.0,free_l2,metric_clbr,74,1.0,1.0,0.0,0.8461263562089794,1.6891891891891893,1.0,0.00458950000211189,0.06202027029880933,6
breast_cancer,diagnostic benchmark,37,7,0.0,free_l2,exact_leaf,74,1.0,1.0,0.0,0.8461263562089794,1.6891891891891893,1.0,0.02706070000294858,0.3656851351749808,6
breast_cancer,diagnostic benchmark,37,7,0.0,free_l2,exact_leaf_cached,74,1.0,1.0,0.0,0.8461263562089794,1.6891891891891893,1.0,0.010076200007461011,0.13616486496568933,6
breast_cancer,diagnostic benchmark,37,7,0.0,free_l2,native_exact_k_sparse,74,1.0,1.0,0.0,0.8461263562089794,1.6891891891891893,1.0,0.009488499998951738,0.12822297295880727,6
breast_cancer,diagnostic benchmark,37,7,0.0,free_l2,clbr_uncached,74,1.0,1.0,0.0,1.3688897743293842,1.135135135135135,1.0,0.005973599999379076,0.08072432431593346,6
breast_cancer,diagnostic benchmark,37,7,0.0,immutable_l2,nn_positive_train,74,0.4189189189189189,0.4189189189189189,0.0,6.318209455626799,27.0,0.0,0.004696899999544257,0.06347162161546294,6
breast_cancer,diagnostic benchmark,37,7,0.0,immutable_l2,leaf_centroid,74,0.28378378378378377,0.28378378378378377,0.0,6.0261203511927555,27.0,0.0,0.01071729999694071,0.14482837833703663,6
breast_cancer,diagnostic benchmark,37,7,0.0,immutable_l2,raw_leaf_projection,74,0.28378378378378377,0.28378378378378377,0.0,0.41133346819786015,1.4761904761904763,1.0,0.004581000001053326,0.061905405419639535,6
breast_cancer,diagnostic benchmark,37,7,0.0,immutable_l2,clbr,74,0.4189189189189189,0.28378378378378377,0.13513513513513514,2.139085763856437,9.709677419354838,0.6774193548387096,0.012819900004615192,0.17324189195425935,6
breast_cancer,diagnostic benchmark,37,7,0.0,immutable_l2,metric_leaf_projection,74,0.7567567567567568,0.7567567567567568,0.0,0.7712114160286453,1.9107142857142858,1.0,0.004996900003789051,0.06752567572687906,6
breast_cancer,diagnostic benchmark,37,7,0.0,immutable_l2,metric_clbr,74,0.7837837837837838,0.7567567567567568,0.02702702702702703,1.0513390264538214,2.7758620689655173,0.9655172413793104,0.007074199995258823,0.09559729723322734,6
breast_cancer,diagnostic benchmark,37,7,0.0,immutable_l2,exact_leaf,74,1.0,1.0,0.0,1.074615378615568,2.0945945945945947,1.0,0.023866999999881955,0.32252702702543184,6
breast_cancer,diagnostic benchmark,37,7,0.0,immutable_l2,exact_leaf_cached,74,1.0,1.0,0.0,1.074615378615568,2.0945945945945947,1.0,0.010203700002421101,0.13788783787055542,6
breast_cancer,diagnostic benchmark,37,7,0.0,immutable_l2,native_exact_k_sparse,74,1.0,1.0,0.0,1.074615378615568,2.0945945945945947,1.0,0.009641700005886378,0.13029324332278888,6
breast_cancer,diagnostic benchmark,37,7,0.0,immutable_l2,clbr_uncached,74,0.4189189189189189,0.28378378378378377,0.13513513513513514,2.139085763856437,9.709677419354838,0.6774193548387096,0.013864200001989957,0.18735405408094535,6
breast_cancer,diagnostic benchmark,37,7,0.0,immutable_top3_l1,nn_positive_train,74,0.05405405405405406,0.05405405405405406,0.0,0.9363684460709634,3.0,1.0,0.004412200001752353,0.05962432434800478,6
breast_cancer,diagnostic benchmark,37,7,0.0,immutable_top3_l1,leaf_centroid,74,0.04054054054054054,0.04054054054054054,0.0,2.033664707470644,3.0,1.0,0.009824700000535813,0.13276621622345694,6
breast_cancer,diagnostic benchmark,37,7,0.0,immutable_top3_l1,raw_leaf_projection,74,0.02702702702702703,0.02702702702702703,0.0,0.025463063182036966,1.0,1.0,0.004501799997342459,0.06083513509922243,6
breast_cancer,diagnostic benchmark,37,7,0.0,immutable_top3_l1,clbr,74,0.05405405405405406,0.02702702702702703,0.02702702702702703,0.2729236090256576,2.0,1.0,0.0104546999973536,0.14127972969396757,6
breast_cancer,diagnostic benchmark,37,7,0.0,immutable_top3_l1,metric_leaf_projection,74,0.06756756756756757,0.06756756756756757,0.0,0.25313330469709816,1.0,1.0,0.004186500002106186,0.056574324352786295,6
breast_cancer,diagnostic benchmark,37,7,0.0,immutable_top3_l1,metric_clbr,74,0.06756756756756757,0.06756756756756757,0.0,0.25313330469709816,1.0,1.0,0.00917139999455685,0.12393783776428176,6
breast_cancer,diagnostic benchmark,37,7,0.0,immutable_top3_l1,exact_leaf,74,0.06756756756756757,0.06756756756756757,0.0,0.25313330469709816,1.0,1.0,0.01896370000395109,0.2562662162696093,6
breast_cancer,diagnostic benchmark,37,7,0.0,immutable_top3_l1,exact_leaf_cached,74,0.06756756756756757,0.06756756756756757,0.0,0.25313330469709816,1.0,1.0,0.0054672999985996285,0.07388243241350849,6
breast_cancer,diagnostic benchmark,37,7,0.0,immutable_top3_l1,native_exact_k_sparse,74,1.0,1.0,0.0,1.4559743424284664,2.0945945945945947,1.0,0.009612199995899573,0.12989459453918342,6
breast_cancer,diagnostic benchmark,37,7,0.0,immutable_top3_l1,clbr_uncached,74,0.05405405405405406,0.02702702702702703,0.02702702702702703,0.2729236090256576,2.0,1.0,0.012840700000197103,0.1735229729756365,6
breast_cancer,diagnostic benchmark,41,7,0.0,free_l2,nn_positive_train,82,1.0,1.0,0.0,6.920309144504344,29.98780487804878,0.0,0.005954700000984303,0.07261829269493053,6
breast_cancer,diagnostic benchmark,41,7,0.0,free_l2,leaf_centroid,82,1.0,1.0,0.0,8.855604896902868,30.0,0.0,0.012513000003309571,0.15259756101597038,6
breast_cancer,diagnostic benchmark,41,7,0.0,free_l2,raw_leaf_projection,82,1.0,1.0,0.0,1.3766992014512507,1.2560975609756098,1.0,0.006086199997298536,0.0742219511865675,6
breast_cancer,diagnostic benchmark,41,7,0.0,free_l2,clbr,82,1.0,1.0,0.0,1.3766992014512507,1.2560975609756098,1.0,0.005838600000970473,0.07120243903622528,6
breast_cancer,diagnostic benchmark,41,7,0.0,free_l2,metric_leaf_projection,82,1.0,1.0,0.0,1.215227437736161,1.3658536585365855,1.0,0.005846899995049171,0.0713036584762094,6
breast_cancer,diagnostic benchmark,41,7,0.0,free_l2,metric_clbr,82,1.0,1.0,0.0,1.215227437736161,1.3658536585365855,1.0,0.005453000004308706,0.0665000000525452,6
breast_cancer,diagnostic benchmark,41,7,0.0,free_l2,exact_leaf,82,1.0,1.0,0.0,1.215227437736161,1.3658536585365855,1.0,0.029935000005934853,0.36506097568213236,6
breast_cancer,diagnostic benchmark,41,7,0.0,free_l2,exact_leaf_cached,82,1.0,1.0,0.0,1.215227437736161,1.3658536585365855,1.0,0.01176489999579644,0.14347439019263952,6
breast_cancer,diagnostic benchmark,41,7,0.0,free_l2,native_exact_k_sparse,82,1.0,1.0,0.0,1.215227437736161,1.3658536585365855,1.0,0.011589199994887167,0.14133170725472155,6
breast_cancer,diagnostic benchmark,41,7,0.0,free_l2,clbr_uncached,82,1.0,1.0,0.0,1.3766992014512507,1.2560975609756098,1.0,0.006929299998773786,0.08450365852163154,6
breast_cancer,diagnostic benchmark,41,7,0.0,immutable_l2,nn_positive_train,82,1.0,1.0,0.0,6.589479902655845,26.98780487804878,0.0,0.005594300002485397,0.06822317076201705,6
breast_cancer,diagnostic benchmark,41,7,0.0,immutable_l2,leaf_centroid,82,1.0,1.0,0.0,8.508357440649469,27.0,0.0,0.012274500002604327,0.149689024422004,6
breast_cancer,diagnostic benchmark,41,7,0.0,immutable_l2,raw_leaf_projection,82,1.0,1.0,0.0,1.3766992014512507,1.2560975609756098,1.0,0.005600999998932821,0.06830487803576611,6
breast_cancer,diagnostic benchmark,41,7,0.0,immutable_l2,clbr,82,1.0,1.0,0.0,1.3766992014512507,1.2560975609756098,1.0,0.005393500000536733,0.06577439025044796,6
breast_cancer,diagnostic benchmark,41,7,0.0,immutable_l2,metric_leaf_projection,82,1.0,1.0,0.0,1.215227437736161,1.3658536585365855,1.0,0.0051615999936984736,0.06294634138656675,6
breast_cancer,diagnostic benchmark,41,7,0.0,immutable_l2,metric_clbr,82,1.0,1.0,0.0,1.215227437736161,1.3658536585365855,1.0,0.005157599997801299,0.06289756094879632,6
breast_cancer,diagnostic benchmark,41,7,0.0,immutable_l2,exact_leaf,82,1.0,1.0,0.0,1.215227437736161,1.3658536585365855,1.0,0.028502999999545864,0.3475975609700715,6
breast_cancer,diagnostic benchmark,41,7,0.0,immutable_l2,exact_leaf_cached,82,1.0,1.0,0.0,1.215227437736161,1.3658536585365855,1.0,0.011354699997355056,0.13847195118725678,6
breast_cancer,diagnostic benchmark,41,7,0.0,immutable_l2,native_exact_k_sparse,82,1.0,1.0,0.0,1.215227437736161,1.3658536585365855,1.0,0.011078100002123392,0.13509878051369992,6
breast_cancer,diagnostic benchmark,41,7,0.0,immutable_l2,clbr_uncached,82,1.0,1.0,0.0,1.3766992014512507,1.2560975609756098,1.0,0.006812600002376712,0.08308048783386233,6
breast_cancer,diagnostic benchmark,41,7,0.0,immutable_top3_l1,nn_positive_train,82,0.13414634146341464,0.13414634146341464,0.0,1.306089821592671,3.0,1.0,0.005875600001672865,0.07165365855698616,6
breast_cancer,diagnostic benchmark,41,7,0.0,immutable_top3_l1,leaf_centroid,82,0.3048780487804878,0.3048780487804878,0.0,2.567230875092703,3.0,1.0,0.01258679999409651,0.15349756090361596,6
breast_cancer,diagnostic benchmark,41,7,0.0,immutable_top3_l1,raw_leaf_projection,82,0.10975609756097561,0.10975609756097561,0.0,1.2217014595270381,1.0,1.0,0.00545900000633992,0.06657317080902342,6
breast_cancer,diagnostic benchmark,41,7,0.0,immutable_top3_l1,clbr,82,0.21951219512195122,0.10975609756097561,0.10975609756097561,1.2016785360253328,2.0,1.0,0.014101099998697464,0.17196463413045687,6
breast_cancer,diagnostic benchmark,41,7,0.0,immutable_top3_l1,metric_leaf_projection,82,0.23170731707317074,0.23170731707317074,0.0,0.6243505942807078,1.0,1.0,0.005086799998935021,0.06203414632847586,6
breast_cancer,diagnostic benchmark,41,7,0.0,immutable_top3_l1,metric_clbr,82,0.23170731707317074,0.23170731707317074,0.0,0.6243505942807078,1.0,1.0,0.009915699999510252,0.12092317072573479,6
breast_cancer,diagnostic benchmark,41,7,0.0,immutable_top3_l1,exact_leaf,82,0.3048780487804878,0.3048780487804878,0.0,0.6797677987231885,1.0,1.0,0.02202070000294043,0.2685451219870784,6
breast_cancer,diagnostic benchmark,41,7,0.0,immutable_top3_l1,exact_leaf_cached,82,0.3048780487804878,0.3048780487804878,0.0,0.6797677987231885,1.0,1.0,0.007235699999910139,0.08824024390134316,6
breast_cancer,diagnostic benchmark,41,7,0.0,immutable_top3_l1,native_exact_k_sparse,82,1.0,1.0,0.0,1.2553402112017733,1.1341463414634145,1.0,0.011368000004040368,0.1386341463907362,6
breast_cancer,diagnostic benchmark,41,7,0.0,immutable_top3_l1,clbr_uncached,82,0.21951219512195122,0.10975609756097561,0.10975609756097561,1.2016785360253328,2.0,1.0,0.016678699998010416,0.20339878046354165,6
breast_cancer,diagnostic benchmark,53,7,0.0,free_l2,nn_positive_train,83,1.0,1.0,0.0,8.01851058752799,30.0,0.0,0.006433900001866277,0.07751686749236479,4
breast_cancer,diagnostic benchmark,53,7,0.0,free_l2,leaf_centroid,83,1.0,1.0,0.0,6.712391281926428,30.0,0.0,0.011744400004317868,0.1414987952327454,4
breast_cancer,diagnostic benchmark,53,7,0.0,free_l2,raw_leaf_projection,83,1.0,1.0,0.0,1.4115016124092123,1.6265060240963856,1.0,0.005799500002467539,0.069873494005633,4
breast_cancer,diagnostic benchmark,53,7,0.0,free_l2,clbr,83,1.0,1.0,0.0,1.4115016124092123,1.6265060240963856,1.0,0.005639500000143016,0.0679457831342532,4
breast_cancer,diagnostic benchmark,53,7,0.0,free_l2,metric_leaf_projection,83,1.0,1.0,0.0,0.9629099752767167,1.8433734939759037,1.0,0.005819899997732136,0.07011927708111007,4
breast_cancer,diagnostic benchmark,53,7,0.0,free_l2,metric_clbr,83,1.0,1.0,0.0,0.9629099752767167,1.8433734939759037,1.0,0.005493000003298221,0.06618072293130386,4
breast_cancer,diagnostic benchmark,53,7,0.0,free_l2,exact_leaf,83,1.0,1.0,0.0,0.9629099752767167,1.8433734939759037,1.0,0.022038599997358688,0.2655253011729962,4
breast_cancer,diagnostic benchmark,53,7,0.0,free_l2,exact_leaf_cached,83,1.0,1.0,0.0,0.9629099752767167,1.8433734939759037,1.0,0.011601500003052934,0.13977710847051728,4
breast_cancer,diagnostic benchmark,53,7,0.0,free_l2,native_exact_k_sparse,83,1.0,1.0,0.0,0.9629099752767167,1.8433734939759037,1.0,0.011153900004501338,0.13438433740363057,4
breast_cancer,diagnostic benchmark,53,7,0.0,free_l2,clbr_uncached,83,1.0,1.0,0.0,1.4115016124092123,1.6265060240963856,1.0,0.00622020000264456,0.07494216870656097,4
breast_cancer,diagnostic benchmark,53,7,0.0,immutable_l2,nn_positive_train,83,1.0,1.0,0.0,7.77715249256192,27.0,0.0,0.005402500003583555,0.06509036148895848,4
breast_cancer,diagnostic benchmark,53,7,0.0,immutable_l2,leaf_centroid,83,1.0,1.0,0.0,6.428521495651417,27.0,0.0,0.009491599995271827,0.11435662644905815,4
breast_cancer,diagnostic benchmark,53,7,0.0,immutable_l2,raw_leaf_projection,83,1.0,1.0,0.0,1.4115016124092123,1.6265060240963856,1.0,0.005135799996423884,0.06187710839064921,4
breast_cancer,diagnostic benchmark,53,7,0.0,immutable_l2,clbr,83,1.0,1.0,0.0,1.4115016124092123,1.6265060240963856,1.0,0.004882299999735551,0.058822891563078926,4
breast_cancer,diagnostic benchmark,53,7,0.0,immutable_l2,metric_leaf_projection,83,1.0,1.0,0.0,0.9629099752767167,1.8433734939759037,1.0,0.005124800005432917,0.06174457837870984,4
breast_cancer,diagnostic benchmark,53,7,0.0,immutable_l2,metric_clbr,83,1.0,1.0,0.0,0.9629099752767167,1.8433734939759037,1.0,0.005185199996958545,0.06247228911998247,4
breast_cancer,diagnostic benchmark,53,7,0.0,immutable_l2,exact_leaf,83,1.0,1.0,0.0,0.9629099752767167,1.8433734939759037,1.0,0.018726299997069873,0.22561807225385389,4
breast_cancer,diagnostic benchmark,53,7,0.0,immutable_l2,exact_leaf_cached,83,1.0,1.0,0.0,0.9629099752767167,1.8433734939759037,1.0,0.010572299999694224,0.12737710843005087,4
breast_cancer,diagnostic benchmark,53,7,0.0,immutable_l2,native_exact_k_sparse,83,1.0,1.0,0.0,0.9629099752767167,1.8433734939759037,1.0,0.010474799999428797,0.12620240963167226,4
breast_cancer,diagnostic benchmark,53,7,0.0,immutable_l2,clbr_uncached,83,1.0,1.0,0.0,1.4115016124092123,1.6265060240963856,1.0,0.005707200004508195,0.06876144583744813,4
breast_cancer,diagnostic benchmark,53,7,0.0,immutable_top3_l1,nn_positive_train,83,0.12048192771084337,0.12048192771084337,0.0,1.2022110117397304,3.0,1.0,0.004960699998264317,0.05976746985860623,4
breast_cancer,diagnostic benchmark,53,7,0.0,immutable_top3_l1,leaf_centroid,83,0.10843373493975904,0.10843373493975904,0.0,1.4652629997357078,3.0,1.0,0.009253999999600637,0.11149397589880286,4
breast_cancer,diagnostic benchmark,53,7,0.0,immutable_top3_l1,raw_leaf_projection,83,0.03614457831325301,0.03614457831325301,0.0,0.9905143326381928,1.0,1.0,0.004799200004526938,0.057821686801529375,4
breast_cancer,diagnostic benchmark,53,7,0.0,immutable_top3_l1,clbr,83,0.12048192771084337,0.03614457831325301,0.08433734939759036,0.7350961292414823,2.4,1.0,0.013629099992613192,0.16420602400738785,4
breast_cancer,diagnostic benchmark,53,7,0.0,immutable_top3_l1,metric_leaf_projection,83,0.13253012048192772,0.13253012048192772,0.0,0.2600699310552267,1.0909090909090908,1.0,0.0047211000019160565,0.05688072291465128,4
breast_cancer,diagnostic benchmark,53,7,0.0,immutable_top3_l1,metric_clbr,83,0.1686746987951807,0.13253012048192772,0.03614457831325301,0.6205389211323721,1.5,1.0,0.0110469000046578,0.13309518077900964,4
breast_cancer,diagnostic benchmark,53,7,0.0,immutable_top3_l1,exact_leaf,83,0.1927710843373494,0.1927710843373494,0.0,0.7510668101888041,1.0625,1.0,0.014163800001369964,0.17064819278758991,4
breast_cancer,diagnostic benchmark,53,7,0.0,immutable_top3_l1,exact_leaf_cached,83,0.1927710843373494,0.1927710843373494,0.0,0.7510668101888041,1.0625,1.0,0.006251800000427465,0.07532289157141525,4
breast_cancer,diagnostic benchmark,53,7,0.0,immutable_top3_l1,native_exact_k_sparse,83,1.0,1.0,0.0,1.2691233911689994,1.7951807228915662,1.0,0.010019800001828116,0.12072048194973634,4
breast_cancer,diagnostic benchmark,53,7,0.0,immutable_top3_l1,clbr_uncached,83,0.12048192771084337,0.03614457831325301,0.08433734939759036,0.7350961292414823,2.4,1.0,0.014269600001171057,0.1719228915803742,4
breast_cancer,diagnostic benchmark,61,7,0.0,free_l2,nn_positive_train,77,1.0,1.0,0.0,6.936075482517889,29.974025974025974,0.0,0.00576449999880424,0.07486363634810701,6
breast_cancer,diagnostic benchmark,61,7,0.0,free_l2,leaf_centroid,77,1.0,1.0,0.0,6.040085787925656,30.0,0.0,0.012469399996007269,0.16194025968840609,6
breast_cancer,diagnostic benchmark,61,7,0.0,free_l2,raw_leaf_projection,77,1.0,1.0,0.0,1.2199964739626874,1.6233766233766234,1.0,0.005794900003820658,0.07525844160806049,6
breast_cancer,diagnostic benchmark,61,7,0.0,free_l2,clbr,77,1.0,1.0,0.0,1.2199964739626874,1.6233766233766234,1.0,0.005420999999842024,0.07040259740054577,6
breast_cancer,diagnostic benchmark,61,7,0.0,free_l2,metric_leaf_projection,77,1.0,1.0,0.0,0.8936025707399937,1.3116883116883118,1.0,0.005319800004144781,0.06908831174214002,6
breast_cancer,diagnostic benchmark,61,7,0.0,free_l2,metric_clbr,77,1.0,1.0,0.0,0.8936025707399937,1.3116883116883118,1.0,0.005184599998756312,0.06733246751631573,6
breast_cancer,diagnostic benchmark,61,7,0.0,free_l2,exact_leaf,77,1.0,1.0,0.0,0.8936025707399937,1.3116883116883118,1.0,0.029957700003251375,0.3890610390032646,6
breast_cancer,diagnostic benchmark,61,7,0.0,free_l2,exact_leaf_cached,77,1.0,1.0,0.0,0.8936025707399937,1.3116883116883118,1.0,0.012065299998539558,0.15669220777324103,6
breast_cancer,diagnostic benchmark,61,7,0.0,free_l2,native_exact_k_sparse,77,1.0,1.0,0.0,0.8936025707399937,1.3116883116883118,1.0,0.011534500000379921,0.14979870130363535,6
breast_cancer,diagnostic benchmark,61,7,0.0,free_l2,clbr_uncached,77,1.0,1.0,0.0,1.2199964739626874,1.6233766233766234,1.0,0.007489999996323604,0.09727272722498187,6
breast_cancer,diagnostic benchmark,61,7,0.0,immutable_l2,nn_positive_train,77,0.5974025974025974,0.5974025974025974,0.0,5.17775991894353,26.97826086956522,0.0,0.005501300006471865,0.07144545462950475,6
breast_cancer,diagnostic benchmark,61,7,0.0,immutable_l2,leaf_centroid,77,0.948051948051948,0.948051948051948,0.0,5.801835336894756,27.0,0.0,0.012167199998657452,0.15801558439814872,6
breast_cancer,diagnostic benchmark,61,7,0.0,immutable_l2,raw_leaf_projection,77,1.0,1.0,0.0,1.2199964739626874,1.6233766233766234,1.0,0.005768899993199739,0.07492077913246414,6
breast_cancer,diagnostic benchmark,61,7,0.0,immutable_l2,clbr,77,1.0,1.0,0.0,1.2199964739626874,1.6233766233766234,1.0,0.005214799999521347,0.06772467531845905,6
breast_cancer,diagnostic benchmark,61,7,0.0,immutable_l2,metric_leaf_projection,77,0.948051948051948,0.948051948051948,0.0,0.8246573677142739,1.2191780821917808,1.0,0.0056158000052164425,0.07293246760021353,6
breast_cancer,diagnostic benchmark,61,7,0.0,immutable_l2,metric_clbr,77,0.948051948051948,0.948051948051948,0.0,0.8246573677142739,1.2191780821917808,1.0,0.005474699995829724,0.07109999994584057,6
breast_cancer,diagnostic benchmark,61,7,0.0,immutable_l2,exact_leaf,77,1.0,1.0,0.0,0.8975472963137153,1.2077922077922079,1.0,0.028779099997336743,0.37375454541995773,6
breast_cancer,diagnostic benchmark,61,7,0.0,immutable_l2,exact_leaf_cached,77,1.0,1.0,0.0,0.8975472963137153,1.2077922077922079,1.0,0.011841999998068786,0.1537922077671271,6
breast_cancer,diagnostic benchmark,61,7,0.0,immutable_l2,native_exact_k_sparse,77,1.0,1.0,0.0,0.8975472963137153,1.2077922077922079,1.0,0.01129760000094393,0.14672207793433675,6
breast_cancer,diagnostic benchmark,61,7,0.0,immutable_l2,clbr_uncached,77,1.0,1.0,0.0,1.2199964739626874,1.6233766233766234,1.0,0.00694999999996071,0.09025974025923,6
breast_cancer,diagnostic benchmark,61,7,0.0,immutable_top3_l1,nn_positive_train,77,0.06493506493506493,0.06493506493506493,0.0,0.5716861891592242,3.0,1.0,0.004995399996914784,0.06487532463525694,6
breast_cancer,diagnostic benchmark,61,7,0.0,immutable_top3_l1,leaf_centroid,77,0.8311688311688312,0.8311688311688312,0.0,3.904146113781921,3.0,1.0,0.011298100001113198,0.14672857144302856,6
breast_cancer,diagnostic benchmark,61,7,0.0,immutable_top3_l1,raw_leaf_projection,77,0.025974025974025976,0.025974025974025976,0.0,0.2553234452751542,1.0,1.0,0.005486600000949693,0.07125454546687914,6
breast_cancer,diagnostic benchmark,61,7,0.0,immutable_top3_l1,clbr,77,0.06493506493506493,0.025974025974025976,0.03896103896103896,0.3191103100869729,2.2,1.0,0.01300070000343112,0.16884025978481976,6
breast_cancer,diagnostic benchmark,61,7,0.0,immutable_top3_l1,metric_leaf_projection,77,0.5714285714285714,0.5714285714285714,0.0,1.0741313433895898,1.0,1.0,0.004885300001660653,0.06344545456702147,6
breast_cancer,diagnostic benchmark,61,7,0.0,immutable_top3_l1,metric_clbr,77,0.5714285714285714,0.5714285714285714,0.0,1.0741313433895898,1.0,1.0,0.008104899997306347,0.10525844152345906,6
breast_cancer,diagnostic benchmark,61,7,0.0,immutable_top3_l1,exact_leaf,77,0.8961038961038961,0.8961038961038961,0.0,1.09487318948143,1.0,1.0,0.027244800003245473,0.35382857147072044,6
breast_cancer,diagnostic benchmark,61,7,0.0,immutable_top3_l1,exact_leaf_cached,77,0.8961038961038961,0.8961038961038961,0.0,1.09487318948143,1.0,1.0,0.010262699999657343,0.1332818181773681,6
breast_cancer,diagnostic benchmark,61,7,0.0,immutable_top3_l1,native_exact_k_sparse,77,1.0,1.0,0.0,0.9186115434878185,1.103896103896104,1.0,0.01057819999732601,0.13737922074449363,6
breast_cancer,diagnostic benchmark,61,7,0.0,immutable_top3_l1,clbr_uncached,77,0.06493506493506493,0.025974025974025976,0.03896103896103896,0.3191103100869729,2.2,1.0,0.014207499997610284,0.18451298698195176,6
breast_cancer,diagnostic benchmark,73,7,0.0,free_l2,nn_positive_train,83,1.0,1.0,0.0,7.2073845378866075,30.0,0.0,0.005633100012346404,0.06786867484754704,7
breast_cancer,diagnostic benchmark,73,7,0.0,free_l2,leaf_centroid,83,1.0,1.0,0.0,6.481916593574138,30.0,0.0,0.011896799997884955,0.14333493973355368,7
breast_cancer,diagnostic benchmark,73,7,0.0,free_l2,raw_leaf_projection,83,1.0,1.0,0.0,1.346986599912617,1.7108433734939759,1.0,0.005333099999006663,0.06425421685550196,7
breast_cancer,diagnostic benchmark,73,7,0.0,free_l2,clbr,83,1.0,1.0,0.0,1.346986599912617,1.7108433734939759,1.0,0.004987900003470713,0.060095180764707386,7
breast_cancer,diagnostic benchmark,73,7,0.0,free_l2,metric_leaf_projection,83,1.0,1.0,0.0,1.0146922885566902,1.0963855421686748,1.0,0.005057599998508522,0.06093493974106653,7
breast_cancer,diagnostic benchmark,73,7,0.0,free_l2,metric_clbr,83,1.0,1.0,0.0,1.0146922885566902,1.0963855421686748,1.0,0.005113100000926352,0.061603614468992186,7
breast_cancer,diagnostic benchmark,73,7,0.0,free_l2,exact_leaf,83,1.0,1.0,0.0,1.0146922885566902,1.0963855421686748,1.0,0.0295892999993157,0.3564975903532012,7
breast_cancer,diagnostic benchmark,73,7,0.0,free_l2,exact_leaf_cached,83,1.0,1.0,0.0,1.0146922885566902,1.0963855421686748,1.0,0.010710899998230161,0.12904698793048386,7
breast_cancer,diagnostic benchmark,73,7,0.0,free_l2,native_exact_k_sparse,83,1.0,1.0,0.0,1.0146922885566902,1.0963855421686748,1.0,0.01011920000291866,0.12191807232432121,7
breast_cancer,diagnostic benchmark,73,7,0.0,free_l2,clbr_uncached,83,1.0,1.0,0.0,1.346986599912617,1.7108433734939759,1.0,0.006653200000982906,0.08015903615642056,7
breast_cancer,diagnostic benchmark,73,7,0.0,immutable_l2,nn_positive_train,83,1.0,1.0,0.0,6.885208647900979,27.0,0.0,0.006121999994320504,0.07375903607615066,7
breast_cancer,diagnostic benchmark,73,7,0.0,immutable_l2,leaf_centroid,83,1.0,1.0,0.0,6.191131642310463,27.0,0.0,0.013748300001680036,0.1656421686949402,7
breast_cancer,diagnostic benchmark,73,7,0.0,immutable_l2,raw_leaf_projection,83,1.0,1.0,0.0,1.346986599912617,1.7108433734939759,1.0,0.006348799995066656,0.07649156620562236,7
breast_cancer,diagnostic benchmark,73,7,0.0,immutable_l2,clbr,83,1.0,1.0,0.0,1.346986599912617,1.7108433734939759,1.0,0.0056347000017922255,0.067887951828822,7
breast_cancer,diagnostic benchmark,73,7,0.0,immutable_l2,metric_leaf_projection,83,1.0,1.0,0.0,1.0146922885566902,1.0963855421686748,1.0,0.005675500009601819,0.06837951818797372,7
breast_cancer,diagnostic benchmark,73,7,0.0,immutable_l2,metric_clbr,83,1.0,1.0,0.0,1.0146922885566902,1.0963855421686748,1.0,0.005670599996847159,0.06832048188972481,7
breast_cancer,diagnostic benchmark,73,7,0.0,immutable_l2,exact_leaf,83,1.0,1.0,0.0,1.0146922885566902,1.0963855421686748,1.0,0.03494040000350651,0.4209686747410423,7
breast_cancer,diagnostic benchmark,73,7,0.0,immutable_l2,exact_leaf_cached,83,1.0,1.0,0.0,1.0146922885566902,1.0963855421686748,1.0,0.012235799996233254,0.14741927706305125,7
breast_cancer,diagnostic benchmark,73,7,0.0,immutable_l2,native_exact_k_sparse,83,1.0,1.0,0.0,1.0146922885566902,1.0963855421686748,1.0,0.012082900002496899,0.14557710846381805,7
breast_cancer,diagnostic benchmark,73,7,0.0,immutable_l2,clbr_uncached,83,1.0,1.0,0.0,1.346986599912617,1.7108433734939759,1.0,0.007126899996364955,0.08586626501644525,7
breast_cancer,diagnostic benchmark,73,7,0.0,immutable_top3_l1,nn_positive_train,83,0.07228915662650602,0.07228915662650602,0.0,0.5583668656429814,3.0,1.0,0.005536500002563116,0.06670481930798935,7
breast_cancer,diagnostic benchmark,73,7,0.0,immutable_top3_l1,leaf_centroid,83,0.024096385542168676,0.024096385542168676,0.0,0.8120324904481152,3.0,1.0,0.013917899996158667,0.1676855421223936,7
breast_cancer,diagnostic benchmark,73,7,0.0,immutable_top3_l1,raw_leaf_projection,83,0.0,0.0,0.0,inf,nan,nan,0.005320900002516282,0.06410722894597931,7
breast_cancer,diagnostic benchmark,73,7,0.0,immutable_top3_l1,clbr,83,0.07228915662650602,0.0,0.07228915662650602,0.44169543201566186,3.0,1.0,0.014749299997674825,0.17770240961054007,7
breast_cancer,diagnostic benchmark,73,7,0.0,immutable_top3_l1,metric_leaf_projection,83,0.21686746987951808,0.21686746987951808,0.0,1.0104140515930817,1.0,1.0,0.005227300006481528,0.06297951815037986,7
breast_cancer,diagnostic benchmark,73,7,0.0,immutable_top3_l1,metric_clbr,83,0.24096385542168675,0.21686746987951808,0.024096385542168676,0.9734525305776701,1.2,1.0,0.011789100004534703,0.14203734945222535,7
breast_cancer,diagnostic benchmark,73,7,0.0,immutable_top3_l1,exact_leaf,83,0.26506024096385544,0.26506024096385544,0.0,0.9149258547427469,1.0,1.0,0.028361300000142364,0.34170240964026943,7
breast_cancer,diagnostic benchmark,73,7,0.0,immutable_top3_l1,exact_leaf_cached,83,0.26506024096385544,0.26506024096385544,0.0,0.9149258547427469,1.0,1.0,0.007861199999751989,0.09471325300906011,7
breast_cancer,diagnostic benchmark,73,7,0.0,immutable_top3_l1,native_exact_k_sparse,83,1.0,1.0,0.0,1.024031370500212,1.0240963855421688,1.0,0.011683399998219102,0.14076385540023015,7
breast_cancer,diagnostic benchmark,73,7,0.0,immutable_top3_l1,clbr_uncached,83,0.07228915662650602,0.0,0.07228915662650602,0.44169543201566186,3.0,1.0,0.016831999998430547,0.2027951807039825,7
breast_cancer,diagnostic benchmark,89,7,0.0,free_l2,nn_positive_train,72,1.0,1.0,0.0,6.674423275602373,29.944444444444443,0.0,0.005503400003362913,0.07643611115781823,5
breast_cancer,diagnostic benchmark,89,7,0.0,free_l2,leaf_centroid,72,1.0,1.0,0.0,6.23361150634926,30.0,0.0,0.010493499994481681,0.14574305547891223,5
breast_cancer,diagnostic benchmark,89,7,0.0,free_l2,raw_leaf_projection,72,1.0,1.0,0.0,1.1216932243054876,1.3472222222222223,1.0,0.005308099997819227,0.0737236110808226,5
breast_cancer,diagnostic benchmark,89,7,0.0,free_l2,clbr,72,1.0,1.0,0.0,1.1216932243054876,1.3472222222222223,1.0,0.004840199996579031,0.06722499995248654,5
breast_cancer,diagnostic benchmark,89,7,0.0,free_l2,metric_leaf_projection,72,1.0,1.0,0.0,0.9328650910054334,1.5833333333333333,0.9861111111111112,0.004956700004186132,0.06884305561369627,5
breast_cancer,diagnostic benchmark,89,7,0.0,free_l2,metric_clbr,72,1.0,1.0,0.0,0.9328650910054334,1.5833333333333333,0.9861111111111112,0.005159600003025844,0.07166111115313673,5
breast_cancer,diagnostic benchmark,89,7,0.0,free_l2,exact_leaf,72,1.0,1.0,0.0,0.9328650910054334,1.5833333333333333,0.9861111111111112,0.024759499995525402,0.34388194438229724,5
breast_cancer,diagnostic benchmark,89,7,0.0,free_l2,exact_leaf_cached,72,1.0,1.0,0.0,0.9328650910054334,1.5833333333333333,0.9861111111111112,0.01136199999928067,0.15780555554556486,5
breast_cancer,diagnostic benchmark,89,7,0.0,free_l2,native_exact_k_sparse,72,1.0,1.0,0.0,0.9328650910054334,1.5833333333333333,0.9861111111111112,0.010860000000320724,0.15083333333778784,5
breast_cancer,diagnostic benchmark,89,7,0.0,free_l2,clbr_uncached,72,1.0,1.0,0.0,1.1216932243054876,1.3472222222222223,1.0,0.006133800000498013,0.08519166667358352,5
breast_cancer,diagnostic benchmark,89,7,0.0,immutable_l2,nn_positive_train,72,1.0,1.0,0.0,6.393115564348662,26.944444444444443,0.0,0.0047714000020278036,0.06626944447260838,5
breast_cancer,diagnostic benchmark,89,7,0.0,immutable_l2,leaf_centroid,72,0.9722222222222222,0.9722222222222222,0.0,5.915234678790171,27.0,0.0,0.00901840000278753,0.12525555559427126,5
breast_cancer,diagnostic benchmark,89,7,0.0,immutable_l2,raw_leaf_projection,72,1.0,1.0,0.0,1.1216932243054876,1.3472222222222223,1.0,0.004568099995594821,0.0634458332721503,5
breast_cancer,diagnostic benchmark,89,7,0.0,immutable_l2,clbr,72,1.0,1.0,0.0,1.1216932243054876,1.3472222222222223,1.0,0.004478499998185725,0.06220138886369063,5
breast_cancer,diagnostic benchmark,89,7,0.0,immutable_l2,metric_leaf_projection,72,0.9861111111111112,0.9861111111111112,0.0,0.9384956685885586,1.5492957746478873,1.0,0.004548599998997815,0.06317499998608077,5
breast_cancer,diagnostic benchmark,89,7,0.0,immutable_l2,metric_clbr,72,1.0,0.9861111111111112,0.013888888888888888,0.9677751794432585,1.9027777777777777,0.9861111111111112,0.005556700001761783,0.0771763889133581,5
breast_cancer,diagnostic benchmark,89,7,0.0,immutable_l2,exact_leaf,72,1.0,1.0,0.0,0.9331302635754187,1.5416666666666667,1.0,0.020722599999317026,0.2878138888794031,5
breast_cancer,diagnostic benchmark,89,7,0.0,immutable_l2,exact_leaf_cached,72,1.0,1.0,0.0,0.9331302635754187,1.5416666666666667,1.0,0.009592800000973511,0.13323333334685433,5
breast_cancer,diagnostic benchmark,89,7,0.0,immutable_l2,native_exact_k_sparse,72,1.0,1.0,0.0,0.9331302635754187,1.5416666666666667,1.0,0.009315699999206117,0.12938472221119607,5
breast_cancer,diagnostic benchmark,89,7,0.0,immutable_l2,clbr_uncached,72,1.0,1.0,0.0,1.1216932243054876,1.3472222222222223,1.0,0.005422599997473299,0.07531388885379581,5
breast_cancer,diagnostic benchmark,89,7,0.0,immutable_top3_l1,nn_positive_train,72,0.5277777777777778,0.5277777777777778,0.0,2.863784775790212,3.0,1.0,0.0048816999997143284,0.06780138888492122,5
breast_cancer,diagnostic benchmark,89,7,0.0,immutable_top3_l1,leaf_centroid,72,0.5416666666666666,0.5416666666666666,0.0,3.2418159199940595,3.0,1.0,0.009954000004654517,0.13825000006464608,5
breast_cancer,diagnostic benchmark,89,7,0.0,immutable_top3_l1,raw_leaf_projection,72,0.1388888888888889,0.1388888888888889,0.0,0.6772945890943186,1.0,1.0,0.0047166999993351055,0.06550972221298758,5
breast_cancer,diagnostic benchmark,89,7,0.0,immutable_top3_l1,clbr,72,0.5277777777777778,0.1388888888888889,0.3888888888888889,2.359760529460088,2.473684210526316,1.0,0.02175020000049699,0.30208611111801376,5
breast_cancer,diagnostic benchmark,89,7,0.0,immutable_top3_l1,metric_leaf_projection,72,0.4027777777777778,0.4027777777777778,0.0,0.5682168341224518,1.1724137931034482,1.0,0.004503600001044106,0.06255000001450146,5
breast_cancer,diagnostic benchmark,89,7,0.0,immutable_top3_l1,metric_clbr,72,0.5694444444444444,0.4027777777777778,0.16666666666666666,1.8006710641176429,1.7073170731707317,1.0,0.01320890000079089,0.18345694445542904,5
breast_cancer,diagnostic benchmark,89,7,0.0,immutable_top3_l1,exact_leaf,72,0.625,0.625,0.0,1.2381181463286186,1.1555555555555554,1.0,0.018531000000621134,0.25737500000862684,5
breast_cancer,diagnostic benchmark,89,7,0.0,immutable_top3_l1,exact_leaf_cached,72,0.625,0.625,0.0,1.2381181463286186,1.1555555555555554,1.0,0.008058700002038677,0.11192638891720384,5
breast_cancer,diagnostic benchmark,89,7,0.0,immutable_top3_l1,native_exact_k_sparse,72,1.0,1.0,0.0,1.0270362658848597,1.2777777777777777,1.0,0.010301699999217817,0.143079166655803,5
breast_cancer,diagnostic benchmark,89,7,0.0,immutable_top3_l1,clbr_uncached,72,0.5277777777777778,0.1388888888888889,0.3888888888888889,2.359760529460088,2.473684210526316,1.0,0.022494200001347053,0.3124194444631535,5
wine_binary,product recognition,7,7,0.0,free_l2,nn_positive_train,21,1.0,1.0,0.0,6.907851947744624,12.904761904761905,0.0,0.0011387000022295979,0.05422380962998085,3
wine_binary,product recognition,7,7,0.0,free_l2,leaf_centroid,21,1.0,1.0,0.0,5.722047805713105,13.0,0.0,0.0018334000005779671,0.08730476193228415,3
wine_binary,product recognition,7,7,0.0,free_l2,raw_leaf_projection,21,1.0,1.0,0.0,1.3028600692352097,1.9047619047619047,1.0,0.0012313000006543007,0.05863333336449051,3
wine_binary,product recognition,7,7,0.0,free_l2,clbr,21,1.0,1.0,0.0,1.3028600692352097,1.9047619047619047,1.0,0.0011158000024806825,0.05313333345146107,3
wine_binary,product recognition,7,7,0.0,free_l2,metric_leaf_projection,21,1.0,1.0,0.0,1.0128851526943157,1.380952380952381,1.0,0.0013514000002032844,0.06435238096206117,3
wine_binary,product recognition,7,7,0.0,free_l2,metric_clbr,21,1.0,1.0,0.0,1.0128851526943157,1.380952380952381,1.0,0.0011599999997997656,0.05523809522856027,3
wine_binary,product recognition,7,7,0.0,free_l2,exact_leaf,21,1.0,1.0,0.0,1.0128851526943157,1.380952380952381,1.0,0.0035243000002083136,0.16782380953372922,3
wine_binary,product recognition,7,7,0.0,free_l2,exact_leaf_cached,21,1.0,1.0,0.0,1.0128851526943157,1.380952380952381,1.0,0.0023172999990492826,0.1103476190023468,3
wine_binary,product recognition,7,7,0.0,free_l2,native_exact_k_sparse,21,1.0,1.0,0.0,1.0128851526943157,1.380952380952381,1.0,0.0022488000004159403,0.10708571430552097,3
wine_binary,product recognition,7,7,0.0,free_l2,clbr_uncached,21,1.0,1.0,0.0,1.3028600692352097,1.9047619047619047,1.0,0.0012261000038051861,0.058385714466913624,3
wine_binary,product recognition,7,7,0.0,immutable_l2,nn_positive_train,21,0.09523809523809523,0.09523809523809523,0.0,5.8392334233572,12.0,0.0,0.0010086999991472112,0.04803333329272434,3
wine_binary,product recognition,7,7,0.0,immutable_l2,leaf_centroid,21,0.09523809523809523,0.09523809523809523,0.0,5.494041070885809,12.0,0.0,0.0018061999999190448,0.0860095238056688,3
wine_binary,product recognition,7,7,0.0,immutable_l2,raw_leaf_projection,21,0.09523809523809523,0.09523809523809523,0.0,0.9460345117684656,1.0,1.0,0.0010606000005282112,0.05050476192991482,3
wine_binary,product recognition,7,7,0.0,immutable_l2,clbr,21,0.09523809523809523,0.09523809523809523,0.0,0.9460345117684656,1.0,1.0,0.0023137000043789158,0.11017619068471027,3
wine_binary,product recognition,7,7,0.0,immutable_l2,metric_leaf_projection,21,0.0,0.0,0.0,inf,nan,nan,0.0010776000008263509,0.05131428575363576,3
wine_binary,product recognition,7,7,0.0,immutable_l2,metric_clbr,21,0.09523809523809523,0.0,0.09523809523809523,2.534163834413336,12.0,0.0,0.0031996000006984104,0.1523619047951624,3
wine_binary,product recognition,7,7,0.0,immutable_l2,exact_leaf,21,0.09523809523809523,0.09523809523809523,0.0,0.9460345117684656,1.0,1.0,0.002363399996283988,0.11254285696590419,3
wine_binary,product recognition,7,7,0.0,immutable_l2,exact_leaf_cached,21,0.09523809523809523,0.09523809523809523,0.0,0.9460345117684656,1.0,1.0,0.001293700002861442,0.06160476204102105,3
wine_binary,product recognition,7,7,0.0,immutable_l2,native_exact_k_sparse,21,0.09523809523809523,0.09523809523809523,0.0,0.9460345117684656,1.0,1.0,0.0013079999980618595,0.06228571419342188,3
wine_binary,product recognition,7,7,0.0,immutable_l2,clbr_uncached,21,0.09523809523809523,0.09523809523809523,0.0,0.9460345117684656,1.0,1.0,0.0025049999976545223,0.11928571417402486,3
wine_binary,product recognition,7,7,0.0,immutable_top3_l1,nn_positive_train,21,0.0,0.0,0.0,inf,nan,nan,0.0012332000005699228,0.058723809550948705,3
wine_binary,product recognition,7,7,0.0,immutable_top3_l1,leaf_centroid,21,0.0,0.0,0.0,inf,nan,nan,0.001872600000751845,0.08917142860723072,3
wine_binary,product recognition,7,7,0.0,immutable_top3_l1,raw_leaf_projection,21,0.0,0.0,0.0,inf,nan,nan,0.0012060000017299899,0.0574285715109519,3
wine_binary,product recognition,7,7,0.0,immutable_top3_l1,clbr,21,0.0,0.0,0.0,inf,nan,nan,0.002750400000877562,0.13097142861321723,3
wine_binary,product recognition,7,7,0.0,immutable_top3_l1,metric_leaf_projection,21,0.0,0.0,0.0,inf,nan,nan,0.0013307000026543392,0.06336666679306377,3
wine_binary,product recognition,7,7,0.0,immutable_top3_l1,metric_clbr,21,0.0,0.0,0.0,inf,nan,nan,0.002771700000266719,0.13198571429841519,3
wine_binary,product recognition,7,7,0.0,immutable_top3_l1,exact_leaf,21,0.0,0.0,0.0,inf,nan,nan,0.0026055000016640406,0.1240714286506686,3
wine_binary,product recognition,7,7,0.0,immutable_top3_l1,exact_leaf_cached,21,0.0,0.0,0.0,inf,nan,nan,0.0013524999985747854,0.06440476183689454,3
wine_binary,product recognition,7,7,0.0,immutable_top3_l1,native_exact_k_sparse,21,0.09523809523809523,0.09523809523809523,0.0,0.9460345117684656,1.0,1.0,0.001598200001353689,0.07610476196922329,3
wine_binary,product recognition,7,7,0.0,immutable_top3_l1,clbr_uncached,21,0.0,0.0,0.0,inf,nan,nan,0.003041799999664363,0.14484761903163634,3
wine_binary,product recognition,13,7,0.0,free_l2,nn_positive_train,22,1.0,1.0,0.0,4.377757880814875,12.818181818181818,0.0,0.0011956000034842873,0.05434545470383124,3
wine_binary,product recognition,13,7,0.0,free_l2,leaf_centroid,22,1.0,1.0,0.0,4.869581111399927,12.954545454545455,0.0,0.0020162999999229214,0.09164999999649642,3
wine_binary,product recognition,13,7,0.0,free_l2,raw_leaf_projection,22,1.0,1.0,0.0,0.8698686399801784,1.0,1.0,0.0013403999964793911,0.060927272567245054,3
wine_binary,product recognition,13,7,0.0,free_l2,clbr,22,1.0,1.0,0.0,0.8698686399801784,1.0,1.0,0.0013308999987202697,0.06049545448728499,3
wine_binary,product recognition,13,7,0.0,free_l2,metric_leaf_projection,22,1.0,1.0,0.0,0.7248164702488751,1.0,1.0,0.0013018999998166692,0.05917727271893951,3
wine_binary,product recognition,13,7,0.0,free_l2,metric_clbr,22,1.0,1.0,0.0,0.7248164702488751,1.0,1.0,0.0012054999961037538,0.054795454368352446,3
wine_binary,product recognition,13,7,0.0,free_l2,exact_leaf,22,1.0,1.0,0.0,0.7248164702488751,1.0,1.0,0.0038660000018353458,0.17572727281069753,3
wine_binary,product recognition,13,7,0.0,free_l2,exact_leaf_cached,22,1.0,1.0,0.0,0.7248164702488751,1.0,1.0,0.0025826999990385957,0.11739545450175436,3
wine_binary,product recognition,13,7,0.0,free_l2,native_exact_k_sparse,22,1.0,1.0,0.0,0.7248164702488751,1.0,1.0,0.0024820000007821363,0.11281818185373348,3
wine_binary,product recognition,13,7,0.0,free_l2,clbr_uncached,22,1.0,1.0,0.0,0.8698686399801784,1.0,1.0,0.0013040999992881552,0.059277272694916144,3
wine_binary,product recognition,13,7,0.0,immutable_l2,nn_positive_train,22,1.0,1.0,0.0,4.28482826605099,11.818181818181818,0.0,0.0011118000002170447,0.05053636364622931,3
wine_binary,product recognition,13,7,0.0,immutable_l2,leaf_centroid,22,1.0,1.0,0.0,4.769469863403269,11.954545454545455,0.0,0.0018553000008978415,0.08433181822262915,3
wine_binary,product recognition,13,7,0.0,immutable_l2,raw_leaf_projection,22,1.0,1.0,0.0,0.8698686399801784,1.0,1.0,0.0011561000010260614,0.05255000004663915,3
wine_binary,product recognition,13,7,0.0,immutable_l2,clbr,22,1.0,1.0,0.0,0.8698686399801784,1.0,1.0,0.0010849000018424704,0.04931363644738502,3
wine_binary,product recognition,13,7,0.0,immutable_l2,metric_leaf_projection,22,0.5454545454545454,0.5454545454545454,0.0,0.7256666613691078,1.0,1.0,0.0011154000003443798,0.050700000015653626,3
wine_binary,product recognition,13,7,0.0,immutable_l2,metric_clbr,22,1.0,0.5454545454545454,0.45454545454545453,2.027727423417244,5.909090909090909,0.5454545454545454,0.004983100000572449,0.22650454548056587,3
wine_binary,product recognition,13,7,0.0,immutable_l2,exact_leaf,22,1.0,1.0,0.0,0.8698686399801784,1.0,1.0,0.003310099999907834,0.15045909090490153,3
wine_binary,product recognition,13,7,0.0,immutable_l2,exact_leaf_cached,22,1.0,1.0,0.0,0.8698686399801784,1.0,1.0,0.0022376999986590818,0.10171363630268554,3
wine_binary,product recognition,13,7,0.0,immutable_l2,native_exact_k_sparse,22,1.0,1.0,0.0,0.8698686399801784,1.0,1.0,0.0021996000004946836,0.0999818182043038,3
wine_binary,product recognition,13,7,0.0,immutable_l2,clbr_uncached,22,1.0,1.0,0.0,0.8698686399801784,1.0,1.0,0.0011830000030386145,0.05377272741084611,3
wine_binary,product recognition,13,7,0.0,immutable_top3_l1,nn_positive_train,22,0.0,0.0,0.0,inf,nan,nan,0.001153399999566318,0.05242727270755991,3
wine_binary,product recognition,13,7,0.0,immutable_top3_l1,leaf_centroid,22,0.0,0.0,0.0,inf,nan,nan,0.00197199999820441,0.08963636355474591,3
wine_binary,product recognition,13,7,0.0,immutable_top3_l1,raw_leaf_projection,22,0.0,0.0,0.0,inf,nan,nan,0.0012637999998332816,0.05744545453787644,3
wine_binary,product recognition,13,7,0.0,immutable_top3_l1,clbr,22,0.0,0.0,0.0,inf,nan,nan,0.0026288000008207746,0.11949090912821703,3
wine_binary,product recognition,13,7,0.0,immutable_top3_l1,metric_leaf_projection,22,0.0,0.0,0.0,inf,nan,nan,0.0010918999996647472,0.04963181816657942,3
wine_binary,product recognition,13,7,0.0,immutable_top3_l1,metric_clbr,22,0.0,0.0,0.0,inf,nan,nan,0.002642300002662523,0.12010454557556924,3
wine_binary,product recognition,13,7,0.0,immutable_top3_l1,exact_leaf,22,0.0,0.0,0.0,inf,nan,nan,0.002661999996234954,0.12099999982886155,3
wine_binary,product recognition,13,7,0.0,immutable_top3_l1,exact_leaf_cached,22,0.0,0.0,0.0,inf,nan,nan,0.0013349999990168726,0.060681818137130576,3
wine_binary,product recognition,13,7,0.0,immutable_top3_l1,native_exact_k_sparse,22,1.0,1.0,0.0,0.8698686399801784,1.0,1.0,0.0024922000002334244,0.11328181819242839,3
wine_binary,product recognition,13,7,0.0,immutable_top3_l1,clbr_uncached,22,0.0,0.0,0.0,inf,nan,nan,0.0032077999985631322,0.14580909084377874,3
wine_binary,product recognition,19,7,0.0,free_l2,nn_positive_train,22,1.0,1.0,0.0,3.5164302127495515,12.818181818181818,0.0,0.0012100000012651435,0.05500000005750652,4
wine_binary,product recognition,19,7,0.0,free_l2,leaf_centroid,22,1.0,1.0,0.0,3.801972405074861,12.954545454545455,0.0,0.0020940999975209706,0.09518636352368048,4
wine_binary,product recognition,19,7,0.0,free_l2,raw_leaf_projection,22,1.0,1.0,0.0,1.0570903802514908,1.0,1.0,0.0012322000011408818,0.05600909096094917,4
wine_binary,product recognition,19,7,0.0,free_l2,clbr,22,1.0,1.0,0.0,1.0570903802514908,1.0,1.0,0.0011881999962497503,0.05400909073862501,4
wine_binary,product recognition,19,7,0.0,free_l2,metric_leaf_projection,22,1.0,1.0,0.0,0.8270896706142626,1.0,1.0,0.0013820000012856326,0.06281818187661967,4
wine_binary,product recognition,19,7,0.0,free_l2,metric_clbr,22,1.0,1.0,0.0,0.8270896706142626,1.0,1.0,0.0012380999996821629,0.056277272712825586,4
wine_binary,product recognition,19,7,0.0,free_l2,exact_leaf,22,1.0,1.0,0.0,0.8270896706142626,1.0,1.0,0.004633100000319246,0.21059545455996573,4
wine_binary,product recognition,19,7,0.0,free_l2,exact_leaf_cached,22,1.0,1.0,0.0,0.8270896706142626,1.0,1.0,0.0024861000001692446,0.11300454546223838,4
wine_binary,product recognition,19,7,0.0,free_l2,native_exact_k_sparse,22,1.0,1.0,0.0,0.8270896706142626,1.0,1.0,0.0024084999995466205,0.10947727270666457,4
wine_binary,product recognition,19,7,0.0,free_l2,clbr_uncached,22,1.0,1.0,0.0,1.0570903802514908,1.0,1.0,0.0013296000006448594,0.060436363665675424,4
wine_binary,product recognition,19,7,0.0,immutable_l2,nn_positive_train,22,0.9545454545454546,0.9545454545454546,0.0,3.3054958228230684,11.857142857142858,0.0,0.001196899997012224,0.05440454531873746,4
wine_binary,product recognition,19,7,0.0,immutable_l2,leaf_centroid,22,0.9545454545454546,0.9545454545454546,0.0,3.5690497964266408,11.952380952380953,0.0,0.0020762000003742287,0.09437272728973767,4
wine_binary,product recognition,19,7,0.0,immutable_l2,raw_leaf_projection,22,1.0,1.0,0.0,1.0570903802514908,1.0,1.0,0.001249700002517784,0.05680454556899018,4
wine_binary,product recognition,19,7,0.0,immutable_l2,clbr,22,1.0,1.0,0.0,1.0570903802514908,1.0,1.0,0.0012657000006583985,0.057531818211745384,4
wine_binary,product recognition,19,7,0.0,immutable_l2,metric_leaf_projection,22,0.6818181818181818,0.6818181818181818,0.0,0.9418035158757011,1.0,1.0,0.0013233999980002409,0.06015454536364731,4
wine_binary,product recognition,19,7,0.0,immutable_l2,metric_clbr,22,0.9545454545454546,0.6818181818181818,0.2727272727272727,1.5243272659350529,4.095238095238095,0.7142857142857143,0.004053799998473551,0.1842636362942523,4
wine_binary,product recognition,19,7,0.0,immutable_l2,exact_leaf,22,1.0,1.0,0.0,1.0570903802514908,1.0,1.0,0.004433199999766657,0.20150909089848443,4
wine_binary,product recognition,19,7,0.0,immutable_l2,exact_leaf_cached,22,1.0,1.0,0.0,1.0570903802514908,1.0,1.0,0.0025354000008519506,0.11524545458417958,4
wine_binary,product recognition,19,7,0.0,immutable_l2,native_exact_k_sparse,22,1.0,1.0,0.0,1.0570903802514908,1.0,1.0,0.0024630000025354093,0.11195454556979133,4
wine_binary,product recognition,19,7,0.0,immutable_l2,clbr_uncached,22,1.0,1.0,0.0,1.0570903802514908,1.0,1.0,0.0014795000006415648,0.06725000002916204,4
wine_binary,product recognition,19,7,0.0,immutable_top3_l1,nn_positive_train,22,0.36363636363636365,0.36363636363636365,0.0,2.8707050559239238,3.0,1.0,0.0012643000027310336,0.05746818194231971,4
wine_binary,product recognition,19,7,0.0,immutable_top3_l1,leaf_centroid,22,0.36363636363636365,0.36363636363636365,0.0,3.7257915329231777,3.0,1.0,0.002292100000886421,0.10418636367665551,4
wine_binary,product recognition,19,7,0.0,immutable_top3_l1,raw_leaf_projection,22,0.36363636363636365,0.36363636363636365,0.0,1.0775388884598673,1.0,1.0,0.0013035000010859221,0.059250000049360096,4
wine_binary,product recognition,19,7,0.0,immutable_top3_l1,clbr,22,0.36363636363636365,0.36363636363636365,0.0,1.0775388884598673,1.0,1.0,0.0027030999981434434,0.12286818173379288,4
wine_binary,product recognition,19,7,0.0,immutable_top3_l1,metric_leaf_projection,22,0.2727272727272727,0.2727272727272727,0.0,1.0134360040115757,1.0,1.0,0.0012847000016336096,0.058395454619709526,4
wine_binary,product recognition,19,7,0.0,immutable_top3_l1,metric_clbr,22,0.36363636363636365,0.2727272727272727,0.09090909090909091,1.3083636917421917,1.5,1.0,0.003091800000220246,0.1405363636463748,4
wine_binary,product recognition,19,7,0.0,immutable_top3_l1,exact_leaf,22,0.36363636363636365,0.36363636363636365,0.0,1.0775388884598673,1.0,1.0,0.0044053999981770176,0.2002454544625917,4
wine_binary,product recognition,19,7,0.0,immutable_top3_l1,exact_leaf_cached,22,0.36363636363636365,0.36363636363636365,0.0,1.0775388884598673,1.0,1.0,0.0020291000000725035,0.09223181818511379,4
wine_binary,product recognition,19,7,0.0,immutable_top3_l1,native_exact_k_sparse,22,1.0,1.0,0.0,1.0570903802514908,1.0,1.0,0.002701800000977528,0.12280909095352399,4
wine_binary,product recognition,19,7,0.0,immutable_top3_l1,clbr_uncached,22,0.36363636363636365,0.36363636363636365,0.0,1.0775388884598673,1.0,1.0,0.0027147000009790645,0.12339545458995747,4
wine_binary,product recognition,29,7,0.0,free_l2,nn_positive_train,17,1.0,1.0,0.0,4.189816778959186,12.882352941176471,0.0,0.000890600000275299,0.052388235310311705,3
wine_binary,product recognition,29,7,0.0,free_l2,leaf_centroid,17,1.0,1.0,0.0,3.749116164646978,13.0,0.0,0.0014602999999624444,0.08589999999779085,3
wine_binary,product recognition,29,7,0.0,free_l2,raw_leaf_projection,17,1.0,1.0,0.0,0.9109691715891167,1.0,1.0,0.0009733000015330617,0.05725294126665069,3
wine_binary,product recognition,29,7,0.0,free_l2,clbr,17,1.0,1.0,0.0,0.9109691715891167,1.0,1.0,0.0008748999980525696,0.05146470576779821,3
wine_binary,product recognition,29,7,0.0,free_l2,metric_leaf_projection,17,1.0,1.0,0.0,0.9109691715891167,1.0,1.0,0.000877500000569853,0.051617647092344295,3
wine_binary,product recognition,29,7,0.0,free_l2,metric_clbr,17,1.0,1.0,0.0,0.9109691715891167,1.0,1.0,0.000983599999017315,0.057858823471606764,3
wine_binary,product recognition,29,7,0.0,free_l2,exact_leaf,17,1.0,1.0,0.0,0.9109691715891167,1.0,1.0,0.0026416000009703566,0.15538823535119745,3
wine_binary,product recognition,29,7,0.0,free_l2,exact_leaf_cached,17,1.0,1.0,0.0,0.9109691715891167,1.0,1.0,0.001915400001053058,0.11267058829723871,3
wine_binary,product recognition,29,7,0.0,free_l2,native_exact_k_sparse,17,1.0,1.0,0.0,0.9109691715891167,1.0,1.0,0.001833700000133831,0.10786470589022536,3
wine_binary,product recognition,29,7,0.0,free_l2,clbr_uncached,17,1.0,1.0,0.0,0.9109691715891167,1.0,1.0,0.0009705000011308584,0.05708823536063873,3
wine_binary,product recognition,29,7,0.0,immutable_l2,nn_positive_train,17,0.058823529411764705,0.058823529411764705,0.0,4.668801538434087,12.0,0.0,0.0009305000021413434,0.054735294243608436,3
wine_binary,product recognition,29,7,0.0,immutable_l2,leaf_centroid,17,0.058823529411764705,0.058823529411764705,0.0,3.6468592167437093,12.0,0.0,0.0013644000009662705,0.08025882358625121,3
wine_binary,product recognition,29,7,0.0,immutable_l2,raw_leaf_projection,17,0.058823529411764705,0.058823529411764705,0.0,0.17062208192446077,1.0,1.0,0.0008754999998927815,0.05149999999369303,3
wine_binary,product recognition,29,7,0.0,immutable_l2,clbr,17,0.058823529411764705,0.058823529411764705,0.0,0.17062208192446077,1.0,1.0,0.0018387000018265098,0.10815882363685352,3
wine_binary,product recognition,29,7,0.0,immutable_l2,metric_leaf_projection,17,0.058823529411764705,0.058823529411764705,0.0,0.17062208192446077,1.0,1.0,0.0008173999967766576,0.048082352751568094,3
wine_binary,product recognition,29,7,0.0,immutable_l2,metric_clbr,17,0.058823529411764705,0.058823529411764705,0.0,0.17062208192446077,1.0,1.0,0.0018321999996260274,0.1077764705662369,3
wine_binary,product recognition,29,7,0.0,immutable_l2,exact_leaf,17,0.058823529411764705,0.058823529411764705,0.0,0.17062208192446077,1.0,1.0,0.0018246999989059987,0.10733529405329403,3
wine_binary,product recognition,29,7,0.0,immutable_l2,exact_leaf_cached,17,0.058823529411764705,0.058823529411764705,0.0,0.17062208192446077,1.0,1.0,0.000954899997850589,0.05617058810885817,3
wine_binary,product recognition,29,7,0.0,immutable_l2,native_exact_k_sparse,17,0.058823529411764705,0.058823529411764705,0.0,0.17062208192446077,1.0,1.0,0.0009368000000904431,0.05510588235826136,3
wine_binary,product recognition,29,7,0.0,immutable_l2,clbr_uncached,17,0.058823529411764705,0.058823529411764705,0.0,0.17062208192446077,1.0,1.0,0.002175500001612818,0.12797058833016575,3
wine_binary,product recognition,29,7,0.0,immutable_top3_l1,nn_positive_train,17,0.0,0.0,0.0,inf,nan,nan,0.0009217999986503855,0.05422352933237562,3
wine_binary,product recognition,29,7,0.0,immutable_top3_l1,leaf_centroid,17,0.0,0.0,0.0,inf,nan,nan,0.0014001999998072279,0.08236470587101341,3
wine_binary,product recognition,29,7,0.0,immutable_top3_l1,raw_leaf_projection,17,0.0,0.0,0.0,inf,nan,nan,0.0008741000001464272,0.05141764706743689,3
wine_binary,product recognition,29,7,0.0,immutable_top3_l1,clbr,17,0.0,0.0,0.0,inf,nan,nan,0.001930699997501506,0.11357058808832388,3
wine_binary,product recognition,29,7,0.0,immutable_top3_l1,metric_leaf_projection,17,0.0,0.0,0.0,inf,nan,nan,0.0009574999967298936,0.056323529219405505,3
wine_binary,product recognition,29,7,0.0,immutable_top3_l1,metric_clbr,17,0.0,0.0,0.0,inf,nan,nan,0.002331999999114487,0.1371764705361463,3
wine_binary,product recognition,29,7,0.0,immutable_top3_l1,exact_leaf,17,0.0,0.0,0.0,inf,nan,nan,0.002064499997686653,0.121441176334509,3
wine_binary,product recognition,29,7,0.0,immutable_top3_l1,exact_leaf_cached,17,0.0,0.0,0.0,inf,nan,nan,0.0010623999960444053,0.06249411741437678,3
wine_binary,product recognition,29,7,0.0,immutable_top3_l1,native_exact_k_sparse,17,0.058823529411764705,0.058823529411764705,0.0,0.17062208192446077,1.0,1.0,0.0013098000008540112,0.07704705887376537,3
wine_binary,product recognition,29,7,0.0,immutable_top3_l1,clbr_uncached,17,0.0,0.0,0.0,inf,nan,nan,0.0023340000016105478,0.13729411774179692,3
wine_binary,product recognition,37,7,0.0,free_l2,nn_positive_train,25,1.0,1.0,0.0,5.33712911141149,12.8,0.0,0.0013123999997333158,0.05249599998933263,2
wine_binary,product recognition,37,7,0.0,free_l2,leaf_centroid,25,1.0,1.0,0.0,4.603231891185918,13.0,0.0,0.0018910999951913254,0.07564399980765302,2
wine_binary,product recognition,37,7,0.0,free_l2,raw_leaf_projection,25,1.0,1.0,0.0,0.8131615543257545,1.68,1.0,0.0013678999994226615,0.05471599997690646,2
wine_binary,product recognition,37,7,0.0,free_l2,clbr,25,1.0,1.0,0.0,0.8131615543257545,1.68,1.0,0.0013119999985065078,0.05247999994026031,2
wine_binary,product recognition,37,7,0.0,free_l2,metric_leaf_projection,25,1.0,1.0,0.0,0.7749911965401612,1.68,1.0,0.001292200000534649,0.05168800002138596,2
wine_binary,product recognition,37,7,0.0,free_l2,metric_clbr,25,1.0,1.0,0.0,0.7749911965401612,1.68,1.0,0.0013054999981250148,0.05221999992500059,2
wine_binary,product recognition,37,7,0.0,free_l2,exact_leaf,25,1.0,1.0,0.0,0.7749911965401612,1.68,1.0,0.003032300000086252,0.12129200000345008,2
wine_binary,product recognition,37,7,0.0,free_l2,exact_leaf_cached,25,1.0,1.0,0.0,0.7749911965401612,1.68,1.0,0.002710000000661239,0.10840000002644956,2
wine_binary,product recognition,37,7,0.0,free_l2,native_exact_k_sparse,25,1.0,1.0,0.0,0.7749911965401612,1.68,1.0,0.0026971999986926676,0.1078879999477067,2
wine_binary,product recognition,37,7,0.0,free_l2,clbr_uncached,25,1.0,1.0,0.0,0.8131615543257545,1.68,1.0,0.0013037999997322913,0.05215199998929165,2
wine_binary,product recognition,37,7,0.0,immutable_l2,nn_positive_train,25,0.16,0.16,0.0,4.765798737907955,11.75,0.0,0.0011869000018123188,0.04747600007249275,2
wine_binary,product recognition,37,7,0.0,immutable_l2,leaf_centroid,25,0.16,0.16,0.0,4.157211166320044,12.0,0.0,0.001983900004233874,0.07935600016935496,2
wine_binary,product recognition,37,7,0.0,immutable_l2,raw_leaf_projection,25,0.16,0.16,0.0,0.5234144305243111,1.0,1.0,0.0013124000024617999,0.052496000098471995,2
wine_binary,product recognition,37,7,0.0,immutable_l2,clbr,25,0.16,0.16,0.0,0.5234144305243111,1.0,1.0,0.0028093999999327934,0.11237599999731174,2
wine_binary,product recognition,37,7,0.0,immutable_l2,metric_leaf_projection,25,0.0,0.0,0.0,inf,nan,nan,0.0013444999995044782,0.05377999998017913,2
wine_binary,product recognition,37,7,0.0,immutable_l2,metric_clbr,25,0.16,0.0,0.16,1.5830284798866414,11.75,0.0,0.0045878000019001774,0.1835120000760071,2
wine_binary,product recognition,37,7,0.0,immutable_l2,exact_leaf,25,0.16,0.16,0.0,0.5234144305243111,1.0,1.0,0.002260899998873356,0.09043599995493423,2
wine_binary,product recognition,37,7,0.0,immutable_l2,exact_leaf_cached,25,0.16,0.16,0.0,0.5234144305243111,1.0,1.0,0.001718500000606582,0.06874000002426328,2
wine_binary,product recognition,37,7,0.0,immutable_l2,native_exact_k_sparse,25,0.16,0.16,0.0,0.5234144305243111,1.0,1.0,0.0015642000016669044,0.06256800006667618,2
wine_binary,product recognition,37,7,0.0,immutable_l2,clbr_uncached,25,0.16,0.16,0.0,0.5234144305243111,1.0,1.0,0.0027813999995487393,0.11125599998194957,2
wine_binary,product recognition,37,7,0.0,immutable_top3_l1,nn_positive_train,25,0.08,0.08,0.0,5.906905119812613,3.0,1.0,0.0015025000020614243,0.06010000008245697,2
wine_binary,product recognition,37,7,0.0,immutable_top3_l1,leaf_centroid,25,0.08,0.08,0.0,5.158433212321093,3.0,1.0,0.0023475000007238123,0.09390000002895249,2
wine_binary,product recognition,37,7,0.0,immutable_top3_l1,raw_leaf_projection,25,0.08,0.08,0.0,0.8564962974332693,1.0,1.0,0.0016493000002810732,0.06597200001124293,2
wine_binary,product recognition,37,7,0.0,immutable_top3_l1,clbr,25,0.08,0.08,0.0,0.8564962974332693,1.0,1.0,0.003648200001407531,0.14592800005630124,2
wine_binary,product recognition,37,7,0.0,immutable_top3_l1,metric_leaf_projection,25,0.0,0.0,0.0,inf,nan,nan,0.0016163999989657896,0.06465599995863158,2
wine_binary,product recognition,37,7,0.0,immutable_top3_l1,metric_clbr,25,0.08,0.0,0.08,1.6820254571555262,3.0,1.0,0.004445200001100602,0.17780800004402408,2
wine_binary,product recognition,37,7,0.0,immutable_top3_l1,exact_leaf,25,0.08,0.08,0.0,0.8564962974332693,1.0,1.0,0.002369300001191732,0.09477200004766928,2
wine_binary,product recognition,37,7,0.0,immutable_top3_l1,exact_leaf_cached,25,0.08,0.08,0.0,0.8564962974332693,1.0,1.0,0.0020390000008774223,0.08156000003509689,2
wine_binary,product recognition,37,7,0.0,immutable_top3_l1,native_exact_k_sparse,25,0.16,0.16,0.0,0.5234144305243111,1.0,1.0,0.0021892000004299916,0.08756800001719967,2
wine_binary,product recognition,37,7,0.0,immutable_top3_l1,clbr_uncached,25,0.08,0.08,0.0,0.8564962974332693,1.0,1.0,0.004020200000013574,0.16080800000054296,2
wine_binary,product recognition,41,7,0.0,free_l2,nn_positive_train,19,1.0,1.0,0.0,3.8590283027929875,12.842105263157896,0.0,0.0009712999963085167,0.05112105243729035,4
wine_binary,product recognition,41,7,0.0,free_l2,leaf_centroid,19,1.0,1.0,0.0,3.5990613267018206,13.0,0.0,0.0016764000001785462,0.08823157895676559,4
wine_binary,product recognition,41,7,0.0,free_l2,raw_leaf_projection,19,1.0,1.0,0.0,0.8093802233707988,1.0,1.0,0.0010535000019444851,0.05544736852339396,4
wine_binary,product recognition,41,7,0.0,free_l2,clbr,19,1.0,1.0,0.0,0.8093802233707988,1.0,1.0,0.0009587000004103174,0.05045789475843776,4
wine_binary,product recognition,41,7,0.0,free_l2,metric_leaf_projection,19,1.0,1.0,0.0,0.6201505537098916,1.0,1.0,0.0009766000011950382,0.051400000062896745,4
wine_binary,product recognition,41,7,0.0,free_l2,metric_clbr,19,1.0,1.0,0.0,0.6201505537098916,1.0,1.0,0.000996599999780301,0.052452631567384264,4
wine_binary,product recognition,41,7,0.0,free_l2,exact_leaf,19,1.0,1.0,0.0,0.6201505537098916,1.0,1.0,0.0036485000000539003,0.19202631579231055,4
wine_binary,product recognition,41,7,0.0,free_l2,exact_leaf_cached,19,1.0,1.0,0.0,0.6201505537098916,1.0,1.0,0.0020481999999901745,0.10779999999948287,4
wine_binary,product recognition,41,7,0.0,free_l2,native_exact_k_sparse,19,1.0,1.0,0.0,0.6201505537098916,1.0,1.0,0.001893200000267825,0.09964210527725395,4
wine_binary,product recognition,41,7,0.0,free_l2,clbr_uncached,19,1.0,1.0,0.0,0.8093802233707988,1.0,1.0,0.0011290000011285883,0.05942105269097833,4
wine_binary,product recognition,41,7,0.0,immutable_l2,nn_positive_train,19,0.9473684210526315,0.9473684210526315,0.0,3.7648528246402293,11.833333333333334,0.0,0.0009402999976373394,0.04948947355985997,4
wine_binary,product recognition,41,7,0.0,immutable_l2,leaf_centroid,19,1.0,1.0,0.0,3.548478103852257,12.0,0.0,0.0016701000013199518,0.08790000006947114,4
wine_binary,product recognition,41,7,0.0,immutable_l2,raw_leaf_projection,19,1.0,1.0,0.0,0.8093802233707988,1.0,1.0,0.0009802999984458438,0.05159473676030757,4
wine_binary,product recognition,41,7,0.0,immutable_l2,clbr,19,1.0,1.0,0.0,0.8093802233707988,1.0,1.0,0.0009343999981865636,0.04917894727297703,4
wine_binary,product recognition,41,7,0.0,immutable_l2,metric_leaf_projection,19,0.631578947368421,0.631578947368421,0.0,0.6869998294141876,1.0,1.0,0.0009725999980219058,0.05118947358010031,4
wine_binary,product recognition,41,7,0.0,immutable_l2,metric_clbr,19,0.9473684210526315,0.631578947368421,0.3157894736842105,1.1319672550027189,4.666666666666667,0.6666666666666666,0.0032294999991790974,0.16997368416732092,4
wine_binary,product recognition,41,7,0.0,immutable_l2,exact_leaf,19,1.0,1.0,0.0,0.8093802233707988,1.0,1.0,0.003388900001482398,0.17836315797275779,4
wine_binary,product recognition,41,7,0.0,immutable_l2,exact_leaf_cached,19,1.0,1.0,0.0,0.8093802233707988,1.0,1.0,0.0020043999975314364,0.10549473671218086,4
wine_binary,product recognition,41,7,0.0,immutable_l2,native_exact_k_sparse,19,1.0,1.0,0.0,0.8093802233707988,1.0,1.0,0.00186909999956697,0.09837368418773526,4
wine_binary,product recognition,41,7,0.0,immutable_l2,clbr_uncached,19,1.0,1.0,0.0,0.8093802233707988,1.0,1.0,0.001079899999240297,0.05683684206527878,4
wine_binary,product recognition,41,7,0.0,immutable_top3_l1,nn_positive_train,19,0.9473684210526315,0.9473684210526315,0.0,4.105968186510024,3.0,1.0,0.0012294000016481732,0.0647052632446407,4
wine_binary,product recognition,41,7,0.0,immutable_top3_l1,leaf_centroid,19,0.9473684210526315,0.9473684210526315,0.0,3.744492796754593,3.0,1.0,0.002296399999067944,0.12086315784568126,4
wine_binary,product recognition,41,7,0.0,immutable_top3_l1,raw_leaf_projection,19,0.9473684210526315,0.9473684210526315,0.0,0.7942933810155188,1.0,1.0,0.001216999999996915,0.064052631578785,4
wine_binary,product recognition,41,7,0.0,immutable_top3_l1,clbr,19,0.9473684210526315,0.9473684210526315,0.0,0.7942933810155188,1.0,1.0,0.0014482999986284995,0.07622631571728944,4
wine_binary,product recognition,41,7,0.0,immutable_top3_l1,metric_leaf_projection,19,0.631578947368421,0.631578947368421,0.0,0.6869998294141876,1.0,1.0,0.001144699999713339,0.06024736840596521,4
wine_binary,product recognition,41,7,0.0,immutable_top3_l1,metric_clbr,19,0.9473684210526315,0.631578947368421,0.3157894736842105,1.1760477388363486,1.6666666666666667,1.0,0.003935499999897729,0.20713157894198575,4
wine_binary,product recognition,41,7,0.0,immutable_top3_l1,exact_leaf,19,0.9473684210526315,0.9473684210526315,0.0,0.7942933810155188,1.0,1.0,0.004598899998200068,0.24204736832631935,4
wine_binary,product recognition,41,7,0.0,immutable_top3_l1,exact_leaf_cached,19,0.9473684210526315,0.9473684210526315,0.0,0.7942933810155188,1.0,1.0,0.0030724999987796764,0.1617105262515619,4
wine_binary,product recognition,41,7,0.0,immutable_top3_l1,native_exact_k_sparse,19,1.0,1.0,0.0,0.8093802233707988,1.0,1.0,0.0025390000046172645,0.13363157919038235,4
wine_binary,product recognition,41,7,0.0,immutable_top3_l1,clbr_uncached,19,0.9473684210526315,0.9473684210526315,0.0,0.7942933810155188,1.0,1.0,0.0015088999998624786,0.07941578946644624,4
wine_binary,product recognition,53,7,0.0,free_l2,nn_positive_train,28,1.0,1.0,0.0,4.976351998550796,12.928571428571429,0.0,0.001487299999098468,0.053117857110659576,3
wine_binary,product recognition,53,7,0.0,free_l2,leaf_centroid,28,1.0,1.0,0.0,3.6595015400449404,12.821428571428571,0.0,0.0025262000017391983,0.0902214286335428,3
wine_binary,product recognition,53,7,0.0,free_l2,raw_leaf_projection,28,1.0,1.0,0.0,1.0404444490265223,1.0,1.0,0.0016845999971337733,0.06016428561192048,3
wine_binary,product recognition,53,7,0.0,free_l2,clbr,28,1.0,1.0,0.0,1.0404444490265223,1.0,1.0,0.0015112000019144034,0.053971428639800124,3
wine_binary,product recognition,53,7,0.0,free_l2,metric_leaf_projection,28,1.0,1.0,0.0,1.0404444490265223,1.0,1.0,0.0015052999988256488,0.05376071424377317,3
wine_binary,product recognition,53,7,0.0,free_l2,metric_clbr,28,1.0,1.0,0.0,1.0404444490265223,1.0,1.0,0.001504400000158057,0.053728571434216325,3
wine_binary,product recognition,53,7,0.0,free_l2,exact_leaf,28,1.0,1.0,0.0,1.0404444490265223,1.0,1.0,0.004784300000210351,0.17086785715036967,3
wine_binary,product recognition,53,7,0.0,free_l2,exact_leaf_cached,28,1.0,1.0,0.0,1.0404444490265223,1.0,1.0,0.003229400001146132,0.11533571432664758,3
wine_binary,product recognition,53,7,0.0,free_l2,native_exact_k_sparse,28,1.0,1.0,0.0,1.0404444490265223,1.0,1.0,0.003262700000050245,0.11652500000179446,3
wine_binary,product recognition,53,7,0.0,free_l2,clbr_uncached,28,1.0,1.0,0.0,1.0404444490265223,1.0,1.0,0.001741799999763316,0.062207142848689854,3
wine_binary,product recognition,53,7,0.0,immutable_l2,nn_positive_train,28,0.0,0.0,0.0,inf,nan,nan,0.001887999998871237,0.06742857138825846,3
wine_binary,product recognition,53,7,0.0,immutable_l2,leaf_centroid,28,0.0,0.0,0.0,inf,nan,nan,0.0028406000001268694,0.10145000000453105,3
wine_binary,product recognition,53,7,0.0,immutable_l2,raw_leaf_projection,28,0.0,0.0,0.0,inf,nan,nan,0.001728200003526581,0.06172142869737789,3
wine_binary,product recognition,53,7,0.0,immutable_l2,clbr,28,0.0,0.0,0.0,inf,nan,nan,0.004250100001627288,0.15178928577240317,3
wine_binary,product recognition,53,7,0.0,immutable_l2,metric_leaf_projection,28,0.0,0.0,0.0,inf,nan,nan,0.0019037000010939664,0.06798928575335594,3
wine_binary,product recognition,53,7,0.0,immutable_l2,metric_clbr,28,0.0,0.0,0.0,inf,nan,nan,0.004317700001593039,0.15420357148546568,3
wine_binary,product recognition,53,7,0.0,immutable_l2,exact_leaf,28,0.0,0.0,0.0,inf,nan,nan,0.003916700002264406,0.13988214293801451,3
wine_binary,product recognition,53,7,0.0,immutable_l2,exact_leaf_cached,28,0.0,0.0,0.0,inf,nan,nan,0.0022188999955687905,0.07924642841317109,3
wine_binary,product recognition,53,7,0.0,immutable_l2,native_exact_k_sparse,28,0.0,0.0,0.0,inf,nan,nan,0.0019753999968088465,0.07054999988603024,3
wine_binary,product recognition,53,7,0.0,immutable_l2,clbr_uncached,28,0.0,0.0,0.0,inf,nan,nan,0.004761099999996077,0.1700392857141456,3
wine_binary,product recognition,53,7,0.0,immutable_top3_l1,nn_positive_train,28,0.0,0.0,0.0,inf,nan,nan,0.001535700002023077,0.054846428643681326,3
wine_binary,product recognition,53,7,0.0,immutable_top3_l1,leaf_centroid,28,0.0,0.0,0.0,inf,nan,nan,0.002650799997354625,0.09467142847695088,3
wine_binary,product recognition,53,7,0.0,immutable_top3_l1,raw_leaf_projection,28,0.0,0.0,0.0,inf,nan,nan,0.0016801000010673306,0.06000357146669038,3
wine_binary,product recognition,53,7,0.0,immutable_top3_l1,clbr,28,0.0,0.0,0.0,inf,nan,nan,0.003683299995827838,0.13154642842242278,3
wine_binary,product recognition,53,7,0.0,immutable_top3_l1,metric_leaf_projection,28,0.0,0.0,0.0,inf,nan,nan,0.0015336999977080268,0.054774999918143816,3
wine_binary,product recognition,53,7,0.0,immutable_top3_l1,metric_clbr,28,0.0,0.0,0.0,inf,nan,nan,0.0036626999999498366,0.13081071428392274,3
wine_binary,product recognition,53,7,0.0,immutable_top3_l1,exact_leaf,28,0.0,0.0,0.0,inf,nan,nan,0.0037890000039624283,0.13532142871294386,3
wine_binary,product recognition,53,7,0.0,immutable_top3_l1,exact_leaf_cached,28,0.0,0.0,0.0,inf,nan,nan,0.001847300002737029,0.06597500009775104,3
wine_binary,product recognition,53,7,0.0,immutable_top3_l1,native_exact_k_sparse,28,0.0,0.0,0.0,inf,nan,nan,0.002053400000477268,0.07333571430275956,3
wine_binary,product recognition,53,7,0.0,immutable_top3_l1,clbr_uncached,28,0.0,0.0,0.0,inf,nan,nan,0.004247300001225085,0.15168928575803875,3
wine_binary,product recognition,61,7,0.0,free_l2,nn_positive_train,21,1.0,1.0,0.0,4.781131322685719,12.904761904761905,0.0,0.0012401000003592344,0.05905238096948735,3
wine_binary,product recognition,61,7,0.0,free_l2,leaf_centroid,21,1.0,1.0,0.0,4.396657251531492,13.0,0.0,0.0020211999981256668,0.09624761895836509,3
wine_binary,product recognition,61,7,0.0,free_l2,raw_leaf_projection,21,1.0,1.0,0.0,0.7602238321731998,1.0,1.0,0.0014075000008233474,0.06702380956301654,3
wine_binary,product recognition,61,7,0.0,free_l2,clbr,21,1.0,1.0,0.0,0.7602238321731998,1.0,1.0,0.0012333000004218775,0.05872857144866083,3
wine_binary,product recognition,61,7,0.0,free_l2,metric_leaf_projection,21,1.0,1.0,0.0,0.6899091114626134,1.0,1.0,0.001263199999812059,0.06015238094343139,3
wine_binary,product recognition,61,7,0.0,free_l2,metric_clbr,21,1.0,1.0,0.0,0.6899091114626134,1.0,1.0,0.0012305000000196742,0.058595238096174965,3
wine_binary,product recognition,61,7,0.0,free_l2,exact_leaf,21,1.0,1.0,0.0,0.6899091114626134,1.0,1.0,0.003953700002057303,0.1882714286693954,3
wine_binary,product recognition,61,7,0.0,free_l2,exact_leaf_cached,21,1.0,1.0,0.0,0.6899091114626134,1.0,1.0,0.0028034000015395577,0.13349523816855036,3
wine_binary,product recognition,61,7,0.0,free_l2,native_exact_k_sparse,21,1.0,1.0,0.0,0.6899091114626134,1.0,1.0,0.00279190000219387,0.13294761915208905,3
wine_binary,product recognition,61,7,0.0,free_l2,clbr_uncached,21,1.0,1.0,0.0,0.7602238321731998,1.0,1.0,0.0013397999991866527,0.06379999996126917,3
wine_binary,product recognition,61,7,0.0,immutable_l2,nn_positive_train,21,1.0,1.0,0.0,4.758088436115497,11.904761904761905,0.0,0.0011249000008319854,0.053566666706285015,3
wine_binary,product recognition,61,7,0.0,immutable_l2,leaf_centroid,21,1.0,1.0,0.0,4.295699660541315,12.0,0.0,0.001693000001978362,0.08061904771325533,3
wine_binary,product recognition,61,7,0.0,immutable_l2,raw_leaf_projection,21,1.0,1.0,0.0,0.7602238321731998,1.0,1.0,0.001153699999122182,0.054938095196294376,3
wine_binary,product recognition,61,7,0.0,immutable_l2,clbr,21,1.0,1.0,0.0,0.7602238321731998,1.0,1.0,0.0011088000010204269,0.052800000048591755,3
wine_binary,product recognition,61,7,0.0,immutable_l2,metric_leaf_projection,21,0.7142857142857143,0.7142857142857143,0.0,0.7158452931162297,1.0,1.0,0.0011150000009365613,0.05309523813983625,3
wine_binary,product recognition,61,7,0.0,immutable_l2,metric_clbr,21,1.0,0.7142857142857143,0.2857142857142857,1.5515328240430912,4.142857142857143,0.7142857142857143,0.0036306000001786742,0.1728857142942226,3
wine_binary,product recognition,61,7,0.0,immutable_l2,exact_leaf,21,1.0,1.0,0.0,0.7602238321731998,1.0,1.0,0.0034789999981512665,0.16566666657863174,3
wine_binary,product recognition,61,7,0.0,immutable_l2,exact_leaf_cached,21,1.0,1.0,0.0,0.7602238321731998,1.0,1.0,0.002313499997399049,0.11016666654281185,3
wine_binary,product recognition,61,7,0.0,immutable_l2,native_exact_k_sparse,21,1.0,1.0,0.0,0.7602238321731998,1.0,1.0,0.0022284000006038696,0.10611428574304141,3
wine_binary,product recognition,61,7,0.0,immutable_l2,clbr_uncached,21,1.0,1.0,0.0,0.7602238321731998,1.0,1.0,0.0012200000010125223,0.058095238143453444,3
wine_binary,product recognition,61,7,0.0,immutable_top3_l1,nn_positive_train,21,0.3333333333333333,0.3333333333333333,0.0,3.792011414186491,3.0,1.0,0.0019652000000860426,0.09358095238504964,3
wine_binary,product recognition,61,7,0.0,immutable_top3_l1,leaf_centroid,21,0.3333333333333333,0.3333333333333333,0.0,3.185594233164213,3.0,1.0,0.002816900001562317,0.13413809531249127,3
wine_binary,product recognition,61,7,0.0,immutable_top3_l1,raw_leaf_projection,21,0.3333333333333333,0.3333333333333333,0.0,0.8755115665369152,1.0,1.0,0.0015832000008231262,0.07539047622967268,3
wine_binary,product recognition,61,7,0.0,immutable_top3_l1,clbr,21,0.3333333333333333,0.3333333333333333,0.0,0.8755115665369152,1.0,1.0,0.0027621000044746324,0.13152857164164916,3
wine_binary,product recognition,61,7,0.0,immutable_top3_l1,metric_leaf_projection,21,0.2857142857142857,0.2857142857142857,0.0,0.9066247843694342,1.0,1.0,0.0016446000008727424,0.07831428575584487,3
wine_binary,product recognition,61,7,0.0,immutable_top3_l1,metric_clbr,21,0.3333333333333333,0.2857142857142857,0.047619047619047616,0.9606955130961499,1.2857142857142858,1.0,0.0035990000005767797,0.17138095240841808,3
wine_binary,product recognition,61,7,0.0,immutable_top3_l1,exact_leaf,21,0.3333333333333333,0.3333333333333333,0.0,0.8755115665369152,1.0,1.0,0.0036894999975629617,0.17569047607442675,3
wine_binary,product recognition,61,7,0.0,immutable_top3_l1,exact_leaf_cached,21,0.3333333333333333,0.3333333333333333,0.0,0.8755115665369152,1.0,1.0,0.0024027999979807646,0.11441904752289356,3
wine_binary,product recognition,61,7,0.0,immutable_top3_l1,native_exact_k_sparse,21,1.0,1.0,0.0,0.7602238321731998,1.0,1.0,0.0031239000009009033,0.14875714290004302,3
wine_binary,product recognition,61,7,0.0,immutable_top3_l1,clbr_uncached,21,0.3333333333333333,0.3333333333333333,0.0,0.8755115665369152,1.0,1.0,0.0032058999995570048,0.15266190474080976,3
wine_binary,product recognition,73,7,0.0,free_l2,nn_positive_train,20,1.0,1.0,0.0,4.648788715628724,12.8,0.0,0.0010800999998537009,0.05400499999268504,3
wine_binary,product recognition,73,7,0.0,free_l2,leaf_centroid,20,1.0,1.0,0.0,4.13101691706239,13.0,0.0,0.0017415999982404173,0.08707999991202087,3
wine_binary,product recognition,73,7,0.0,free_l2,raw_leaf_projection,20,1.0,1.0,0.0,0.7486337726164418,1.0,1.0,0.0011094000001321547,0.055470000006607734,3
wine_binary,product recognition,73,7,0.0,free_l2,clbr,20,1.0,1.0,0.0,0.7486337726164418,1.0,1.0,0.0010637999994287384,0.05318999997143692,3
wine_binary,product recognition,73,7,0.0,free_l2,metric_leaf_projection,20,1.0,1.0,0.0,0.739927502120683,1.0,1.0,0.0010813000008056406,0.05406500004028203,3
wine_binary,product recognition,73,7,0.0,free_l2,metric_clbr,20,1.0,1.0,0.0,0.739927502120683,1.0,1.0,0.001064500001120905,0.053225000056045246,3
wine_binary,product recognition,73,7,0.0,free_l2,exact_leaf,20,1.0,1.0,0.0,0.739927502120683,1.0,1.0,0.0034780999976646854,0.17390499988323427,3
wine_binary,product recognition,73,7,0.0,free_l2,exact_leaf_cached,20,1.0,1.0,0.0,0.739927502120683,1.0,1.0,0.002364700001635356,0.1182350000817678,3
wine_binary,product recognition,73,7,0.0,free_l2,native_exact_k_sparse,20,1.0,1.0,0.0,0.739927502120683,1.0,1.0,0.002376399999775458,0.1188199999887729,3
wine_binary,product recognition,73,7,0.0,free_l2,clbr_uncached,20,1.0,1.0,0.0,0.7486337726164418,1.0,1.0,0.0011428000034356955,0.05714000017178478,3
wine_binary,product recognition,73,7,0.0,immutable_l2,nn_positive_train,20,1.0,1.0,0.0,4.624711909787341,11.8,0.0,0.0015208000031634583,0.07604000015817292,3
wine_binary,product recognition,73,7,0.0,immutable_l2,leaf_centroid,20,1.0,1.0,0.0,4.0110319872738724,12.0,0.0,0.0022227999988899683,0.11113999994449841,3
wine_binary,product recognition,73,7,0.0,immutable_l2,raw_leaf_projection,20,1.0,1.0,0.0,0.7486337726164418,1.0,1.0,0.0016724000006433926,0.08362000003216963,3
wine_binary,product recognition,73,7,0.0,immutable_l2,clbr,20,1.0,1.0,0.0,0.7486337726164418,1.0,1.0,0.001269900000806956,0.0634950000403478,3
wine_binary,product recognition,73,7,0.0,immutable_l2,metric_leaf_projection,20,0.9,0.9,0.0,0.7562458766634755,1.0,1.0,0.0013136000006852555,0.06568000003426278,3
wine_binary,product recognition,73,7,0.0,immutable_l2,metric_clbr,20,1.0,0.9,0.1,1.0034357329393822,2.05,0.9,0.0023987000013221405,0.11993500006610702,3
wine_binary,product recognition,73,7,0.0,immutable_l2,exact_leaf,20,1.0,1.0,0.0,0.7486337726164418,1.0,1.0,0.003666900001007889,0.18334500005039445,3
wine_binary,product recognition,73,7,0.0,immutable_l2,exact_leaf_cached,20,1.0,1.0,0.0,0.7486337726164418,1.0,1.0,0.002636900000652531,0.13184500003262656,3
wine_binary,product recognition,73,7,0.0,immutable_l2,native_exact_k_sparse,20,1.0,1.0,0.0,0.7486337726164418,1.0,1.0,0.002547000002778077,0.12735000013890385,3
wine_binary,product recognition,73,7,0.0,immutable_l2,clbr_uncached,20,1.0,1.0,0.0,0.7486337726164418,1.0,1.0,0.0013868999976693885,0.06934499988346943,3
wine_binary,product recognition,73,7,0.0,immutable_top3_l1,nn_positive_train,20,0.2,0.2,0.0,3.7482623310272487,3.0,1.0,0.0014468999979726505,0.07234499989863252,3
wine_binary,product recognition,73,7,0.0,immutable_top3_l1,leaf_centroid,20,0.2,0.2,0.0,3.421947776936871,3.0,1.0,0.0026604999984556343,0.13302499992278172,3
wine_binary,product recognition,73,7,0.0,immutable_top3_l1,raw_leaf_projection,20,0.2,0.2,0.0,1.1368509409274894,1.0,1.0,0.0015208999993774341,0.07604499996887171,3
wine_binary,product recognition,73,7,0.0,immutable_top3_l1,clbr,20,0.2,0.2,0.0,1.1368509409274894,1.0,1.0,0.0029676999993171194,0.14838499996585597,3
wine_binary,product recognition,73,7,0.0,immutable_top3_l1,metric_leaf_projection,20,0.2,0.2,0.0,1.1368509409274894,1.0,1.0,0.001578499999595806,0.0789249999797903,3
wine_binary,product recognition,73,7,0.0,immutable_top3_l1,metric_clbr,20,0.2,0.2,0.0,1.1368509409274894,1.0,1.0,0.003053000002182671,0.15265000010913354,3
wine_binary,product recognition,73,7,0.0,immutable_top3_l1,exact_leaf,20,0.2,0.2,0.0,1.1368509409274894,1.0,1.0,0.003634500000771368,0.1817250000385684,3
wine_binary,product recognition,73,7,0.0,immutable_top3_l1,exact_leaf_cached,20,0.2,0.2,0.0,1.1368509409274894,1.0,1.0,0.0020213999996485654,0.10106999998242827,3
wine_binary,product recognition,73,7,0.0,immutable_top3_l1,native_exact_k_sparse,20,1.0,1.0,0.0,0.7486337726164418,1.0,1.0,0.003359799999088864,0.1679899999544432,3
wine_binary,product recognition,73,7,0.0,immutable_top3_l1,clbr_uncached,20,0.2,0.2,0.0,1.1368509409274894,1.0,1.0,0.0034613000016179285,0.17306500008089643,3
wine_binary,product recognition,89,7,0.0,free_l2,nn_positive_train,20,1.0,1.0,0.0,3.229919199158683,12.75,0.0,0.0011525999998411862,0.05762999999205931,2
wine_binary,product recognition,89,7,0.0,free_l2,leaf_centroid,20,1.0,1.0,0.0,3.9036863970397526,13.0,0.0,0.0016833999998198124,0.08416999999099062,2
wine_binary,product recognition,89,7,0.0,free_l2,raw_leaf_projection,20,1.0,1.0,0.0,0.6599096717890561,1.0,1.0,0.001184100003229105,0.059205000161455246,2
wine_binary,product recognition,89,7,0.0,free_l2,clbr,20,1.0,1.0,0.0,0.6599096717890561,1.0,1.0,0.0010931999977401574,0.05465999988700787,2
wine_binary,product recognition,89,7,0.0,free_l2,metric_leaf_projection,20,1.0,1.0,0.0,0.57023933286931,1.0,1.0,0.0011137000010421616,0.05568500005210808,2
wine_binary,product recognition,89,7,0.0,free_l2,metric_clbr,20,1.0,1.0,0.0,0.57023933286931,1.0,1.0,0.0010656000013113953,0.053280000065569766,2
wine_binary,product recognition,89,7,0.0,free_l2,exact_leaf,20,1.0,1.0,0.0,0.57023933286931,1.0,1.0,0.0025805000004766043,0.12902500002383022,2
wine_binary,product recognition,89,7,0.0,free_l2,exact_leaf_cached,20,1.0,1.0,0.0,0.57023933286931,1.0,1.0,0.0022969000010562013,0.11484500005281006,2
wine_binary,product recognition,89,7,0.0,free_l2,native_exact_k_sparse,20,1.0,1.0,0.0,0.57023933286931,1.0,1.0,0.002167600000575476,0.10838000002877379,2
wine_binary,product recognition,89,7,0.0,free_l2,clbr_uncached,20,1.0,1.0,0.0,0.6599096717890561,1.0,1.0,0.00103929999841057,0.0519649999205285,2
wine_binary,product recognition,89,7,0.0,immutable_l2,nn_positive_train,20,1.0,1.0,0.0,3.21485507549309,11.8,0.0,0.001233699999829696,0.0616849999914848,2
wine_binary,product recognition,89,7,0.0,immutable_l2,leaf_centroid,20,1.0,1.0,0.0,3.840518856822576,12.0,0.0,0.0018084000012095203,0.09042000006047601,2
wine_binary,product recognition,89,7,0.0,immutable_l2,raw_leaf_projection,20,1.0,1.0,0.0,0.6599096717890561,1.0,1.0,0.0013249999983599992,0.06624999991799996,2
wine_binary,product recognition,89,7,0.0,immutable_l2,clbr,20,1.0,1.0,0.0,0.6599096717890561,1.0,1.0,0.0015999999986888724,0.07999999993444362,2
wine_binary,product recognition,89,7,0.0,immutable_l2,metric_leaf_projection,20,0.85,0.85,0.0,0.5708561004721667,1.0,1.0,0.001186700003927399,0.05933500019636995,2
wine_binary,product recognition,89,7,0.0,immutable_l2,metric_clbr,20,1.0,0.85,0.15,0.8079022280316923,2.65,0.85,0.002888300000449817,0.14441500002249086,2
wine_binary,product recognition,89,7,0.0,immutable_l2,exact_leaf,20,1.0,1.0,0.0,0.6599096717890561,1.0,1.0,0.0030407999984163325,0.15203999992081663,2
wine_binary,product recognition,89,7,0.0,immutable_l2,exact_leaf_cached,20,1.0,1.0,0.0,0.6599096717890561,1.0,1.0,0.0028312999984336784,0.14156499992168392,2
wine_binary,product recognition,89,7,0.0,immutable_l2,native_exact_k_sparse,20,1.0,1.0,0.0,0.6599096717890561,1.0,1.0,0.0024215000012191013,0.12107500006095506,2
wine_binary,product recognition,89,7,0.0,immutable_l2,clbr_uncached,20,1.0,1.0,0.0,0.6599096717890561,1.0,1.0,0.0012304000010772143,0.06152000005386071,2
wine_binary,product recognition,89,7,0.0,immutable_top3_l1,nn_positive_train,20,0.15,0.15,0.0,6.690953986212224,3.0,1.0,0.0013027999993937556,0.06513999996968778,2
wine_binary,product recognition,89,7,0.0,immutable_top3_l1,leaf_centroid,20,0.15,0.15,0.0,5.824216871415043,3.0,1.0,0.0021210999993854784,0.10605499996927392,2
wine_binary,product recognition,89,7,0.0,immutable_top3_l1,raw_leaf_projection,20,0.15,0.15,0.0,0.9004770769852716,1.0,1.0,0.00139729999955307,0.0698649999776535,2
wine_binary,product recognition,89,7,0.0,immutable_top3_l1,clbr,20,0.15,0.15,0.0,0.9004770769852716,1.0,1.0,0.0029013000003033085,0.14506500001516542,2
wine_binary,product recognition,89,7,0.0,immutable_top3_l1,metric_leaf_projection,20,0.1,0.1,0.0,0.5545459855343753,1.0,1.0,0.0014149000007819268,0.07074500003909634,2
wine_binary,product recognition,89,7,0.0,immutable_top3_l1,metric_clbr,20,0.15,0.1,0.05,1.203988967486696,1.6666666666666667,1.0,0.003193999998984509,0.15969999994922546,2
wine_binary,product recognition,89,7,0.0,immutable_top3_l1,exact_leaf,20,0.15,0.15,0.0,0.9004770769852716,1.0,1.0,0.002171099999031867,0.10855499995159335,2
wine_binary,product recognition,89,7,0.0,immutable_top3_l1,exact_leaf_cached,20,0.15,0.15,0.0,0.9004770769852716,1.0,1.0,0.0017009999983201851,0.08504999991600926,2
wine_binary,product recognition,89,7,0.0,immutable_top3_l1,native_exact_k_sparse,20,1.0,1.0,0.0,0.6599096717890561,1.0,1.0,0.0029714000002059038,0.1485700000102952,2
wine_binary,product recognition,89,7,0.0,immutable_top3_l1,clbr_uncached,20,0.15,0.15,0.0,0.9004770769852716,1.0,1.0,0.0029044000002613757,0.14522000001306878,2
credit_default,credit risk,7,7,0.0,free_l2,nn_positive_train,200,1.0,1.0,0.0,4.44757326575305,17.445,0.01,0.03197489999820391,0.15987449999101955,43
credit_default,credit risk,7,7,0.0,free_l2,leaf_centroid,200,1.0,1.0,0.0,4.287308448626437,22.19,0.0,0.2168881999950827,1.0844409999754134,43
credit_default,credit risk,7,7,0.0,free_l2,raw_leaf_projection,200,1.0,1.0,0.0,0.8053092283671768,1.195,1.0,0.016795900000033726,0.08397950000016863,43
credit_default,credit risk,7,7,0.0,free_l2,clbr,200,1.0,1.0,0.0,0.8053092283671768,1.195,1.0,0.014515700009724242,0.07257850004862121,43
credit_default,credit risk,7,7,0.0,free_l2,metric_leaf_projection,200,1.0,1.0,0.0,0.1012865912155751,1.51,1.0,0.015169499997682578,0.07584749998841289,43
credit_default,credit risk,7,7,0.0,free_l2,metric_clbr,200,1.0,1.0,0.0,0.1012865912155751,1.51,1.0,0.014966500000809901,0.07483250000404951,43
credit_default,credit risk,7,7,0.0,free_l2,exact_leaf,200,1.0,1.0,0.0,0.1012865912155751,1.51,1.0,0.4241340999960812,2.120670499980406,43
credit_default,credit risk,7,7,0.0,free_l2,exact_leaf_cached,200,1.0,1.0,0.0,0.1012865912155751,1.51,1.0,0.03390660000150092,0.1695330000075046,43
credit_default,credit risk,7,7,0.0,free_l2,native_exact_k_sparse,200,1.0,1.0,0.0,0.1012865912155751,1.51,1.0,0.03130559999499383,0.15652799997496913,43
credit_default,credit risk,7,7,0.0,free_l2,clbr_uncached,200,1.0,1.0,0.0,0.8053092283671768,1.195,1.0,0.04745119999824965,0.23725599999124825,43
credit_default,credit risk,7,7,0.0,immutable_l2,nn_positive_train,200,0.975,0.975,0.0,3.390255984663406,14.902564102564103,0.015384615384615385,0.02883109999675071,0.14415549998375354,43
credit_default,credit risk,7,7,0.0,immutable_l2,leaf_centroid,200,0.93,0.93,0.0,3.6917346110627913,18.241935483870968,0.0,0.19960340000216092,0.9980170000108046,43
credit_default,credit risk,7,7,0.0,immutable_l2,raw_leaf_projection,200,0.97,0.97,0.0,0.7834146322281929,1.1701030927835052,1.0,0.014873899993290252,0.07436949996645126,43
credit_default,credit risk,7,7,0.0,immutable_l2,clbr,200,0.995,0.97,0.025,0.8282783993152015,1.5527638190954773,0.9748743718592965,0.015844999997170817,0.07922499998585408,43
credit_default,credit risk,7,7,0.0,immutable_l2,metric_leaf_projection,200,0.98,0.98,0.0,0.10009959583139817,1.510204081632653,1.0,0.013161199998648954,0.06580599999324477,43
credit_default,credit risk,7,7,0.0,immutable_l2,metric_clbr,200,1.0,0.98,0.02,0.13670824540608986,1.805,0.98,0.015170700000453508,0.07585350000226754,43
credit_default,credit risk,7,7,0.0,immutable_l2,exact_leaf,200,1.0,1.0,0.0,0.10243667909554034,1.505,1.0,0.375512799986609,1.8775639999330451,43
credit_default,credit risk,7,7,0.0,immutable_l2,exact_leaf_cached,200,1.0,1.0,0.0,0.10243667909554034,1.505,1.0,0.030772100004469394,0.15386050002234697,43
credit_default,credit risk,7,7,0.0,immutable_l2,native_exact_k_sparse,200,1.0,1.0,0.0,0.10243667909554034,1.505,1.0,0.027789099995061406,0.13894549997530703,43
credit_default,credit risk,7,7,0.0,immutable_l2,clbr_uncached,200,0.995,0.97,0.025,0.8282783993152015,1.5527638190954773,0.9748743718592965,0.043803599994134856,0.21901799997067428,43
credit_default,credit risk,7,7,0.0,immutable_top3_l1,nn_positive_train,200,0.085,0.085,0.0,0.8356123827762603,2.6470588235294117,1.0,0.027639299998554634,0.13819649999277317,43
credit_default,credit risk,7,7,0.0,immutable_top3_l1,leaf_centroid,200,0.1,0.1,0.0,0.459199810134611,3.0,1.0,0.20134239999424608,1.0067119999712304,43
credit_default,credit risk,7,7,0.0,immutable_top3_l1,raw_leaf_projection,200,0.03,0.03,0.0,0.3015654961319929,1.0,1.0,0.013781199998447846,0.06890599999223923,43
credit_default,credit risk,7,7,0.0,immutable_top3_l1,clbr,200,0.09,0.03,0.06,0.17345710839452597,2.3333333333333335,1.0,0.03168339999683667,0.15841699998418335,43
credit_default,credit risk,7,7,0.0,immutable_top3_l1,metric_leaf_projection,200,0.085,0.085,0.0,0.03477152186488114,1.0588235294117647,1.0,0.012068300007740618,0.06034150003870309,43
credit_default,credit risk,7,7,0.0,immutable_top3_l1,metric_clbr,200,0.135,0.085,0.05,0.12134965481391247,1.5555555555555556,1.0,0.02973059999749239,0.14865299998746195,43
credit_default,credit risk,7,7,0.0,immutable_top3_l1,exact_leaf,200,0.39,0.39,0.0,0.5458874104170144,1.1794871794871795,1.0,0.3269719999998415,1.6348599999992075,43
credit_default,credit risk,7,7,0.0,immutable_top3_l1,exact_leaf_cached,200,0.39,0.39,0.0,0.5458874104170144,1.1794871794871795,1.0,0.02171919999545935,0.10859599997729674,43
credit_default,credit risk,7,7,0.0,immutable_top3_l1,native_exact_k_sparse,200,1.0,1.0,0.0,0.11926246422884472,1.45,1.0,0.029747800002041913,0.14873900001020957,43
credit_default,credit risk,7,7,0.0,immutable_top3_l1,clbr_uncached,200,0.09,0.03,0.06,0.17345710839452597,2.3333333333333335,1.0,0.06244210000932071,0.31221050004660356,43
credit_default,credit risk,13,7,0.0,free_l2,nn_positive_train,200,1.0,1.0,0.0,4.9181391404106,17.225,0.0,0.03325980000317941,0.16629900001589704,37
credit_default,credit risk,13,7,0.0,free_l2,leaf_centroid,200,1.0,1.0,0.0,4.819149441935103,22.24,0.0,0.20017119999738497,1.0008559999869249,37
credit_default,credit risk,13,7,0.0,free_l2,raw_leaf_projection,200,1.0,1.0,0.0,0.9340984966863135,1.23,1.0,0.01727899999332294,0.0863949999666147,37
credit_default,credit risk,13,7,0.0,free_l2,clbr,200,1.0,1.0,0.0,0.9340984966863135,1.23,1.0,0.014748000001418404,0.07374000000709202,37
credit_default,credit risk,13,7,0.0,free_l2,metric_leaf_projection,200,1.0,1.0,0.0,0.12969927316836646,1.16,1.0,0.014555300002939475,0.07277650001469738,37
credit_default,credit risk,13,7,0.0,free_l2,metric_clbr,200,1.0,1.0,0.0,0.12969927316836646,1.16,1.0,0.014134200008811604,0.07067100004405802,37
credit_default,credit risk,13,7,0.0,free_l2,exact_leaf,200,1.0,1.0,0.0,0.12969927316836646,1.16,1.0,0.3891654999952152,1.945827499976076,37
credit_default,credit risk,13,7,0.0,free_l2,exact_leaf_cached,200,1.0,1.0,0.0,0.12969927316836646,1.16,1.0,0.03552630000467616,0.1776315000233808,37
credit_default,credit risk,13,7,0.0,free_l2,native_exact_k_sparse,200,1.0,1.0,0.0,0.12969927316836646,1.16,1.0,0.031383800009280094,0.15691900004640047,37
credit_default,credit risk,13,7,0.0,free_l2,clbr_uncached,200,1.0,1.0,0.0,0.9340984966863135,1.23,1.0,0.04302080000161368,0.2151040000080684,37
credit_default,credit risk,13,7,0.0,immutable_l2,nn_positive_train,200,0.98,0.98,0.0,3.9403502450180308,14.668367346938776,0.00510204081632653,0.029644900004313968,0.14822450002156984,37
credit_default,credit risk,13,7,0.0,immutable_l2,leaf_centroid,200,0.91,0.91,0.0,4.331374814314829,18.434065934065934,0.0,0.17728429999715445,0.8864214999857722,37
credit_default,credit risk,13,7,0.0,immutable_l2,raw_leaf_projection,200,0.97,0.97,0.0,0.9413826389329704,1.2216494845360826,1.0,0.014760700000806537,0.07380350000403268,37
credit_default,credit risk,13,7,0.0,immutable_l2,clbr,200,0.985,0.97,0.015,0.940183324823248,1.4263959390862944,0.9847715736040609,0.015549199997622054,0.07774599998811027,37
credit_default,credit risk,13,7,0.0,immutable_l2,metric_leaf_projection,200,1.0,1.0,0.0,0.12969927316836646,1.16,1.0,0.013671600001543993,0.06835800000771997,37
credit_default,credit risk,13,7,0.0,immutable_l2,metric_clbr,200,1.0,1.0,0.0,0.12969927316836646,1.16,1.0,0.013219800000115356,0.06609900000057678,37
credit_default,credit risk,13,7,0.0,immutable_l2,exact_leaf,200,1.0,1.0,0.0,0.12969927316836646,1.16,1.0,0.3373779999983526,1.686889999991763,37
credit_default,credit risk,13,7,0.0,immutable_l2,exact_leaf_cached,200,1.0,1.0,0.0,0.12969927316836646,1.16,1.0,0.030073000001721084,0.15036500000860542,37
credit_default,credit risk,13,7,0.0,immutable_l2,native_exact_k_sparse,200,1.0,1.0,0.0,0.12969927316836646,1.16,1.0,0.027846599999975297,0.13923299999987648,37
credit_default,credit risk,13,7,0.0,immutable_l2,clbr_uncached,200,0.985,0.97,0.015,0.940183324823248,1.4263959390862944,0.9847715736040609,0.04005759999654401,0.20028799998272007,37
credit_default,credit risk,13,7,0.0,immutable_top3_l1,nn_positive_train,200,0.115,0.115,0.0,2.5673488479420343,3.0,1.0,0.028409899995494925,0.14204949997747462,37
credit_default,credit risk,13,7,0.0,immutable_top3_l1,leaf_centroid,200,0.1,0.1,0.0,3.6453733738675966,2.95,1.0,0.180035700004737,0.900178500023685,37
credit_default,credit risk,13,7,0.0,immutable_top3_l1,raw_leaf_projection,200,0.015,0.015,0.0,0.5800231221427893,1.3333333333333333,1.0,0.014328300008855877,0.07164150004427938,37
credit_default,credit risk,13,7,0.0,immutable_top3_l1,clbr,200,0.115,0.015,0.1,1.404524825031496,2.782608695652174,1.0,0.03569490000336373,0.17847450001681864,37
credit_default,credit risk,13,7,0.0,immutable_top3_l1,metric_leaf_projection,200,0.17,0.17,0.0,0.10152576542885446,1.0,1.0,0.012522500005616166,0.06261250002808083,37
credit_default,credit risk,13,7,0.0,immutable_top3_l1,metric_clbr,200,0.225,0.17,0.055,0.7408891993880484,1.488888888888889,1.0,0.02940970000872767,0.14704850004363834,37
credit_default,credit risk,13,7,0.0,immutable_top3_l1,exact_leaf,200,0.55,0.55,0.0,0.5897772387140044,1.0727272727272728,1.0,0.2940565999942919,1.4702829999714595,37
credit_default,credit risk,13,7,0.0,immutable_top3_l1,exact_leaf_cached,200,0.55,0.55,0.0,0.5897772387140044,1.0727272727272728,1.0,0.023833900005229225,0.11916950002614612,37
credit_default,credit risk,13,7,0.0,immutable_top3_l1,native_exact_k_sparse,200,1.0,1.0,0.0,0.13543918381698192,1.125,1.0,0.029232400001092174,0.14616200000546087,37
credit_default,credit risk,13,7,0.0,immutable_top3_l1,clbr_uncached,200,0.115,0.015,0.1,1.404524825031496,2.782608695652174,1.0,0.062328500007424736,0.3116425000371237,37
credit_default,credit risk,19,7,0.0,free_l2,nn_positive_train,200,1.0,1.0,0.0,4.4386214401282515,17.27,0.005,0.032400300002336735,0.16200150001168367,34
credit_default,credit risk,19,7,0.0,free_l2,leaf_centroid,200,1.0,1.0,0.0,4.324245835748652,22.27,0.0,0.18284159999802796,0.9142079999901398,34
credit_default,credit risk,19,7,0.0,free_l2,raw_leaf_projection,200,1.0,1.0,0.0,0.8247944712249823,1.335,0.995,0.016459700004816114,0.08229850002408057,34
credit_default,credit risk,19,7,0.0,free_l2,clbr,200,1.0,1.0,0.0,0.8247944712249823,1.335,0.995,0.014243299991903768,0.07121649995951884,34
credit_default,credit risk,19,7,0.0,free_l2,metric_leaf_projection,200,1.0,1.0,0.0,0.1037582272345973,1.3,1.0,0.014972299994951754,0.07486149997475877,34
credit_default,credit risk,19,7,0.0,free_l2,metric_clbr,200,1.0,1.0,0.0,0.1037582272345973,1.3,1.0,0.014186699989295448,0.07093349994647724,34
credit_default,credit risk,19,7,0.0,free_l2,exact_leaf,200,1.0,1.0,0.0,0.1037582272345973,1.3,1.0,0.34596890000102576,1.7298445000051288,34
credit_default,credit risk,19,7,0.0,free_l2,exact_leaf_cached,200,1.0,1.0,0.0,0.1037582272345973,1.3,1.0,0.033771399998840934,0.16885699999420467,34
credit_default,credit risk,19,7,0.0,free_l2,native_exact_k_sparse,200,1.0,1.0,0.0,0.1037582272345973,1.3,1.0,0.030332099999213824,0.15166049999606912,34
credit_default,credit risk,19,7,0.0,free_l2,clbr_uncached,200,1.0,1.0,0.0,0.8247944712249823,1.335,0.995,0.03972810000504978,0.1986405000252489,34
credit_default,credit risk,19,7,0.0,immutable_l2,nn_positive_train,200,0.955,0.955,0.0,3.4806507257801482,14.93717277486911,0.0,0.028563800000483752,0.14281900000241876,34
credit_default,credit risk,19,7,0.0,immutable_l2,leaf_centroid,200,0.795,0.795,0.0,3.764028520107842,18.39622641509434,0.0,0.1645150999966063,0.8225754999830315,34
credit_default,credit risk,19,7,0.0,immutable_l2,raw_leaf_projection,200,0.81,0.81,0.0,0.7471783380340391,1.228395061728395,0.9938271604938271,0.01409320000311709,0.07046600001558545,34
credit_default,credit risk,19,7,0.0,immutable_l2,clbr,200,0.99,0.81,0.18,0.8455198224538818,3.792929292929293,0.8131313131313131,0.030606599990278482,0.1530329999513924,34
credit_default,credit risk,19,7,0.0,immutable_l2,metric_leaf_projection,200,0.98,0.98,0.0,0.10297954770504923,1.2908163265306123,1.0,0.012767099997290643,0.06383549998645321,34
credit_default,credit risk,19,7,0.0,immutable_l2,metric_clbr,200,1.0,0.98,0.02,0.14433042145643893,1.565,0.98,0.01475200000913901,0.07376000004569505,34
credit_default,credit risk,19,7,0.0,immutable_l2,exact_leaf,200,1.0,1.0,0.0,0.10577515103183563,1.29,1.0,0.30821219999597815,1.5410609999798908,34
credit_default,credit risk,19,7,0.0,immutable_l2,exact_leaf_cached,200,1.0,1.0,0.0,0.10577515103183563,1.29,1.0,0.02992830000948743,0.14964150004743715,34
credit_default,credit risk,19,7,0.0,immutable_l2,native_exact_k_sparse,200,1.0,1.0,0.0,0.10577515103183563,1.29,1.0,0.026964499997120583,0.13482249998560292,34
credit_default,credit risk,19,7,0.0,immutable_l2,clbr_uncached,200,0.99,0.81,0.18,0.8455198224538818,3.792929292929293,0.8131313131313131,0.054122400000778725,0.2706120000038936,34
credit_default,credit risk,19,7,0.0,immutable_top3_l1,nn_positive_train,200,0.09,0.09,0.0,0.3152801762256931,3.0,1.0,0.03186470000400732,0.1593235000200366,34
credit_default,credit risk,19,7,0.0,immutable_top3_l1,leaf_centroid,200,0.11,0.11,0.0,0.9601342949235439,3.0,1.0,0.16900279999208578,0.8450139999604289,34
credit_default,credit risk,19,7,0.0,immutable_top3_l1,raw_leaf_projection,200,0.005,0.005,0.0,0.444602096101257,1.0,1.0,0.014515499998196901,0.0725774999909845,34
credit_default,credit risk,19,7,0.0,immutable_top3_l1,clbr,200,0.095,0.005,0.09,0.13515331312256804,2.8947368421052633,1.0,0.03667220000625093,0.18336100003125466,34
credit_default,credit risk,19,7,0.0,immutable_top3_l1,metric_leaf_projection,200,0.175,0.175,0.0,0.07575379380382131,1.0857142857142856,1.0,0.01268260000324517,0.06341300001622585,34
credit_default,credit risk,19,7,0.0,immutable_top3_l1,metric_clbr,200,0.195,0.175,0.02,0.10255582768547879,1.2820512820512822,1.0,0.026985200005583465,0.13492600002791733,34
credit_default,credit risk,19,7,0.0,immutable_top3_l1,exact_leaf,200,0.48,0.48,0.0,0.5811793737414055,1.0729166666666667,1.0,0.28042879999793513,1.4021439999896756,34
credit_default,credit risk,19,7,0.0,immutable_top3_l1,exact_leaf_cached,200,0.48,0.48,0.0,0.5811793737414055,1.0729166666666667,1.0,0.023349699989921646,0.11674849994960823,34
credit_default,credit risk,19,7,0.0,immutable_top3_l1,native_exact_k_sparse,200,1.0,1.0,0.0,0.1153745517718559,1.275,1.0,0.029710899996644002,0.14855449998322,34
credit_default,credit risk,19,7,0.0,immutable_top3_l1,clbr_uncached,200,0.095,0.005,0.09,0.13515331312256804,2.8947368421052633,1.0,0.06187660000159667,0.30938300000798336,34
credit_default,credit risk,29,7,0.0,free_l2,nn_positive_train,200,1.0,1.0,0.0,4.486149611193711,17.335,0.01,0.03193119999650662,0.1596559999825331,47
credit_default,credit risk,29,7,0.0,free_l2,leaf_centroid,200,1.0,1.0,0.0,4.50141847273825,22.105,0.0,0.23102079999807756,1.1551039999903878,47
credit_default,credit risk,29,7,0.0,free_l2,raw_leaf_projection,200,1.0,1.0,0.0,0.9229959528892903,1.27,1.0,0.016634599997814803,0.08317299998907401,47
credit_default,credit risk,29,7,0.0,free_l2,clbr,200,1.0,1.0,0.0,0.9229959528892903,1.27,1.0,0.014523300003929762,0.07261650001964881,47
credit_default,credit risk,29,7,0.0,free_l2,metric_leaf_projection,200,1.0,1.0,0.0,0.16362762126296565,1.06,1.0,0.014830500001153268,0.07415250000576634,47
credit_default,credit risk,29,7,0.0,free_l2,metric_clbr,200,1.0,1.0,0.0,0.16362762126296565,1.06,1.0,0.014679999994768878,0.07339999997384439,47
credit_default,credit risk,29,7,0.0,free_l2,exact_leaf,200,1.0,1.0,0.0,0.16362762126296565,1.06,1.0,0.4576928000014959,2.2884640000074796,47
credit_default,credit risk,29,7,0.0,free_l2,exact_leaf_cached,200,1.0,1.0,0.0,0.16362762126296565,1.06,1.0,0.034788899996783584,0.17394449998391792,47
credit_default,credit risk,29,7,0.0,free_l2,native_exact_k_sparse,200,1.0,1.0,0.0,0.16362762126296565,1.06,1.0,0.030649399997855653,0.15324699998927827,47
credit_default,credit risk,29,7,0.0,free_l2,clbr_uncached,200,1.0,1.0,0.0,0.9229959528892903,1.27,1.0,0.048190499996053404,0.24095249998026702,47
credit_default,credit risk,29,7,0.0,immutable_l2,nn_positive_train,200,0.97,0.97,0.0,3.4319761681878047,14.891752577319588,0.015463917525773196,0.02953680000427994,0.1476840000213997,47
credit_default,credit risk,29,7,0.0,immutable_l2,leaf_centroid,200,0.885,0.885,0.0,3.8793432227650446,18.322033898305083,0.0,0.21419159999732074,1.0709579999866037,47
credit_default,credit risk,29,7,0.0,immutable_l2,raw_leaf_projection,200,0.89,0.89,0.0,0.9206310453598314,1.2247191011235956,1.0,0.015233699999043893,0.07616849999521946,47
credit_default,credit risk,29,7,0.0,immutable_l2,clbr,200,1.0,0.89,0.11,0.9563074166049739,2.775,0.89,0.02489740000328311,0.12448700001641555,47
credit_default,credit risk,29,7,0.0,immutable_l2,metric_leaf_projection,200,0.965,0.965,0.0,0.1635942202696704,1.0518134715025906,1.0,0.013868399997591041,0.0693419999879552,47
credit_default,credit risk,29,7,0.0,immutable_l2,metric_clbr,200,1.0,0.965,0.035,0.19912499959122562,1.525,0.965,0.017321599997558224,0.08660799998779112,47
credit_default,credit risk,29,7,0.0,immutable_l2,exact_leaf,200,1.0,1.0,0.0,0.16798681202833277,1.05,1.0,0.43144580000716815,2.1572290000358407,47
credit_default,credit risk,29,7,0.0,immutable_l2,exact_leaf_cached,200,1.0,1.0,0.0,0.16798681202833277,1.05,1.0,0.03141029999096645,0.15705149995483225,47
credit_default,credit risk,29,7,0.0,immutable_l2,native_exact_k_sparse,200,1.0,1.0,0.0,0.16798681202833277,1.05,1.0,0.02805159999661555,0.14025799998307775,47
credit_default,credit risk,29,7,0.0,immutable_l2,clbr_uncached,200,1.0,0.89,0.11,0.9563074166049739,2.775,0.89,0.05460760000278242,0.2730380000139121,47
credit_default,credit risk,29,7,0.0,immutable_top3_l1,nn_positive_train,200,0.1,0.1,0.0,0.911908244410285,2.85,1.0,0.028103700004976417,0.1405185000248821,47
credit_default,credit risk,29,7,0.0,immutable_top3_l1,leaf_centroid,200,0.095,0.095,0.0,0.6829558277235774,3.0,1.0,0.21378730000014912,1.0689365000007456,47
credit_default,credit risk,29,7,0.0,immutable_top3_l1,raw_leaf_projection,200,0.025,0.025,0.0,0.8145525007026636,1.2,1.0,0.014070499999434105,0.07035249999717053,47
credit_default,credit risk,29,7,0.0,immutable_top3_l1,clbr,200,0.105,0.025,0.08,0.3585357837130796,2.5714285714285716,1.0,0.032879900006264506,0.16439950003132253,47
credit_default,credit risk,29,7,0.0,immutable_top3_l1,metric_leaf_projection,200,0.145,0.145,0.0,0.17465383451060876,1.0,1.0,0.012621299996681046,0.06310649998340523,47
credit_default,credit risk,29,7,0.0,immutable_top3_l1,metric_clbr,200,0.19,0.145,0.045,0.30362572642061825,1.394736842105263,1.0,0.028210300005412137,0.14105150002706068,47
credit_default,credit risk,29,7,0.0,immutable_top3_l1,exact_leaf,200,0.335,0.335,0.0,0.5792745348766984,1.0298507462686568,1.0,0.35523019999436656,1.7761509999718328,47
credit_default,credit risk,29,7,0.0,immutable_top3_l1,exact_leaf_cached,200,0.335,0.335,0.0,0.5792745348766984,1.0298507462686568,1.0,0.020363399999041576,0.10181699999520788,47
credit_default,credit risk,29,7,0.0,immutable_top3_l1,native_exact_k_sparse,200,1.0,1.0,0.0,0.1692984568071005,1.04,1.0,0.029032399993411673,0.14516199996705836,47
credit_default,credit risk,29,7,0.0,immutable_top3_l1,clbr_uncached,200,0.105,0.025,0.08,0.3585357837130796,2.5714285714285716,1.0,0.06572409999989759,0.32862049999948795,47
credit_default,credit risk,37,7,0.0,free_l2,nn_positive_train,200,1.0,1.0,0.0,4.557284087928597,17.565,0.0,0.0305655999964074,0.152827999982037,39
credit_default,credit risk,37,7,0.0,free_l2,leaf_centroid,200,1.0,1.0,0.0,4.5337451695332165,22.665,0.0,0.1894904999926439,0.9474524999632195,39
credit_default,credit risk,37,7,0.0,free_l2,raw_leaf_projection,200,1.0,1.0,0.0,0.6441470269152435,1.19,1.0,0.014837900000202353,0.07418950000101177,39
credit_default,credit risk,37,7,0.0,free_l2,clbr,200,1.0,1.0,0.0,0.6441470269152435,1.19,1.0,0.01296660000753036,0.0648330000376518,39
credit_default,credit risk,37,7,0.0,free_l2,metric_leaf_projection,200,1.0,1.0,0.0,0.26487470062210955,1.155,1.0,0.013294599999426282,0.06647299999713141,39
credit_default,credit risk,37,7,0.0,free_l2,metric_clbr,200,1.0,1.0,0.0,0.26487470062210955,1.155,1.0,0.012878400003501156,0.06439200001750578,39
credit_default,credit risk,37,7,0.0,free_l2,exact_leaf,200,1.0,1.0,0.0,0.26487470062210955,1.155,1.0,0.3401241999999911,1.7006209999999555,39
credit_default,credit risk,37,7,0.0,free_l2,exact_leaf_cached,200,1.0,1.0,0.0,0.26487470062210955,1.155,1.0,0.029795200006446976,0.14897600003223488,39
credit_default,credit risk,37,7,0.0,free_l2,native_exact_k_sparse,200,1.0,1.0,0.0,0.26487470062210955,1.155,1.0,0.02696349999314407,0.13481749996572034,39
credit_default,credit risk,37,7,0.0,free_l2,clbr_uncached,200,1.0,1.0,0.0,0.6441470269152435,1.19,1.0,0.03834430000733846,0.1917215000366923,39
credit_default,credit risk,37,7,0.0,immutable_l2,nn_positive_train,200,0.965,0.965,0.0,3.4738820367193908,15.093264248704664,0.0,0.030212799998480477,0.1510639999924024,39
credit_default,credit risk,37,7,0.0,immutable_l2,leaf_centroid,200,0.905,0.905,0.0,3.948936210898613,18.751381215469614,0.0,0.19085520000407996,0.9542760000203998,39
credit_default,credit risk,37,7,0.0,immutable_l2,raw_leaf_projection,200,0.95,0.95,0.0,0.6284461074201568,1.1894736842105262,1.0,0.014776000001802458,0.07388000000901229,39
credit_default,credit risk,37,7,0.0,immutable_l2,clbr,200,0.995,0.95,0.045,0.6404627274084997,1.7989949748743719,0.9547738693467337,0.016972199998235737,0.08486099999117869,39
credit_default,credit risk,37,7,0.0,immutable_l2,metric_leaf_projection,200,0.97,0.97,0.0,0.2685941898329998,1.1546391752577319,1.0,0.013473799995153968,0.06736899997576984,39
credit_default,credit risk,37,7,0.0,immutable_l2,metric_clbr,200,1.0,0.97,0.03,0.27469275238584145,1.53,0.97,0.016102600000522216,0.08051300000261108,39
credit_default,credit risk,37,7,0.0,immutable_l2,exact_leaf,200,1.0,1.0,0.0,0.27063119885691406,1.15,1.0,0.3503370000062205,1.7516850000311024,39
credit_default,credit risk,37,7,0.0,immutable_l2,exact_leaf_cached,200,1.0,1.0,0.0,0.27063119885691406,1.15,1.0,0.03258759999789618,0.1629379999894809,39
credit_default,credit risk,37,7,0.0,immutable_l2,native_exact_k_sparse,200,1.0,1.0,0.0,0.27063119885691406,1.15,1.0,0.0288537999995242,0.144268999997621,39
credit_default,credit risk,37,7,0.0,immutable_l2,clbr_uncached,200,0.995,0.95,0.045,0.6404627274084997,1.7989949748743719,0.9547738693467337,0.04413000000749889,0.22065000003749446,39
credit_default,credit risk,37,7,0.0,immutable_top3_l1,nn_positive_train,200,0.065,0.065,0.0,0.817428677877298,3.0,1.0,0.02782040000329289,0.13910200001646444,39
credit_default,credit risk,37,7,0.0,immutable_top3_l1,leaf_centroid,200,0.085,0.085,0.0,1.017340782667457,3.0,1.0,0.18963509999048256,0.9481754999524128,39
credit_default,credit risk,37,7,0.0,immutable_top3_l1,raw_leaf_projection,200,0.0,0.0,0.0,inf,nan,nan,0.014237899999898218,0.07118949999949109,39
credit_default,credit risk,37,7,0.0,immutable_top3_l1,clbr,200,0.065,0.0,0.065,0.28232850808072213,3.0,1.0,0.031853500002398505,0.15926750001199252,39
credit_default,credit risk,37,7,0.0,immutable_top3_l1,metric_leaf_projection,200,0.145,0.145,0.0,0.12872869445521465,1.0344827586206897,1.0,0.011823000000731554,0.05911500000365777,39
credit_default,credit risk,37,7,0.0,immutable_top3_l1,metric_clbr,200,0.15,0.145,0.005,0.1850035639464968,1.1,1.0,0.024747200002821046,0.12373600001410523,39
credit_default,credit risk,37,7,0.0,immutable_top3_l1,exact_leaf,200,0.345,0.345,0.0,0.3766643986392445,1.0579710144927537,1.0,0.28990689999955066,1.4495344999977533,39
credit_default,credit risk,37,7,0.0,immutable_top3_l1,exact_leaf_cached,200,0.345,0.345,0.0,0.3766643986392445,1.0579710144927537,1.0,0.019726999998965766,0.09863499999482883,39
credit_default,credit risk,37,7,0.0,immutable_top3_l1,native_exact_k_sparse,200,1.0,1.0,0.0,0.2824045824990312,1.115,1.0,0.028317099998275808,0.14158549999137904,39
credit_default,credit risk,37,7,0.0,immutable_top3_l1,clbr_uncached,200,0.065,0.0,0.065,0.28232850808072213,3.0,1.0,0.05927289999635832,0.2963644999817916,39
credit_default,credit risk,41,7,0.0,free_l2,nn_positive_train,200,1.0,1.0,0.0,4.63976413079501,17.26,0.0,0.029559100003098138,0.1477955000154907,41
credit_default,credit risk,41,7,0.0,free_l2,leaf_centroid,200,1.0,1.0,0.0,4.321758536879759,22.575,0.0,0.19349570000213134,0.9674785000106567,41
credit_default,credit risk,41,7,0.0,free_l2,raw_leaf_projection,200,1.0,1.0,0.0,0.7388902170314902,1.355,1.0,0.014874999996209226,0.07437499998104613,41
credit_default,credit risk,41,7,0.0,free_l2,clbr,200,1.0,1.0,0.0,0.7388902170314902,1.355,1.0,0.012903700003334961,0.0645185000166748,41
credit_default,credit risk,41,7,0.0,free_l2,metric_leaf_projection,200,1.0,1.0,0.0,0.13165085728326845,1.185,1.0,0.013312500002939487,0.06656250001469743,41
credit_default,credit risk,41,7,0.0,free_l2,metric_clbr,200,1.0,1.0,0.0,0.13165085728326845,1.185,1.0,0.012633600011213275,0.06316800005606638,41
credit_default,credit risk,41,7,0.0,free_l2,exact_leaf,200,1.0,1.0,0.0,0.13165085728326845,1.185,1.0,0.3536551999995936,1.768275999997968,41
credit_default,credit risk,41,7,0.0,free_l2,exact_leaf_cached,200,1.0,1.0,0.0,0.13165085728326845,1.185,1.0,0.029364999993049423,0.14682499996524712,41
credit_default,credit risk,41,7,0.0,free_l2,native_exact_k_sparse,200,1.0,1.0,0.0,0.13165085728326845,1.185,1.0,0.02782810000462632,0.1391405000231316,41
credit_default,credit risk,41,7,0.0,free_l2,clbr_uncached,200,1.0,1.0,0.0,0.7388902170314902,1.355,1.0,0.03868069999771251,0.19340349998856254,41
credit_default,credit risk,41,7,0.0,immutable_l2,nn_positive_train,200,0.975,0.975,0.0,3.7126271747288673,14.723076923076922,0.015384615384615385,0.031766899999638554,0.15883449999819277,41
credit_default,credit risk,41,7,0.0,immutable_l2,leaf_centroid,200,0.88,0.88,0.0,3.797934759035587,18.681818181818183,0.0,0.20214810000470607,1.0107405000235303,41
credit_default,credit risk,41,7,0.0,immutable_l2,raw_leaf_projection,200,0.915,0.915,0.0,0.7230059644993677,1.366120218579235,1.0,0.015742700004011567,0.07871350002005784,41
credit_default,credit risk,41,7,0.0,immutable_l2,clbr,200,0.995,0.915,0.08,0.8227817934331475,2.4472361809045227,0.9195979899497487,0.02097369999410148,0.1048684999705074,41
credit_default,credit risk,41,7,0.0,immutable_l2,metric_leaf_projection,200,0.965,0.965,0.0,0.12939715517573647,1.1917098445595855,1.0,0.013545199989493995,0.06772599994746997,41
credit_default,credit risk,41,7,0.0,immutable_l2,metric_clbr,200,1.0,0.965,0.035,0.22529857726355196,1.68,0.965,0.01700729999538453,0.08503649997692264,41
credit_default,credit risk,41,7,0.0,immutable_l2,exact_leaf,200,1.0,1.0,0.0,0.13622697173837975,1.2,1.0,0.3772862999976496,1.886431499988248,41
credit_default,credit risk,41,7,0.0,immutable_l2,exact_leaf_cached,200,1.0,1.0,0.0,0.13622697173837975,1.2,1.0,0.03177729999606527,0.15888649998032633,41
credit_default,credit risk,41,7,0.0,immutable_l2,native_exact_k_sparse,200,1.0,1.0,0.0,0.13622697173837975,1.2,1.0,0.030577000000448606,0.15288500000224303,41
credit_default,credit risk,41,7,0.0,immutable_l2,clbr_uncached,200,0.995,0.915,0.08,0.8227817934331475,2.4472361809045227,0.9195979899497487,0.04895729999043397,0.24478649995216983,41
credit_default,credit risk,41,7,0.0,immutable_top3_l1,nn_positive_train,200,0.14,0.14,0.0,1.7462648805253145,3.0,1.0,0.03126370000154566,0.1563185000077283,41
credit_default,credit risk,41,7,0.0,immutable_top3_l1,leaf_centroid,200,0.14,0.14,0.0,1.8885333234787711,3.0,1.0,0.20088760000089678,1.004438000004484,41
credit_default,credit risk,41,7,0.0,immutable_top3_l1,raw_leaf_projection,200,0.015,0.015,0.0,0.4493930326104891,1.0,1.0,0.015896599999905447,0.07948299999952724,41
credit_default,credit risk,41,7,0.0,immutable_top3_l1,clbr,200,0.14,0.015,0.125,0.5520731338013997,2.7857142857142856,1.0,0.038656399999126734,0.19328199999563367,41
credit_default,credit risk,41,7,0.0,immutable_top3_l1,metric_leaf_projection,200,0.165,0.165,0.0,0.11876319690750224,1.0,1.0,0.01309059999857709,0.06545299999288545,41
credit_default,credit risk,41,7,0.0,immutable_top3_l1,metric_clbr,200,0.225,0.165,0.06,0.32967563633060437,1.5333333333333334,1.0,0.030373499999768683,0.1518674999988434,41
credit_default,credit risk,41,7,0.0,immutable_top3_l1,exact_leaf,200,0.515,0.515,0.0,0.610797579718851,1.0,1.0,0.33727299999463867,1.6863649999731933,41
credit_default,credit risk,41,7,0.0,immutable_top3_l1,exact_leaf_cached,200,0.515,0.515,0.0,0.610797579718851,1.0,1.0,0.024180900009014294,0.12090450004507147,41
credit_default,credit risk,41,7,0.0,immutable_top3_l1,native_exact_k_sparse,200,1.0,1.0,0.0,0.14197135988682827,1.17,1.0,0.032939799999439856,0.16469899999719928,41
credit_default,credit risk,41,7,0.0,immutable_top3_l1,clbr_uncached,200,0.14,0.015,0.125,0.5520731338013997,2.7857142857142856,1.0,0.07121540000753157,0.35607700003765785,41
credit_default,credit risk,53,7,0.0,free_l2,nn_positive_train,200,1.0,1.0,0.0,4.735195055519902,17.495,0.005,0.029675500012672273,0.14837750006336137,40
credit_default,credit risk,53,7,0.0,free_l2,leaf_centroid,200,1.0,1.0,0.0,4.361165167777321,21.875,0.0,0.19082869999419927,0.9541434999709963,40
credit_default,credit risk,53,7,0.0,free_l2,raw_leaf_projection,200,1.0,1.0,0.0,0.7729736135367604,1.17,1.0,0.014577399992049322,0.07288699996024661,40
credit_default,credit risk,53,7,0.0,free_l2,clbr,200,1.0,1.0,0.0,0.7729736135367604,1.17,1.0,0.012816999998904066,0.06408499999452033,40
credit_default,credit risk,53,7,0.0,free_l2,metric_leaf_projection,200,1.0,1.0,0.0,0.11148174101569859,1.13,1.0,0.013060699994639435,0.06530349997319718,40
credit_default,credit risk,53,7,0.0,free_l2,metric_clbr,200,1.0,1.0,0.0,0.11148174101569859,1.13,1.0,0.01262130000122852,0.0631065000061426,40
credit_default,credit risk,53,7,0.0,free_l2,exact_leaf,200,1.0,1.0,0.0,0.11148174101569859,1.13,1.0,0.3382026999979644,1.6910134999898219,40
credit_default,credit risk,53,7,0.0,free_l2,exact_leaf_cached,200,1.0,1.0,0.0,0.11148174101569859,1.13,1.0,0.02914339999551885,0.14571699997759424,40
credit_default,credit risk,53,7,0.0,free_l2,native_exact_k_sparse,200,1.0,1.0,0.0,0.11148174101569859,1.13,1.0,0.027455600000394043,0.1372780000019702,40
credit_default,credit risk,53,7,0.0,free_l2,clbr_uncached,200,1.0,1.0,0.0,0.7729736135367604,1.17,1.0,0.03910360000190849,0.19551800000954245,40
credit_default,credit risk,53,7,0.0,immutable_l2,nn_positive_train,200,0.955,0.955,0.0,3.676746765687587,15.193717277486911,0.0,0.03068580000399379,0.15342900001996895,40
credit_default,credit risk,53,7,0.0,immutable_l2,leaf_centroid,200,0.92,0.92,0.0,3.70445095876513,17.956521739130434,0.0,0.1950539999998,0.975269999999,40
credit_default,credit risk,53,7,0.0,immutable_l2,raw_leaf_projection,200,0.9,0.9,0.0,0.7983663958104847,1.15,1.0,0.015295400002287352,0.07647700001143676,40
credit_default,credit risk,53,7,0.0,immutable_l2,clbr,200,0.96,0.9,0.06,0.8138028635194301,2.015625,0.9375,0.019174999998540443,0.09587499999270221,40
credit_default,credit risk,53,7,0.0,immutable_l2,metric_leaf_projection,200,0.97,0.97,0.0,0.11045313100482891,1.134020618556701,1.0,0.013028100001065468,0.06514050000532734,40
credit_default,credit risk,53,7,0.0,immutable_l2,metric_clbr,200,0.995,0.97,0.025,0.13292907047398198,1.4824120603015076,0.9748743718592965,0.015234599994983,0.076172999974915,40
credit_default,credit risk,53,7,0.0,immutable_l2,exact_leaf,200,1.0,1.0,0.0,0.11462269832903278,1.13,1.0,0.34656140000424784,1.7328070000212392,40
credit_default,credit risk,53,7,0.0,immutable_l2,exact_leaf_cached,200,1.0,1.0,0.0,0.11462269832903278,1.13,1.0,0.031469099996684236,0.15734549998342118,40
credit_default,credit risk,53,7,0.0,immutable_l2,native_exact_k_sparse,200,1.0,1.0,0.0,0.11462269832903278,1.13,1.0,0.028305900003033457,0.1415295000151673,40
credit_default,credit risk,53,7,0.0,immutable_l2,clbr_uncached,200,0.96,0.9,0.06,0.8138028635194301,2.015625,0.9375,0.04493299999830924,0.2246649999915462,40
credit_default,credit risk,53,7,0.0,immutable_top3_l1,nn_positive_train,200,0.12,0.12,0.0,1.3100139057867337,3.0,1.0,0.030943199993089365,0.15471599996544683,40
credit_default,credit risk,53,7,0.0,immutable_top3_l1,leaf_centroid,200,0.115,0.115,0.0,2.1516750429346647,3.0,1.0,0.19695599999704427,0.9847799999852214,40
credit_default,credit risk,53,7,0.0,immutable_top3_l1,raw_leaf_projection,200,0.0,0.0,0.0,inf,nan,nan,0.014959300001464726,0.07479650000732363,40
credit_default,credit risk,53,7,0.0,immutable_top3_l1,clbr,200,0.12,0.0,0.12,0.6473342701858612,3.0,1.0,0.038284799993562046,0.19142399996781023,40
credit_default,credit risk,53,7,0.0,immutable_top3_l1,metric_leaf_projection,200,0.145,0.145,0.0,0.1174096814436483,1.0344827586206897,1.0,0.013189999996029655,0.06594999998014828,40
credit_default,credit risk,53,7,0.0,immutable_top3_l1,metric_clbr,200,0.195,0.145,0.05,0.4238260075130607,1.5384615384615385,1.0,0.028908699998282827,0.14454349999141414,40
credit_default,credit risk,53,7,0.0,immutable_top3_l1,exact_leaf,200,0.355,0.355,0.0,0.6152457565535456,1.028169014084507,1.0,0.3077093999918361,1.5385469999591805,40
credit_default,credit risk,53,7,0.0,immutable_top3_l1,exact_leaf_cached,200,0.355,0.355,0.0,0.6152457565535456,1.028169014084507,1.0,0.02059979999103234,0.10299899995516171,40
credit_default,credit risk,53,7,0.0,immutable_top3_l1,native_exact_k_sparse,200,1.0,1.0,0.0,0.11761982636251123,1.125,1.0,0.02942740000435151,0.14713700002175756,40
credit_default,credit risk,53,7,0.0,immutable_top3_l1,clbr_uncached,200,0.12,0.0,0.12,0.6473342701858612,3.0,1.0,0.06746150000344642,0.3373075000172321,40
credit_default,credit risk,61,7,0.0,free_l2,nn_positive_train,200,1.0,1.0,0.0,4.688416076726482,17.025,0.0,0.027781399997365952,0.13890699998682976,33
credit_default,credit risk,61,7,0.0,free_l2,leaf_centroid,200,1.0,1.0,0.0,4.314026948992284,22.69,0.0,0.16163889999916137,0.8081944999958068,33
credit_default,credit risk,61,7,0.0,free_l2,raw_leaf_projection,200,1.0,1.0,0.0,0.7360513952763074,1.275,0.995,0.014278800004831282,0.07139400002415641,33
credit_default,credit risk,61,7,0.0,free_l2,clbr,200,1.0,1.0,0.0,0.7360513952763074,1.275,0.995,0.012572299987368751,0.06286149993684376,33
credit_default,credit risk,61,7,0.0,free_l2,metric_leaf_projection,200,1.0,1.0,0.0,0.09504352178677551,1.395,1.0,0.012736099997709971,0.06368049998854985,33
credit_default,credit risk,61,7,0.0,free_l2,metric_clbr,200,1.0,1.0,0.0,0.09504352178677551,1.395,1.0,0.012253200000486686,0.06126600000243343,33
credit_default,credit risk,61,7,0.0,free_l2,exact_leaf,200,1.0,1.0,0.0,0.09504352178677551,1.395,1.0,0.28293899999698624,1.4146949999849312,33
credit_default,credit risk,61,7,0.0,free_l2,exact_leaf_cached,200,1.0,1.0,0.0,0.09504352178677551,1.395,1.0,0.02805710000120598,0.1402855000060299,33
credit_default,credit risk,61,7,0.0,free_l2,native_exact_k_sparse,200,1.0,1.0,0.0,0.09504352178677551,1.395,1.0,0.026457699991624395,0.13228849995812197,33
credit_default,credit risk,61,7,0.0,free_l2,clbr_uncached,200,1.0,1.0,0.0,0.7360513952763074,1.275,0.995,0.033636400004979805,0.16818200002489903,33
credit_default,credit risk,61,7,0.0,immutable_l2,nn_positive_train,200,0.98,0.98,0.0,3.668217432891076,14.576530612244898,0.00510204081632653,0.03047910000259435,0.15239550001297175,33
credit_default,credit risk,61,7,0.0,immutable_l2,leaf_centroid,200,0.965,0.965,0.0,3.690929429997043,18.746113989637305,0.0,0.17049269999552052,0.8524634999776026,33
credit_default,credit risk,61,7,0.0,immutable_l2,raw_leaf_projection,200,0.975,0.975,0.0,0.7361862187707774,1.2615384615384615,0.9948717948717949,0.01523549999910756,0.0761774999955378,33
credit_default,credit risk,61,7,0.0,immutable_l2,clbr,200,0.99,0.975,0.015,0.7709864265720755,1.4898989898989898,0.9797979797979798,0.01432989999284473,0.07164949996422365,33
credit_default,credit risk,61,7,0.0,immutable_l2,metric_leaf_projection,200,1.0,1.0,0.0,0.09504352178677551,1.395,1.0,0.013319300005605328,0.06659650002802664,33
credit_default,credit risk,61,7,0.0,immutable_l2,metric_clbr,200,1.0,1.0,0.0,0.09504352178677551,1.395,1.0,0.012434600001142826,0.06217300000571413,33
credit_default,credit risk,61,7,0.0,immutable_l2,exact_leaf,200,1.0,1.0,0.0,0.09504352178677551,1.395,1.0,0.300042900013068,1.50021450006534,33
credit_default,credit risk,61,7,0.0,immutable_l2,exact_leaf_cached,200,1.0,1.0,0.0,0.09504352178677551,1.395,1.0,0.031014799998047238,0.1550739999902362,33
credit_default,credit risk,61,7,0.0,immutable_l2,native_exact_k_sparse,200,1.0,1.0,0.0,0.09504352178677551,1.395,1.0,0.027998900000966387,0.13999450000483193,33
credit_default,credit risk,61,7,0.0,immutable_l2,clbr_uncached,200,0.99,0.975,0.015,0.7709864265720755,1.4898989898989898,0.9797979797979798,0.03804170000239537,0.19020850001197687,33
credit_default,credit risk,61,7,0.0,immutable_top3_l1,nn_positive_train,200,0.075,0.075,0.0,1.1611740220092661,3.0,1.0,0.028146300000116753,0.14073150000058376,33
credit_default,credit risk,61,7,0.0,immutable_top3_l1,leaf_centroid,200,0.105,0.105,0.0,0.8462098145981255,2.9523809523809526,1.0,0.16896839999571966,0.8448419999785983,33
credit_default,credit risk,61,7,0.0,immutable_top3_l1,raw_leaf_projection,200,0.01,0.01,0.0,0.4422858386726466,1.0,1.0,0.014398300000721065,0.07199150000360532,33
credit_default,credit risk,61,7,0.0,immutable_top3_l1,clbr,200,0.075,0.01,0.065,0.35231281387483093,2.7333333333333334,1.0,0.033922400003575603,0.16961200001787802,33
credit_default,credit risk,61,7,0.0,immutable_top3_l1,metric_leaf_projection,200,0.065,0.065,0.0,0.04683799334421913,1.0,1.0,0.01276410000082251,0.06382050000411255,33
credit_default,credit risk,61,7,0.0,immutable_top3_l1,metric_clbr,200,0.1,0.065,0.035,0.23246935648252495,1.7,1.0,0.029647299994394416,0.14823649997197208,33
credit_default,credit risk,61,7,0.0,immutable_top3_l1,exact_leaf,200,0.39,0.39,0.0,0.7562821574221674,1.1025641025641026,1.0,0.2629539000081422,1.3147695000407111,33
credit_default,credit risk,61,7,0.0,immutable_top3_l1,exact_leaf_cached,200,0.39,0.39,0.0,0.7562821574221674,1.1025641025641026,1.0,0.021859899995433807,0.10929949997716903,33
credit_default,credit risk,61,7,0.0,immutable_top3_l1,native_exact_k_sparse,200,1.0,1.0,0.0,0.10651305293718544,1.36,1.0,0.02891270001509838,0.1445635000754919,33
credit_default,credit risk,61,7,0.0,immutable_top3_l1,clbr_uncached,200,0.075,0.01,0.065,0.35231281387483093,2.7333333333333334,1.0,0.057380400002330134,0.28690200001165067,33
credit_default,credit risk,73,7,0.0,free_l2,nn_positive_train,200,1.0,1.0,0.0,4.6297954443096,17.405,0.0,0.029579699996247655,0.14789849998123827,33
credit_default,credit risk,73,7,0.0,free_l2,leaf_centroid,200,1.0,1.0,0.0,4.491373209234258,22.505,0.0,0.1724670000057813,0.8623350000289065,33
credit_default,credit risk,73,7,0.0,free_l2,raw_leaf_projection,200,1.0,1.0,0.0,0.7530490731462518,1.185,1.0,0.015443300013430417,0.07721650006715208,33
credit_default,credit risk,73,7,0.0,free_l2,clbr,200,1.0,1.0,0.0,0.7530490731462518,1.185,1.0,0.013156999996681407,0.06578499998340703,33
credit_default,credit risk,73,7,0.0,free_l2,metric_leaf_projection,200,1.0,1.0,0.0,0.08515160769867965,1.21,1.0,0.01355079999575537,0.06775399997877685,33
credit_default,credit risk,73,7,0.0,free_l2,metric_clbr,200,1.0,1.0,0.0,0.08515160769867965,1.21,1.0,0.012825799998609,0.064128999993045,33
credit_default,credit risk,73,7,0.0,free_l2,exact_leaf,200,1.0,1.0,0.0,0.08515160769867965,1.21,1.0,0.3099492999999711,1.5497464999998556,33
credit_default,credit risk,73,7,0.0,free_l2,exact_leaf_cached,200,1.0,1.0,0.0,0.08515160769867965,1.21,1.0,0.03117620001285104,0.1558810000642552,33
credit_default,credit risk,73,7,0.0,free_l2,native_exact_k_sparse,200,1.0,1.0,0.0,0.08515160769867965,1.21,1.0,0.02809029999480117,0.14045149997400586,33
credit_default,credit risk,73,7,0.0,free_l2,clbr_uncached,200,1.0,1.0,0.0,0.7530490731462518,1.185,1.0,0.034975299997313414,0.17487649998656707,33
credit_default,credit risk,73,7,0.0,immutable_l2,nn_positive_train,200,0.985,0.985,0.0,3.529167024656302,14.82233502538071,0.0,0.030079400004979107,0.15039700002489553,33
credit_default,credit risk,73,7,0.0,immutable_l2,leaf_centroid,200,0.975,0.975,0.0,3.9082534262683635,18.68717948717949,0.0,0.16847340000185795,0.8423670000092898,33
credit_default,credit risk,73,7,0.0,immutable_l2,raw_leaf_projection,200,0.96,0.96,0.0,0.7592024173492743,1.1875,1.0,0.014530000006743649,0.07265000003371824,33
credit_default,credit risk,73,7,0.0,immutable_l2,clbr,200,1.0,0.96,0.04,0.8494644857680208,1.705,0.96,0.017027999998390442,0.08513999999195221,33
credit_default,credit risk,73,7,0.0,immutable_l2,metric_leaf_projection,200,1.0,1.0,0.0,0.08515160769867965,1.21,1.0,0.012804700007109204,0.06402350003554602,33
credit_default,credit risk,73,7,0.0,immutable_l2,metric_clbr,200,1.0,1.0,0.0,0.08515160769867965,1.21,1.0,0.012890500015600992,0.06445250007800496,33
credit_default,credit risk,73,7,0.0,immutable_l2,exact_leaf,200,1.0,1.0,0.0,0.08515160769867965,1.21,1.0,0.29475820000061503,1.4737910000030752,33
credit_default,credit risk,73,7,0.0,immutable_l2,exact_leaf_cached,200,1.0,1.0,0.0,0.08515160769867965,1.21,1.0,0.030250600010731432,0.15125300005365716,33
credit_default,credit risk,73,7,0.0,immutable_l2,native_exact_k_sparse,200,1.0,1.0,0.0,0.08515160769867965,1.21,1.0,0.027943299996877613,0.13971649998438807,33
credit_default,credit risk,73,7,0.0,immutable_l2,clbr_uncached,200,1.0,0.96,0.04,0.8494644857680208,1.705,0.96,0.038063000004513015,0.19031500002256507,33
credit_default,credit risk,73,7,0.0,immutable_top3_l1,nn_positive_train,200,0.11,0.11,0.0,1.7444844354564426,3.0,1.0,0.030707100006111432,0.15353550003055716,33
credit_default,credit risk,73,7,0.0,immutable_top3_l1,leaf_centroid,200,0.09,0.09,0.0,2.086116746824077,2.9444444444444446,1.0,0.17223100000137492,0.8611550000068746,33
credit_default,credit risk,73,7,0.0,immutable_top3_l1,raw_leaf_projection,200,0.015,0.015,0.0,0.9685441885002657,1.0,1.0,0.014796999997088278,0.07398499998544139,33
credit_default,credit risk,73,7,0.0,immutable_top3_l1,clbr,200,0.11,0.015,0.095,1.2706912484124748,2.727272727272727,1.0,0.03627120000328432,0.1813560000164216,33
credit_default,credit risk,73,7,0.0,immutable_top3_l1,metric_leaf_projection,200,0.16,0.16,0.0,0.060151628930062234,1.03125,1.0,0.013196499999139633,0.06598249999569816,33
credit_default,credit risk,73,7,0.0,immutable_top3_l1,metric_clbr,200,0.195,0.16,0.035,0.6797307312455685,1.3846153846153846,1.0,0.028156000002127257,0.14078000001063629,33
credit_default,credit risk,73,7,0.0,immutable_top3_l1,exact_leaf,200,0.41,0.41,0.0,0.5286876820304123,1.024390243902439,1.0,0.2621605000067575,1.3108025000337875,33
credit_default,credit risk,73,7,0.0,immutable_top3_l1,exact_leaf_cached,200,0.41,0.41,0.0,0.5286876820304123,1.024390243902439,1.0,0.021914200000537676,0.10957100000268838,33
credit_default,credit risk,73,7,0.0,immutable_top3_l1,native_exact_k_sparse,200,1.0,1.0,0.0,0.09028410736203696,1.205,1.0,0.029761599998892052,0.14880799999446026,33
credit_default,credit risk,73,7,0.0,immutable_top3_l1,clbr_uncached,200,0.11,0.015,0.095,1.2706912484124748,2.727272727272727,1.0,0.06335849999504717,0.31679249997523584,33
credit_default,credit risk,89,7,0.0,free_l2,nn_positive_train,200,1.0,1.0,0.0,4.5787320932814914,17.28,0.005,0.030812799998784612,0.15406399999392306,41
credit_default,credit risk,89,7,0.0,free_l2,leaf_centroid,200,1.0,1.0,0.0,4.5984721104260995,21.865,0.0,0.19658479999452538,0.9829239999726269,41
credit_default,credit risk,89,7,0.0,free_l2,raw_leaf_projection,200,1.0,1.0,0.0,0.6878757577313688,1.355,1.0,0.015091999990545446,0.07545999995272723,41
credit_default,credit risk,89,7,0.0,free_l2,clbr,200,1.0,1.0,0.0,0.6878757577313688,1.355,1.0,0.013020500000493485,0.06510250000246742,41
credit_default,credit risk,89,7,0.0,free_l2,metric_leaf_projection,200,1.0,1.0,0.0,0.12346507314537196,1.09,1.0,0.012930899991260958,0.06465449995630479,41
credit_default,credit risk,89,7,0.0,free_l2,metric_clbr,200,1.0,1.0,0.0,0.12346507314537196,1.09,1.0,0.012860100010584574,0.06430050005292287,41
credit_default,credit risk,89,7,0.0,free_l2,exact_leaf,200,1.0,1.0,0.0,0.12346507314537196,1.09,1.0,0.36773630000789126,1.8386815000394563,41
credit_default,credit risk,89,7,0.0,free_l2,exact_leaf_cached,200,1.0,1.0,0.0,0.12346507314537196,1.09,1.0,0.03023730000040814,0.1511865000020407,41
credit_default,credit risk,89,7,0.0,free_l2,native_exact_k_sparse,200,1.0,1.0,0.0,0.12346507314537196,1.09,1.0,0.02792599999702361,0.13962999998511805,41
credit_default,credit risk,89,7,0.0,free_l2,clbr_uncached,200,1.0,1.0,0.0,0.6878757577313688,1.355,1.0,0.03939630000058969,0.19698150000294845,41
credit_default,credit risk,89,7,0.0,immutable_l2,nn_positive_train,200,0.975,0.975,0.0,3.539647936774634,14.830769230769231,0.005128205128205128,0.02999140000611078,0.1499570000305539,41
credit_default,credit risk,89,7,0.0,immutable_l2,leaf_centroid,200,0.91,0.91,0.0,3.9117176140343117,18.236263736263737,0.0,0.19707940000898816,0.9853970000449408,41
credit_default,credit risk,89,7,0.0,immutable_l2,raw_leaf_projection,200,0.95,0.95,0.0,0.6620628062950682,1.3473684210526315,1.0,0.014789500002734712,0.07394750001367356,41
credit_default,credit risk,89,7,0.0,immutable_l2,clbr,200,1.0,0.95,0.05,0.6898235106027893,2.105,0.95,0.018269300001520605,0.09134650000760303,41
credit_default,credit risk,89,7,0.0,immutable_l2,metric_leaf_projection,200,0.985,0.985,0.0,0.12273261878596158,1.0862944162436547,1.0,0.014478899999630812,0.07239449999815406,41
credit_default,credit risk,89,7,0.0,immutable_l2,metric_clbr,200,1.0,0.985,0.015,0.18240173670773166,1.325,0.985,0.014329600006931287,0.07164800003465643,41
credit_default,credit risk,89,7,0.0,immutable_l2,exact_leaf,200,1.0,1.0,0.0,0.12730255795526696,1.095,1.0,0.36690660000294884,1.8345330000147442,41
credit_default,credit risk,89,7,0.0,immutable_l2,exact_leaf_cached,200,1.0,1.0,0.0,0.12730255795526696,1.095,1.0,0.03187529999377148,0.1593764999688574,41
credit_default,credit risk,89,7,0.0,immutable_l2,native_exact_k_sparse,200,1.0,1.0,0.0,0.12730255795526696,1.095,1.0,0.02841559999706078,0.1420779999853039,41
credit_default,credit risk,89,7,0.0,immutable_l2,clbr_uncached,200,1.0,0.95,0.05,0.6898235106027893,2.105,0.95,0.04503719999866007,0.22518599999330036,41
credit_default,credit risk,89,7,0.0,immutable_top3_l1,nn_positive_train,200,0.13,0.13,0.0,0.7479530526706021,3.0,1.0,0.029343700003664708,0.14671850001832354,41
credit_default,credit risk,89,7,0.0,immutable_top3_l1,leaf_centroid,200,0.095,0.095,0.0,1.0916920106842734,3.0,1.0,0.1926556999942477,0.9632784999712385,41
credit_default,credit risk,89,7,0.0,immutable_top3_l1,raw_leaf_projection,200,0.005,0.005,0.0,0.4492021176147588,1.0,1.0,0.013908800003264332,0.06954400001632166,41
credit_default,credit risk,89,7,0.0,immutable_top3_l1,clbr,200,0.13,0.005,0.125,0.3306349948143362,2.923076923076923,1.0,0.03617530000337865,0.18087650001689326,41
credit_default,credit risk,89,7,0.0,immutable_top3_l1,metric_leaf_projection,200,0.18,0.18,0.0,0.12972629344972222,1.0,1.0,0.012213099998916732,0.06106549999458366,41
credit_default,credit risk,89,7,0.0,immutable_top3_l1,metric_clbr,200,0.26,0.18,0.08,0.22004268233824625,1.6153846153846154,1.0,0.03070359999946959,0.15351799999734794,41
credit_default,credit risk,89,7,0.0,immutable_top3_l1,exact_leaf,200,0.51,0.51,0.0,0.7714318730424682,1.0196078431372548,1.0,0.3102690000041548,1.551345000020774,41
credit_default,credit risk,89,7,0.0,immutable_top3_l1,exact_leaf_cached,200,0.51,0.51,0.0,0.7714318730424682,1.0196078431372548,1.0,0.023242199999913282,0.11621099999956641,41
credit_default,credit risk,89,7,0.0,immutable_top3_l1,native_exact_k_sparse,200,1.0,1.0,0.0,0.13242557856208667,1.09,1.0,0.029903300002843025,0.14951650001421513,41
credit_default,credit risk,89,7,0.0,immutable_top3_l1,clbr_uncached,200,0.13,0.005,0.125,0.3306349948143362,2.923076923076923,1.0,0.06500030000552215,0.32500150002761075,41
adult_income,income and employment,7,7,0.0,free_l2,nn_positive_train,200,1.0,1.0,0.0,3.0280534060235174,4.085,0.13,0.013302199995450792,0.06651099997725396,16
adult_income,income and employment,7,7,0.0,free_l2,leaf_centroid,200,1.0,1.0,0.0,3.8446053458005203,5.1,0.0,0.08027839999977004,0.4013919999988502,16
adult_income,income and employment,7,7,0.0,free_l2,raw_leaf_projection,200,1.0,1.0,0.0,1.9402642280400908,2.03,0.995,0.014237200006391504,0.07118600003195752,16
adult_income,income and employment,7,7,0.0,free_l2,clbr,200,1.0,1.0,0.0,1.9402642280400908,2.03,0.995,0.013000899992221093,0.06500449996110547,16
adult_income,income and employment,7,7,0.0,free_l2,metric_leaf_projection,200,1.0,1.0,0.0,0.694752219750224,1.09,1.0,0.012597899997672357,0.06298949998836179,16
adult_income,income and employment,7,7,0.0,free_l2,metric_clbr,200,1.0,1.0,0.0,0.694752219750224,1.09,1.0,0.011962199995650735,0.059810999978253676,16
adult_income,income and employment,7,7,0.0,free_l2,exact_leaf,200,1.0,1.0,0.0,0.694752219750224,1.09,1.0,0.15236190000541683,0.7618095000270841,16
adult_income,income and employment,7,7,0.0,free_l2,exact_leaf_cached,200,1.0,1.0,0.0,0.694752219750224,1.09,1.0,0.027864899995620362,0.1393244999781018,16
adult_income,income and employment,7,7,0.0,free_l2,native_exact_k_sparse,200,1.0,1.0,0.0,0.694752219750224,1.09,1.0,0.025869799998872622,0.1293489999943631,16
adult_income,income and employment,7,7,0.0,free_l2,clbr_uncached,200,1.0,1.0,0.0,1.9402642280400908,2.03,0.995,0.022294400006103388,0.11147200003051694,16
adult_income,income and employment,7,7,0.0,immutable_l2,nn_positive_train,200,0.72,0.72,0.0,2.897897610173337,2.1875,0.9930555555555556,0.013441499995678896,0.06720749997839448,16
adult_income,income and employment,7,7,0.0,immutable_l2,leaf_centroid,200,0.955,0.955,0.0,3.6314917129887467,3.0575916230366493,0.8429319371727748,0.07882950001385325,0.39414750006926624,16
adult_income,income and employment,7,7,0.0,immutable_l2,raw_leaf_projection,200,0.61,0.61,0.0,1.6682438372408164,1.6639344262295082,1.0,0.013349500000913395,0.06674750000456697,16
adult_income,income and employment,7,7,0.0,immutable_l2,clbr,200,0.725,0.61,0.115,2.139536256113988,1.8620689655172413,1.0,0.027146000000357162,0.1357300000017858,16
adult_income,income and employment,7,7,0.0,immutable_l2,metric_leaf_projection,200,0.905,0.905,0.0,0.7253835066362841,1.0331491712707181,1.0,0.012550500003271736,0.06275250001635868,16
adult_income,income and employment,7,7,0.0,immutable_l2,metric_clbr,200,0.935,0.905,0.03,0.8472444467072582,1.085561497326203,1.0,0.015804699998625438,0.07902349999312719,16
adult_income,income and employment,7,7,0.0,immutable_l2,exact_leaf,200,1.0,1.0,0.0,0.7329181076764429,1.03,1.0,0.15209859999868058,0.7604929999934029,16
adult_income,income and employment,7,7,0.0,immutable_l2,exact_leaf_cached,200,1.0,1.0,0.0,0.7329181076764429,1.03,1.0,0.028143000000454776,0.14071500000227388,16
adult_income,income and employment,7,7,0.0,immutable_l2,native_exact_k_sparse,200,1.0,1.0,0.0,0.7329181076764429,1.03,1.0,0.02602330000445363,0.13011650002226816,16
adult_income,income and employment,7,7,0.0,immutable_l2,clbr_uncached,200,0.725,0.61,0.115,2.139536256113988,1.8620689655172413,1.0,0.03738210000574327,0.18691050002871634,16
adult_income,income and employment,7,7,0.0,immutable_top3_l1,nn_positive_train,200,0.715,0.715,0.0,3.876515908207295,2.174825174825175,1.0,0.013969500002531277,0.06984750001265638,16
adult_income,income and employment,7,7,0.0,immutable_top3_l1,leaf_centroid,200,0.46,0.46,0.0,3.2722363127270535,2.5543478260869565,1.0,0.07965340001373988,0.3982670000686994,16
adult_income,income and employment,7,7,0.0,immutable_top3_l1,raw_leaf_projection,200,0.59,0.59,0.0,1.9650691746111033,1.6610169491525424,1.0,0.013673699993887567,0.06836849996943783,16
adult_income,income and employment,7,7,0.0,immutable_top3_l1,clbr,200,0.72,0.59,0.13,2.6971768587750664,1.8333333333333333,1.0,0.02964839999731339,0.14824199998656695,16
adult_income,income and employment,7,7,0.0,immutable_top3_l1,metric_leaf_projection,200,0.775,0.775,0.0,0.7202110021318731,1.0258064516129033,1.0,0.012889000005088747,0.06444500002544373,16
adult_income,income and employment,7,7,0.0,immutable_top3_l1,metric_clbr,200,0.94,0.775,0.165,1.7215292804152356,1.3457446808510638,1.0,0.030580800003008335,0.15290400001504167,16
adult_income,income and employment,7,7,0.0,immutable_top3_l1,exact_leaf,200,1.0,1.0,0.0,1.2270260718695818,1.095,1.0,0.15527740000470658,0.7763870000235329,16
adult_income,income and employment,7,7,0.0,immutable_top3_l1,exact_leaf_cached,200,1.0,1.0,0.0,1.2270260718695818,1.095,1.0,0.027962399991338316,0.13981199995669158,16
adult_income,income and employment,7,7,0.0,immutable_top3_l1,native_exact_k_sparse,200,1.0,1.0,0.0,0.7370176462963536,1.02,1.0,0.027638900002784794,0.13819450001392397,16
adult_income,income and employment,7,7,0.0,immutable_top3_l1,clbr_uncached,200,0.72,0.59,0.13,2.6971768587750664,1.8333333333333333,1.0,0.04234079999878304,0.2117039999939152,16
adult_income,income and employment,13,7,0.0,free_l2,nn_positive_train,200,1.0,1.0,0.0,2.800837908507433,3.93,0.13,0.01328919999741629,0.06644599998708145,22
adult_income,income and employment,13,7,0.0,free_l2,leaf_centroid,200,1.0,1.0,0.0,4.302078364690914,5.16,0.0,0.09880440000506496,0.4940220000253248,22
adult_income,income and employment,13,7,0.0,free_l2,raw_leaf_projection,200,1.0,1.0,0.0,1.6874265915371998,2.015,1.0,0.013835999989169068,0.06917999994584534,22
adult_income,income and employment,13,7,0.0,free_l2,clbr,200,1.0,1.0,0.0,1.6874265915371998,2.015,1.0,0.012242900003911927,0.06121450001955964,22
adult_income,income and employment,13,7,0.0,free_l2,metric_leaf_projection,200,1.0,1.0,0.0,0.6384007880385483,1.065,1.0,0.01226260000566981,0.06131300002834905,22
adult_income,income and employment,13,7,0.0,free_l2,metric_clbr,200,1.0,1.0,0.0,0.6384007880385483,1.065,1.0,0.012302300000555988,0.06151150000277994,22
adult_income,income and employment,13,7,0.0,free_l2,exact_leaf,200,1.0,1.0,0.0,0.6384007880385483,1.065,1.0,0.19710789999862754,0.9855394999931377,22
adult_income,income and employment,13,7,0.0,free_l2,exact_leaf_cached,200,1.0,1.0,0.0,0.6384007880385483,1.065,1.0,0.028010300001369615,0.14005150000684807,22
adult_income,income and employment,13,7,0.0,free_l2,native_exact_k_sparse,200,1.0,1.0,0.0,0.6384007880385483,1.065,1.0,0.025095999995755847,0.12547999997877923,22
adult_income,income and employment,13,7,0.0,free_l2,clbr_uncached,200,1.0,1.0,0.0,1.6874265915371998,2.015,1.0,0.02711930000441498,0.1355965000220749,22
adult_income,income and employment,13,7,0.0,immutable_l2,nn_positive_train,200,0.665,0.665,0.0,2.463878522384275,2.007518796992481,1.0,0.014004799994836503,0.07002399997418252,22
adult_income,income and employment,13,7,0.0,immutable_l2,leaf_centroid,200,0.71,0.71,0.0,4.469489445085339,3.112676056338028,0.8169014084507042,0.1012979000024643,0.5064895000123215,22
adult_income,income and employment,13,7,0.0,immutable_l2,raw_leaf_projection,200,0.635,0.635,0.0,1.5900334129822733,1.6141732283464567,1.0,0.01462880000781297,0.07314400003906485,22
adult_income,income and employment,13,7,0.0,immutable_l2,clbr,200,0.69,0.635,0.055,1.6464401886983888,1.6666666666666667,1.0,0.023109000010663294,0.11554500005331647,22
adult_income,income and employment,13,7,0.0,immutable_l2,metric_leaf_projection,200,0.925,0.925,0.0,0.6579074444919899,1.0108108108108107,1.0,0.012448799998310278,0.06224399999155139,22
adult_income,income and employment,13,7,0.0,immutable_l2,metric_clbr,200,0.95,0.925,0.025,0.6981934843755049,1.0315789473684212,1.0,0.015701299997090246,0.07850649998545123,22
adult_income,income and employment,13,7,0.0,immutable_l2,exact_leaf,200,1.0,1.0,0.0,0.6618686297142057,1.01,1.0,0.21011369998996088,1.0505684999498044,22
adult_income,income and employment,13,7,0.0,immutable_l2,exact_leaf_cached,200,1.0,1.0,0.0,0.6618686297142057,1.01,1.0,0.028844200003732112,0.14422100001866056,22
adult_income,income and employment,13,7,0.0,immutable_l2,native_exact_k_sparse,200,1.0,1.0,0.0,0.6618686297142057,1.01,1.0,0.0269674999963172,0.134837499981586,22
adult_income,income and employment,13,7,0.0,immutable_l2,clbr_uncached,200,0.69,0.635,0.055,1.6464401886983888,1.6666666666666667,1.0,0.03920570000263979,0.19602850001319894,22
adult_income,income and employment,13,7,0.0,immutable_top3_l1,nn_positive_train,200,0.665,0.665,0.0,3.2190481726302838,2.007518796992481,1.0,0.013639300002068921,0.06819650001034461,22
adult_income,income and employment,13,7,0.0,immutable_top3_l1,leaf_centroid,200,0.295,0.295,0.0,3.471820656497226,2.559322033898305,1.0,0.10020610000083252,0.5010305000041626,22
adult_income,income and employment,13,7,0.0,immutable_top3_l1,raw_leaf_projection,200,0.615,0.615,0.0,1.8380835040284582,1.6097560975609757,1.0,0.013407400006144599,0.06703700003072299,22
adult_income,income and employment,13,7,0.0,immutable_top3_l1,clbr,200,0.68,0.615,0.065,1.9519514366054684,1.661764705882353,1.0,0.023502999991251272,0.11751499995625636,22
adult_income,income and employment,13,7,0.0,immutable_top3_l1,metric_leaf_projection,200,0.9,0.9,0.0,0.6598108059706868,1.0055555555555555,1.0,0.012244199997439864,0.06122099998719932,22
adult_income,income and employment,13,7,0.0,immutable_top3_l1,metric_clbr,200,0.95,0.9,0.05,0.8937218598791842,1.0842105263157895,1.0,0.017125400002441893,0.08562700001220946,22
adult_income,income and employment,13,7,0.0,immutable_top3_l1,exact_leaf,200,1.0,1.0,0.0,0.7176921261274363,1.025,1.0,0.19021360000260756,0.9510680000130378,22
adult_income,income and employment,13,7,0.0,immutable_top3_l1,exact_leaf_cached,200,1.0,1.0,0.0,0.7176921261274363,1.025,1.0,0.0276278999990609,0.1381394999953045,22
adult_income,income and employment,13,7,0.0,immutable_top3_l1,native_exact_k_sparse,200,1.0,1.0,0.0,0.6627602014614137,1.005,1.0,0.027472700006001105,0.13736350003000553,22
adult_income,income and employment,13,7,0.0,immutable_top3_l1,clbr_uncached,200,0.68,0.615,0.065,1.9519514366054684,1.661764705882353,1.0,0.0388119000081133,0.1940595000405665,22
adult_income,income and employment,19,7,0.0,free_l2,nn_positive_train,200,1.0,1.0,0.0,2.469243577068696,3.755,0.265,0.016144600010193244,0.08072300005096622,17
adult_income,income and employment,19,7,0.0,free_l2,leaf_centroid,200,1.0,1.0,0.0,3.8583707371496665,5.02,0.0,0.08653819999562984,0.4326909999781492,17
adult_income,income and employment,19,7,0.0,free_l2,raw_leaf_projection,200,1.0,1.0,0.0,1.3416212409252877,1.745,1.0,0.01454119999652903,0.07270599998264515,17
adult_income,income and employment,19,7,0.0,free_l2,clbr,200,1.0,1.0,0.0,1.3416212409252877,1.745,1.0,0.013372399996114837,0.06686199998057418,17
adult_income,income and employment,19,7,0.0,free_l2,metric_leaf_projection,200,1.0,1.0,0.0,0.5190915841079554,1.08,1.0,0.013608099996417877,0.06804049998208939,17
adult_income,income and employment,19,7,0.0,free_l2,metric_clbr,200,1.0,1.0,0.0,0.5190915841079554,1.08,1.0,0.012858999998570653,0.06429499999285326,17
adult_income,income and employment,19,7,0.0,free_l2,exact_leaf,200,1.0,1.0,0.0,0.5190915841079554,1.08,1.0,0.16981850000138365,0.8490925000069183,17
adult_income,income and employment,19,7,0.0,free_l2,exact_leaf_cached,200,1.0,1.0,0.0,0.5190915841079554,1.08,1.0,0.02858330000344722,0.1429165000172361,17
adult_income,income and employment,19,7,0.0,free_l2,native_exact_k_sparse,200,1.0,1.0,0.0,0.5190915841079554,1.08,1.0,0.028083400003197312,0.14041700001598656,17
adult_income,income and employment,19,7,0.0,free_l2,clbr_uncached,200,1.0,1.0,0.0,1.3416212409252877,1.745,1.0,0.02546580000216636,0.1273290000108318,17
adult_income,income and employment,19,7,0.0,immutable_l2,nn_positive_train,200,0.555,0.555,0.0,2.044553187279761,1.864864864864865,1.0,0.014511799998217612,0.07255899999108806,17
adult_income,income and employment,19,7,0.0,immutable_l2,leaf_centroid,200,0.79,0.79,0.0,3.6294321035177153,2.981012658227848,0.9240506329113924,0.08257050001793687,0.4128525000896843,17
adult_income,income and employment,19,7,0.0,immutable_l2,raw_leaf_projection,200,0.61,0.61,0.0,1.2107322240692573,1.3934426229508197,1.0,0.013768999990134034,0.06884499995067017,17
adult_income,income and employment,19,7,0.0,immutable_l2,clbr,200,0.685,0.61,0.075,1.2388476961500974,1.4598540145985401,1.0,0.023611300000084157,0.11805650000042078,17
adult_income,income and employment,19,7,0.0,immutable_l2,metric_leaf_projection,200,0.93,0.93,0.0,0.5385116684836733,1.053763440860215,1.0,0.01222109999616805,0.06110549998084025,17
adult_income,income and employment,19,7,0.0,immutable_l2,metric_clbr,200,0.965,0.93,0.035,0.5420354604707139,1.077720207253886,1.0,0.01591749999897729,0.07958749999488646,17
adult_income,income and employment,19,7,0.0,immutable_l2,exact_leaf,200,1.0,1.0,0.0,0.5359760755513163,1.065,1.0,0.15532490000259713,0.7766245000129857,17
adult_income,income and employment,19,7,0.0,immutable_l2,exact_leaf_cached,200,1.0,1.0,0.0,0.5359760755513163,1.065,1.0,0.026640799995220732,0.13320399997610366,17
adult_income,income and employment,19,7,0.0,immutable_l2,native_exact_k_sparse,200,1.0,1.0,0.0,0.5359760755513163,1.065,1.0,0.025126899997303553,0.12563449998651777,17
adult_income,income and employment,19,7,0.0,immutable_l2,clbr_uncached,200,0.685,0.61,0.075,1.2388476961500974,1.4598540145985401,1.0,0.034722899991720624,0.17361449995860312,17
adult_income,income and employment,19,7,0.0,immutable_top3_l1,nn_positive_train,200,0.555,0.555,0.0,2.6112378464409436,1.864864864864865,1.0,0.014359600006173423,0.07179800003086712,17
adult_income,income and employment,19,7,0.0,immutable_top3_l1,leaf_centroid,200,0.445,0.445,0.0,2.978737354002562,2.640449438202247,1.0,0.08579970000300818,0.4289985000150409,17
adult_income,income and employment,19,7,0.0,immutable_top3_l1,raw_leaf_projection,200,0.535,0.535,0.0,1.296265815714431,1.355140186915888,1.0,0.013348100008442998,0.06674050004221499,17
adult_income,income and employment,19,7,0.0,immutable_top3_l1,clbr,200,0.61,0.535,0.075,1.3698144521877125,1.4344262295081966,1.0,0.025402099999155325,0.12701049999577663,17
adult_income,income and employment,19,7,0.0,immutable_top3_l1,metric_leaf_projection,200,0.895,0.895,0.0,0.5587574363919818,1.0167597765363128,1.0,0.011990600007266039,0.059953000036330195,17
adult_income,income and employment,19,7,0.0,immutable_top3_l1,metric_clbr,200,0.925,0.895,0.03,0.6080445186573153,1.0432432432432432,1.0,0.015935099999296654,0.07967549999648327,17
adult_income,income and employment,19,7,0.0,immutable_top3_l1,exact_leaf,200,1.0,1.0,0.0,0.569686151038339,1.02,1.0,0.15558559999226418,0.7779279999613209,17
adult_income,income and employment,19,7,0.0,immutable_top3_l1,exact_leaf_cached,200,1.0,1.0,0.0,0.569686151038339,1.02,1.0,0.02727559999402729,0.13637799997013644,17
adult_income,income and employment,19,7,0.0,immutable_top3_l1,native_exact_k_sparse,200,1.0,1.0,0.0,0.5388954807012811,1.03,1.0,0.02738469999167137,0.13692349995835684,17
adult_income,income and employment,19,7,0.0,immutable_top3_l1,clbr_uncached,200,0.61,0.535,0.075,1.3698144521877125,1.4344262295081966,1.0,0.03816100000130973,0.19080500000654865,17
adult_income,income and employment,29,7,0.0,free_l2,nn_positive_train,200,1.0,1.0,0.0,2.8731951951380568,3.85,0.255,0.014099099996201403,0.07049549998100701,15
adult_income,income and employment,29,7,0.0,free_l2,leaf_centroid,200,1.0,1.0,0.0,3.2585852416739454,4.695,0.045,0.07314370000040071,0.36571850000200357,15
adult_income,income and employment,29,7,0.0,free_l2,raw_leaf_projection,200,1.0,1.0,0.0,1.3705150440465226,1.8,1.0,0.01346300000204792,0.0673150000102396,15
adult_income,income and employment,29,7,0.0,free_l2,clbr,200,1.0,1.0,0.0,1.3705150440465226,1.8,1.0,0.012280999992071884,0.06140499996035942,15
adult_income,income and employment,29,7,0.0,free_l2,metric_leaf_projection,200,1.0,1.0,0.0,0.5816325121054807,1.145,1.0,0.012450299998818082,0.06225149999409041,15
adult_income,income and employment,29,7,0.0,free_l2,metric_clbr,200,1.0,1.0,0.0,0.5816325121054807,1.145,1.0,0.011678199999550998,0.05839099999775499,15
adult_income,income and employment,29,7,0.0,free_l2,exact_leaf,200,1.0,1.0,0.0,0.5816325121054807,1.145,1.0,0.13820859999850654,0.6910429999925327,15
adult_income,income and employment,29,7,0.0,free_l2,exact_leaf_cached,200,1.0,1.0,0.0,0.5816325121054807,1.145,1.0,0.02738209999370156,0.1369104999685078,15
adult_income,income and employment,29,7,0.0,free_l2,native_exact_k_sparse,200,1.0,1.0,0.0,0.5816325121054807,1.145,1.0,0.02457940001568204,0.1228970000784102,15
adult_income,income and employment,29,7,0.0,free_l2,clbr_uncached,200,1.0,1.0,0.0,1.3705150440465226,1.8,1.0,0.022412100000110513,0.11206050000055257,15
adult_income,income and employment,29,7,0.0,immutable_l2,nn_positive_train,200,0.57,0.57,0.0,2.606369579672187,1.9912280701754386,1.0,0.014689300007376005,0.07344650003688002,15
adult_income,income and employment,29,7,0.0,immutable_l2,leaf_centroid,200,0.49,0.49,0.0,3.5505914319318554,2.7755102040816326,0.9081632653061225,0.07412920000024315,0.3706460000012157,15
adult_income,income and employment,29,7,0.0,immutable_l2,raw_leaf_projection,200,0.565,0.565,0.0,1.3767580555730599,1.4513274336283186,1.0,0.013392399996519089,0.06696199998259544,15
adult_income,income and employment,29,7,0.0,immutable_l2,clbr,200,0.655,0.565,0.09,1.5231326360788433,1.549618320610687,1.0,0.026371800000561052,0.13185900000280526,15
adult_income,income and employment,29,7,0.0,immutable_l2,metric_leaf_projection,200,0.845,0.845,0.0,0.6303462733095646,1.029585798816568,1.0,0.01292450000619283,0.06462250003096415,15
adult_income,income and employment,29,7,0.0,immutable_l2,metric_clbr,200,0.885,0.845,0.04,0.6790457190338357,1.07909604519774,1.0,0.017248299991479144,0.08624149995739572,15
adult_income,income and employment,29,7,0.0,immutable_l2,exact_leaf,200,1.0,1.0,0.0,0.6361305476735112,1.03,1.0,0.1372144000060871,0.6860720000304354,15
adult_income,income and employment,29,7,0.0,immutable_l2,exact_leaf_cached,200,1.0,1.0,0.0,0.6361305476735112,1.03,1.0,0.028875600000901613,0.14437800000450807,15
adult_income,income and employment,29,7,0.0,immutable_l2,native_exact_k_sparse,200,1.0,1.0,0.0,0.6361305476735112,1.03,1.0,0.026888899998084526,0.13444449999042263,15
adult_income,income and employment,29,7,0.0,immutable_l2,clbr_uncached,200,0.655,0.565,0.09,1.5231326360788433,1.549618320610687,1.0,0.03783510000357637,0.18917550001788186,15
adult_income,income and employment,29,7,0.0,immutable_top3_l1,nn_positive_train,200,0.57,0.57,0.0,3.422592184937562,1.9912280701754386,1.0,0.013907799992921355,0.06953899996460677,15
adult_income,income and employment,29,7,0.0,immutable_top3_l1,leaf_centroid,200,0.36,0.36,0.0,3.098154312147023,2.1944444444444446,1.0,0.0765878000011071,0.3829390000055355,15
adult_income,income and employment,29,7,0.0,immutable_top3_l1,raw_leaf_projection,200,0.495,0.495,0.0,1.5292760781661334,1.393939393939394,1.0,0.013147900000149093,0.06573950000074547,15
adult_income,income and employment,29,7,0.0,immutable_top3_l1,clbr,200,0.59,0.495,0.095,1.827965994220844,1.5084745762711864,1.0,0.028087999994568236,0.14043999997284118,15
adult_income,income and employment,29,7,0.0,immutable_top3_l1,metric_leaf_projection,200,0.765,0.765,0.0,0.6390421740282605,1.0130718954248366,1.0,0.012394399996992433,0.06197199998496217,15
adult_income,income and employment,29,7,0.0,immutable_top3_l1,metric_clbr,200,0.84,0.765,0.075,0.99133914298763,1.1428571428571428,1.0,0.02121790000182955,0.10608950000914774,15
adult_income,income and employment,29,7,0.0,immutable_top3_l1,exact_leaf,200,0.955,0.955,0.0,0.7422883177987754,1.036649214659686,1.0,0.1343490000053862,0.6717450000269309,15
adult_income,income and employment,29,7,0.0,immutable_top3_l1,exact_leaf_cached,200,0.955,0.955,0.0,0.7422883177987754,1.036649214659686,1.0,0.02557079999587586,0.1278539999793793,15
adult_income,income and employment,29,7,0.0,immutable_top3_l1,native_exact_k_sparse,200,1.0,1.0,0.0,0.638014894601673,1.025,1.0,0.02709559999675548,0.1354779999837774,15
adult_income,income and employment,29,7,0.0,immutable_top3_l1,clbr_uncached,200,0.59,0.495,0.095,1.827965994220844,1.5084745762711864,1.0,0.040052399995147425,0.20026199997573713,15
adult_income,income and employment,37,7,0.0,free_l2,nn_positive_train,200,1.0,1.0,0.0,3.094690795992932,4.035,0.09,0.013077499994324171,0.06538749997162085,14
adult_income,income and employment,37,7,0.0,free_l2,leaf_centroid,200,1.0,1.0,0.0,4.001738749772398,4.835,0.0,0.06932040000538109,0.34660200002690544,14
adult_income,income and employment,37,7,0.0,free_l2,raw_leaf_projection,200,1.0,1.0,0.0,1.0731095410442035,1.64,1.0,0.014175099997373763,0.07087549998686882,14
adult_income,income and employment,37,7,0.0,free_l2,clbr,200,1.0,1.0,0.0,1.0731095410442035,1.64,1.0,0.01268370000707364,0.0634185000353682,14
adult_income,income and employment,37,7,0.0,free_l2,metric_leaf_projection,200,1.0,1.0,0.0,0.40961338240029777,1.26,1.0,0.012784299996383197,0.06392149998191599,14
adult_income,income and employment,37,7,0.0,free_l2,metric_clbr,200,1.0,1.0,0.0,0.40961338240029777,1.26,1.0,0.01233190000493778,0.061659500024688896,14
adult_income,income and employment,37,7,0.0,free_l2,exact_leaf,200,1.0,1.0,0.0,0.40961338240029777,1.26,1.0,0.13692829999217793,0.6846414999608896,14
adult_income,income and employment,37,7,0.0,free_l2,exact_leaf_cached,200,1.0,1.0,0.0,0.40961338240029777,1.26,1.0,0.027762999996411963,0.13881499998205982,14
adult_income,income and employment,37,7,0.0,free_l2,native_exact_k_sparse,200,1.0,1.0,0.0,0.40961338240029777,1.26,1.0,0.025424900002690265,0.12712450001345132,14
adult_income,income and employment,37,7,0.0,free_l2,clbr_uncached,200,1.0,1.0,0.0,1.0731095410442035,1.64,1.0,0.020892100002129155,0.10446050001064577,14
adult_income,income and employment,37,7,0.0,immutable_l2,nn_positive_train,200,0.645,0.645,0.0,2.6357653230164595,2.0852713178294575,0.9922480620155039,0.012812899994969484,0.06406449997484742,14
adult_income,income and employment,37,7,0.0,immutable_l2,leaf_centroid,200,0.645,0.645,0.0,3.667747404319841,2.9302325581395348,0.9069767441860465,0.07122520000484656,0.3561260000242328,14
adult_income,income and employment,37,7,0.0,immutable_l2,raw_leaf_projection,200,0.62,0.62,0.0,0.8505352982341896,1.1451612903225807,1.0,0.01372619999528979,0.06863099997644895,14
adult_income,income and employment,37,7,0.0,immutable_l2,clbr,200,0.73,0.62,0.11,1.0242587120758033,1.321917808219178,1.0,0.02722740000444901,0.13613700002224505,14
adult_income,income and employment,37,7,0.0,immutable_l2,metric_leaf_projection,200,0.795,0.795,0.0,0.4186106921300255,1.0754716981132075,1.0,0.013095799999973678,0.06547899999986839,14
adult_income,income and employment,37,7,0.0,immutable_l2,metric_clbr,200,0.9,0.795,0.105,0.6495458177273015,1.2055555555555555,1.0,0.024449300001833763,0.12224650000916881,14
adult_income,income and employment,37,7,0.0,immutable_l2,exact_leaf,200,1.0,1.0,0.0,0.4659762314002582,1.075,1.0,0.13257179999800428,0.6628589999900214,14
adult_income,income and employment,37,7,0.0,immutable_l2,exact_leaf_cached,200,1.0,1.0,0.0,0.4659762314002582,1.075,1.0,0.029258299997309223,0.14629149998654611,14
adult_income,income and employment,37,7,0.0,immutable_l2,native_exact_k_sparse,200,1.0,1.0,0.0,0.4659762314002582,1.075,1.0,0.02576899999348825,0.12884499996744125,14
adult_income,income and employment,37,7,0.0,immutable_l2,clbr_uncached,200,0.73,0.62,0.11,1.0242587120758033,1.321917808219178,1.0,0.036341700002594735,0.18170850001297367,14
adult_income,income and employment,37,7,0.0,immutable_top3_l1,nn_positive_train,200,0.645,0.645,0.0,3.4400466506874787,2.0775193798449614,1.0,0.01327510000555776,0.0663755000277888,14
adult_income,income and employment,37,7,0.0,immutable_top3_l1,leaf_centroid,200,0.34,0.34,0.0,2.821983187101357,2.4411764705882355,1.0,0.07199890000629239,0.35999450003146194,14
adult_income,income and employment,37,7,0.0,immutable_top3_l1,raw_leaf_projection,200,0.575,0.575,0.0,0.9018857274271226,1.1391304347826088,1.0,0.013292799999362614,0.06646399999681307,14
adult_income,income and employment,37,7,0.0,immutable_top3_l1,clbr,200,0.715,0.575,0.14,1.3457485590269145,1.3566433566433567,1.0,0.029878300005293568,0.14939150002646784,14
adult_income,income and employment,37,7,0.0,immutable_top3_l1,metric_leaf_projection,200,0.8,0.8,0.0,0.4436223109791582,1.05,1.0,0.012434399995072454,0.06217199997536227,14
adult_income,income and employment,37,7,0.0,immutable_top3_l1,metric_clbr,200,0.915,0.8,0.115,0.8031352321889144,1.180327868852459,1.0,0.023768400000335532,0.11884200000167766,14
adult_income,income and employment,37,7,0.0,immutable_top3_l1,exact_leaf,200,0.985,0.985,0.0,0.4989845495892643,1.0456852791878173,1.0,0.12417540000569716,0.6208770000284858,14
adult_income,income and employment,37,7,0.0,immutable_top3_l1,exact_leaf_cached,200,0.985,0.985,0.0,0.4989845495892643,1.0456852791878173,1.0,0.026970800011440588,0.13485400005720294,14
adult_income,income and employment,37,7,0.0,immutable_top3_l1,native_exact_k_sparse,200,1.0,1.0,0.0,0.47261506226041694,1.055,1.0,0.026935400003821997,0.13467700001910998,14
adult_income,income and employment,37,7,0.0,immutable_top3_l1,clbr_uncached,200,0.715,0.575,0.14,1.3457485590269145,1.3566433566433567,1.0,0.03940699999566277,0.19703499997831386,14
adult_income,income and employment,41,7,0.0,free_l2,nn_positive_train,200,1.0,1.0,0.0,2.658262450834609,3.89,0.21,0.01516289999926812,0.0758144999963406,18
adult_income,income and employment,41,7,0.0,free_l2,leaf_centroid,200,1.0,1.0,0.0,3.916164201530437,5.04,0.0,0.08801269999457872,0.4400634999728936,18
adult_income,income and employment,41,7,0.0,free_l2,raw_leaf_projection,200,1.0,1.0,0.0,1.342553551860895,1.785,1.0,0.014071900001908944,0.07035950000954472,18
adult_income,income and employment,41,7,0.0,free_l2,clbr,200,1.0,1.0,0.0,1.342553551860895,1.785,1.0,0.013108000001011533,0.06554000000505766,18
adult_income,income and employment,41,7,0.0,free_l2,metric_leaf_projection,200,1.0,1.0,0.0,0.5363959346642795,1.105,1.0,0.01295869999921706,0.0647934999960853,18
adult_income,income and employment,41,7,0.0,free_l2,metric_clbr,200,1.0,1.0,0.0,0.5363959346642795,1.105,1.0,0.012676200009082095,0.06338100004541047,18
adult_income,income and employment,41,7,0.0,free_l2,exact_leaf,200,1.0,1.0,0.0,0.5363959346642795,1.105,1.0,0.18061710000711173,0.9030855000355587,18
adult_income,income and employment,41,7,0.0,free_l2,exact_leaf_cached,200,1.0,1.0,0.0,0.5363959346642795,1.105,1.0,0.027893000005860813,0.13946500002930406,18
adult_income,income and employment,41,7,0.0,free_l2,native_exact_k_sparse,200,1.0,1.0,0.0,0.5363959346642795,1.105,1.0,0.02693710000221472,0.1346855000110736,18
adult_income,income and employment,41,7,0.0,free_l2,clbr_uncached,200,1.0,1.0,0.0,1.342553551860895,1.785,1.0,0.02493519999916316,0.1246759999958158,18
adult_income,income and employment,41,7,0.0,immutable_l2,nn_positive_train,200,0.25,0.25,0.0,2.7519527621427278,2.2,1.0,0.013460200003464706,0.06730100001732353,18
adult_income,income and employment,41,7,0.0,immutable_l2,leaf_centroid,200,0.54,0.54,0.0,4.164110611041241,3.0833333333333335,0.7685185185185185,0.08540480000738171,0.42702400003690855,18
adult_income,income and employment,41,7,0.0,immutable_l2,raw_leaf_projection,200,0.205,0.205,0.0,1.1316725801904741,1.0975609756097562,1.0,0.013177499998164421,0.06588749999082211,18
adult_income,income and employment,41,7,0.0,immutable_l2,clbr,200,0.265,0.205,0.06,1.7306227235690483,1.4339622641509433,1.0,0.029875500010348333,0.14937750005174166,18
adult_income,income and employment,41,7,0.0,immutable_l2,metric_leaf_projection,200,0.77,0.77,0.0,0.5906787362224168,1.0,1.0,0.012998500008507108,0.06499250004253554,18
adult_income,income and employment,41,7,0.0,immutable_l2,metric_clbr,200,0.795,0.77,0.025,0.6457314976144668,1.0440251572327044,1.0,0.01864089999526186,0.09320449997630931,18
adult_income,income and employment,41,7,0.0,immutable_l2,exact_leaf,200,1.0,1.0,0.0,0.5976556483336155,1.005,1.0,0.178959599998052,0.89479799999026,18
adult_income,income and employment,41,7,0.0,immutable_l2,exact_leaf_cached,200,1.0,1.0,0.0,0.5976556483336155,1.005,1.0,0.028903299999910814,0.14451649999955407,18
adult_income,income and employment,41,7,0.0,immutable_l2,native_exact_k_sparse,200,1.0,1.0,0.0,0.5976556483336155,1.005,1.0,0.026564600004348904,0.13282300002174452,18
adult_income,income and employment,41,7,0.0,immutable_l2,clbr_uncached,200,0.265,0.205,0.06,1.7306227235690483,1.4339622641509433,1.0,0.04375899999831745,0.21879499999158725,18
adult_income,income and employment,41,7,0.0,immutable_top3_l1,nn_positive_train,200,0.25,0.25,0.0,3.6145250982753776,2.2,1.0,0.012928900000588328,0.06464450000294164,18
adult_income,income and employment,41,7,0.0,immutable_top3_l1,leaf_centroid,200,0.3,0.3,0.0,3.567268484170391,2.5833333333333335,1.0,0.083680199997616,0.41840099998808,18
adult_income,income and employment,41,7,0.0,immutable_top3_l1,raw_leaf_projection,200,0.2,0.2,0.0,1.1761719842588076,1.1,1.0,0.013431199985461717,0.06715599992730859,18
adult_income,income and employment,41,7,0.0,immutable_top3_l1,clbr,200,0.265,0.2,0.065,2.1466224478261835,1.4150943396226414,1.0,0.02957920000062586,0.1478960000031293,18
adult_income,income and employment,41,7,0.0,immutable_top3_l1,metric_leaf_projection,200,0.755,0.755,0.0,0.5898900189962587,1.0,1.0,0.012254499997652601,0.06127249998826301,18
adult_income,income and employment,41,7,0.0,immutable_top3_l1,metric_clbr,200,0.81,0.755,0.055,0.9190761721829231,1.1111111111111112,1.0,0.019428299991886888,0.09714149995943444,18
adult_income,income and employment,41,7,0.0,immutable_top3_l1,exact_leaf,200,1.0,1.0,0.0,0.7372719923043338,1.03,1.0,0.1619936000006419,0.8099680000032095,18
adult_income,income and employment,41,7,0.0,immutable_top3_l1,exact_leaf_cached,200,1.0,1.0,0.0,0.7372719923043338,1.03,1.0,0.0276291999989553,0.1381459999947765,18
adult_income,income and employment,41,7,0.0,immutable_top3_l1,native_exact_k_sparse,200,1.0,1.0,0.0,0.5982115237904051,1.005,1.0,0.028121600001213665,0.14060800000606832,18
adult_income,income and employment,41,7,0.0,immutable_top3_l1,clbr_uncached,200,0.265,0.2,0.065,2.1466224478261835,1.4150943396226414,1.0,0.04250100000081147,0.21250500000405737,18
adult_income,income and employment,53,7,0.0,free_l2,nn_positive_train,200,1.0,1.0,0.0,3.1370131459262556,4.08,0.125,0.013687900003787945,0.06843950001893973,14
adult_income,income and employment,53,7,0.0,free_l2,leaf_centroid,200,1.0,1.0,0.0,3.874721958290702,5.105,0.0,0.07185320000644424,0.3592660000322212,14
adult_income,income and employment,53,7,0.0,free_l2,raw_leaf_projection,200,1.0,1.0,0.0,1.8711347547328676,2.02,0.995,0.013700400003472168,0.06850200001736084,14
adult_income,income and employment,53,7,0.0,free_l2,clbr,200,1.0,1.0,0.0,1.8711347547328676,2.02,0.995,0.012290300001041032,0.06145150000520516,14
adult_income,income and employment,53,7,0.0,free_l2,metric_leaf_projection,200,1.0,1.0,0.0,0.49364138776556366,1.195,1.0,0.012608100001671119,0.0630405000083556,14
adult_income,income and employment,53,7,0.0,free_l2,metric_clbr,200,1.0,1.0,0.0,0.49364138776556366,1.195,1.0,0.012692900003457908,0.06346450001728954,14
adult_income,income and employment,53,7,0.0,free_l2,exact_leaf,200,1.0,1.0,0.0,0.49364138776556366,1.195,1.0,0.1465403999973205,0.7327019999866025,14
adult_income,income and employment,53,7,0.0,free_l2,exact_leaf_cached,200,1.0,1.0,0.0,0.49364138776556366,1.195,1.0,0.02771830000619957,0.13859150003099785,14
adult_income,income and employment,53,7,0.0,free_l2,native_exact_k_sparse,200,1.0,1.0,0.0,0.49364138776556366,1.195,1.0,0.02664300000287767,0.13321500001438835,14
adult_income,income and employment,53,7,0.0,free_l2,clbr_uncached,200,1.0,1.0,0.0,1.8711347547328676,2.02,0.995,0.022605899998779933,0.11302949999389966,14
adult_income,income and employment,53,7,0.0,immutable_l2,nn_positive_train,200,0.44,0.44,0.0,2.9905394745030573,2.215909090909091,1.0,0.013534900004742667,0.06767450002371334,14
adult_income,income and employment,53,7,0.0,immutable_l2,leaf_centroid,200,0.625,0.625,0.0,3.675254658819075,3.04,0.96,0.07076410000809119,0.35382050004045595,14
adult_income,income and employment,53,7,0.0,immutable_l2,raw_leaf_projection,200,0.325,0.325,0.0,1.5240303756119413,1.4615384615384615,1.0,0.013511000001017237,0.06755500000508619,14
adult_income,income and employment,53,7,0.0,immutable_l2,clbr,200,0.46,0.325,0.135,2.1562424089844345,1.8804347826086956,0.9782608695652174,0.03306960000008985,0.16534800000044925,14
adult_income,income and employment,53,7,0.0,immutable_l2,metric_leaf_projection,200,0.75,0.75,0.0,0.5288426456775888,1.0,1.0,0.012611399998604611,0.06305699999302306,14
adult_income,income and employment,53,7,0.0,immutable_l2,metric_clbr,200,0.87,0.75,0.12,0.8477608073442311,1.1781609195402298,1.0,0.025806300007388927,0.12903150003694464,14
adult_income,income and employment,53,7,0.0,immutable_l2,exact_leaf,200,1.0,1.0,0.0,0.5489564331635676,1.0,1.0,0.13733390000561485,0.6866695000280743,14
adult_income,income and employment,53,7,0.0,immutable_l2,exact_leaf_cached,200,1.0,1.0,0.0,0.5489564331635676,1.0,1.0,0.028832199994212715,0.14416099997106357,14
adult_income,income and employment,53,7,0.0,immutable_l2,native_exact_k_sparse,200,1.0,1.0,0.0,0.5489564331635676,1.0,1.0,0.0259682000050816,0.129841000025408,14
adult_income,income and employment,53,7,0.0,immutable_l2,clbr_uncached,200,0.46,0.325,0.135,2.1562424089844345,1.8804347826086956,0.9782608695652174,0.0439046999972561,0.2195234999862805,14
adult_income,income and employment,53,7,0.0,immutable_top3_l1,nn_positive_train,200,0.44,0.44,0.0,4.05593904303927,2.215909090909091,1.0,0.013021900001149334,0.06510950000574667,14
adult_income,income and employment,53,7,0.0,immutable_top3_l1,leaf_centroid,200,0.38,0.38,0.0,3.959989761151415,2.736842105263158,1.0,0.07171039999229833,0.3585519999614917,14
adult_income,income and employment,53,7,0.0,immutable_top3_l1,raw_leaf_projection,200,0.32,0.32,0.0,1.6436452278001,1.46875,1.0,0.012991400004466414,0.06495700002233207,14
adult_income,income and employment,53,7,0.0,immutable_top3_l1,clbr,200,0.46,0.32,0.14,2.5083746794379724,1.815217391304348,1.0,0.0325903000029939,0.1629515000149695,14
adult_income,income and employment,53,7,0.0,immutable_top3_l1,metric_leaf_projection,200,0.72,0.72,0.0,0.5254903477632588,1.0,1.0,0.0120342000045639,0.0601710000228195,14
adult_income,income and employment,53,7,0.0,immutable_top3_l1,metric_clbr,200,0.87,0.72,0.15,1.3474756994552777,1.2701149425287357,1.0,0.026617599995006458,0.1330879999750323,14
adult_income,income and employment,53,7,0.0,immutable_top3_l1,exact_leaf,200,0.97,0.97,0.0,0.9026038894208619,1.0051546391752577,1.0,0.12496150000242778,0.6248075000121389,14
adult_income,income and employment,53,7,0.0,immutable_top3_l1,exact_leaf_cached,200,0.97,0.97,0.0,0.9026038894208619,1.0051546391752577,1.0,0.02589429999989079,0.12947149999945395,14
adult_income,income and employment,53,7,0.0,immutable_top3_l1,native_exact_k_sparse,200,1.0,1.0,0.0,0.5489564331635676,1.0,1.0,0.0257768000010401,0.1288840000052005,14
adult_income,income and employment,53,7,0.0,immutable_top3_l1,clbr_uncached,200,0.46,0.32,0.14,2.5083746794379724,1.815217391304348,1.0,0.04377760000079434,0.21888800000397168,14
adult_income,income and employment,61,7,0.0,free_l2,nn_positive_train,200,1.0,1.0,0.0,2.6988279272453637,3.77,0.3,0.014869599987832771,0.07434799993916386,18
adult_income,income and employment,61,7,0.0,free_l2,leaf_centroid,200,1.0,1.0,0.0,3.0733455562821304,5.075,0.0,0.08733350000602513,0.43666750003012567,18
adult_income,income and employment,61,7,0.0,free_l2,raw_leaf_projection,200,1.0,1.0,0.0,1.562458124343159,1.515,1.0,0.014547199994922266,0.07273599997461133,18
adult_income,income and employment,61,7,0.0,free_l2,clbr,200,1.0,1.0,0.0,1.562458124343159,1.515,1.0,0.01250879999861354,0.0625439999930677,18
adult_income,income and employment,61,7,0.0,free_l2,metric_leaf_projection,200,1.0,1.0,0.0,0.6617066178299649,1.18,1.0,0.012521400010882644,0.06260700005441322,18
adult_income,income and employment,61,7,0.0,free_l2,metric_clbr,200,1.0,1.0,0.0,0.6617066178299649,1.18,1.0,0.012401099998896825,0.062005499994484126,18
adult_income,income and employment,61,7,0.0,free_l2,exact_leaf,200,1.0,1.0,0.0,0.6617066178299649,1.18,1.0,0.1768691000115723,0.8843455000578615,18
adult_income,income and employment,61,7,0.0,free_l2,exact_leaf_cached,200,1.0,1.0,0.0,0.6617066178299649,1.18,1.0,0.02901259999453032,0.1450629999726516,18
adult_income,income and employment,61,7,0.0,free_l2,native_exact_k_sparse,200,1.0,1.0,0.0,0.6617066178299649,1.18,1.0,0.02630750000662374,0.1315375000331187,18
adult_income,income and employment,61,7,0.0,free_l2,clbr_uncached,200,1.0,1.0,0.0,1.562458124343159,1.515,1.0,0.0250897999976587,0.1254489999882935,18
adult_income,income and employment,61,7,0.0,immutable_l2,nn_positive_train,200,0.335,0.335,0.0,2.549202995256964,1.9104477611940298,1.0,0.01476360000197019,0.07381800000985095,18
adult_income,income and employment,61,7,0.0,immutable_l2,leaf_centroid,200,0.69,0.69,0.0,2.5190059619698704,3.036231884057971,0.9347826086956522,0.0859857000032207,0.4299285000161035,18
adult_income,income and employment,61,7,0.0,immutable_l2,raw_leaf_projection,200,0.52,0.52,0.0,1.4350404493803546,1.0288461538461537,1.0,0.013176599998587335,0.06588299999293667,18
adult_income,income and employment,61,7,0.0,immutable_l2,clbr,200,0.57,0.52,0.05,1.5168464535785087,1.1228070175438596,1.0,0.02276719999827037,0.11383599999135185,18
adult_income,income and employment,61,7,0.0,immutable_l2,metric_leaf_projection,200,0.715,0.715,0.0,0.7546081465534417,1.0,1.0,0.012575700003253587,0.06287850001626794,18
adult_income,income and employment,61,7,0.0,immutable_l2,metric_clbr,200,0.765,0.715,0.05,0.8118232566132618,1.0718954248366013,1.0,0.020557399999233894,0.10278699999616947,18
adult_income,income and employment,61,7,0.0,immutable_l2,exact_leaf,200,1.0,1.0,0.0,0.7433052831054447,1.015,1.0,0.15906929999800923,0.7953464999900461,18
adult_income,income and employment,61,7,0.0,immutable_l2,exact_leaf_cached,200,1.0,1.0,0.0,0.7433052831054447,1.015,1.0,0.02725870000085706,0.1362935000042853,18
adult_income,income and employment,61,7,0.0,immutable_l2,native_exact_k_sparse,200,1.0,1.0,0.0,0.7433052831054447,1.015,1.0,0.024957900001027156,0.12478950000513578,18
adult_income,income and employment,61,7,0.0,immutable_l2,clbr_uncached,200,0.57,0.52,0.05,1.5168464535785087,1.1228070175438596,1.0,0.03577299999778916,0.17886499998894578,18
adult_income,income and employment,61,7,0.0,immutable_top3_l1,nn_positive_train,200,0.335,0.335,0.0,3.294734463567236,1.9104477611940298,1.0,0.013116700001774007,0.06558350000887003,18
adult_income,income and employment,61,7,0.0,immutable_top3_l1,leaf_centroid,200,0.575,0.575,0.0,3.0086681740531467,2.7130434782608694,1.0,0.08397350000268489,0.41986750001342443,18
adult_income,income and employment,61,7,0.0,immutable_top3_l1,raw_leaf_projection,200,0.52,0.52,0.0,1.4411027429201886,1.0288461538461537,1.0,0.012579299999742943,0.06289649999871472,18
adult_income,income and employment,61,7,0.0,immutable_top3_l1,clbr,200,0.57,0.52,0.05,1.5968057155707553,1.1228070175438596,1.0,0.022947699995711446,0.11473849997855723,18
adult_income,income and employment,61,7,0.0,immutable_top3_l1,metric_leaf_projection,200,0.73,0.73,0.0,0.7575888542861604,1.0,1.0,0.011386800002583186,0.05693400001291593,18
adult_income,income and employment,61,7,0.0,immutable_top3_l1,metric_clbr,200,0.785,0.73,0.055,0.9274519711943675,1.10828025477707,1.0,0.01930580000316695,0.09652900001583475,18
adult_income,income and employment,61,7,0.0,immutable_top3_l1,exact_leaf,200,0.97,0.97,0.0,0.7642134168003928,1.0051546391752577,1.0,0.15459379999447265,0.7729689999723632,18
adult_income,income and employment,61,7,0.0,immutable_top3_l1,exact_leaf_cached,200,0.97,0.97,0.0,0.7642134168003928,1.0051546391752577,1.0,0.0254428999933225,0.1272144999666125,18
adult_income,income and employment,61,7,0.0,immutable_top3_l1,native_exact_k_sparse,200,1.0,1.0,0.0,0.7463349976719195,1.01,1.0,0.025529499988806492,0.12764749994403246,18
adult_income,income and employment,61,7,0.0,immutable_top3_l1,clbr_uncached,200,0.57,0.52,0.05,1.5968057155707553,1.1228070175438596,1.0,0.0358654000046954,0.179327000023477,18
adult_income,income and employment,73,7,0.0,free_l2,nn_positive_train,200,1.0,1.0,0.0,2.808654085692153,3.985,0.13,0.012971399998605193,0.06485699999302597,15
adult_income,income and employment,73,7,0.0,free_l2,leaf_centroid,200,1.0,1.0,0.0,4.566827312013404,4.815,0.005,0.07159919999776321,0.35799599998881604,15
adult_income,income and employment,73,7,0.0,free_l2,raw_leaf_projection,200,1.0,1.0,0.0,1.5860861060156213,1.995,1.0,0.013744399996539869,0.06872199998269934,15
adult_income,income and employment,73,7,0.0,free_l2,clbr,200,1.0,1.0,0.0,1.5860861060156213,1.995,1.0,0.012690799999290903,0.06345399999645451,15
adult_income,income and employment,73,7,0.0,free_l2,metric_leaf_projection,200,1.0,1.0,0.0,0.5989135075739604,1.08,1.0,0.01228590000209806,0.0614295000104903,15
adult_income,income and employment,73,7,0.0,free_l2,metric_clbr,200,1.0,1.0,0.0,0.5989135075739604,1.08,1.0,0.012081999997462844,0.06040999998731422,15
adult_income,income and employment,73,7,0.0,free_l2,exact_leaf,200,1.0,1.0,0.0,0.5989135075739604,1.08,1.0,0.14610640000410058,0.7305320000205029,15
adult_income,income and employment,73,7,0.0,free_l2,exact_leaf_cached,200,1.0,1.0,0.0,0.5989135075739604,1.08,1.0,0.02682000000095286,0.1341000000047643,15
adult_income,income and employment,73,7,0.0,free_l2,native_exact_k_sparse,200,1.0,1.0,0.0,0.5989135075739604,1.08,1.0,0.025133800005278317,0.1256690000263916,15
adult_income,income and employment,73,7,0.0,free_l2,clbr_uncached,200,1.0,1.0,0.0,1.5860861060156213,1.995,1.0,0.021966999999676773,0.10983499999838386,15
adult_income,income and employment,73,7,0.0,immutable_l2,nn_positive_train,200,0.66,0.66,0.0,2.320157335774807,1.9772727272727273,1.0,0.012695700006588595,0.06347850003294297,15
adult_income,income and employment,73,7,0.0,immutable_l2,leaf_centroid,200,0.595,0.595,0.0,4.3123756851884245,2.966386554621849,0.9831932773109243,0.07343680000121822,0.3671840000060911,15
adult_income,income and employment,73,7,0.0,immutable_l2,raw_leaf_projection,200,0.635,0.635,0.0,1.4743991722835403,1.5826771653543308,1.0,0.012671199998294469,0.06335599999147234,15
adult_income,income and employment,73,7,0.0,immutable_l2,clbr,200,0.665,0.635,0.03,1.5804391962790563,1.6466165413533835,1.0,0.019786399991062353,0.09893199995531177,15
adult_income,income and employment,73,7,0.0,immutable_l2,metric_leaf_projection,200,0.89,0.89,0.0,0.6161947697134106,1.0056179775280898,1.0,0.011949799993089982,0.05974899996544991,15
adult_income,income and employment,73,7,0.0,immutable_l2,metric_clbr,200,0.99,0.89,0.1,0.7846724091772557,1.1161616161616161,1.0,0.019976399994448002,0.09988199997224001,15
adult_income,income and employment,73,7,0.0,immutable_l2,exact_leaf,200,1.0,1.0,0.0,0.6194431353603591,1.005,1.0,0.136860900008287,0.684304500041435,15
adult_income,income and employment,73,7,0.0,immutable_l2,exact_leaf_cached,200,1.0,1.0,0.0,0.6194431353603591,1.005,1.0,0.026556100004199834,0.13278050002099917,15
adult_income,income and employment,73,7,0.0,immutable_l2,native_exact_k_sparse,200,1.0,1.0,0.0,0.6194431353603591,1.005,1.0,0.025207299994690402,0.126036499973452,15
adult_income,income and employment,73,7,0.0,immutable_l2,clbr_uncached,200,0.665,0.635,0.03,1.5804391962790563,1.6466165413533835,1.0,0.029991400001563306,0.14995700000781653,15
adult_income,income and employment,73,7,0.0,immutable_top3_l1,nn_positive_train,200,0.66,0.66,0.0,3.074664708513348,1.9772727272727273,1.0,0.013282400000207417,0.06641200000103709,15
adult_income,income and employment,73,7,0.0,immutable_top3_l1,leaf_centroid,200,0.245,0.245,0.0,3.6325252181465015,2.5714285714285716,1.0,0.07221640000170737,0.36108200000853685,15
adult_income,income and employment,73,7,0.0,immutable_top3_l1,raw_leaf_projection,200,0.615,0.615,0.0,1.8172430078166812,1.5772357723577235,1.0,0.013502400004654191,0.06751200002327096,15
adult_income,income and employment,73,7,0.0,immutable_top3_l1,clbr,200,0.665,0.615,0.05,2.0612304112119357,1.631578947368421,1.0,0.022268199994869065,0.11134099997434532,15
adult_income,income and employment,73,7,0.0,immutable_top3_l1,metric_leaf_projection,200,0.895,0.895,0.0,0.6171380497935357,1.005586592178771,1.0,0.01156420001098013,0.05782100005490065,15
adult_income,income and employment,73,7,0.0,immutable_top3_l1,metric_clbr,200,0.955,0.895,0.06,0.8834795241531617,1.094240837696335,1.0,0.018470799991519016,0.09235399995759508,15
adult_income,income and employment,73,7,0.0,immutable_top3_l1,exact_leaf,200,1.0,1.0,0.0,0.8083058252803724,1.02,1.0,0.13600500000393367,0.6800250000196684,15
adult_income,income and employment,73,7,0.0,immutable_top3_l1,exact_leaf_cached,200,1.0,1.0,0.0,0.8083058252803724,1.02,1.0,0.026910300004601595,0.13455150002300797,15
adult_income,income and employment,73,7,0.0,immutable_top3_l1,native_exact_k_sparse,200,1.0,1.0,0.0,0.6201397180481188,1.005,1.0,0.0262968000042747,0.1314840000213735,15
adult_income,income and employment,73,7,0.0,immutable_top3_l1,clbr_uncached,200,0.665,0.615,0.05,2.0612304112119357,1.631578947368421,1.0,0.032685899999705725,0.16342949999852863,15
adult_income,income and employment,89,7,0.0,free_l2,nn_positive_train,200,1.0,1.0,0.0,2.541049493550366,3.78,0.26,0.015303899993341474,0.07651949996670737,17
adult_income,income and employment,89,7,0.0,free_l2,leaf_centroid,200,1.0,1.0,0.0,3.8027822763349013,5.33,0.015,0.08408600000529987,0.42043000002649933,17
adult_income,income and employment,89,7,0.0,free_l2,raw_leaf_projection,200,1.0,1.0,0.0,1.3691424911979988,1.615,1.0,0.013576000003013178,0.06788000001506589,17
adult_income,income and employment,89,7,0.0,free_l2,clbr,200,1.0,1.0,0.0,1.3691424911979988,1.615,1.0,0.012250299995685054,0.06125149997842527,17
adult_income,income and employment,89,7,0.0,free_l2,metric_leaf_projection,200,1.0,1.0,0.0,0.5217864127672963,1.16,1.0,0.011969300005148398,0.05984650002574199,17
adult_income,income and employment,89,7,0.0,free_l2,metric_clbr,200,1.0,1.0,0.0,0.5217864127672963,1.16,1.0,0.012061200003699923,0.06030600001849962,17
adult_income,income and employment,89,7,0.0,free_l2,exact_leaf,200,1.0,1.0,0.0,0.5217864127672963,1.16,1.0,0.16183230000115145,0.8091615000057573,17
adult_income,income and employment,89,7,0.0,free_l2,exact_leaf_cached,200,1.0,1.0,0.0,0.5217864127672963,1.16,1.0,0.027758000000176253,0.13879000000088126,17
adult_income,income and employment,89,7,0.0,free_l2,native_exact_k_sparse,200,1.0,1.0,0.0,0.5217864127672963,1.16,1.0,0.024969800007966114,0.12484900003983057,17
adult_income,income and employment,89,7,0.0,free_l2,clbr_uncached,200,1.0,1.0,0.0,1.3691424911979988,1.615,1.0,0.024004800001421245,0.12002400000710622,17
adult_income,income and employment,89,7,0.0,immutable_l2,nn_positive_train,200,0.48,0.48,0.0,2.371923055080268,1.8958333333333333,1.0,0.015123899998798152,0.07561949999399076,17
adult_income,income and employment,89,7,0.0,immutable_l2,leaf_centroid,200,0.625,0.625,0.0,3.8894223008503395,3.296,0.656,0.08362349999424623,0.41811749997123115,17
adult_income,income and employment,89,7,0.0,immutable_l2,raw_leaf_projection,200,0.53,0.53,0.0,1.2008808910291429,1.179245283018868,1.0,0.014340700000502693,0.07170350000251347,17
adult_income,income and employment,89,7,0.0,immutable_l2,clbr,200,0.59,0.53,0.06,1.3266877062170594,1.2627118644067796,1.0,0.026284199999281554,0.13142099999640777,17
adult_income,income and employment,89,7,0.0,immutable_l2,metric_leaf_projection,200,0.815,0.815,0.0,0.5638613055687401,1.0245398773006136,1.0,0.013105999999424967,0.06552999999712483,17
adult_income,income and employment,89,7,0.0,immutable_l2,metric_clbr,200,0.87,0.815,0.055,0.597519315079649,1.0747126436781609,1.0,0.02108099999895785,0.10540499999478925,17
adult_income,income and employment,89,7,0.0,immutable_l2,exact_leaf,200,1.0,1.0,0.0,0.5618810619928183,1.025,1.0,0.16713249999520485,0.8356624999760243,17
adult_income,income and employment,89,7,0.0,immutable_l2,exact_leaf_cached,200,1.0,1.0,0.0,0.5618810619928183,1.025,1.0,0.029055500007416413,0.14527750003708206,17
adult_income,income and employment,89,7,0.0,immutable_l2,native_exact_k_sparse,200,1.0,1.0,0.0,0.5618810619928183,1.025,1.0,0.02818730000853975,0.14093650004269875,17
adult_income,income and employment,89,7,0.0,immutable_l2,clbr_uncached,200,0.59,0.53,0.06,1.3266877062170594,1.2627118644067796,1.0,0.03884939999170456,0.1942469999585228,17
adult_income,income and employment,89,7,0.0,immutable_top3_l1,nn_positive_train,200,0.48,0.48,0.0,2.950513863033662,1.8958333333333333,1.0,0.014996699994298979,0.0749834999714949,17
adult_income,income and employment,89,7,0.0,immutable_top3_l1,leaf_centroid,200,0.435,0.435,0.0,3.3007846214574337,2.5632183908045976,1.0,0.08432310000807774,0.4216155000403887,17
adult_income,income and employment,89,7,0.0,immutable_top3_l1,raw_leaf_projection,200,0.51,0.51,0.0,1.2435562051266218,1.1470588235294117,1.0,0.01348299999426672,0.0674149999713336,17
adult_income,income and employment,89,7,0.0,immutable_top3_l1,clbr,200,0.58,0.51,0.07,1.454638425937893,1.2413793103448276,1.0,0.025777500001822773,0.12888750000911386,17
adult_income,income and employment,89,7,0.0,immutable_top3_l1,metric_leaf_projection,200,0.84,0.84,0.0,0.5686957374406174,1.0119047619047619,1.0,0.011678099989694601,0.05839049994847301,17
adult_income,income and employment,89,7,0.0,immutable_top3_l1,metric_clbr,200,0.9,0.84,0.06,0.6541146001951591,1.0777777777777777,1.0,0.018822800007001206,0.09411400003500603,17
adult_income,income and employment,89,7,0.0,immutable_top3_l1,exact_leaf,200,1.0,1.0,0.0,0.5771273198848764,1.015,1.0,0.15636780000386352,0.7818390000193176,17
adult_income,income and employment,89,7,0.0,immutable_top3_l1,exact_leaf_cached,200,1.0,1.0,0.0,0.5771273198848764,1.015,1.0,0.02697590000116179,0.13487950000580895,17
adult_income,income and employment,89,7,0.0,immutable_top3_l1,native_exact_k_sparse,200,1.0,1.0,0.0,0.5644661129096347,1.02,1.0,0.027669699998114083,0.13834849999057042,17
adult_income,income and employment,89,7,0.0,immutable_top3_l1,clbr_uncached,200,0.58,0.51,0.07,1.454638425937893,1.2413793103448276,1.0,0.03958890000467363,0.19794450002336816,17
german_credit,credit approval,7,7,0.0,free_l2,nn_positive_train,85,1.0,1.0,0.0,2.8813923162424695,4.811764705882353,0.09411764705882353,0.0063727999968250515,0.07497411760970649,34
german_credit,credit approval,7,7,0.0,free_l2,leaf_centroid,85,1.0,1.0,0.0,2.8639309555535304,6.4941176470588236,0.0,0.04270600000018021,0.5024235294138848,34
german_credit,credit approval,7,7,0.0,free_l2,raw_leaf_projection,85,1.0,1.0,0.0,0.7245050248404233,1.0588235294117647,1.0,0.0065926999941439135,0.0775611764016931,34
german_credit,credit approval,7,7,0.0,free_l2,clbr,85,1.0,1.0,0.0,0.7245050248404233,1.0588235294117647,1.0,0.005981700001939316,0.07037294119928607,34
german_credit,credit approval,7,7,0.0,free_l2,metric_leaf_projection,85,1.0,1.0,0.0,0.218815921174294,1.1176470588235294,1.0,0.006212199998117285,0.07308470586020335,34
german_credit,credit approval,7,7,0.0,free_l2,metric_clbr,85,1.0,1.0,0.0,0.218815921174294,1.1176470588235294,1.0,0.005611000001408684,0.0660117647224551,34
german_credit,credit approval,7,7,0.0,free_l2,exact_leaf,85,1.0,1.0,0.0,0.218815921174294,1.1176470588235294,1.0,0.1406572000014421,1.65479058825226,34
german_credit,credit approval,7,7,0.0,free_l2,exact_leaf_cached,85,1.0,1.0,0.0,0.218815921174294,1.1176470588235294,1.0,0.013450400003421237,0.15824000004024985,34
german_credit,credit approval,7,7,0.0,free_l2,native_exact_k_sparse,85,1.0,1.0,0.0,0.218815921174294,1.1176470588235294,1.0,0.013091700005134044,0.1540200000604005,34
german_credit,credit approval,7,7,0.0,free_l2,clbr_uncached,85,1.0,1.0,0.0,0.7245050248404233,1.0588235294117647,1.0,0.016154100004314387,0.19004823534487514,34
german_credit,credit approval,7,7,0.0,immutable_l2,nn_positive_train,85,0.7176470588235294,0.7176470588235294,0.0,2.0683444759491887,2.9672131147540983,0.7704918032786885,0.006307099999503407,0.07420117646474597,34
german_credit,credit approval,7,7,0.0,immutable_l2,leaf_centroid,85,0.788235294117647,0.788235294117647,0.0,2.130859769660122,3.970149253731343,0.029850746268656716,0.03992579999976442,0.46971529411487556,34
german_credit,credit approval,7,7,0.0,immutable_l2,raw_leaf_projection,85,0.7411764705882353,0.7411764705882353,0.0,0.8488087541250718,1.0158730158730158,1.0,0.005938899999819114,0.06986941176257781,34
german_credit,credit approval,7,7,0.0,immutable_l2,clbr,85,0.8705882352941177,0.7411764705882353,0.12941176470588237,0.8664586003929707,1.3108108108108107,0.972972972972973,0.01189240000439895,0.13991058828704647,34
german_credit,credit approval,7,7,0.0,immutable_l2,metric_leaf_projection,85,0.6352941176470588,0.6352941176470588,0.0,0.2131856525018637,1.0185185185185186,1.0,0.006382299995493668,0.07508588229992551,34
german_credit,credit approval,7,7,0.0,immutable_l2,metric_clbr,85,0.8470588235294118,0.6352941176470588,0.21176470588235294,0.4066851068281246,1.5138888888888888,0.9305555555555556,0.015912100001514773,0.1872011764884091,34
german_credit,credit approval,7,7,0.0,immutable_l2,exact_leaf,85,1.0,1.0,0.0,0.3528713484178284,1.0823529411764705,1.0,0.13728810000429803,1.6151541176976238,34
german_credit,credit approval,7,7,0.0,immutable_l2,exact_leaf_cached,85,1.0,1.0,0.0,0.3528713484178284,1.0823529411764705,1.0,0.014111699993918592,0.166019999928454,34
german_credit,credit approval,7,7,0.0,immutable_l2,native_exact_k_sparse,85,1.0,1.0,0.0,0.3528713484178284,1.0823529411764705,1.0,0.012408400002641429,0.14598117650166387,34
german_credit,credit approval,7,7,0.0,immutable_l2,clbr_uncached,85,0.8705882352941177,0.7411764705882353,0.12941176470588237,0.8664586003929707,1.3108108108108107,0.972972972972973,0.023210700001982332,0.27306705884685095,34
german_credit,credit approval,7,7,0.0,immutable_top3_l1,nn_positive_train,85,0.7176470588235294,0.7176470588235294,0.0,2.3994905455063633,2.737704918032787,1.0,0.005774200003543228,0.06793176474756739,34
german_credit,credit approval,7,7,0.0,immutable_top3_l1,leaf_centroid,85,0.7058823529411765,0.7058823529411765,0.0,2.5060525317953166,3.0,1.0,0.037636399996699765,0.44278117643176196,34
german_credit,credit approval,7,7,0.0,immutable_top3_l1,raw_leaf_projection,85,0.5411764705882353,0.5411764705882353,0.0,0.8567327330779989,1.0217391304347827,1.0,0.0057082000057562254,0.06715529418536736,34
german_credit,credit approval,7,7,0.0,immutable_top3_l1,clbr,85,0.8117647058823529,0.5411764705882353,0.27058823529411763,0.9685325834622633,1.608695652173913,1.0,0.016737599999032682,0.19691294116509037,34
german_credit,credit approval,7,7,0.0,immutable_top3_l1,metric_leaf_projection,85,0.6235294117647059,0.6235294117647059,0.0,0.21031729754223025,1.0188679245283019,1.0,0.0050395000080243335,0.05928823538852157,34
german_credit,credit approval,7,7,0.0,immutable_top3_l1,metric_clbr,85,0.8470588235294118,0.6235294117647059,0.2235294117647059,0.48103582235745357,1.4722222222222223,1.0,0.014354100002492487,0.16887176473520574,34
german_credit,credit approval,7,7,0.0,immutable_top3_l1,exact_leaf,85,1.0,1.0,0.0,0.3671830563783255,1.0823529411764705,1.0,0.12594540000554844,1.48171058830057,34
german_credit,credit approval,7,7,0.0,immutable_top3_l1,exact_leaf_cached,85,1.0,1.0,0.0,0.3671830563783255,1.0823529411764705,1.0,0.011662700002489146,0.1372082353234017,34
german_credit,credit approval,7,7,0.0,immutable_top3_l1,native_exact_k_sparse,85,1.0,1.0,0.0,0.3654353479870723,1.0823529411764705,1.0,0.0124495999998544,0.14646588235122823,34
german_credit,credit approval,7,7,0.0,immutable_top3_l1,clbr_uncached,85,0.8117647058823529,0.5411764705882353,0.27058823529411763,0.9685325834622633,1.608695652173913,1.0,0.027111500003229594,0.318958823567407,34
german_credit,credit approval,13,7,0.0,free_l2,nn_positive_train,88,1.0,1.0,0.0,3.0625645991593022,4.886363636363637,0.09090909090909091,0.006032299996149959,0.06854886359261317,30
german_credit,credit approval,13,7,0.0,free_l2,leaf_centroid,88,1.0,1.0,0.0,2.8699074500817163,6.454545454545454,0.0,0.03551759999845672,0.4036090908915536,30
german_credit,credit approval,13,7,0.0,free_l2,raw_leaf_projection,88,1.0,1.0,0.0,0.6503405157695792,1.1590909090909092,1.0,0.0060701000002154615,0.06897840909335752,30
german_credit,credit approval,13,7,0.0,free_l2,clbr,88,1.0,1.0,0.0,0.6503405157695792,1.1590909090909092,1.0,0.0056696000010560965,0.06442727273927383,30
german_credit,credit approval,13,7,0.0,free_l2,metric_leaf_projection,88,1.0,1.0,0.0,0.1909174860062371,1.0454545454545454,1.0,0.00536740000188729,0.0609931818396283,30
german_credit,credit approval,13,7,0.0,free_l2,metric_clbr,88,1.0,1.0,0.0,0.1909174860062371,1.0454545454545454,1.0,0.005927399997744942,0.06735681815619253,30
german_credit,credit approval,13,7,0.0,free_l2,exact_leaf,88,1.0,1.0,0.0,0.1909174860062371,1.0454545454545454,1.0,0.12328990000060003,1.4010215909159094,30
german_credit,credit approval,13,7,0.0,free_l2,exact_leaf_cached,88,1.0,1.0,0.0,0.1909174860062371,1.0454545454545454,1.0,0.013108100003591971,0.14895568185899968,30
german_credit,credit approval,13,7,0.0,free_l2,native_exact_k_sparse,88,1.0,1.0,0.0,0.1909174860062371,1.0454545454545454,1.0,0.011568100001568382,0.13145568183600434,30
german_credit,credit approval,13,7,0.0,free_l2,clbr_uncached,88,1.0,1.0,0.0,0.6503405157695792,1.1590909090909092,1.0,0.014455700000326033,0.1642693181855231,30
german_credit,credit approval,13,7,0.0,immutable_l2,nn_positive_train,88,0.3181818181818182,0.3181818181818182,0.0,1.7147844486320927,2.9642857142857144,0.7142857142857143,0.0060919999987163465,0.06922727271268575,30
german_credit,credit approval,13,7,0.0,immutable_l2,leaf_centroid,88,0.45454545454545453,0.45454545454545453,0.0,1.9161370418552301,3.9,0.1,0.03638910000336182,0.4135125000382025,30
german_credit,credit approval,13,7,0.0,immutable_l2,raw_leaf_projection,88,0.2840909090909091,0.2840909090909091,0.0,0.5589516720517027,1.0,1.0,0.005818699998599186,0.06612159089317257,30
german_credit,credit approval,13,7,0.0,immutable_l2,clbr,88,0.42045454545454547,0.2840909090909091,0.13636363636363635,0.5821991808011404,1.4864864864864864,0.972972972972973,0.014973900001677976,0.17015795456452246,30
german_credit,credit approval,13,7,0.0,immutable_l2,metric_leaf_projection,88,0.6931818181818182,0.6931818181818182,0.0,0.19702875996871885,1.0327868852459017,1.0,0.005531999997401726,0.06286363633411053,30
german_credit,credit approval,13,7,0.0,immutable_l2,metric_clbr,88,0.7613636363636364,0.6931818181818182,0.06818181818181818,0.2612207905892976,1.1791044776119404,0.9850746268656716,0.009081000000151107,0.10319318181989895,30
german_credit,credit approval,13,7,0.0,immutable_l2,exact_leaf,88,1.0,1.0,0.0,0.28001355648302256,1.0568181818181819,1.0,0.11993579999943904,1.3629068181754436,30
german_credit,credit approval,13,7,0.0,immutable_l2,exact_leaf_cached,88,1.0,1.0,0.0,0.28001355648302256,1.0568181818181819,1.0,0.012813099996492383,0.14560340905104982,30
german_credit,credit approval,13,7,0.0,immutable_l2,native_exact_k_sparse,88,1.0,1.0,0.0,0.28001355648302256,1.0568181818181819,1.0,0.011771199997383519,0.13376363633390362,30
german_credit,credit approval,13,7,0.0,immutable_l2,clbr_uncached,88,0.42045454545454547,0.2840909090909091,0.13636363636363635,0.5821991808011404,1.4864864864864864,0.972972972972973,0.024692899999536166,0.28060113635836553,30
german_credit,credit approval,13,7,0.0,immutable_top3_l1,nn_positive_train,88,0.2840909090909091,0.2840909090909091,0.0,1.9007682784771434,2.64,1.0,0.0056096999996952945,0.06374659090562834,30
german_credit,credit approval,13,7,0.0,immutable_top3_l1,leaf_centroid,88,0.45454545454545453,0.45454545454545453,0.0,2.3723536911267953,2.95,1.0,0.035947599997598445,0.40849545451816416,30
german_credit,credit approval,13,7,0.0,immutable_top3_l1,raw_leaf_projection,88,0.23863636363636365,0.23863636363636365,0.0,0.49654948317930775,1.0,1.0,0.0060846999958812376,0.06914431813501407,30
german_credit,credit approval,13,7,0.0,immutable_top3_l1,clbr,88,0.36363636363636365,0.23863636363636365,0.125,0.5651945060158632,1.46875,1.0,0.015474299999368668,0.17584431817464397,30
german_credit,credit approval,13,7,0.0,immutable_top3_l1,metric_leaf_projection,88,0.6818181818181818,0.6818181818181818,0.0,0.19723408688331887,1.0166666666666666,1.0,0.005459699996208656,0.062042045411461993,30
german_credit,credit approval,13,7,0.0,immutable_top3_l1,metric_clbr,88,0.7386363636363636,0.6818181818181818,0.056818181818181816,0.25695286193369327,1.123076923076923,1.0,0.010804899997310713,0.12278295451489446,30
german_credit,credit approval,13,7,0.0,immutable_top3_l1,exact_leaf,88,1.0,1.0,0.0,0.2853756253634857,1.0454545454545454,1.0,0.11998140000378044,1.3634250000429595,30
german_credit,credit approval,13,7,0.0,immutable_top3_l1,exact_leaf_cached,88,1.0,1.0,0.0,0.2853756253634857,1.0454545454545454,1.0,0.013024900001255446,0.1480102272869937,30
german_credit,credit approval,13,7,0.0,immutable_top3_l1,native_exact_k_sparse,88,1.0,1.0,0.0,0.284228508503015,1.0568181818181819,1.0,0.012797300000784162,0.14542386364527457,30
german_credit,credit approval,13,7,0.0,immutable_top3_l1,clbr_uncached,88,0.36363636363636365,0.23863636363636365,0.125,0.5651945060158632,1.46875,1.0,0.024490999996487517,0.2783068181419036,30
german_credit,credit approval,19,7,0.0,free_l2,nn_positive_train,70,1.0,1.0,0.0,2.966881094483335,4.9714285714285715,0.12857142857142856,0.005269400003271585,0.07527714290387978,25
german_credit,credit approval,19,7,0.0,free_l2,leaf_centroid,70,1.0,1.0,0.0,2.8957103873810905,6.428571428571429,0.0,0.025853600006485067,0.36933714294978665,25
german_credit,credit approval,19,7,0.0,free_l2,raw_leaf_projection,70,1.0,1.0,0.0,0.389179275380193,1.0285714285714285,1.0,0.004854800004977733,0.06935428578539618,25
german_credit,credit approval,19,7,0.0,free_l2,clbr,70,1.0,1.0,0.0,0.389179275380193,1.0285714285714285,1.0,0.004422700002578495,0.06318142860826421,25
german_credit,credit approval,19,7,0.0,free_l2,metric_leaf_projection,70,1.0,1.0,0.0,0.12933864167777853,1.0571428571428572,1.0,0.004696499998317449,0.06709285711882071,25
german_credit,credit approval,19,7,0.0,free_l2,metric_clbr,70,1.0,1.0,0.0,0.12933864167777853,1.0571428571428572,1.0,0.004667099998187041,0.06667285711695772,25
german_credit,credit approval,19,7,0.0,free_l2,exact_leaf,70,1.0,1.0,0.0,0.12933864167777853,1.0571428571428572,1.0,0.08865459999833547,1.2664942856905068,25
german_credit,credit approval,19,7,0.0,free_l2,exact_leaf_cached,70,1.0,1.0,0.0,0.12933864167777853,1.0571428571428572,1.0,0.01100380000025325,0.15719714286076072,25
german_credit,credit approval,19,7,0.0,free_l2,native_exact_k_sparse,70,1.0,1.0,0.0,0.12933864167777853,1.0571428571428572,1.0,0.009363699998175434,0.13376714283107763,25
german_credit,credit approval,19,7,0.0,free_l2,clbr_uncached,70,1.0,1.0,0.0,0.389179275380193,1.0285714285714285,1.0,0.010686199992051115,0.1526599998864445,25
german_credit,credit approval,19,7,0.0,immutable_l2,nn_positive_train,70,0.7142857142857143,0.7142857142857143,0.0,2.1463356957409836,3.26,0.62,0.0052133000008325325,0.0744757142976076,25
german_credit,credit approval,19,7,0.0,immutable_l2,leaf_centroid,70,0.5428571428571428,0.5428571428571428,0.0,1.839081799431039,3.736842105263158,0.23684210526315788,0.02737790000082896,0.3911128571546994,25
german_credit,credit approval,19,7,0.0,immutable_l2,raw_leaf_projection,70,0.7,0.7,0.0,0.3380120691810252,1.0408163265306123,1.0,0.004778400003488059,0.06826285719268656,25
german_credit,credit approval,19,7,0.0,immutable_l2,clbr,70,0.8714285714285714,0.7,0.17142857142857143,0.5546558037183807,1.4918032786885247,0.9180327868852459,0.010750500000540342,0.15357857143629058,25
german_credit,credit approval,19,7,0.0,immutable_l2,metric_leaf_projection,70,0.6857142857142857,0.6857142857142857,0.0,0.15048735441664698,1.0625,1.0,0.004472399999940535,0.06389142857057907,25
german_credit,credit approval,19,7,0.0,immutable_l2,metric_clbr,70,0.8714285714285714,0.6857142857142857,0.18571428571428572,0.34810052560071897,1.540983606557377,0.9016393442622951,0.01171860000158631,0.167408571451233,25
german_credit,credit approval,19,7,0.0,immutable_l2,exact_leaf,70,1.0,1.0,0.0,0.2632413750447017,1.0571428571428572,1.0,0.08449309999650723,1.207044285664389,25
german_credit,credit approval,19,7,0.0,immutable_l2,exact_leaf_cached,70,1.0,1.0,0.0,0.2632413750447017,1.0571428571428572,1.0,0.010479699995812553,0.14970999994017933,25
german_credit,credit approval,19,7,0.0,immutable_l2,native_exact_k_sparse,70,1.0,1.0,0.0,0.2632413750447017,1.0571428571428572,1.0,0.010006700003032165,0.1429528571861738,25
german_credit,credit approval,19,7,0.0,immutable_l2,clbr_uncached,70,0.8714285714285714,0.7,0.17142857142857143,0.5546558037183807,1.4918032786885247,0.9180327868852459,0.018275299996275862,0.2610757142325123,25
german_credit,credit approval,19,7,0.0,immutable_top3_l1,nn_positive_train,70,0.6857142857142857,0.6857142857142857,0.0,2.3744321665769914,2.875,1.0,0.005097500004012545,0.07282142862875064,25
german_credit,credit approval,19,7,0.0,immutable_top3_l1,leaf_centroid,70,0.5142857142857142,0.5142857142857142,0.0,2.0970279493547124,2.9722222222222223,1.0,0.02676689999680093,0.38238428566858473,25
german_credit,credit approval,19,7,0.0,immutable_top3_l1,raw_leaf_projection,70,0.6571428571428571,0.6571428571428571,0.0,0.2985132457100125,1.0,1.0,0.004847400001381175,0.0692485714483025,25
german_credit,credit approval,19,7,0.0,immutable_top3_l1,clbr,70,0.8428571428571429,0.6571428571428571,0.18571428571428572,0.5488452018163765,1.4067796610169492,1.0,0.011895099999492231,0.16992999999274616,25
german_credit,credit approval,19,7,0.0,immutable_top3_l1,metric_leaf_projection,70,0.6714285714285714,0.6714285714285714,0.0,0.13569187309688244,1.0212765957446808,1.0,0.004533800000899646,0.06476857144142352,25
german_credit,credit approval,19,7,0.0,immutable_top3_l1,metric_clbr,70,0.8571428571428571,0.6714285714285714,0.18571428571428572,0.3613131929199841,1.4166666666666667,1.0,0.011106399996606342,0.1586628570943763,25
german_credit,credit approval,19,7,0.0,immutable_top3_l1,exact_leaf,70,0.9714285714285714,0.9714285714285714,0.0,0.25156084153835884,1.0294117647058822,1.0,0.08394550000139134,1.1992214285913048,25
german_credit,credit approval,19,7,0.0,immutable_top3_l1,exact_leaf_cached,70,0.9714285714285714,0.9714285714285714,0.0,0.25156084153835884,1.0294117647058822,1.0,0.01056180000432505,0.1508828572046436,25
german_credit,credit approval,19,7,0.0,immutable_top3_l1,native_exact_k_sparse,70,1.0,1.0,0.0,0.268517213128989,1.042857142857143,1.0,0.00964510000358132,0.13778714290830457,25
german_credit,credit approval,19,7,0.0,immutable_top3_l1,clbr_uncached,70,0.8428571428571429,0.6571428571428571,0.18571428571428572,0.5488452018163765,1.4067796610169492,1.0,0.017637700001614576,0.2519671428802082,25
german_credit,credit approval,29,7,0.0,free_l2,nn_positive_train,97,1.0,1.0,0.0,2.913248934092851,4.814432989690721,0.09278350515463918,0.007226600001558836,0.07450103094390553,26
german_credit,credit approval,29,7,0.0,free_l2,leaf_centroid,97,1.0,1.0,0.0,3.026713470255813,6.711340206185567,0.0,0.03866540000672103,0.39861237120330956,26
german_credit,credit approval,29,7,0.0,free_l2,raw_leaf_projection,97,1.0,1.0,0.0,0.6570980640425285,1.1134020618556701,1.0,0.007481800002096861,0.07713195878450373,26
german_credit,credit approval,29,7,0.0,free_l2,clbr,97,1.0,1.0,0.0,0.6570980640425285,1.1134020618556701,1.0,0.006248699997740914,0.06441958760557644,26
german_credit,credit approval,29,7,0.0,free_l2,metric_leaf_projection,97,1.0,1.0,0.0,0.15141120415637405,1.0309278350515463,1.0,0.006250300007195619,0.06443608254840845,26
german_credit,credit approval,29,7,0.0,free_l2,metric_clbr,97,1.0,1.0,0.0,0.15141120415637405,1.0309278350515463,1.0,0.006256699997720716,0.06450206183217233,26
german_credit,credit approval,29,7,0.0,free_l2,exact_leaf,97,1.0,1.0,0.0,0.15141120415637405,1.0309278350515463,1.0,0.12294889999975567,1.267514432987172,26
german_credit,credit approval,29,7,0.0,free_l2,exact_leaf_cached,97,1.0,1.0,0.0,0.15141120415637405,1.0309278350515463,1.0,0.014346200006912113,0.14789896914342385,26
german_credit,credit approval,29,7,0.0,free_l2,native_exact_k_sparse,97,1.0,1.0,0.0,0.15141120415637405,1.0309278350515463,1.0,0.014377499999682186,0.14822164948125965,26
german_credit,credit approval,29,7,0.0,free_l2,clbr_uncached,97,1.0,1.0,0.0,0.6570980640425285,1.1134020618556701,1.0,0.01546640000105981,0.15944742269133824,26
german_credit,credit approval,29,7,0.0,immutable_l2,nn_positive_train,97,0.7525773195876289,0.7525773195876289,0.0,2.2626147043371736,3.164383561643836,0.6301369863013698,0.007372700003543287,0.07600721653137409,26
german_credit,credit approval,29,7,0.0,immutable_l2,leaf_centroid,97,0.6907216494845361,0.6907216494845361,0.0,2.183102270897471,3.91044776119403,0.08955223880597014,0.03607139999894571,0.37187010308191454,26
german_credit,credit approval,29,7,0.0,immutable_l2,raw_leaf_projection,97,0.5979381443298969,0.5979381443298969,0.0,0.4572335561668706,1.103448275862069,1.0,0.006549300004735414,0.06751855674984963,26
german_credit,credit approval,29,7,0.0,immutable_l2,clbr,97,0.845360824742268,0.5979381443298969,0.24742268041237114,0.7562433616235942,1.6585365853658536,0.9024390243902439,0.019651100000373845,0.2025886597976685,26
german_credit,credit approval,29,7,0.0,immutable_l2,metric_leaf_projection,97,0.845360824742268,0.845360824742268,0.0,0.10113183132067767,1.0365853658536586,1.0,0.005880900005649892,0.0606278351097927,26
german_credit,credit approval,29,7,0.0,immutable_l2,metric_clbr,97,0.8969072164948454,0.845360824742268,0.05154639175257732,0.2158259276023228,1.1379310344827587,0.9885057471264368,0.008451699995021045,0.08713092778372211,26
german_credit,credit approval,29,7,0.0,immutable_l2,exact_leaf,97,1.0,1.0,0.0,0.27125480545929503,1.092783505154639,1.0,0.1148611999969944,1.1841360824432412,26
german_credit,credit approval,29,7,0.0,immutable_l2,exact_leaf_cached,97,1.0,1.0,0.0,0.27125480545929503,1.092783505154639,1.0,0.014315900000838155,0.1475865979467851,26
german_credit,credit approval,29,7,0.0,immutable_l2,native_exact_k_sparse,97,1.0,1.0,0.0,0.27125480545929503,1.092783505154639,1.0,0.013403900009507197,0.13818453618048657,26
german_credit,credit approval,29,7,0.0,immutable_l2,clbr_uncached,97,0.845360824742268,0.5979381443298969,0.24742268041237114,0.7562433616235942,1.6585365853658536,0.9024390243902439,0.02922790000320674,0.30131855673409014,26
german_credit,credit approval,29,7,0.0,immutable_top3_l1,nn_positive_train,97,0.7525773195876289,0.7525773195876289,0.0,2.5575978572528992,2.7945205479452055,1.0,0.0069403000043166685,0.07154948458058422,26
german_credit,credit approval,29,7,0.0,immutable_top3_l1,leaf_centroid,97,0.6804123711340206,0.6804123711340206,0.0,2.4041892001721457,2.984848484848485,1.0,0.035896799996407935,0.3700701030557519,26
german_credit,credit approval,29,7,0.0,immutable_top3_l1,raw_leaf_projection,97,0.5876288659793815,0.5876288659793815,0.0,0.5060739740471264,1.105263157894737,1.0,0.006697899997561763,0.06905051543878106,26
german_credit,credit approval,29,7,0.0,immutable_top3_l1,clbr,97,0.8350515463917526,0.5876288659793815,0.24742268041237114,0.8821837338303242,1.5679012345679013,1.0,0.019534399998519802,0.2013855669950495,26
german_credit,credit approval,29,7,0.0,immutable_top3_l1,metric_leaf_projection,97,0.845360824742268,0.845360824742268,0.0,0.10313010272556924,1.0365853658536586,1.0,0.006438099999286351,0.0663721649410964,26
german_credit,credit approval,29,7,0.0,immutable_top3_l1,metric_clbr,97,0.8969072164948454,0.845360824742268,0.05154639175257732,0.24335512539634774,1.1264367816091954,1.0,0.00923880000209465,0.09524536084633659,26
german_credit,credit approval,29,7,0.0,immutable_top3_l1,exact_leaf,97,1.0,1.0,0.0,0.30570533396476457,1.092783505154639,1.0,0.11924829999497888,1.229363917474009,26
german_credit,credit approval,29,7,0.0,immutable_top3_l1,exact_leaf_cached,97,1.0,1.0,0.0,0.30570533396476457,1.092783505154639,1.0,0.013686400003280141,0.14109690725031074,26
german_credit,credit approval,29,7,0.0,immutable_top3_l1,native_exact_k_sparse,97,1.0,1.0,0.0,0.30570533396476457,1.092783505154639,1.0,0.013892999999370659,0.1432268041172233,26
german_credit,credit approval,29,7,0.0,immutable_top3_l1,clbr_uncached,97,0.8350515463917526,0.5876288659793815,0.24742268041237114,0.8821837338303242,1.5679012345679013,1.0,0.028393099994900695,0.2927123710814505,26
german_credit,credit approval,37,7,0.0,free_l2,nn_positive_train,71,1.0,1.0,0.0,2.84179999660876,4.71830985915493,0.09859154929577464,0.005679200001395657,0.07998873241402334,24
german_credit,credit approval,37,7,0.0,free_l2,leaf_centroid,71,1.0,1.0,0.0,2.7720678561239853,6.549295774647887,0.0,0.027720600000975537,0.3904309859292329,24
german_credit,credit approval,37,7,0.0,free_l2,raw_leaf_projection,71,1.0,1.0,0.0,0.7557337387630798,1.267605633802817,1.0,0.00545330000204558,0.07680704228233212,24
german_credit,credit approval,37,7,0.0,free_l2,clbr,71,1.0,1.0,0.0,0.7557337387630798,1.267605633802817,1.0,0.005044199998337717,0.07104507039912278,24
german_credit,credit approval,37,7,0.0,free_l2,metric_leaf_projection,71,1.0,1.0,0.0,0.1854938431052976,1.1126760563380282,1.0,0.0050719000082608545,0.0714352113839557,24
german_credit,credit approval,37,7,0.0,free_l2,metric_clbr,71,1.0,1.0,0.0,0.1854938431052976,1.1126760563380282,1.0,0.004791299997123133,0.06748309855103005,24
german_credit,credit approval,37,7,0.0,free_l2,exact_leaf,71,1.0,1.0,0.0,0.1854938431052976,1.1126760563380282,1.0,0.08852490000117541,1.2468295774813438,24
german_credit,credit approval,37,7,0.0,free_l2,exact_leaf_cached,71,1.0,1.0,0.0,0.1854938431052976,1.1126760563380282,1.0,0.01109269999415119,0.156235211185228,24
german_credit,credit approval,37,7,0.0,free_l2,native_exact_k_sparse,71,1.0,1.0,0.0,0.1854938431052976,1.1126760563380282,1.0,0.010148100001060811,0.14293098593043396,24
german_credit,credit approval,37,7,0.0,free_l2,clbr_uncached,71,1.0,1.0,0.0,0.7557337387630798,1.267605633802817,1.0,0.01117799999883573,0.1574366197019117,24
german_credit,credit approval,37,7,0.0,immutable_l2,nn_positive_train,71,0.5352112676056338,0.5352112676056338,0.0,1.6419732821143362,2.6842105263157894,0.8421052631578947,0.005002499993679521,0.07045774638985242,24
german_credit,credit approval,37,7,0.0,immutable_l2,leaf_centroid,71,0.7323943661971831,0.7323943661971831,0.0,1.8942991156259188,3.9038461538461537,0.09615384615384616,0.024184299998523784,0.34062394364118004,24
german_credit,credit approval,37,7,0.0,immutable_l2,raw_leaf_projection,71,0.352112676056338,0.352112676056338,0.0,0.5778690380259683,1.12,1.0,0.004628400002729904,0.06518873243281556,24
german_credit,credit approval,37,7,0.0,immutable_l2,clbr,71,0.5774647887323944,0.352112676056338,0.22535211267605634,0.7044300468087598,1.7804878048780488,0.926829268292683,0.013307300001542899,0.18742676058511126,24
german_credit,credit approval,37,7,0.0,immutable_l2,metric_leaf_projection,71,0.5915492957746479,0.5915492957746479,0.0,0.2129471145299615,1.0476190476190477,1.0,0.004245499992975965,0.05979577454895726,24
german_credit,credit approval,37,7,0.0,immutable_l2,metric_clbr,71,0.7323943661971831,0.5915492957746479,0.14084507042253522,0.30393397437443653,1.3461538461538463,0.9807692307692307,0.010251200004859129,0.14438309865998772,24
german_credit,credit approval,37,7,0.0,immutable_l2,exact_leaf,71,1.0,1.0,0.0,0.5204379319970562,1.056338028169014,1.0,0.07755880000058823,1.0923774647970175,24
german_credit,credit approval,37,7,0.0,immutable_l2,exact_leaf_cached,71,1.0,1.0,0.0,0.5204379319970562,1.056338028169014,1.0,0.010230599998976686,0.144092957732066,24
german_credit,credit approval,37,7,0.0,immutable_l2,native_exact_k_sparse,71,1.0,1.0,0.0,0.5204379319970562,1.056338028169014,1.0,0.009739199997056858,0.13717183094446278,24
german_credit,credit approval,37,7,0.0,immutable_l2,clbr_uncached,71,0.5774647887323944,0.352112676056338,0.22535211267605634,0.7044300468087598,1.7804878048780488,0.926829268292683,0.01980139999614039,0.27889295769211814,24
german_credit,credit approval,37,7,0.0,immutable_top3_l1,nn_positive_train,71,0.5352112676056338,0.5352112676056338,0.0,1.965676196972561,2.526315789473684,1.0,0.0052362000051289215,0.07374929584688622,24
german_credit,credit approval,37,7,0.0,immutable_top3_l1,leaf_centroid,71,0.676056338028169,0.676056338028169,0.0,2.2804808439034945,3.0,1.0,0.02437999999983731,0.34338028168784945,24
german_credit,credit approval,37,7,0.0,immutable_top3_l1,raw_leaf_projection,71,0.28169014084507044,0.28169014084507044,0.0,0.5967247666366509,1.15,1.0,0.004893100001027051,0.0689169014229162,24
german_credit,credit approval,37,7,0.0,immutable_top3_l1,clbr,71,0.5352112676056338,0.28169014084507044,0.2535211267605634,0.9115645433223207,1.868421052631579,1.0,0.015337400000134949,0.21601971831175984,24
german_credit,credit approval,37,7,0.0,immutable_top3_l1,metric_leaf_projection,71,0.5774647887323944,0.5774647887323944,0.0,0.21802945564898532,1.024390243902439,1.0,0.004363799997008755,0.0614619717888557,24
german_credit,credit approval,37,7,0.0,immutable_top3_l1,metric_clbr,71,0.7183098591549296,0.5774647887323944,0.14084507042253522,0.33019108834440347,1.3137254901960784,1.0,0.009915000001456065,0.1396478873444516,24
german_credit,credit approval,37,7,0.0,immutable_top3_l1,exact_leaf,71,0.971830985915493,0.971830985915493,0.0,0.5443073554635336,1.0434782608695652,1.0,0.07484460000159743,1.0541492957971468,24
german_credit,credit approval,37,7,0.0,immutable_top3_l1,exact_leaf_cached,71,0.971830985915493,0.971830985915493,0.0,0.5443073554635336,1.0434782608695652,1.0,0.009557300000778923,0.13460985916590032,24
german_credit,credit approval,37,7,0.0,immutable_top3_l1,native_exact_k_sparse,71,1.0,1.0,0.0,0.5417083900513986,1.0422535211267605,1.0,0.009492200002569007,0.13369295778266208,24
german_credit,credit approval,37,7,0.0,immutable_top3_l1,clbr_uncached,71,0.5352112676056338,0.28169014084507044,0.2535211267605634,0.9115645433223207,1.868421052631579,1.0,0.020630499999242602,0.2905704225245437,24
german_credit,credit approval,41,7,0.0,free_l2,nn_positive_train,49,1.0,1.0,0.0,3.2255998274511852,4.836734693877551,0.10204081632653061,0.0040977000035127276,0.08362653068393322,26
german_credit,credit approval,41,7,0.0,free_l2,leaf_centroid,49,1.0,1.0,0.0,3.008037937559913,6.612244897959184,0.0,0.018984600001203944,0.3874408163511009,26
german_credit,credit approval,41,7,0.0,free_l2,raw_leaf_projection,49,1.0,1.0,0.0,0.5396388962847641,1.1224489795918366,1.0,0.003649100002803607,0.07447142862864504,26
german_credit,credit approval,41,7,0.0,free_l2,clbr,49,1.0,1.0,0.0,0.5396388962847641,1.1224489795918366,1.0,0.0033904000010807067,0.06919183675674911,26
german_credit,credit approval,41,7,0.0,free_l2,metric_leaf_projection,49,1.0,1.0,0.0,0.22408128502578226,1.0204081632653061,1.0,0.0032213000022238703,0.06574081637191571,26
german_credit,credit approval,41,7,0.0,free_l2,metric_clbr,49,1.0,1.0,0.0,0.22408128502578226,1.0204081632653061,1.0,0.0035975000055259443,0.07341836745971315,26
german_credit,credit approval,41,7,0.0,free_l2,exact_leaf,49,1.0,1.0,0.0,0.22408128502578226,1.0204081632653061,1.0,0.06272270000408753,1.2800551021242352,26
german_credit,credit approval,41,7,0.0,free_l2,exact_leaf_cached,49,1.0,1.0,0.0,0.22408128502578226,1.0204081632653061,1.0,0.007513300000027812,0.15333265306179208,26
german_credit,credit approval,41,7,0.0,free_l2,native_exact_k_sparse,49,1.0,1.0,0.0,0.22408128502578226,1.0204081632653061,1.0,0.007334400000218011,0.14968163265751042,26
german_credit,credit approval,41,7,0.0,free_l2,clbr_uncached,49,1.0,1.0,0.0,0.5396388962847641,1.1224489795918366,1.0,0.00786969999808207,0.16060612240983815,26
german_credit,credit approval,41,7,0.0,immutable_l2,nn_positive_train,49,0.5102040816326531,0.5102040816326531,0.0,2.319126907088537,2.92,0.8,0.0038512000037371763,0.07859591844361584,26
german_credit,credit approval,41,7,0.0,immutable_l2,leaf_centroid,49,0.7959183673469388,0.7959183673469388,0.0,2.1712938547617036,3.769230769230769,0.23076923076923078,0.019602999999733584,0.4000612244843588,26
german_credit,credit approval,41,7,0.0,immutable_l2,raw_leaf_projection,49,0.3673469387755102,0.3673469387755102,0.0,0.7044945611321707,1.0555555555555556,1.0,0.0035975000009784708,0.07341836736690757,26
german_credit,credit approval,41,7,0.0,immutable_l2,clbr,49,0.6530612244897959,0.3673469387755102,0.2857142857142857,0.9059808312835057,1.84375,0.90625,0.011803899999904388,0.24089591836539567,26
german_credit,credit approval,41,7,0.0,immutable_l2,metric_leaf_projection,49,0.6122448979591837,0.6122448979591837,0.0,0.22462539559408087,1.0,1.0,0.003370399992491002,0.06878367331614291,26
german_credit,credit approval,41,7,0.0,immutable_l2,metric_clbr,49,0.7551020408163265,0.6122448979591837,0.14285714285714285,0.3650159828148949,1.4054054054054055,0.9459459459459459,0.00763979999737785,0.15591428566077245,26
german_credit,credit approval,41,7,0.0,immutable_l2,exact_leaf,49,1.0,1.0,0.0,0.4438830121166068,1.1224489795918366,1.0,0.06089329999849724,1.2427204081325967,26
german_credit,credit approval,41,7,0.0,immutable_l2,exact_leaf_cached,49,1.0,1.0,0.0,0.4438830121166068,1.1224489795918366,1.0,0.007488000000194006,0.15281632653457156,26
german_credit,credit approval,41,7,0.0,immutable_l2,native_exact_k_sparse,49,1.0,1.0,0.0,0.4438830121166068,1.1224489795918366,1.0,0.00723150000339956,0.14758163272244001,26
german_credit,credit approval,41,7,0.0,immutable_l2,clbr_uncached,49,0.6530612244897959,0.3673469387755102,0.2857142857142857,0.9059808312835057,1.84375,0.90625,0.016688400004568393,0.34057959192996723,26
german_credit,credit approval,41,7,0.0,immutable_top3_l1,nn_positive_train,49,0.5306122448979592,0.5306122448979592,0.0,2.944879754504473,2.730769230769231,1.0,0.0038563999960388173,0.07870204073548606,26
german_credit,credit approval,41,7,0.0,immutable_top3_l1,leaf_centroid,49,0.7142857142857143,0.7142857142857143,0.0,2.7463422828518,2.914285714285714,1.0,0.01870619999772316,0.3817591836270033,26
german_credit,credit approval,41,7,0.0,immutable_top3_l1,raw_leaf_projection,49,0.2653061224489796,0.2653061224489796,0.0,0.6284203951732349,1.0,1.0,0.003448200001002988,0.07037142859189771,26
german_credit,credit approval,41,7,0.0,immutable_top3_l1,clbr,49,0.5714285714285714,0.2653061224489796,0.30612244897959184,1.0113372557669702,1.8928571428571428,1.0,0.01140160000159085,0.2326857143181806,26
german_credit,credit approval,41,7,0.0,immutable_top3_l1,metric_leaf_projection,49,0.6122448979591837,0.6122448979591837,0.0,0.22462539559408087,1.0,1.0,0.0031793999987712596,0.06488571426063795,26
german_credit,credit approval,41,7,0.0,immutable_top3_l1,metric_clbr,49,0.7551020408163265,0.6122448979591837,0.14285714285714285,0.4089943278940217,1.3513513513513513,1.0,0.007496199999877717,0.15298367346689218,26
german_credit,credit approval,41,7,0.0,immutable_top3_l1,exact_leaf,49,1.0,1.0,0.0,0.48150681948716584,1.0,1.0,0.05766000000494387,1.1767346939784462,26
german_credit,credit approval,41,7,0.0,immutable_top3_l1,exact_leaf_cached,49,1.0,1.0,0.0,0.48150681948716584,1.0,1.0,0.0067265999960000045,0.1372775509387756,26
german_credit,credit approval,41,7,0.0,immutable_top3_l1,native_exact_k_sparse,49,1.0,1.0,0.0,0.47518417712440714,1.0,1.0,0.006418699998903321,0.1309938775286392,26
german_credit,credit approval,41,7,0.0,immutable_top3_l1,clbr_uncached,49,0.5714285714285714,0.2653061224489796,0.30612244897959184,1.0113372557669702,1.8928571428571428,1.0,0.016856299997016322,0.3440061223880882,26
german_credit,credit approval,53,7,0.0,free_l2,nn_positive_train,60,1.0,1.0,0.0,2.9889918477756803,4.933333333333334,0.08333333333333333,0.004567599998154037,0.07612666663590062,23
german_credit,credit approval,53,7,0.0,free_l2,leaf_centroid,60,1.0,1.0,0.0,2.9637187735714403,6.366666666666666,0.0,0.019877400001860224,0.33129000003100373,23
german_credit,credit approval,53,7,0.0,free_l2,raw_leaf_projection,60,1.0,1.0,0.0,0.6215714462330657,1.2166666666666666,1.0,0.003968899999563291,0.06614833332605485,23
german_credit,credit approval,53,7,0.0,free_l2,clbr,60,1.0,1.0,0.0,0.6215714462330657,1.2166666666666666,1.0,0.00402499999745487,0.0670833332909145,23
german_credit,credit approval,53,7,0.0,free_l2,metric_leaf_projection,60,1.0,1.0,0.0,0.347632172531326,1.1666666666666667,1.0,0.003914500000973931,0.06524166668289884,23
german_credit,credit approval,53,7,0.0,free_l2,metric_clbr,60,1.0,1.0,0.0,0.347632172531326,1.1666666666666667,1.0,0.0038805000003776513,0.06467500000629418,23
german_credit,credit approval,53,7,0.0,free_l2,exact_leaf,60,1.0,1.0,0.0,0.347632172531326,1.1666666666666667,1.0,0.06488470000022062,1.0814116666703437,23
german_credit,credit approval,53,7,0.0,free_l2,exact_leaf_cached,60,1.0,1.0,0.0,0.347632172531326,1.1666666666666667,1.0,0.009093299996493442,0.15155499994155738,23
german_credit,credit approval,53,7,0.0,free_l2,native_exact_k_sparse,60,1.0,1.0,0.0,0.347632172531326,1.1666666666666667,1.0,0.008388999998715008,0.13981666664525014,23
german_credit,credit approval,53,7,0.0,free_l2,clbr_uncached,60,1.0,1.0,0.0,0.6215714462330657,1.2166666666666666,1.0,0.008329500000400003,0.13882500000666673,23
german_credit,credit approval,53,7,0.0,immutable_l2,nn_positive_train,60,0.6833333333333333,0.6833333333333333,0.0,2.048090869189623,3.024390243902439,0.7317073170731707,0.004437999999936437,0.07396666666560729,23
german_credit,credit approval,53,7,0.0,immutable_l2,leaf_centroid,60,0.4666666666666667,0.4666666666666667,0.0,2.040051609539288,3.9642857142857144,0.03571428571428571,0.021644399997057917,0.3607399999509653,23
german_credit,credit approval,53,7,0.0,immutable_l2,raw_leaf_projection,60,0.6666666666666666,0.6666666666666666,0.0,0.6285163245436867,1.15,1.0,0.004227900004480034,0.07046500007466723,23
german_credit,credit approval,53,7,0.0,immutable_l2,clbr,60,0.75,0.6666666666666666,0.08333333333333333,0.7313712575076903,1.4,0.9555555555555556,0.008451099998637801,0.14085166664396334,23
german_credit,credit approval,53,7,0.0,immutable_l2,metric_leaf_projection,60,0.55,0.55,0.0,0.3113708863514404,1.0303030303030303,1.0,0.003865900001983391,0.06443166669972318,23
german_credit,credit approval,53,7,0.0,immutable_l2,metric_clbr,60,0.7666666666666667,0.55,0.21666666666666667,0.5428019880788725,1.5869565217391304,0.9347826086956522,0.011155900002449926,0.18593166670749875,23
german_credit,credit approval,53,7,0.0,immutable_l2,exact_leaf,60,1.0,1.0,0.0,0.6473499355273288,1.1333333333333333,1.0,0.06769450000683719,1.1282416667806199,23
german_credit,credit approval,53,7,0.0,immutable_l2,exact_leaf_cached,60,1.0,1.0,0.0,0.6473499355273288,1.1333333333333333,1.0,0.00850809999883495,0.14180166664724916,23
german_credit,credit approval,53,7,0.0,immutable_l2,native_exact_k_sparse,60,1.0,1.0,0.0,0.6473499355273288,1.1333333333333333,1.0,0.008382700008041866,0.13971166680069777,23
german_credit,credit approval,53,7,0.0,immutable_l2,clbr_uncached,60,0.75,0.6666666666666666,0.08333333333333333,0.7313712575076903,1.4,0.9555555555555556,0.0122244000003775,0.20374000000629167,23
german_credit,credit approval,53,7,0.0,immutable_top3_l1,nn_positive_train,60,0.6833333333333333,0.6833333333333333,0.0,2.4181283684290893,2.7560975609756095,1.0,0.004855299998780538,0.0809216666463423,23
german_credit,credit approval,53,7,0.0,immutable_top3_l1,leaf_centroid,60,0.45,0.45,0.0,2.5316467866160246,3.0,1.0,0.021499900002709182,0.3583316667118197,23
german_credit,credit approval,53,7,0.0,immutable_top3_l1,raw_leaf_projection,60,0.4166666666666667,0.4166666666666667,0.0,0.5673268854593775,1.24,1.0,0.004377499996735423,0.07295833327892372,23
german_credit,credit approval,53,7,0.0,immutable_top3_l1,clbr,60,0.7333333333333333,0.4166666666666667,0.31666666666666665,0.8623391807460984,1.8409090909090908,1.0,0.013322599995262863,0.22204333325438105,23
german_credit,credit approval,53,7,0.0,immutable_top3_l1,metric_leaf_projection,60,0.6,0.6,0.0,0.3402735667193578,1.0277777777777777,1.0,0.003944699999010481,0.06574499998350802,23
german_credit,credit approval,53,7,0.0,immutable_top3_l1,metric_clbr,60,0.7833333333333333,0.6,0.18333333333333332,0.588155685488089,1.425531914893617,1.0,0.010025800001130847,0.16709666668551412,23
german_credit,credit approval,53,7,0.0,immutable_top3_l1,exact_leaf,60,0.9833333333333333,0.9833333333333333,0.0,0.7425853214048134,1.1355932203389831,1.0,0.06424390000483982,1.0707316667473303,23
german_credit,credit approval,53,7,0.0,immutable_top3_l1,exact_leaf_cached,60,0.9833333333333333,0.9833333333333333,0.0,0.7425853214048134,1.1355932203389831,1.0,0.00920279999718332,0.15337999995305532,23
german_credit,credit approval,53,7,0.0,immutable_top3_l1,native_exact_k_sparse,60,1.0,1.0,0.0,0.7318038064259118,1.1333333333333333,1.0,0.008279500003482099,0.13799166672470164,23
german_credit,credit approval,53,7,0.0,immutable_top3_l1,clbr_uncached,60,0.7333333333333333,0.4166666666666667,0.31666666666666665,0.8623391807460984,1.8409090909090908,1.0,0.020273700003599515,0.3378950000599919,23
german_credit,credit approval,61,7,0.0,free_l2,nn_positive_train,60,1.0,1.0,0.0,2.8042586656533683,4.783333333333333,0.06666666666666667,0.0041463999996267376,0.06910666666044563,28
german_credit,credit approval,61,7,0.0,free_l2,leaf_centroid,60,1.0,1.0,0.0,2.6546138089108995,6.416666666666667,0.0,0.022969199994804512,0.38281999991340854,28
german_credit,credit approval,61,7,0.0,free_l2,raw_leaf_projection,60,1.0,1.0,0.0,0.8097375974293349,1.0833333333333333,1.0,0.004067700006999075,0.06779500011665125,28
german_credit,credit approval,61,7,0.0,free_l2,clbr,60,1.0,1.0,0.0,0.8097375974293349,1.0833333333333333,1.0,0.0035667999982251786,0.05944666663708631,28
german_credit,credit approval,61,7,0.0,free_l2,metric_leaf_projection,60,1.0,1.0,0.0,0.3123875959942761,1.05,1.0,0.0036081000089325244,0.060135000148875406,28
german_credit,credit approval,61,7,0.0,free_l2,metric_clbr,60,1.0,1.0,0.0,0.3123875959942761,1.05,1.0,0.0035795000003417954,0.05965833333902992,28
german_credit,credit approval,61,7,0.0,free_l2,exact_leaf,60,1.0,1.0,0.0,0.3123875959942761,1.05,1.0,0.07537560000127996,1.2562600000213326,28
german_credit,credit approval,61,7,0.0,free_l2,exact_leaf_cached,60,1.0,1.0,0.0,0.3123875959942761,1.05,1.0,0.00951379999605706,0.15856333326761765,28
german_credit,credit approval,61,7,0.0,free_l2,native_exact_k_sparse,60,1.0,1.0,0.0,0.3123875959942761,1.05,1.0,0.00773169999683887,0.12886166661398116,28
german_credit,credit approval,61,7,0.0,free_l2,clbr_uncached,60,1.0,1.0,0.0,0.8097375974293349,1.0833333333333333,1.0,0.010016399994128733,0.16693999990214556,28
german_credit,credit approval,61,7,0.0,immutable_l2,nn_positive_train,60,0.6833333333333333,0.6833333333333333,0.0,2.078869189592527,3.1219512195121952,0.6585365853658537,0.004634899998563924,0.07724833330939873,28
german_credit,credit approval,61,7,0.0,immutable_l2,leaf_centroid,60,0.6833333333333333,0.6833333333333333,0.0,1.9731941892936549,3.902439024390244,0.0975609756097561,0.026295900002878625,0.4382650000479771,28
german_credit,credit approval,61,7,0.0,immutable_l2,raw_leaf_projection,60,0.36666666666666664,0.36666666666666664,0.0,0.623385421344669,1.0,1.0,0.00456170000416023,0.0760283334026705,28
german_credit,credit approval,61,7,0.0,immutable_l2,clbr,60,0.8,0.36666666666666664,0.43333333333333335,0.958707147597539,2.1666666666666665,0.8125,0.01717620000090392,0.2862700000150653,28
german_credit,credit approval,61,7,0.0,immutable_l2,metric_leaf_projection,60,0.8666666666666667,0.8666666666666667,0.0,0.3460257886459329,1.0192307692307692,1.0,0.003966099995523109,0.06610166659205181,28
german_credit,credit approval,61,7,0.0,immutable_l2,metric_clbr,60,0.9,0.8666666666666667,0.03333333333333333,0.4329228691162703,1.1111111111111112,0.9814814814814815,0.005399399998168519,0.08998999996947532,28
german_credit,credit approval,61,7,0.0,immutable_l2,exact_leaf,60,1.0,1.0,0.0,0.3396100929776534,1.0166666666666666,1.0,0.07577390000642481,1.2628983334404136,28
german_credit,credit approval,61,7,0.0,immutable_l2,exact_leaf_cached,60,1.0,1.0,0.0,0.3396100929776534,1.0166666666666666,1.0,0.00890119999894523,0.14835333331575384,28
german_credit,credit approval,61,7,0.0,immutable_l2,native_exact_k_sparse,60,1.0,1.0,0.0,0.3396100929776534,1.0166666666666666,1.0,0.007915400003184914,0.13192333338641524,28
german_credit,credit approval,61,7,0.0,immutable_l2,clbr_uncached,60,0.8,0.36666666666666664,0.43333333333333335,0.958707147597539,2.1666666666666665,0.8125,0.025771399999939604,0.42952333333232673,28
german_credit,credit approval,61,7,0.0,immutable_top3_l1,nn_positive_train,60,0.6833333333333333,0.6833333333333333,0.0,2.454568557259655,2.7804878048780486,1.0,0.004144200001064746,0.06907000001774577,28
german_credit,credit approval,61,7,0.0,immutable_top3_l1,leaf_centroid,60,0.65,0.65,0.0,2.406253332854842,2.948717948717949,1.0,0.023462299999664538,0.3910383333277423,28
german_credit,credit approval,61,7,0.0,immutable_top3_l1,raw_leaf_projection,60,0.36666666666666664,0.36666666666666664,0.0,0.623385421344669,1.0,1.0,0.003984100003435742,0.06640166672392904,28
german_credit,credit approval,61,7,0.0,immutable_top3_l1,clbr,60,0.8,0.36666666666666664,0.43333333333333335,1.1665199033960478,1.9791666666666667,1.0,0.016916700001274876,0.28194500002124795,28
german_credit,credit approval,61,7,0.0,immutable_top3_l1,metric_leaf_projection,60,0.8833333333333333,0.8833333333333333,0.0,0.353956936703867,1.0188679245283019,1.0,0.0037352999970607925,0.06225499995101321,28
german_credit,credit approval,61,7,0.0,immutable_top3_l1,metric_clbr,60,0.9,0.8833333333333333,0.016666666666666666,0.412761170253054,1.0555555555555556,1.0,0.004398599998239661,0.07330999997066101,28
german_credit,credit approval,61,7,0.0,immutable_top3_l1,exact_leaf,60,1.0,1.0,0.0,0.3490017552640303,1.0166666666666666,1.0,0.07740609999927983,1.2901016666546639,28
german_credit,credit approval,61,7,0.0,immutable_top3_l1,exact_leaf_cached,60,1.0,1.0,0.0,0.3490017552640303,1.0166666666666666,1.0,0.008427000001574925,0.14045000002624874,28
german_credit,credit approval,61,7,0.0,immutable_top3_l1,native_exact_k_sparse,60,1.0,1.0,0.0,0.3490017552640303,1.0166666666666666,1.0,0.008415699998295167,0.1402616666382528,28
german_credit,credit approval,61,7,0.0,immutable_top3_l1,clbr_uncached,60,0.8,0.36666666666666664,0.43333333333333335,1.1665199033960478,1.9791666666666667,1.0,0.024559300000873918,0.409321666681232,28
german_credit,credit approval,73,7,0.0,free_l2,nn_positive_train,75,1.0,1.0,0.0,2.9808957349430654,4.72,0.09333333333333334,0.005391800005781988,0.07189066674375984,21
german_credit,credit approval,73,7,0.0,free_l2,leaf_centroid,75,1.0,1.0,0.0,3.1500556320829864,6.546666666666667,0.0,0.02401670000563172,0.32022266674175626,21
german_credit,credit approval,73,7,0.0,free_l2,raw_leaf_projection,75,1.0,1.0,0.0,0.7819558004414572,1.12,1.0,0.0049279000058959355,0.0657053334119458,21
german_credit,credit approval,73,7,0.0,free_l2,clbr,75,1.0,1.0,0.0,0.7819558004414572,1.12,1.0,0.004684800000177347,0.06246400000236463,21
german_credit,credit approval,73,7,0.0,free_l2,metric_leaf_projection,75,1.0,1.0,0.0,0.31155379694012814,1.08,1.0,0.004870400000982045,0.0649386666797606,21
german_credit,credit approval,73,7,0.0,free_l2,metric_clbr,75,1.0,1.0,0.0,0.31155379694012814,1.08,1.0,0.004604799998560338,0.061397333314137846,21
german_credit,credit approval,73,7,0.0,free_l2,exact_leaf,75,1.0,1.0,0.0,0.31155379694012814,1.08,1.0,0.07542789999570232,1.0057053332760308,21
german_credit,credit approval,73,7,0.0,free_l2,exact_leaf_cached,75,1.0,1.0,0.0,0.31155379694012814,1.08,1.0,0.010849399997823639,0.1446586666376485,21
german_credit,credit approval,73,7,0.0,free_l2,native_exact_k_sparse,75,1.0,1.0,0.0,0.31155379694012814,1.08,1.0,0.010039700000561425,0.13386266667415234,21
german_credit,credit approval,73,7,0.0,free_l2,clbr_uncached,75,1.0,1.0,0.0,0.7819558004414572,1.12,1.0,0.010793800003739307,0.14391733338319077,21
german_credit,credit approval,73,7,0.0,immutable_l2,nn_positive_train,75,0.56,0.56,0.0,1.8401469530985122,2.9047619047619047,0.8095238095238095,0.005622200002108002,0.07496266669477336,21
german_credit,credit approval,73,7,0.0,immutable_l2,leaf_centroid,75,0.4266666666666667,0.4266666666666667,0.0,2.0214480550552714,4.0,0.0,0.024633100002574793,0.3284413333676639,21
german_credit,credit approval,73,7,0.0,immutable_l2,raw_leaf_projection,75,0.49333333333333335,0.49333333333333335,0.0,0.5429861767400812,1.054054054054054,1.0,0.00519450000138022,0.06926000001840293,21
german_credit,credit approval,73,7,0.0,immutable_l2,clbr,75,0.64,0.49333333333333335,0.14666666666666667,0.6598905943876732,1.5416666666666667,0.9583333333333334,0.011850400002913375,0.15800533337217834,21
german_credit,credit approval,73,7,0.0,immutable_l2,metric_leaf_projection,75,0.8,0.8,0.0,0.1993019753089797,1.0166666666666666,1.0,0.004895300001408032,0.06527066668544042,21
german_credit,credit approval,73,7,0.0,immutable_l2,metric_clbr,75,0.8666666666666667,0.8,0.06666666666666667,0.2982556435484072,1.1692307692307693,1.0,0.008255099996858917,0.11006799995811889,21
german_credit,credit approval,73,7,0.0,immutable_l2,exact_leaf,75,1.0,1.0,0.0,0.5006013121261774,1.1466666666666667,1.0,0.07556479999948351,1.00753066665978,21
german_credit,credit approval,73,7,0.0,immutable_l2,exact_leaf_cached,75,1.0,1.0,0.0,0.5006013121261774,1.1466666666666667,1.0,0.01123920000372891,0.1498560000497188,21
german_credit,credit approval,73,7,0.0,immutable_l2,native_exact_k_sparse,75,1.0,1.0,0.0,0.5006013121261774,1.1466666666666667,1.0,0.01007960000060848,0.13439466667477973,21
german_credit,credit approval,73,7,0.0,immutable_l2,clbr_uncached,75,0.64,0.49333333333333335,0.14666666666666667,0.6598905943876732,1.5416666666666667,0.9583333333333334,0.017687199995634728,0.2358293332751297,21
german_credit,credit approval,73,7,0.0,immutable_top3_l1,nn_positive_train,75,0.56,0.56,0.0,2.158226209999062,2.7142857142857144,1.0,0.005359700001463352,0.07146266668617803,21
german_credit,credit approval,73,7,0.0,immutable_top3_l1,leaf_centroid,75,0.4,0.4,0.0,2.467486635262777,3.0,1.0,0.025697800002490112,0.34263733336653485,21
german_credit,credit approval,73,7,0.0,immutable_top3_l1,raw_leaf_projection,75,0.4666666666666667,0.4666666666666667,0.0,0.5278284866957895,1.0285714285714285,1.0,0.006211600001734041,0.08282133335645388,21
german_credit,credit approval,73,7,0.0,immutable_top3_l1,clbr,75,0.6266666666666667,0.4666666666666667,0.16,0.7787103879623282,1.5319148936170213,1.0,0.013452099999085476,0.17936133332113968,21
german_credit,credit approval,73,7,0.0,immutable_top3_l1,metric_leaf_projection,75,0.8,0.8,0.0,0.22098463864711923,1.0166666666666666,1.0,0.0050333000008322415,0.06711066667776322,21
german_credit,credit approval,73,7,0.0,immutable_top3_l1,metric_clbr,75,0.8666666666666667,0.8,0.06666666666666667,0.3747325794847909,1.1692307692307693,1.0,0.007855499992729165,0.10473999990305553,21
german_credit,credit approval,73,7,0.0,immutable_top3_l1,exact_leaf,75,1.0,1.0,0.0,0.593866915832437,1.1466666666666667,1.0,0.08249950000117678,1.0999933333490237,21
german_credit,credit approval,73,7,0.0,immutable_top3_l1,exact_leaf_cached,75,1.0,1.0,0.0,0.593866915832437,1.1466666666666667,1.0,0.011034600006496476,0.14712800008661966,21
german_credit,credit approval,73,7,0.0,immutable_top3_l1,native_exact_k_sparse,75,1.0,1.0,0.0,0.592281737169215,1.1466666666666667,1.0,0.010630300001139403,0.14173733334852537,21
german_credit,credit approval,73,7,0.0,immutable_top3_l1,clbr_uncached,75,0.6266666666666667,0.4666666666666667,0.16,0.7787103879623282,1.5319148936170213,1.0,0.021061300002656935,0.28081733336875914,21
german_credit,credit approval,89,7,0.0,free_l2,nn_positive_train,98,1.0,1.0,0.0,3.1065968047227805,4.8979591836734695,0.07142857142857142,0.007242799996674876,0.07390612241504975,22
german_credit,credit approval,89,7,0.0,free_l2,leaf_centroid,98,1.0,1.0,0.0,3.018126127642476,6.438775510204081,0.0,0.03224510000018199,0.3290316326549183,22
german_credit,credit approval,89,7,0.0,free_l2,raw_leaf_projection,98,1.0,1.0,0.0,0.301697106797887,1.1734693877551021,1.0,0.007040399998004432,0.07184081630616768,22
german_credit,credit approval,89,7,0.0,free_l2,clbr,98,1.0,1.0,0.0,0.301697106797887,1.1734693877551021,1.0,0.006230399993910396,0.06357551014194282,22
german_credit,credit approval,89,7,0.0,free_l2,metric_leaf_projection,98,1.0,1.0,0.0,0.1733187419302734,1.153061224489796,1.0,0.006483500002104847,0.06615816328678416,22
german_credit,credit approval,89,7,0.0,free_l2,metric_clbr,98,1.0,1.0,0.0,0.1733187419302734,1.153061224489796,1.0,0.006193199997142074,0.06319591833818443,22
german_credit,credit approval,89,7,0.0,free_l2,exact_leaf,98,1.0,1.0,0.0,0.1733187419302734,1.153061224489796,1.0,0.1065487000023495,1.0872316326770357,22
german_credit,credit approval,89,7,0.0,free_l2,exact_leaf_cached,98,1.0,1.0,0.0,0.1733187419302734,1.153061224489796,1.0,0.01349450000361685,0.13769897962874336,22
german_credit,credit approval,89,7,0.0,free_l2,native_exact_k_sparse,98,1.0,1.0,0.0,0.1733187419302734,1.153061224489796,1.0,0.013434500002404093,0.1370867347184091,22
german_credit,credit approval,89,7,0.0,free_l2,clbr_uncached,98,1.0,1.0,0.0,0.301697106797887,1.1734693877551021,1.0,0.013744200005021412,0.1402469388267491,22
german_credit,credit approval,89,7,0.0,immutable_l2,nn_positive_train,98,0.6224489795918368,0.6224489795918368,0.0,2.3396087218176045,3.1311475409836067,0.6721311475409836,0.007130399994821346,0.07275918362062597,22
german_credit,credit approval,89,7,0.0,immutable_l2,leaf_centroid,98,0.6020408163265306,0.6020408163265306,0.0,2.2901153373497887,3.694915254237288,0.3050847457627119,0.033766900005502976,0.3445602041377855,22
german_credit,credit approval,89,7,0.0,immutable_l2,raw_leaf_projection,98,0.35714285714285715,0.35714285714285715,0.0,0.24588606697947374,1.0,1.0,0.006745799996679125,0.06883469384366454,22
german_credit,credit approval,89,7,0.0,immutable_l2,clbr,98,0.7040816326530612,0.35714285714285715,0.3469387755102041,0.9105830185880457,2.130434782608696,0.8115942028985508,0.0265010999974038,0.2704193877286102,22
german_credit,credit approval,89,7,0.0,immutable_l2,metric_leaf_projection,98,0.5306122448979592,0.5306122448979592,0.0,0.12575953253757716,1.0,1.0,0.0063501999948130106,0.064797959130745,22
german_credit,credit approval,89,7,0.0,immutable_l2,metric_clbr,98,0.7755102040816326,0.5306122448979592,0.24489795918367346,0.6842073059699694,1.7236842105263157,0.868421052631579,0.020316600002843188,0.2073122449269713,22
german_credit,credit approval,89,7,0.0,immutable_l2,exact_leaf,98,1.0,1.0,0.0,0.5222891610830053,1.1020408163265305,1.0,0.11082789999636589,1.1308969387384273,22
german_credit,credit approval,89,7,0.0,immutable_l2,exact_leaf_cached,98,1.0,1.0,0.0,0.5222891610830053,1.1020408163265305,1.0,0.014601999997466919,0.14899999997415223,22
german_credit,credit approval,89,7,0.0,immutable_l2,native_exact_k_sparse,98,1.0,1.0,0.0,0.5222891610830053,1.1020408163265305,1.0,0.014607200002501486,0.14905306125001516,22
german_credit,credit approval,89,7,0.0,immutable_l2,clbr_uncached,98,0.7040816326530612,0.35714285714285715,0.3469387755102041,0.9105830185880457,2.130434782608696,0.8115942028985508,0.03533939999942959,0.36060612244315904,22
german_credit,credit approval,89,7,0.0,immutable_top3_l1,nn_positive_train,98,0.6224489795918368,0.6224489795918368,0.0,2.7639532736222496,2.80327868852459,1.0,0.007221500000923697,0.07368877551962956,22
german_credit,credit approval,89,7,0.0,immutable_top3_l1,leaf_centroid,98,0.5612244897959183,0.5612244897959183,0.0,2.741719638883265,2.9454545454545453,1.0,0.033527899987348064,0.3421214284423272,22
german_credit,credit approval,89,7,0.0,immutable_top3_l1,raw_leaf_projection,98,0.336734693877551,0.336734693877551,0.0,0.22728158583039892,1.0,1.0,0.007250599996950768,0.07398571425459968,22
german_credit,credit approval,89,7,0.0,immutable_top3_l1,clbr,98,0.6938775510204082,0.336734693877551,0.35714285714285715,1.0641050155127068,1.9705882352941178,1.0,0.02781699999832199,0.2838469387583876,22
german_credit,credit approval,89,7,0.0,immutable_top3_l1,metric_leaf_projection,98,0.5204081632653061,0.5204081632653061,0.0,0.12395121918744754,1.0,1.0,0.006379399994330015,0.06509591830948995,22
german_credit,credit approval,89,7,0.0,immutable_top3_l1,metric_clbr,98,0.7653061224489796,0.5204081632653061,0.24489795918367346,0.831447844729379,1.6,1.0,0.020159900004728115,0.2057132653543685,22
german_credit,credit approval,89,7,0.0,immutable_top3_l1,exact_leaf,98,0.9897959183673469,0.9897959183673469,0.0,0.5731225467227411,1.092783505154639,1.0,0.10577050000210875,1.0792908163480484,22
german_credit,credit approval,89,7,0.0,immutable_top3_l1,exact_leaf_cached,98,0.9897959183673469,0.9897959183673469,0.0,0.5731225467227411,1.092783505154639,1.0,0.014351699992403155,0.14644591828982811,22
german_credit,credit approval,89,7,0.0,immutable_top3_l1,native_exact_k_sparse,98,1.0,1.0,0.0,0.5537387891238547,1.0918367346938775,1.0,0.0152055999960794,0.15515918363346326,22
german_credit,credit approval,89,7,0.0,immutable_top3_l1,clbr_uncached,98,0.6938775510204082,0.336734693877551,0.35714285714285715,1.0641050155127068,1.9705882352941178,1.0,0.03647750000436645,0.37221938779965763,22
bank_marketing,marketing intervention,7,7,0.0,free_l2,nn_positive_train,200,1.0,1.0,0.0,3.1647452147661728,6.0,0.015,0.013433400003123097,0.06716700001561549,20
bank_marketing,marketing intervention,7,7,0.0,free_l2,leaf_centroid,200,1.0,1.0,0.0,2.979322990828888,6.79,0.0,0.09225000000333239,0.46125000001666194,20
bank_marketing,marketing intervention,7,7,0.0,free_l2,raw_leaf_projection,200,1.0,1.0,0.0,0.9732111754894666,1.855,1.0,0.012917299997752707,0.06458649998876353,20
bank_marketing,marketing intervention,7,7,0.0,free_l2,clbr,200,1.0,1.0,0.0,0.9732111754894666,1.855,1.0,0.012191900007564982,0.06095950003782491,20
bank_marketing,marketing intervention,7,7,0.0,free_l2,metric_leaf_projection,200,1.0,1.0,0.0,0.35812485781795245,1.61,1.0,0.012325300001975847,0.06162650000987924,20
bank_marketing,marketing intervention,7,7,0.0,free_l2,metric_clbr,200,1.0,1.0,0.0,0.35812485781795245,1.61,1.0,0.012379299993881432,0.06189649996940716,20
bank_marketing,marketing intervention,7,7,0.0,free_l2,exact_leaf,200,1.0,1.0,0.0,0.35812485781795245,1.61,1.0,0.18130509999718925,0.9065254999859462,20
bank_marketing,marketing intervention,7,7,0.0,free_l2,exact_leaf_cached,200,1.0,1.0,0.0,0.35812485781795245,1.61,1.0,0.02612230001250282,0.1306115000625141,20
bank_marketing,marketing intervention,7,7,0.0,free_l2,native_exact_k_sparse,200,1.0,1.0,0.0,0.35812485781795245,1.61,1.0,0.02494490000026417,0.12472450000132085,20
bank_marketing,marketing intervention,7,7,0.0,free_l2,clbr_uncached,200,1.0,1.0,0.0,0.9732111754894666,1.855,1.0,0.024850499995409336,0.12425249997704668,20
bank_marketing,marketing intervention,7,7,0.0,immutable_l2,nn_positive_train,200,0.695,0.695,0.0,1.4519601737917145,3.539568345323741,0.38848920863309355,0.01328480000483978,0.0664240000241989,20
bank_marketing,marketing intervention,7,7,0.0,immutable_l2,leaf_centroid,200,0.85,0.85,0.0,1.5491450713106036,3.9058823529411764,0.09411764705882353,0.09006160000353702,0.4503080000176851,20
bank_marketing,marketing intervention,7,7,0.0,immutable_l2,raw_leaf_projection,200,0.38,0.38,0.0,0.2968650381294092,1.368421052631579,1.0,0.013663500007169205,0.06831750003584602,20
bank_marketing,marketing intervention,7,7,0.0,immutable_l2,clbr,200,0.76,0.38,0.38,0.785498973675372,2.4473684210526314,0.6973684210526315,0.05097630000454956,0.2548815000227478,20
bank_marketing,marketing intervention,7,7,0.0,immutable_l2,metric_leaf_projection,200,0.93,0.93,0.0,0.359773968152193,1.564516129032258,1.0,0.01275180000175169,0.06375900000875845,20
bank_marketing,marketing intervention,7,7,0.0,immutable_l2,metric_clbr,200,0.975,0.93,0.045,0.3831805995135261,1.6512820512820512,0.9743589743589743,0.016404400004830677,0.08202200002415339,20
bank_marketing,marketing intervention,7,7,0.0,immutable_l2,exact_leaf,200,1.0,1.0,0.0,0.3668864655649491,1.565,1.0,0.18548129999271623,0.9274064999635812,20
bank_marketing,marketing intervention,7,7,0.0,immutable_l2,exact_leaf_cached,200,1.0,1.0,0.0,0.3668864655649491,1.565,1.0,0.029081500003485417,0.14540750001742708,20
bank_marketing,marketing intervention,7,7,0.0,immutable_l2,native_exact_k_sparse,200,1.0,1.0,0.0,0.3668864655649491,1.565,1.0,0.02725939999163529,0.13629699995817646,20
bank_marketing,marketing intervention,7,7,0.0,immutable_l2,clbr_uncached,200,0.76,0.38,0.38,0.785498973675372,2.4473684210526314,0.6973684210526315,0.06840970000394009,0.34204850001970044,20
bank_marketing,marketing intervention,7,7,0.0,immutable_top3_l1,nn_positive_train,200,0.69,0.69,0.0,1.4736864100072007,2.927536231884058,1.0,0.013225600006990135,0.06612800003495067,20
bank_marketing,marketing intervention,7,7,0.0,immutable_top3_l1,leaf_centroid,200,0.65,0.65,0.0,1.851995618854701,2.923076923076923,1.0,0.09091810001518752,0.4545905000759376,20
bank_marketing,marketing intervention,7,7,0.0,immutable_top3_l1,raw_leaf_projection,200,0.33,0.33,0.0,0.3423248815285734,1.4090909090909092,1.0,0.013099200003125588,0.06549600001562794,20
bank_marketing,marketing intervention,7,7,0.0,immutable_top3_l1,clbr,200,0.715,0.33,0.385,0.9242224631223038,2.2237762237762237,1.0,0.0520295999958762,0.260147999979381,20
bank_marketing,marketing intervention,7,7,0.0,immutable_top3_l1,metric_leaf_projection,200,0.88,0.88,0.0,0.44565138618431105,1.4147727272727273,1.0,0.012030400002004171,0.060152000010020856,20
bank_marketing,marketing intervention,7,7,0.0,immutable_top3_l1,metric_clbr,200,0.92,0.88,0.04,0.5267531082457884,1.4782608695652173,1.0,0.0168785999994725,0.0843929999973625,20
bank_marketing,marketing intervention,7,7,0.0,immutable_top3_l1,exact_leaf,200,0.995,0.995,0.0,0.448471347702818,1.407035175879397,1.0,0.1791371000063009,0.8956855000315045,20
bank_marketing,marketing intervention,7,7,0.0,immutable_top3_l1,exact_leaf_cached,200,0.995,0.995,0.0,0.448471347702818,1.407035175879397,1.0,0.026602800002365257,0.13301400001182628,20
bank_marketing,marketing intervention,7,7,0.0,immutable_top3_l1,native_exact_k_sparse,200,1.0,1.0,0.0,0.4399789877588873,1.405,1.0,0.02715169999464706,0.1357584999732353,20
bank_marketing,marketing intervention,7,7,0.0,immutable_top3_l1,clbr_uncached,200,0.715,0.33,0.385,0.9242224631223038,2.2237762237762237,1.0,0.06776819999868167,0.33884099999340833,20
bank_marketing,marketing intervention,13,7,0.0,free_l2,nn_positive_train,200,1.0,1.0,0.0,2.913977375955944,5.45,0.005,0.013569200007623294,0.06784600003811647,31
bank_marketing,marketing intervention,13,7,0.0,free_l2,leaf_centroid,200,1.0,1.0,0.0,2.738310882256539,5.91,0.0,0.1319239000122252,0.659619500061126,31
bank_marketing,marketing intervention,13,7,0.0,free_l2,raw_leaf_projection,200,1.0,1.0,0.0,1.2994789533773667,1.48,1.0,0.013828600009219372,0.06914300004609686,31
bank_marketing,marketing intervention,13,7,0.0,free_l2,clbr,200,1.0,1.0,0.0,1.2994789533773667,1.48,1.0,0.012349299996458285,0.061746499982291425,31
bank_marketing,marketing intervention,13,7,0.0,free_l2,metric_leaf_projection,200,1.0,1.0,0.0,0.31688699856830016,1.82,1.0,0.012334400003055634,0.06167200001527817,31
bank_marketing,marketing intervention,13,7,0.0,free_l2,metric_clbr,200,1.0,1.0,0.0,0.31688699856830016,1.82,1.0,0.012512099999185011,0.06256049999592506,31
bank_marketing,marketing intervention,13,7,0.0,free_l2,exact_leaf,200,1.0,1.0,0.0,0.31688699856830016,1.82,1.0,0.27760189999662543,1.3880094999831272,31
bank_marketing,marketing intervention,13,7,0.0,free_l2,exact_leaf_cached,200,1.0,1.0,0.0,0.31688699856830016,1.82,1.0,0.027550000005248876,0.13775000002624438,31
bank_marketing,marketing intervention,13,7,0.0,free_l2,native_exact_k_sparse,200,1.0,1.0,0.0,0.31688699856830016,1.82,1.0,0.025632999999288586,0.12816499999644293,31
bank_marketing,marketing intervention,13,7,0.0,free_l2,clbr_uncached,200,1.0,1.0,0.0,1.2994789533773667,1.48,1.0,0.03375300000061543,0.16876500000307715,31
bank_marketing,marketing intervention,13,7,0.0,immutable_l2,nn_positive_train,200,0.29,0.29,0.0,1.4988902927381265,3.7413793103448274,0.25862068965517243,0.011939299991354346,0.05969649995677173,31
bank_marketing,marketing intervention,13,7,0.0,immutable_l2,leaf_centroid,200,0.22,0.22,0.0,1.8656355225047827,3.909090909090909,0.09090909090909091,0.12870489999841084,0.6435244999920542,31
bank_marketing,marketing intervention,13,7,0.0,immutable_l2,raw_leaf_projection,200,0.1,0.1,0.0,0.33845361761057,1.05,1.0,0.012960800007022044,0.06480400003511022,31
bank_marketing,marketing intervention,13,7,0.0,immutable_l2,clbr,200,0.35,0.1,0.25,0.7785509036686207,2.9857142857142858,0.45714285714285713,0.04346520000035525,0.21732600000177626,31
bank_marketing,marketing intervention,13,7,0.0,immutable_l2,metric_leaf_projection,200,0.825,0.825,0.0,0.32497407130748784,1.8060606060606061,1.0,0.011823499999991327,0.059117499999956635,31
bank_marketing,marketing intervention,13,7,0.0,immutable_l2,metric_clbr,200,0.835,0.825,0.01,0.3552260151510552,1.8323353293413174,0.9880239520958084,0.015726200003882695,0.07863100001941348,31
bank_marketing,marketing intervention,13,7,0.0,immutable_l2,exact_leaf,200,1.0,1.0,0.0,0.36050997779256055,1.84,1.0,0.25837769999725424,1.2918884999862712,31
bank_marketing,marketing intervention,13,7,0.0,immutable_l2,exact_leaf_cached,200,1.0,1.0,0.0,0.36050997779256055,1.84,1.0,0.02808859999913693,0.14044299999568466,31
bank_marketing,marketing intervention,13,7,0.0,immutable_l2,native_exact_k_sparse,200,1.0,1.0,0.0,0.36050997779256055,1.84,1.0,0.026388199990833527,0.13194099995416764,31
bank_marketing,marketing intervention,13,7,0.0,immutable_l2,clbr_uncached,200,0.35,0.1,0.25,0.7785509036686207,2.9857142857142858,0.45714285714285713,0.06735699999899225,0.33678499999496125,31
bank_marketing,marketing intervention,13,7,0.0,immutable_top3_l1,nn_positive_train,200,0.285,0.285,0.0,1.6315546336651316,3.0,1.0,0.013462100007018307,0.06731050003509154,31
bank_marketing,marketing intervention,13,7,0.0,immutable_top3_l1,leaf_centroid,200,0.155,0.155,0.0,2.4526092296511757,2.967741935483871,1.0,0.13414990000001126,0.6707495000000563,31
bank_marketing,marketing intervention,13,7,0.0,immutable_top3_l1,raw_leaf_projection,200,0.045,0.045,0.0,0.4204359891676503,1.1111111111111112,1.0,0.013601500001641398,0.06800750000820699,31
bank_marketing,marketing intervention,13,7,0.0,immutable_top3_l1,clbr,200,0.3,0.045,0.255,0.8509866921804851,2.716666666666667,1.0,0.04749209999499726,0.2374604999749863,31
bank_marketing,marketing intervention,13,7,0.0,immutable_top3_l1,metric_leaf_projection,200,0.335,0.335,0.0,0.37009793480938896,1.5223880597014925,1.0,0.01212360000317858,0.0606180000158929,31
bank_marketing,marketing intervention,13,7,0.0,immutable_top3_l1,metric_clbr,200,0.365,0.335,0.03,0.49151174752410415,1.643835616438356,1.0,0.024996200001623947,0.12498100000811974,31
bank_marketing,marketing intervention,13,7,0.0,immutable_top3_l1,exact_leaf,200,0.995,0.995,0.0,1.428048185873287,1.592964824120603,1.0,0.2770201999992423,1.3851009999962116,31
bank_marketing,marketing intervention,13,7,0.0,immutable_top3_l1,exact_leaf_cached,200,0.995,0.995,0.0,1.428048185873287,1.592964824120603,1.0,0.030050700001083896,0.15025350000541948,31
bank_marketing,marketing intervention,13,7,0.0,immutable_top3_l1,native_exact_k_sparse,200,1.0,1.0,0.0,0.46508606002373115,1.765,1.0,0.02973440000823757,0.14867200004118786,31
bank_marketing,marketing intervention,13,7,0.0,immutable_top3_l1,clbr_uncached,200,0.3,0.045,0.255,0.8509866921804851,2.716666666666667,1.0,0.07399660000464792,0.3699830000232396,31
bank_marketing,marketing intervention,19,7,0.0,free_l2,nn_positive_train,200,1.0,1.0,0.0,3.1553093486820285,5.67,0.01,0.013136200006556464,0.06568100003278232,25
bank_marketing,marketing intervention,19,7,0.0,free_l2,leaf_centroid,200,1.0,1.0,0.0,3.146517583913111,6.345,0.0,0.10853219999535213,0.5426609999767606,25
bank_marketing,marketing intervention,19,7,0.0,free_l2,raw_leaf_projection,200,1.0,1.0,0.0,1.178349966997197,1.465,1.0,0.014650699997218908,0.07325349998609454,25
bank_marketing,marketing intervention,19,7,0.0,free_l2,clbr,200,1.0,1.0,0.0,1.178349966997197,1.465,1.0,0.011917299990273023,0.05958649995136511,25
bank_marketing,marketing intervention,19,7,0.0,free_l2,metric_leaf_projection,200,1.0,1.0,0.0,0.3833970145260178,1.53,1.0,0.01225900000463298,0.0612950000231649,25
bank_marketing,marketing intervention,19,7,0.0,free_l2,metric_clbr,200,1.0,1.0,0.0,0.3833970145260178,1.53,1.0,0.01207809999687015,0.060390499984350754,25
bank_marketing,marketing intervention,19,7,0.0,free_l2,exact_leaf,200,1.0,1.0,0.0,0.3833970145260178,1.53,1.0,0.2223567000028197,1.1117835000140985,25
bank_marketing,marketing intervention,19,7,0.0,free_l2,exact_leaf_cached,200,1.0,1.0,0.0,0.3833970145260178,1.53,1.0,0.027782600002865365,0.13891300001432683,25
bank_marketing,marketing intervention,19,7,0.0,free_l2,native_exact_k_sparse,200,1.0,1.0,0.0,0.3833970145260178,1.53,1.0,0.025794399999540474,0.12897199999770237,25
bank_marketing,marketing intervention,19,7,0.0,free_l2,clbr_uncached,200,1.0,1.0,0.0,1.178349966997197,1.465,1.0,0.02888299999267474,0.1444149999633737,25
bank_marketing,marketing intervention,19,7,0.0,immutable_l2,nn_positive_train,200,0.38,0.38,0.0,1.510592810627712,3.6710526315789473,0.3157894736842105,0.011514499992699712,0.05757249996349856,25
bank_marketing,marketing intervention,19,7,0.0,immutable_l2,leaf_centroid,200,0.275,0.275,0.0,2.068267058414622,4.0,0.0,0.10912610000195855,0.5456305000097927,25
bank_marketing,marketing intervention,19,7,0.0,immutable_l2,raw_leaf_projection,200,0.155,0.155,0.0,0.5337649462237805,1.0,1.0,0.012997400006497628,0.06498700003248814,25
bank_marketing,marketing intervention,19,7,0.0,immutable_l2,clbr,200,0.41,0.155,0.255,0.692390275643221,2.6707317073170733,0.573170731707317,0.042184200005067396,0.21092100002533698,25
bank_marketing,marketing intervention,19,7,0.0,immutable_l2,metric_leaf_projection,200,0.8,0.8,0.0,0.38931861418041774,1.45625,1.0,0.011776699994697992,0.05888349997348996,25
bank_marketing,marketing intervention,19,7,0.0,immutable_l2,metric_clbr,200,0.865,0.8,0.065,0.4332846203906247,1.6127167630057804,0.9595375722543352,0.02002880000964069,0.10014400004820345,25
bank_marketing,marketing intervention,19,7,0.0,immutable_l2,exact_leaf,200,1.0,1.0,0.0,0.4080276516931475,1.515,1.0,0.20794819999809988,1.0397409999904994,25
bank_marketing,marketing intervention,19,7,0.0,immutable_l2,exact_leaf_cached,200,1.0,1.0,0.0,0.4080276516931475,1.515,1.0,0.027159099997334124,0.13579549998667062,25
bank_marketing,marketing intervention,19,7,0.0,immutable_l2,native_exact_k_sparse,200,1.0,1.0,0.0,0.4080276516931475,1.515,1.0,0.024690299993380904,0.12345149996690452,25
bank_marketing,marketing intervention,19,7,0.0,immutable_l2,clbr_uncached,200,0.41,0.155,0.255,0.692390275643221,2.6707317073170733,0.573170731707317,0.05946259999745962,0.2973129999872981,25
bank_marketing,marketing intervention,19,7,0.0,immutable_top3_l1,nn_positive_train,200,0.38,0.38,0.0,1.6711904646214382,2.986842105263158,1.0,0.014428600004976033,0.07214300002488017,25
bank_marketing,marketing intervention,19,7,0.0,immutable_top3_l1,leaf_centroid,200,0.18,0.18,0.0,2.446879653963728,3.0,1.0,0.11509149999801593,0.5754574999900797,25
bank_marketing,marketing intervention,19,7,0.0,immutable_top3_l1,raw_leaf_projection,200,0.14,0.14,0.0,0.5300281435824826,1.0,1.0,0.01425670000298851,0.07128350001494255,25
bank_marketing,marketing intervention,19,7,0.0,immutable_top3_l1,clbr,200,0.395,0.14,0.255,0.7744163591110211,2.2911392405063293,1.0,0.04571960000794206,0.22859800003971031,25
bank_marketing,marketing intervention,19,7,0.0,immutable_top3_l1,metric_leaf_projection,200,0.45,0.45,0.0,0.4666542802747076,1.4222222222222223,1.0,0.012214700008371437,0.06107350004185719,25
bank_marketing,marketing intervention,19,7,0.0,immutable_top3_l1,metric_clbr,200,0.51,0.45,0.06,0.6693416191573366,1.607843137254902,1.0,0.024655399996845517,0.12327699998422759,25
bank_marketing,marketing intervention,19,7,0.0,immutable_top3_l1,exact_leaf,200,1.0,1.0,0.0,1.1172363151316567,1.39,1.0,0.2137858000041888,1.068929000020944,25
bank_marketing,marketing intervention,19,7,0.0,immutable_top3_l1,exact_leaf_cached,200,1.0,1.0,0.0,1.1172363151316567,1.39,1.0,0.027524500002073182,0.1376225000103659,25
bank_marketing,marketing intervention,19,7,0.0,immutable_top3_l1,native_exact_k_sparse,200,1.0,1.0,0.0,0.4912660368851886,1.47,1.0,0.026890299995102396,0.13445149997551198,25
bank_marketing,marketing intervention,19,7,0.0,immutable_top3_l1,clbr_uncached,200,0.395,0.14,0.255,0.7744163591110211,2.2911392405063293,1.0,0.0676342999931876,0.338171499965938,25
bank_marketing,marketing intervention,29,7,0.0,free_l2,nn_positive_train,200,1.0,1.0,0.0,3.449427278469398,6.1,0.0,0.013600899999801186,0.06800449999900593,23
bank_marketing,marketing intervention,29,7,0.0,free_l2,leaf_centroid,200,1.0,1.0,0.0,2.9293806489656067,6.63,0.0,0.10398809999969671,0.5199404999984836,23
bank_marketing,marketing intervention,29,7,0.0,free_l2,raw_leaf_projection,200,1.0,1.0,0.0,0.8966599175701621,1.605,1.0,0.014618899996094115,0.07309449998047057,23
bank_marketing,marketing intervention,29,7,0.0,free_l2,clbr,200,1.0,1.0,0.0,0.8966599175701621,1.605,1.0,0.01265840000451135,0.06329200002255675,23
bank_marketing,marketing intervention,29,7,0.0,free_l2,metric_leaf_projection,200,1.0,1.0,0.0,0.3842357652987992,1.625,1.0,0.012828699996134674,0.06414349998067337,23
bank_marketing,marketing intervention,29,7,0.0,free_l2,metric_clbr,200,1.0,1.0,0.0,0.3842357652987992,1.625,1.0,0.013015199995606963,0.06507599997803482,23
bank_marketing,marketing intervention,29,7,0.0,free_l2,exact_leaf,200,1.0,1.0,0.0,0.3842357652987992,1.625,1.0,0.21249429999443237,1.0624714999721618,23
bank_marketing,marketing intervention,29,7,0.0,free_l2,exact_leaf_cached,200,1.0,1.0,0.0,0.3842357652987992,1.625,1.0,0.028193799998007307,0.14096899999003654,23
bank_marketing,marketing intervention,29,7,0.0,free_l2,native_exact_k_sparse,200,1.0,1.0,0.0,0.3842357652987992,1.625,1.0,0.027522299998054223,0.1376114999902711,23
bank_marketing,marketing intervention,29,7,0.0,free_l2,clbr_uncached,200,1.0,1.0,0.0,0.8966599175701621,1.605,1.0,0.027982099997643672,0.13991049998821836,23
bank_marketing,marketing intervention,29,7,0.0,immutable_l2,nn_positive_train,200,0.63,0.63,0.0,1.2531874622306745,3.5793650793650795,0.38095238095238093,0.014029200001459685,0.07014600000729843,23
bank_marketing,marketing intervention,29,7,0.0,immutable_l2,leaf_centroid,200,0.575,0.575,0.0,1.4149705848503917,3.791304347826087,0.20869565217391303,0.10320559999672696,0.5160279999836348,23
bank_marketing,marketing intervention,29,7,0.0,immutable_l2,raw_leaf_projection,200,0.5,0.5,0.0,0.38966933786312974,1.52,1.0,0.013705200009098917,0.06852600004549458,23
bank_marketing,marketing intervention,29,7,0.0,immutable_l2,clbr,200,0.67,0.5,0.17,0.45868666314209894,2.029850746268657,0.8507462686567164,0.03347679999933462,0.16738399999667308,23
bank_marketing,marketing intervention,29,7,0.0,immutable_l2,metric_leaf_projection,200,0.885,0.885,0.0,0.382466286913729,1.5310734463276836,1.0,0.013134300005731347,0.06567150002865674,23
bank_marketing,marketing intervention,29,7,0.0,immutable_l2,metric_clbr,200,0.92,0.885,0.035,0.39634169606158126,1.6195652173913044,0.967391304347826,0.016501999996762606,0.08250999998381303,23
bank_marketing,marketing intervention,29,7,0.0,immutable_l2,exact_leaf,200,1.0,1.0,0.0,0.41657353063354435,1.565,1.0,0.22257949999948323,1.1128974999974162,23
bank_marketing,marketing intervention,29,7,0.0,immutable_l2,exact_leaf_cached,200,1.0,1.0,0.0,0.41657353063354435,1.565,1.0,0.02929700000458979,0.14648500002294895,23
bank_marketing,marketing intervention,29,7,0.0,immutable_l2,native_exact_k_sparse,200,1.0,1.0,0.0,0.41657353063354435,1.565,1.0,0.027104899998448673,0.13552449999224336,23
bank_marketing,marketing intervention,29,7,0.0,immutable_l2,clbr_uncached,200,0.67,0.5,0.17,0.45868666314209894,2.029850746268657,0.8507462686567164,0.05129030000989587,0.25645150004947936,23
bank_marketing,marketing intervention,29,7,0.0,immutable_top3_l1,nn_positive_train,200,0.63,0.63,0.0,1.2700909790567143,2.9603174603174605,1.0,0.013084499995784427,0.06542249997892213,23
bank_marketing,marketing intervention,29,7,0.0,immutable_top3_l1,leaf_centroid,200,0.54,0.54,0.0,1.6790004348242513,2.935185185185185,1.0,0.10331800000312796,0.5165900000156398,23
bank_marketing,marketing intervention,29,7,0.0,immutable_top3_l1,raw_leaf_projection,200,0.47,0.47,0.0,0.47652593333031534,1.5425531914893618,1.0,0.013722500002586457,0.06861250001293229,23
bank_marketing,marketing intervention,29,7,0.0,immutable_top3_l1,clbr,200,0.65,0.47,0.18,0.5700520287148942,1.9230769230769231,1.0,0.035932700000557816,0.17966350000278908,23
bank_marketing,marketing intervention,29,7,0.0,immutable_top3_l1,metric_leaf_projection,200,0.82,0.82,0.0,0.4666561913143776,1.524390243902439,1.0,0.012597700002515921,0.0629885000125796,23
bank_marketing,marketing intervention,29,7,0.0,immutable_top3_l1,metric_clbr,200,0.845,0.82,0.025,0.4945820409496425,1.5621301775147929,1.0,0.018211800000244693,0.09105900000122347,23
bank_marketing,marketing intervention,29,7,0.0,immutable_top3_l1,exact_leaf,200,1.0,1.0,0.0,0.5684944569314649,1.58,1.0,0.20752930000890046,1.0376465000445023,23
bank_marketing,marketing intervention,29,7,0.0,immutable_top3_l1,exact_leaf_cached,200,1.0,1.0,0.0,0.5684944569314649,1.58,1.0,0.02839000000494707,0.14195000002473535,23
bank_marketing,marketing intervention,29,7,0.0,immutable_top3_l1,native_exact_k_sparse,200,1.0,1.0,0.0,0.49897777987852465,1.56,1.0,0.02775690000362374,0.1387845000181187,23
bank_marketing,marketing intervention,29,7,0.0,immutable_top3_l1,clbr_uncached,200,0.65,0.47,0.18,0.5700520287148942,1.9230769230769231,1.0,0.05215899999348039,0.26079499996740196,23
bank_marketing,marketing intervention,37,7,0.0,free_l2,nn_positive_train,200,1.0,1.0,0.0,2.848603239472583,5.425,0.03,0.013373700001466204,0.06686850000733102,18
bank_marketing,marketing intervention,37,7,0.0,free_l2,leaf_centroid,200,1.0,1.0,0.0,2.6240760933614546,6.685,0.0,0.0865159999957541,0.4325799999787705,18
bank_marketing,marketing intervention,37,7,0.0,free_l2,raw_leaf_projection,200,1.0,1.0,0.0,1.36184760052922,1.69,0.985,0.014371499993103498,0.07185749996551749,18
bank_marketing,marketing intervention,37,7,0.0,free_l2,clbr,200,1.0,1.0,0.0,1.36184760052922,1.69,0.985,0.01322939999135997,0.06614699995679985,18
bank_marketing,marketing intervention,37,7,0.0,free_l2,metric_leaf_projection,200,1.0,1.0,0.0,0.49611789964308123,1.8,1.0,0.013088199996673211,0.06544099998336605,18
bank_marketing,marketing intervention,37,7,0.0,free_l2,metric_clbr,200,1.0,1.0,0.0,0.49611789964308123,1.8,1.0,0.012650500002564513,0.06325250001282257,18
bank_marketing,marketing intervention,37,7,0.0,free_l2,exact_leaf,200,1.0,1.0,0.0,0.49611789964308123,1.8,1.0,0.17750760000672017,0.8875380000336008,18
bank_marketing,marketing intervention,37,7,0.0,free_l2,exact_leaf_cached,200,1.0,1.0,0.0,0.49611789964308123,1.8,1.0,0.028909800002111297,0.14454900001055648,18
bank_marketing,marketing intervention,37,7,0.0,free_l2,native_exact_k_sparse,200,1.0,1.0,0.0,0.49611789964308123,1.8,1.0,0.02633659999446536,0.1316829999723268,18
bank_marketing,marketing intervention,37,7,0.0,free_l2,clbr_uncached,200,1.0,1.0,0.0,1.36184760052922,1.69,0.985,0.02459790000011708,0.1229895000005854,18
bank_marketing,marketing intervention,37,7,0.0,immutable_l2,nn_positive_train,200,0.31,0.31,0.0,1.3853966863157676,3.629032258064516,0.3225806451612903,0.012290200016650488,0.06145100008325244,18
bank_marketing,marketing intervention,37,7,0.0,immutable_l2,leaf_centroid,200,0.695,0.695,0.0,1.7123664390857805,3.9928057553956835,0.007194244604316547,0.08314390001032734,0.4157195000516367,18
bank_marketing,marketing intervention,37,7,0.0,immutable_l2,raw_leaf_projection,200,0.17,0.17,0.0,0.332531896452192,1.4411764705882353,1.0,0.013172599984500266,0.06586299992250133,18
bank_marketing,marketing intervention,37,7,0.0,immutable_l2,clbr,200,0.355,0.17,0.185,0.7118424197961637,2.535211267605634,0.6901408450704225,0.03858880000370846,0.19294400001854228,18
bank_marketing,marketing intervention,37,7,0.0,immutable_l2,metric_leaf_projection,200,0.685,0.685,0.0,0.4956464598649072,1.635036496350365,1.0,0.012083700002222031,0.060418500011110154,18
bank_marketing,marketing intervention,37,7,0.0,immutable_l2,metric_clbr,200,0.735,0.685,0.05,0.5270284567766746,1.7755102040816326,0.9523809523809523,0.020930100001351093,0.10465050000675546,18
bank_marketing,marketing intervention,37,7,0.0,immutable_l2,exact_leaf,200,1.0,1.0,0.0,0.5909437725361752,1.68,1.0,0.16573640000387968,0.8286820000193984,18
bank_marketing,marketing intervention,37,7,0.0,immutable_l2,exact_leaf_cached,200,1.0,1.0,0.0,0.5909437725361752,1.68,1.0,0.02753680000296299,0.13768400001481496,18
bank_marketing,marketing intervention,37,7,0.0,immutable_l2,native_exact_k_sparse,200,1.0,1.0,0.0,0.5909437725361752,1.68,1.0,0.025089900009334087,0.12544950004667044,18
bank_marketing,marketing intervention,37,7,0.0,immutable_l2,clbr_uncached,200,0.355,0.17,0.185,0.7118424197961637,2.535211267605634,0.6901408450704225,0.05087139999432111,0.25435699997160555,18
bank_marketing,marketing intervention,37,7,0.0,immutable_top3_l1,nn_positive_train,200,0.31,0.31,0.0,1.5016636644669472,2.9516129032258065,1.0,0.012219700005516643,0.061098500027583214,18
bank_marketing,marketing intervention,37,7,0.0,immutable_top3_l1,leaf_centroid,200,0.335,0.335,0.0,2.4448080404304005,3.0,1.0,0.08271490000061021,0.41357450000305107,18
bank_marketing,marketing intervention,37,7,0.0,immutable_top3_l1,raw_leaf_projection,200,0.125,0.125,0.0,0.37236889418881236,1.4,1.0,0.01277850000133185,0.06389250000665925,18
bank_marketing,marketing intervention,37,7,0.0,immutable_top3_l1,clbr,200,0.315,0.125,0.19,0.8631529585512844,2.3333333333333335,1.0,0.04068139999981213,0.20340699999906064,18
bank_marketing,marketing intervention,37,7,0.0,immutable_top3_l1,metric_leaf_projection,200,0.39,0.39,0.0,0.577444103870254,1.6153846153846154,1.0,0.011762899996028864,0.05881449998014432,18
bank_marketing,marketing intervention,37,7,0.0,immutable_top3_l1,metric_clbr,200,0.435,0.39,0.045,0.6346388782427597,1.7586206896551724,1.0,0.025200400001267553,0.12600200000633777,18
bank_marketing,marketing intervention,37,7,0.0,immutable_top3_l1,exact_leaf,200,1.0,1.0,0.0,1.3143964997485944,1.755,1.0,0.160331999999471,0.801659999997355,18
bank_marketing,marketing intervention,37,7,0.0,immutable_top3_l1,exact_leaf_cached,200,1.0,1.0,0.0,1.3143964997485944,1.755,1.0,0.027582099988649134,0.13791049994324567,18
bank_marketing,marketing intervention,37,7,0.0,immutable_top3_l1,native_exact_k_sparse,200,1.0,1.0,0.0,0.7062447101325727,1.655,1.0,0.027528099995834054,0.13764049997917027,18
bank_marketing,marketing intervention,37,7,0.0,immutable_top3_l1,clbr_uncached,200,0.315,0.125,0.19,0.8631529585512844,2.3333333333333335,1.0,0.056811899999047455,0.2840594999952373,18
bank_marketing,marketing intervention,41,7,0.0,free_l2,nn_positive_train,200,1.0,1.0,0.0,3.310197006646655,5.51,0.015,0.012782099999640195,0.06391049999820098,23
bank_marketing,marketing intervention,41,7,0.0,free_l2,leaf_centroid,200,1.0,1.0,0.0,3.2493142647781896,6.535,0.0,0.10266729999875679,0.513336499993784,23
bank_marketing,marketing intervention,41,7,0.0,free_l2,raw_leaf_projection,200,1.0,1.0,0.0,1.2809080613688113,1.58,1.0,0.014393500003279769,0.07196750001639884,23
bank_marketing,marketing intervention,41,7,0.0,free_l2,clbr,200,1.0,1.0,0.0,1.2809080613688113,1.58,1.0,0.012939399998685985,0.06469699999342993,23
bank_marketing,marketing intervention,41,7,0.0,free_l2,metric_leaf_projection,200,1.0,1.0,0.0,0.3285918473404024,1.575,1.0,0.01292950000060955,0.06464750000304775,23
bank_marketing,marketing intervention,41,7,0.0,free_l2,metric_clbr,200,1.0,1.0,0.0,0.3285918473404024,1.575,1.0,0.013131700001395075,0.06565850000697537,23
bank_marketing,marketing intervention,41,7,0.0,free_l2,exact_leaf,200,1.0,1.0,0.0,0.3285918473404024,1.575,1.0,0.20936059999803547,1.0468029999901773,23
bank_marketing,marketing intervention,41,7,0.0,free_l2,exact_leaf_cached,200,1.0,1.0,0.0,0.3285918473404024,1.575,1.0,0.027622600003269326,0.13811300001634663,23
bank_marketing,marketing intervention,41,7,0.0,free_l2,native_exact_k_sparse,200,1.0,1.0,0.0,0.3285918473404024,1.575,1.0,0.025898700002471742,0.1294935000123587,23
bank_marketing,marketing intervention,41,7,0.0,free_l2,clbr_uncached,200,1.0,1.0,0.0,1.2809080613688113,1.58,1.0,0.027719499999875552,0.13859749999937776,23
bank_marketing,marketing intervention,41,7,0.0,immutable_l2,nn_positive_train,200,0.34,0.34,0.0,1.1540012032636129,3.3676470588235294,0.5735294117647058,0.01242659999661555,0.06213299998307775,23
bank_marketing,marketing intervention,41,7,0.0,immutable_l2,leaf_centroid,200,0.21,0.21,0.0,1.7340616143862964,3.9523809523809526,0.047619047619047616,0.10172620000048482,0.5086310000024241,23
bank_marketing,marketing intervention,41,7,0.0,immutable_l2,raw_leaf_projection,200,0.275,0.275,0.0,0.03739116148022068,1.0727272727272728,1.0,0.013967699996101146,0.06983849998050573,23
bank_marketing,marketing intervention,41,7,0.0,immutable_l2,clbr,200,0.495,0.275,0.22,0.46407412103154416,2.0707070707070705,0.8282828282828283,0.04093270000794291,0.20466350003971456,23
bank_marketing,marketing intervention,41,7,0.0,immutable_l2,metric_leaf_projection,200,0.9,0.9,0.0,0.32113866747112196,1.5222222222222221,1.0,0.012845000003835594,0.06422500001917797,23
bank_marketing,marketing intervention,41,7,0.0,immutable_l2,metric_clbr,200,0.925,0.9,0.025,0.3521347157333858,1.572972972972973,0.9891891891891892,0.015300999991268327,0.07650499995634163,23
bank_marketing,marketing intervention,41,7,0.0,immutable_l2,exact_leaf,200,1.0,1.0,0.0,0.385660524471856,1.525,1.0,0.19313949999468605,0.9656974999734302,23
bank_marketing,marketing intervention,41,7,0.0,immutable_l2,exact_leaf_cached,200,1.0,1.0,0.0,0.385660524471856,1.525,1.0,0.02873910001198965,0.14369550005994824,23
bank_marketing,marketing intervention,41,7,0.0,immutable_l2,native_exact_k_sparse,200,1.0,1.0,0.0,0.385660524471856,1.525,1.0,0.026826199997231015,0.13413099998615508,23
bank_marketing,marketing intervention,41,7,0.0,immutable_l2,clbr_uncached,200,0.495,0.275,0.22,0.46407412103154416,2.0707070707070705,0.8282828282828283,0.057269100000667095,0.2863455000033355,23
bank_marketing,marketing intervention,41,7,0.0,immutable_top3_l1,nn_positive_train,200,0.325,0.325,0.0,1.2836664851180468,2.9384615384615387,1.0,0.011802200006059138,0.05901100003029569,23
bank_marketing,marketing intervention,41,7,0.0,immutable_top3_l1,leaf_centroid,200,0.15,0.15,0.0,2.3364209236900493,3.0,1.0,0.10171249999439169,0.5085624999719585,23
bank_marketing,marketing intervention,41,7,0.0,immutable_top3_l1,raw_leaf_projection,200,0.13,0.13,0.0,0.06775583280930715,1.1153846153846154,1.0,0.013920900006269221,0.0696045000313461,23
bank_marketing,marketing intervention,41,7,0.0,immutable_top3_l1,clbr,200,0.345,0.13,0.215,0.7421968006335072,2.246376811594203,1.0,0.040928499995970924,0.20464249997985462,23
bank_marketing,marketing intervention,41,7,0.0,immutable_top3_l1,metric_leaf_projection,200,0.53,0.53,0.0,0.39197916892931656,1.471698113207547,1.0,0.011624600009781716,0.05812300004890858,23
bank_marketing,marketing intervention,41,7,0.0,immutable_top3_l1,metric_clbr,200,0.56,0.53,0.03,0.4566406738238081,1.5535714285714286,1.0,0.021456099996612465,0.10728049998306233,23
bank_marketing,marketing intervention,41,7,0.0,immutable_top3_l1,exact_leaf,200,1.0,1.0,0.0,0.8144617474218108,1.265,1.0,0.19677209998553735,0.9838604999276868,23
bank_marketing,marketing intervention,41,7,0.0,immutable_top3_l1,exact_leaf_cached,200,1.0,1.0,0.0,0.8144617474218108,1.265,1.0,0.027053500005422393,0.13526750002711196,23
bank_marketing,marketing intervention,41,7,0.0,immutable_top3_l1,native_exact_k_sparse,200,1.0,1.0,0.0,0.4071849635409846,1.51,1.0,0.027519100000972685,0.13759550000486342,23
bank_marketing,marketing intervention,41,7,0.0,immutable_top3_l1,clbr_uncached,200,0.345,0.13,0.215,0.7421968006335072,2.246376811594203,1.0,0.061389300005430414,0.30694650002715207,23
bank_marketing,marketing intervention,53,7,0.0,free_l2,nn_positive_train,200,1.0,1.0,0.0,2.9771324929015646,5.64,0.005,0.012953000005836657,0.06476500002918328,28
bank_marketing,marketing intervention,53,7,0.0,free_l2,leaf_centroid,200,1.0,1.0,0.0,3.1190187604872217,5.83,0.0,0.11809060000177851,0.5904530000088926,28
bank_marketing,marketing intervention,53,7,0.0,free_l2,raw_leaf_projection,200,1.0,1.0,0.0,1.289958362919539,1.505,1.0,0.01367240000035963,0.06836200000179815,28
bank_marketing,marketing intervention,53,7,0.0,free_l2,clbr,200,1.0,1.0,0.0,1.289958362919539,1.505,1.0,0.012720600007014582,0.06360300003507291,28
bank_marketing,marketing intervention,53,7,0.0,free_l2,metric_leaf_projection,200,1.0,1.0,0.0,0.35859809634041284,1.71,1.0,0.012407600004735286,0.06203800002367643,28
bank_marketing,marketing intervention,53,7,0.0,free_l2,metric_clbr,200,1.0,1.0,0.0,0.35859809634041284,1.71,1.0,0.012658800004828663,0.06329400002414332,28
bank_marketing,marketing intervention,53,7,0.0,free_l2,exact_leaf,200,1.0,1.0,0.0,0.35859809634041284,1.71,1.0,0.25287740000021586,1.2643870000010793,28
bank_marketing,marketing intervention,53,7,0.0,free_l2,exact_leaf_cached,200,1.0,1.0,0.0,0.35859809634041284,1.71,1.0,0.027910300002076838,0.1395515000103842,28
bank_marketing,marketing intervention,53,7,0.0,free_l2,native_exact_k_sparse,200,1.0,1.0,0.0,0.35859809634041284,1.71,1.0,0.026759600004879758,0.1337980000243988,28
bank_marketing,marketing intervention,53,7,0.0,free_l2,clbr_uncached,200,1.0,1.0,0.0,1.289958362919539,1.505,1.0,0.031186899996100692,0.15593449998050346,28
bank_marketing,marketing intervention,53,7,0.0,immutable_l2,nn_positive_train,200,0.315,0.315,0.0,1.4017794497333462,3.6984126984126986,0.30158730158730157,0.012547499993161182,0.06273749996580591,28
bank_marketing,marketing intervention,53,7,0.0,immutable_l2,leaf_centroid,200,0.615,0.615,0.0,2.4661619345704566,3.3983739837398375,0.6016260162601627,0.12380729999949835,0.6190364999974918,28
bank_marketing,marketing intervention,53,7,0.0,immutable_l2,raw_leaf_projection,200,0.055,0.055,0.0,1.5024423159498352,1.0909090909090908,1.0,0.01424849999966682,0.0712424999983341,28
bank_marketing,marketing intervention,53,7,0.0,immutable_l2,clbr,200,0.34,0.055,0.285,0.8825898040605553,3.3088235294117645,0.38235294117647056,0.0511869000047227,0.2559345000236135,28
bank_marketing,marketing intervention,53,7,0.0,immutable_l2,metric_leaf_projection,200,0.85,0.85,0.0,0.3694953120831738,1.7294117647058824,1.0,0.01335300000209827,0.06676500001049135,28
bank_marketing,marketing intervention,53,7,0.0,immutable_l2,metric_clbr,200,0.9,0.85,0.05,0.3853023770142859,1.8333333333333333,0.9666666666666667,0.018881899990446982,0.09440949995223491,28
bank_marketing,marketing intervention,53,7,0.0,immutable_l2,exact_leaf,200,1.0,1.0,0.0,0.3924853859899761,1.725,1.0,0.25691359999564156,1.2845679999782078,28
bank_marketing,marketing intervention,53,7,0.0,immutable_l2,exact_leaf_cached,200,1.0,1.0,0.0,0.3924853859899761,1.725,1.0,0.03034499999921536,0.1517249999960768,28
bank_marketing,marketing intervention,53,7,0.0,immutable_l2,native_exact_k_sparse,200,1.0,1.0,0.0,0.3924853859899761,1.725,1.0,0.027461799995762703,0.13730899997881352,28
bank_marketing,marketing intervention,53,7,0.0,immutable_l2,clbr_uncached,200,0.34,0.055,0.285,0.8825898040605553,3.3088235294117645,0.38235294117647056,0.07370679999985441,0.36853399999927205,28
bank_marketing,marketing intervention,53,7,0.0,immutable_top3_l1,nn_positive_train,200,0.315,0.315,0.0,1.4052158769004606,3.0,1.0,0.013297399999828485,0.06648699999914243,28
bank_marketing,marketing intervention,53,7,0.0,immutable_top3_l1,leaf_centroid,200,0.475,0.475,0.0,3.0724751991445056,2.957894736842105,1.0,0.12020960000063496,0.6010480000031748,28
bank_marketing,marketing intervention,53,7,0.0,immutable_top3_l1,raw_leaf_projection,200,0.035,0.035,0.0,1.2480210130349882,1.1428571428571428,1.0,0.013337199996385607,0.06668599998192803,28
bank_marketing,marketing intervention,53,7,0.0,immutable_top3_l1,clbr,200,0.335,0.035,0.3,0.788637380726458,2.8059701492537314,1.0,0.05060139999659441,0.25300699998297205,28
bank_marketing,marketing intervention,53,7,0.0,immutable_top3_l1,metric_leaf_projection,200,0.395,0.395,0.0,0.44748068296712357,1.518987341772152,1.0,0.01200479999261006,0.0600239999630503,28
bank_marketing,marketing intervention,53,7,0.0,immutable_top3_l1,metric_clbr,200,0.455,0.395,0.06,0.5315935553317888,1.7142857142857142,1.0,0.025182199996379495,0.12591099998189748,28
bank_marketing,marketing intervention,53,7,0.0,immutable_top3_l1,exact_leaf,200,1.0,1.0,0.0,1.3899318947134967,1.365,1.0,0.24232469999242312,1.2116234999621156,28
bank_marketing,marketing intervention,53,7,0.0,immutable_top3_l1,exact_leaf_cached,200,1.0,1.0,0.0,1.3899318947134967,1.365,1.0,0.02816919999986567,0.14084599999932834,28
bank_marketing,marketing intervention,53,7,0.0,immutable_top3_l1,native_exact_k_sparse,200,1.0,1.0,0.0,0.47013613801922993,1.7,1.0,0.02771629999824654,0.1385814999912327,28
bank_marketing,marketing intervention,53,7,0.0,immutable_top3_l1,clbr_uncached,200,0.335,0.035,0.3,0.788637380726458,2.8059701492537314,1.0,0.0713934000050358,0.356967000025179,28
bank_marketing,marketing intervention,61,7,0.0,free_l2,nn_positive_train,200,1.0,1.0,0.0,2.927104663445212,5.81,0.01,0.012895300001218857,0.06447650000609428,22
bank_marketing,marketing intervention,61,7,0.0,free_l2,leaf_centroid,200,1.0,1.0,0.0,3.078183100198087,6.27,0.0,0.09953680000216991,0.49768400001084956,22
bank_marketing,marketing intervention,61,7,0.0,free_l2,raw_leaf_projection,200,1.0,1.0,0.0,1.4973251032146029,1.78,1.0,0.013435500006380607,0.06717750003190304,22
bank_marketing,marketing intervention,61,7,0.0,free_l2,clbr,200,1.0,1.0,0.0,1.4973251032146029,1.78,1.0,0.012048300003698387,0.060241500018491934,22
bank_marketing,marketing intervention,61,7,0.0,free_l2,metric_leaf_projection,200,1.0,1.0,0.0,0.463875117755253,1.875,1.0,0.011829300012323074,0.05914650006161537,22
bank_marketing,marketing intervention,61,7,0.0,free_l2,metric_clbr,200,1.0,1.0,0.0,0.463875117755253,1.875,1.0,0.011783900001319125,0.058919500006595626,22
bank_marketing,marketing intervention,61,7,0.0,free_l2,exact_leaf,200,1.0,1.0,0.0,0.463875117755253,1.875,1.0,0.19956030000685132,0.9978015000342566,22
bank_marketing,marketing intervention,61,7,0.0,free_l2,exact_leaf_cached,200,1.0,1.0,0.0,0.463875117755253,1.875,1.0,0.028405799993379333,0.14202899996689666,22
bank_marketing,marketing intervention,61,7,0.0,free_l2,native_exact_k_sparse,200,1.0,1.0,0.0,0.463875117755253,1.875,1.0,0.026031100002910534,0.13015550001455267,22
bank_marketing,marketing intervention,61,7,0.0,free_l2,clbr_uncached,200,1.0,1.0,0.0,1.4973251032146029,1.78,1.0,0.026641800002835225,0.13320900001417613,22
bank_marketing,marketing intervention,61,7,0.0,immutable_l2,nn_positive_train,200,0.45,0.45,0.0,1.3186968538161103,3.5,0.4777777777777778,0.013160499993318808,0.06580249996659404,22
bank_marketing,marketing intervention,61,7,0.0,immutable_l2,leaf_centroid,200,0.36,0.36,0.0,1.9928864670032784,3.9305555555555554,0.06944444444444445,0.09995679999337881,0.49978399996689404,22
bank_marketing,marketing intervention,61,7,0.0,immutable_l2,raw_leaf_projection,200,0.125,0.125,0.0,0.3779860824412858,1.0,1.0,0.014202800001839933,0.07101400000919966,22
bank_marketing,marketing intervention,61,7,0.0,immutable_l2,clbr,200,0.5,0.125,0.375,0.9324332761088822,2.88,0.6,0.059493699996892246,0.29746849998446123,22
bank_marketing,marketing intervention,61,7,0.0,immutable_l2,metric_leaf_projection,200,0.575,0.575,0.0,0.45789816531327415,1.5478260869565217,1.0,0.013200200007304375,0.06600100003652187,22
bank_marketing,marketing intervention,61,7,0.0,immutable_l2,metric_clbr,200,0.755,0.575,0.18,0.6328010751398121,2.013245033112583,0.8741721854304636,0.03416950000064389,0.17084750000321947,22
bank_marketing,marketing intervention,61,7,0.0,immutable_l2,exact_leaf,200,1.0,1.0,0.0,0.6053510386265971,1.485,1.0,0.20121510000171838,1.006075500008592,22
bank_marketing,marketing intervention,61,7,0.0,immutable_l2,exact_leaf_cached,200,1.0,1.0,0.0,0.6053510386265971,1.485,1.0,0.02908469999601948,0.1454234999800974,22
bank_marketing,marketing intervention,61,7,0.0,immutable_l2,native_exact_k_sparse,200,1.0,1.0,0.0,0.6053510386265971,1.485,1.0,0.02687109999533277,0.13435549997666385,22
bank_marketing,marketing intervention,61,7,0.0,immutable_l2,clbr_uncached,200,0.5,0.125,0.375,0.9324332761088822,2.88,0.6,0.07458340000266617,0.37291700001333083,22
bank_marketing,marketing intervention,61,7,0.0,immutable_top3_l1,nn_positive_train,200,0.45,0.45,0.0,1.4292657747876563,2.977777777777778,1.0,0.012841700002354628,0.06420850001177314,22
bank_marketing,marketing intervention,61,7,0.0,immutable_top3_l1,leaf_centroid,200,0.27,0.27,0.0,2.243185293353486,2.962962962962963,1.0,0.09912360000089393,0.49561800000446965,22
bank_marketing,marketing intervention,61,7,0.0,immutable_top3_l1,raw_leaf_projection,200,0.11,0.11,0.0,0.3968772690194127,1.0,1.0,0.01358500000424101,0.06792500002120505,22
bank_marketing,marketing intervention,61,7,0.0,immutable_top3_l1,clbr,200,0.49,0.11,0.38,1.0707154054055694,2.5306122448979593,1.0,0.05396010000276874,0.2698005000138437,22
bank_marketing,marketing intervention,61,7,0.0,immutable_top3_l1,metric_leaf_projection,200,0.525,0.525,0.0,0.5925089283173265,1.1904761904761905,1.0,0.012042999998811865,0.060214999994059326,22
bank_marketing,marketing intervention,61,7,0.0,immutable_top3_l1,metric_clbr,200,0.655,0.525,0.13,0.775856979658778,1.549618320610687,1.0,0.029178099995988305,0.14589049997994152,22
bank_marketing,marketing intervention,61,7,0.0,immutable_top3_l1,exact_leaf,200,1.0,1.0,0.0,1.0411880043039303,1.36,1.0,0.1950773000025947,0.9753865000129736,22
bank_marketing,marketing intervention,61,7,0.0,immutable_top3_l1,exact_leaf_cached,200,1.0,1.0,0.0,1.0411880043039303,1.36,1.0,0.028504800002338015,0.14252400001169008,22
bank_marketing,marketing intervention,61,7,0.0,immutable_top3_l1,native_exact_k_sparse,200,1.0,1.0,0.0,0.6564340421551397,1.245,1.0,0.027132800007166225,0.13566400003583112,22
bank_marketing,marketing intervention,61,7,0.0,immutable_top3_l1,clbr_uncached,200,0.49,0.11,0.38,1.0707154054055694,2.5306122448979593,1.0,0.07280480000281386,0.3640240000140693,22
bank_marketing,marketing intervention,73,7,0.0,free_l2,nn_positive_train,200,1.0,1.0,0.0,2.9530417317214743,5.52,0.005,0.013055400003395334,0.06527700001697667,32
bank_marketing,marketing intervention,73,7,0.0,free_l2,leaf_centroid,200,1.0,1.0,0.0,2.797572322604447,5.8,0.0,0.13230140000541724,0.6615070000270862,32
bank_marketing,marketing intervention,73,7,0.0,free_l2,raw_leaf_projection,200,1.0,1.0,0.0,0.7607231221249995,1.38,1.0,0.013535699997191841,0.0676784999859592,32
bank_marketing,marketing intervention,73,7,0.0,free_l2,clbr,200,1.0,1.0,0.0,0.7607231221249995,1.38,1.0,0.01180629999453231,0.05903149997266155,32
bank_marketing,marketing intervention,73,7,0.0,free_l2,metric_leaf_projection,200,1.0,1.0,0.0,0.23245511025708016,1.285,1.0,0.011850400002913375,0.059252000014566875,32
bank_marketing,marketing intervention,73,7,0.0,free_l2,metric_clbr,200,1.0,1.0,0.0,0.23245511025708016,1.285,1.0,0.012049200000546989,0.060246000002734945,32
bank_marketing,marketing intervention,73,7,0.0,free_l2,exact_leaf,200,1.0,1.0,0.0,0.23245511025708016,1.285,1.0,0.28219410000201606,1.4109705000100803,32
bank_marketing,marketing intervention,73,7,0.0,free_l2,exact_leaf_cached,200,1.0,1.0,0.0,0.23245511025708016,1.285,1.0,0.0267232000023796,0.133616000011898,32
bank_marketing,marketing intervention,73,7,0.0,free_l2,native_exact_k_sparse,200,1.0,1.0,0.0,0.23245511025708016,1.285,1.0,0.025322199998299766,0.12661099999149883,32
bank_marketing,marketing intervention,73,7,0.0,free_l2,clbr_uncached,200,1.0,1.0,0.0,0.7607231221249995,1.38,1.0,0.033241299998735485,0.16620649999367743,32
bank_marketing,marketing intervention,73,7,0.0,immutable_l2,nn_positive_train,200,0.44,0.44,0.0,1.1189550951096388,3.590909090909091,0.38636363636363635,0.012340600002062274,0.06170300001031137,32
bank_marketing,marketing intervention,73,7,0.0,immutable_l2,leaf_centroid,200,0.255,0.255,0.0,1.4927603644671055,3.8823529411764706,0.11764705882352941,0.13663260000976152,0.6831630000488076,32
bank_marketing,marketing intervention,73,7,0.0,immutable_l2,raw_leaf_projection,200,0.34,0.34,0.0,0.23856660698933788,1.1176470588235294,1.0,0.013575000004493631,0.06787500002246816,32
bank_marketing,marketing intervention,73,7,0.0,immutable_l2,clbr,200,0.545,0.34,0.205,0.41758568358108994,2.055045871559633,0.7706422018348624,0.037375700004304235,0.18687850002152118,32
bank_marketing,marketing intervention,73,7,0.0,immutable_l2,metric_leaf_projection,200,0.865,0.865,0.0,0.2285293220726508,1.1965317919075145,1.0,0.012494500000684639,0.06247250000342319,32
bank_marketing,marketing intervention,73,7,0.0,immutable_l2,metric_clbr,200,0.895,0.865,0.03,0.2506635187415538,1.2737430167597765,0.9832402234636871,0.016072200006419735,0.08036100003209867,32
bank_marketing,marketing intervention,73,7,0.0,immutable_l2,exact_leaf,200,1.0,1.0,0.0,0.25366010133727657,1.265,1.0,0.2644934999943871,1.3224674999719355,32
bank_marketing,marketing intervention,73,7,0.0,immutable_l2,exact_leaf_cached,200,1.0,1.0,0.0,0.25366010133727657,1.265,1.0,0.0274042000010013,0.1370210000050065,32
bank_marketing,marketing intervention,73,7,0.0,immutable_l2,native_exact_k_sparse,200,1.0,1.0,0.0,0.25366010133727657,1.265,1.0,0.026849899993976578,0.1342494999698829,32
bank_marketing,marketing intervention,73,7,0.0,immutable_l2,clbr_uncached,200,0.545,0.34,0.205,0.41758568358108994,2.055045871559633,0.7706422018348624,0.05936849999034166,0.2968424999517083,32
bank_marketing,marketing intervention,73,7,0.0,immutable_top3_l1,nn_positive_train,200,0.435,0.435,0.0,1.1829755180688484,2.9770114942528734,1.0,0.012673500013988814,0.06336750006994407,32
bank_marketing,marketing intervention,73,7,0.0,immutable_top3_l1,leaf_centroid,200,0.235,0.235,0.0,1.8098651156252665,3.0,1.0,0.13865659999555646,0.6932829999777823,32
bank_marketing,marketing intervention,73,7,0.0,immutable_top3_l1,raw_leaf_projection,200,0.235,0.235,0.0,0.2733521322396116,1.1702127659574468,1.0,0.013744299991230946,0.06872149995615473,32
bank_marketing,marketing intervention,73,7,0.0,immutable_top3_l1,clbr,200,0.445,0.235,0.21,0.5028644849346028,2.0224719101123596,1.0,0.04032929999266344,0.20164649996331718,32
bank_marketing,marketing intervention,73,7,0.0,immutable_top3_l1,metric_leaf_projection,200,0.445,0.445,0.0,0.25864695828348383,1.202247191011236,1.0,0.013096600011522241,0.06548300005761121,32
bank_marketing,marketing intervention,73,7,0.0,immutable_top3_l1,metric_clbr,200,0.485,0.445,0.04,0.30854698664896407,1.3505154639175259,1.0,0.02291379999678611,0.11456899998393055,32
bank_marketing,marketing intervention,73,7,0.0,immutable_top3_l1,exact_leaf,200,1.0,1.0,0.0,0.9407975771454749,1.575,1.0,0.273582400000123,1.367912000000615,32
bank_marketing,marketing intervention,73,7,0.0,immutable_top3_l1,exact_leaf_cached,200,1.0,1.0,0.0,0.9407975771454749,1.575,1.0,0.02844340001229284,0.1422170000614642,32
bank_marketing,marketing intervention,73,7,0.0,immutable_top3_l1,native_exact_k_sparse,200,1.0,1.0,0.0,0.28864690480747657,1.26,1.0,0.02811969999311259,0.14059849996556295,32
bank_marketing,marketing intervention,73,7,0.0,immutable_top3_l1,clbr_uncached,200,0.445,0.235,0.21,0.5028644849346028,2.0224719101123596,1.0,0.06328890001077525,0.31644450005387625,32
bank_marketing,marketing intervention,89,7,0.0,free_l2,nn_positive_train,200,1.0,1.0,0.0,2.94649197899711,5.815,0.02,0.013928099995609955,0.06964049997804977,16
bank_marketing,marketing intervention,89,7,0.0,free_l2,leaf_centroid,200,1.0,1.0,0.0,3.4071792793865243,6.715,0.0,0.07848070000545704,0.3924035000272852,16
bank_marketing,marketing intervention,89,7,0.0,free_l2,raw_leaf_projection,200,1.0,1.0,0.0,1.158873176994109,1.51,1.0,0.013923100000283739,0.0696155000014187,16
bank_marketing,marketing intervention,89,7,0.0,free_l2,clbr,200,1.0,1.0,0.0,1.158873176994109,1.51,1.0,0.012994499999877007,0.06497249999938504,16
bank_marketing,marketing intervention,89,7,0.0,free_l2,metric_leaf_projection,200,1.0,1.0,0.0,0.44098894674931444,1.59,1.0,0.012855500000114262,0.06427750000057131,16
bank_marketing,marketing intervention,89,7,0.0,free_l2,metric_clbr,200,1.0,1.0,0.0,0.44098894674931444,1.59,1.0,0.012136300004385703,0.060681500021928514,16
bank_marketing,marketing intervention,89,7,0.0,free_l2,exact_leaf,200,1.0,1.0,0.0,0.44098894674931444,1.59,1.0,0.15559940000184724,0.7779970000092362,16
bank_marketing,marketing intervention,89,7,0.0,free_l2,exact_leaf_cached,200,1.0,1.0,0.0,0.44098894674931444,1.59,1.0,0.027177699996173033,0.13588849998086516,16
bank_marketing,marketing intervention,89,7,0.0,free_l2,native_exact_k_sparse,200,1.0,1.0,0.0,0.44098894674931444,1.59,1.0,0.02598299999226583,0.12991499996132916,16
bank_marketing,marketing intervention,89,7,0.0,free_l2,clbr_uncached,200,1.0,1.0,0.0,1.158873176994109,1.51,1.0,0.02332139999634819,0.11660699998174096,16
bank_marketing,marketing intervention,89,7,0.0,immutable_l2,nn_positive_train,200,0.625,0.625,0.0,1.4248576969619322,3.552,0.416,0.014520700000502984,0.07260350000251492,16
bank_marketing,marketing intervention,89,7,0.0,immutable_l2,leaf_centroid,200,0.765,0.765,0.0,1.7578557990196095,3.980392156862745,0.0196078431372549,0.08134509999126749,0.40672549995633744,16
bank_marketing,marketing intervention,89,7,0.0,immutable_l2,raw_leaf_projection,200,0.46,0.46,0.0,0.5509079708911646,1.6956521739130435,1.0,0.014668600002551102,0.07334300001275551,16
bank_marketing,marketing intervention,89,7,0.0,immutable_l2,clbr,200,0.745,0.46,0.285,0.5988783798781411,2.3959731543624163,0.7785234899328859,0.048256300001412455,0.24128150000706228,16
bank_marketing,marketing intervention,89,7,0.0,immutable_l2,metric_leaf_projection,200,0.88,0.88,0.0,0.44660785823187293,1.5909090909090908,1.0,0.014095100001213723,0.07047550000606861,16
bank_marketing,marketing intervention,89,7,0.0,immutable_l2,metric_clbr,200,0.925,0.88,0.045,0.4788448055003663,1.681081081081081,0.972972972972973,0.018776300004901714,0.09388150002450857,16
bank_marketing,marketing intervention,89,7,0.0,immutable_l2,exact_leaf,200,1.0,1.0,0.0,0.49385588763199195,1.62,1.0,0.16191209999942657,0.8095604999971329,16
bank_marketing,marketing intervention,89,7,0.0,immutable_l2,exact_leaf_cached,200,1.0,1.0,0.0,0.49385588763199195,1.62,1.0,0.03113850000409002,0.1556925000204501,16
bank_marketing,marketing intervention,89,7,0.0,immutable_l2,native_exact_k_sparse,200,1.0,1.0,0.0,0.49385588763199195,1.62,1.0,0.027674899994053703,0.13837449997026852,16
bank_marketing,marketing intervention,89,7,0.0,immutable_l2,clbr_uncached,200,0.745,0.46,0.285,0.5988783798781411,2.3959731543624163,0.7785234899328859,0.05994749999990745,0.29973749999953725,16
bank_marketing,marketing intervention,89,7,0.0,immutable_top3_l1,nn_positive_train,200,0.625,0.625,0.0,1.4318431434949561,2.968,1.0,0.013627099997393088,0.06813549998696544,16
bank_marketing,marketing intervention,89,7,0.0,immutable_top3_l1,leaf_centroid,200,0.53,0.53,0.0,2.30581228898749,2.990566037735849,1.0,0.07834560000628699,0.39172800003143493,16
bank_marketing,marketing intervention,89,7,0.0,immutable_top3_l1,raw_leaf_projection,200,0.345,0.345,0.0,0.6928172291785196,1.6521739130434783,1.0,0.014940399987608544,0.07470199993804272,16
bank_marketing,marketing intervention,89,7,0.0,immutable_top3_l1,clbr,200,0.635,0.345,0.29,0.7063024423161209,2.2440944881889764,1.0,0.05035409998799878,0.2517704999399939,16
bank_marketing,marketing intervention,89,7,0.0,immutable_top3_l1,metric_leaf_projection,200,0.585,0.585,0.0,0.5532840947211589,1.4700854700854702,1.0,0.013646199989125307,0.06823099994562654,16
bank_marketing,marketing intervention,89,7,0.0,immutable_top3_l1,metric_clbr,200,0.645,0.585,0.06,0.61059547421183,1.5891472868217054,1.0,0.025183200001265504,0.12591600000632752,16
bank_marketing,marketing intervention,89,7,0.0,immutable_top3_l1,exact_leaf,200,0.89,0.89,0.0,0.9510827501262384,1.3820224719101124,1.0,0.15445869999803108,0.7722934999901554,16
bank_marketing,marketing intervention,89,7,0.0,immutable_top3_l1,exact_leaf_cached,200,0.89,0.89,0.0,0.9510827501262384,1.3820224719101124,1.0,0.027846000008139526,0.13923000004069763,16
bank_marketing,marketing intervention,89,7,0.0,immutable_top3_l1,native_exact_k_sparse,200,1.0,1.0,0.0,0.5803776721746903,1.54,1.0,0.029306900004485215,0.14653450002242607,16
bank_marketing,marketing intervention,89,7,0.0,immutable_top3_l1,clbr_uncached,200,0.635,0.345,0.29,0.7063024423161209,2.2440944881889764,1.0,0.061959299999216455,0.3097964999960823,16
compas,recidivism-risk audit,7,7,0.0,free_l2,nn_positive_train,200,1.0,1.0,0.0,3.0188434802672943,4.4,0.155,0.018291899999894667,0.09145949999947334,10
compas,recidivism-risk audit,7,7,0.0,free_l2,leaf_centroid,200,1.0,1.0,0.0,3.3024485816629454,5.125,0.005,0.06505699999979697,0.32528499999898486,10
compas,recidivism-risk audit,7,7,0.0,free_l2,raw_leaf_projection,200,1.0,1.0,0.0,1.4196800813243484,2.155,0.94,0.014173699998536904,0.07086849999268452,10
compas,recidivism-risk audit,7,7,0.0,free_l2,clbr,200,1.0,1.0,0.0,1.4196800813243484,2.155,0.94,0.01259680000021035,0.06298400000105175,10
compas,recidivism-risk audit,7,7,0.0,free_l2,metric_leaf_projection,200,1.0,1.0,0.0,0.6065816142724606,1.525,1.0,0.012395200002174533,0.06197600001087267,10
compas,recidivism-risk audit,7,7,0.0,free_l2,metric_clbr,200,1.0,1.0,0.0,0.6065816142724606,1.525,1.0,0.012279499990654585,0.06139749995327293,10
compas,recidivism-risk audit,7,7,0.0,free_l2,exact_leaf,200,1.0,1.0,0.0,0.6065816142724606,1.525,1.0,0.10667600000670063,0.5333800000335032,10
compas,recidivism-risk audit,7,7,0.0,free_l2,exact_leaf_cached,200,1.0,1.0,0.0,0.6065816142724606,1.525,1.0,0.02754290000120818,0.1377145000060409,10
compas,recidivism-risk audit,7,7,0.0,free_l2,native_exact_k_sparse,200,1.0,1.0,0.0,0.6065816142724606,1.525,1.0,0.026024600008895504,0.13012300004447752,10
compas,recidivism-risk audit,7,7,0.0,free_l2,clbr_uncached,200,1.0,1.0,0.0,1.4196800813243484,2.155,0.94,0.01906829999643378,0.0953414999821689,10
compas,recidivism-risk audit,7,7,0.0,immutable_l2,nn_positive_train,200,0.135,0.135,0.0,0.973033507430548,2.1481481481481484,1.0,0.018423699993945775,0.09211849996972887,10
compas,recidivism-risk audit,7,7,0.0,immutable_l2,leaf_centroid,200,0.145,0.145,0.0,0.935946736308699,2.6206896551724137,1.0,0.06671420000020589,0.33357100000102946,10
compas,recidivism-risk audit,7,7,0.0,immutable_l2,raw_leaf_projection,200,0.14,0.14,0.0,0.24589835937844803,1.1428571428571428,1.0,0.013862799998605624,0.06931399999302812,10
compas,recidivism-risk audit,7,7,0.0,immutable_l2,clbr,200,0.16,0.14,0.02,0.7177168249704452,1.34375,1.0,0.028852299997197406,0.14426149998598703,10
compas,recidivism-risk audit,7,7,0.0,immutable_l2,metric_leaf_projection,200,0.63,0.63,0.0,0.5670125172727685,1.1428571428571428,1.0,0.013111600002048363,0.06555800001024181,10
compas,recidivism-risk audit,7,7,0.0,immutable_l2,metric_clbr,200,0.635,0.63,0.005,0.6300187493789161,1.1574803149606299,1.0,0.019073800003752694,0.09536900001876347,10
compas,recidivism-risk audit,7,7,0.0,immutable_l2,exact_leaf,200,1.0,1.0,0.0,0.8119843837710263,1.105,1.0,0.10468700000365061,0.523435000018253,10
compas,recidivism-risk audit,7,7,0.0,immutable_l2,exact_leaf_cached,200,1.0,1.0,0.0,0.8119843837710263,1.105,1.0,0.029702900001211674,0.14851450000605837,10
compas,recidivism-risk audit,7,7,0.0,immutable_l2,native_exact_k_sparse,200,1.0,1.0,0.0,0.8119843837710263,1.105,1.0,0.028284200003326987,0.14142100001663493,10
compas,recidivism-risk audit,7,7,0.0,immutable_l2,clbr_uncached,200,0.16,0.14,0.02,0.7177168249704452,1.34375,1.0,0.036684200001218414,0.18342100000609207,10
compas,recidivism-risk audit,7,7,0.0,immutable_top3_l1,nn_positive_train,200,0.135,0.135,0.0,1.1025312642214482,2.1481481481481484,1.0,0.016688800008523685,0.08344400004261843,10
compas,recidivism-risk audit,7,7,0.0,immutable_top3_l1,leaf_centroid,200,0.145,0.145,0.0,1.1633411815502792,2.6206896551724137,1.0,0.06247600000915554,0.3123800000457777,10
compas,recidivism-risk audit,7,7,0.0,immutable_top3_l1,raw_leaf_projection,200,0.14,0.14,0.0,0.2502804567921397,1.1428571428571428,1.0,0.013086900003145274,0.06543450001572637,10
compas,recidivism-risk audit,7,7,0.0,immutable_top3_l1,clbr,200,0.16,0.14,0.02,0.7621572672672156,1.34375,1.0,0.026830499999050517,0.13415249999525258,10
compas,recidivism-risk audit,7,7,0.0,immutable_top3_l1,metric_leaf_projection,200,0.685,0.685,0.0,0.6225632382591194,1.1240875912408759,1.0,0.011362100004589593,0.05681050002294796,10
compas,recidivism-risk audit,7,7,0.0,immutable_top3_l1,metric_clbr,200,0.69,0.685,0.005,0.6826922603513446,1.1376811594202898,1.0,0.01642290000745561,0.08211450003727805,10
compas,recidivism-risk audit,7,7,0.0,immutable_top3_l1,exact_leaf,200,1.0,1.0,0.0,0.8281574326056936,1.095,1.0,0.09442079999826092,0.4721039999913046,10
compas,recidivism-risk audit,7,7,0.0,immutable_top3_l1,exact_leaf_cached,200,1.0,1.0,0.0,0.8281574326056936,1.095,1.0,0.02516380000997742,0.1258190000498871,10
compas,recidivism-risk audit,7,7,0.0,immutable_top3_l1,native_exact_k_sparse,200,1.0,1.0,0.0,0.8281574326056936,1.095,1.0,0.025621700005103776,0.12810850002551888,10
compas,recidivism-risk audit,7,7,0.0,immutable_top3_l1,clbr_uncached,200,0.16,0.14,0.02,0.7621572672672156,1.34375,1.0,0.03415860000404791,0.17079300002023956,10
compas,recidivism-risk audit,13,7,0.0,free_l2,nn_positive_train,200,1.0,1.0,0.0,3.2302116488245955,4.69,0.08,0.019642600004772248,0.09821300002386124,11
compas,recidivism-risk audit,13,7,0.0,free_l2,leaf_centroid,200,1.0,1.0,0.0,2.9668354701120982,7.34,0.0,0.06946609999977227,0.34733049999886134,11
compas,recidivism-risk audit,13,7,0.0,free_l2,raw_leaf_projection,200,1.0,1.0,0.0,0.8179947924719636,2.17,0.955,0.014828900004431489,0.07414450002215744,11
compas,recidivism-risk audit,13,7,0.0,free_l2,clbr,200,1.0,1.0,0.0,0.8179947924719636,2.17,0.955,0.013313600004039472,0.06656800002019736,11
compas,recidivism-risk audit,13,7,0.0,free_l2,metric_leaf_projection,200,1.0,1.0,0.0,0.38649291056413154,1.77,0.98,0.01311660000737902,0.0655830000368951,11
compas,recidivism-risk audit,13,7,0.0,free_l2,metric_clbr,200,1.0,1.0,0.0,0.38649291056413154,1.77,0.98,0.013718100008190959,0.0685905000409548,11
compas,recidivism-risk audit,13,7,0.0,free_l2,exact_leaf,200,1.0,1.0,0.0,0.38649291056413154,1.77,0.98,0.11700460000429302,0.5850230000214651,11
compas,recidivism-risk audit,13,7,0.0,free_l2,exact_leaf_cached,200,1.0,1.0,0.0,0.38649291056413154,1.77,0.98,0.028493299998444854,0.14246649999222427,11
compas,recidivism-risk audit,13,7,0.0,free_l2,native_exact_k_sparse,200,1.0,1.0,0.0,0.38649291056413154,1.77,0.98,0.026672100003452215,0.13336050001726107,11
compas,recidivism-risk audit,13,7,0.0,free_l2,clbr_uncached,200,1.0,1.0,0.0,0.8179947924719636,2.17,0.955,0.020784100004675565,0.10392050002337783,11
compas,recidivism-risk audit,13,7,0.0,immutable_l2,nn_positive_train,200,0.205,0.205,0.0,0.7342807207354567,2.2439024390243905,1.0,0.017355000007228227,0.08677500003614114,11
compas,recidivism-risk audit,13,7,0.0,immutable_l2,leaf_centroid,200,0.25,0.25,0.0,1.0934338899107718,2.86,1.0,0.06829739999466256,0.3414869999733128,11
compas,recidivism-risk audit,13,7,0.0,immutable_l2,raw_leaf_projection,200,0.19,0.19,0.0,0.1572573409742838,1.1842105263157894,1.0,0.01413100000081613,0.07065500000408065,11
compas,recidivism-risk audit,13,7,0.0,immutable_l2,clbr,200,0.25,0.19,0.06,0.3474677075669907,1.52,1.0,0.03052199999183358,0.1526099999591679,11
compas,recidivism-risk audit,13,7,0.0,immutable_l2,metric_leaf_projection,200,0.435,0.435,0.0,0.3318033744244418,1.0804597701149425,1.0,0.012407700000039767,0.06203850000019884,11
compas,recidivism-risk audit,13,7,0.0,immutable_l2,metric_clbr,200,0.44,0.435,0.005,0.3759272904905313,1.1022727272727273,1.0,0.021341499999834923,0.10670749999917462,11
compas,recidivism-risk audit,13,7,0.0,immutable_l2,exact_leaf,200,1.0,1.0,0.0,0.7498315951717893,1.045,1.0,0.10809989999961545,0.5404994999980772,11
compas,recidivism-risk audit,13,7,0.0,immutable_l2,exact_leaf_cached,200,1.0,1.0,0.0,0.7498315951717893,1.045,1.0,0.027697599999555678,0.1384879999977784,11
compas,recidivism-risk audit,13,7,0.0,immutable_l2,native_exact_k_sparse,200,1.0,1.0,0.0,0.7498315951717893,1.045,1.0,0.02639160000217089,0.13195800001085445,11
compas,recidivism-risk audit,13,7,0.0,immutable_l2,clbr_uncached,200,0.25,0.19,0.06,0.3474677075669907,1.52,1.0,0.03830539999944449,0.19152699999722245,11
compas,recidivism-risk audit,13,7,0.0,immutable_top3_l1,nn_positive_train,200,0.205,0.205,0.0,0.8029946781098464,2.2439024390243905,1.0,0.01755809999849589,0.08779049999247945,11
compas,recidivism-risk audit,13,7,0.0,immutable_top3_l1,leaf_centroid,200,0.25,0.25,0.0,1.2967178181497454,2.86,1.0,0.06841690000055678,0.3420845000027839,11
compas,recidivism-risk audit,13,7,0.0,immutable_top3_l1,raw_leaf_projection,200,0.19,0.19,0.0,0.16793073800745703,1.1842105263157894,1.0,0.013269799995214271,0.06634899997607135,11
compas,recidivism-risk audit,13,7,0.0,immutable_top3_l1,clbr,200,0.25,0.19,0.06,0.37688685417535445,1.52,1.0,0.02982280001106119,0.14911400005530595,11
compas,recidivism-risk audit,13,7,0.0,immutable_top3_l1,metric_leaf_projection,200,0.5,0.5,0.0,0.38255990214664026,1.09,1.0,0.01171520000025339,0.05857600000126695,11
compas,recidivism-risk audit,13,7,0.0,immutable_top3_l1,metric_clbr,200,0.505,0.5,0.005,0.4237228633034525,1.108910891089109,1.0,0.02024010000513954,0.10120050002569769,11
compas,recidivism-risk audit,13,7,0.0,immutable_top3_l1,exact_leaf,200,1.0,1.0,0.0,0.7526838583797547,1.045,1.0,0.1069696999993539,0.5348484999967695,11
compas,recidivism-risk audit,13,7,0.0,immutable_top3_l1,exact_leaf_cached,200,1.0,1.0,0.0,0.7526838583797547,1.045,1.0,0.027994299997772032,0.13997149998886016,11
compas,recidivism-risk audit,13,7,0.0,immutable_top3_l1,native_exact_k_sparse,200,1.0,1.0,0.0,0.7526838583797547,1.045,1.0,0.027758699995501956,0.13879349997750978,11
compas,recidivism-risk audit,13,7,0.0,immutable_top3_l1,clbr_uncached,200,0.25,0.19,0.06,0.37688685417535445,1.52,1.0,0.039199700006975036,0.19599850003487518,11
compas,recidivism-risk audit,19,7,0.0,free_l2,nn_positive_train,200,1.0,1.0,0.0,2.006358290965709,4.36,0.12,0.01800290000755922,0.0900145000377961,10
compas,recidivism-risk audit,19,7,0.0,free_l2,leaf_centroid,200,1.0,1.0,0.0,2.5407764504419714,5.23,0.0,0.06373439999970287,0.31867199999851437,10
compas,recidivism-risk audit,19,7,0.0,free_l2,raw_leaf_projection,200,1.0,1.0,0.0,0.7373189603952827,1.8,0.96,0.014034600010745635,0.07017300005372817,10
compas,recidivism-risk audit,19,7,0.0,free_l2,clbr,200,1.0,1.0,0.0,0.7373189603952827,1.8,0.96,0.012637699996048468,0.06318849998024234,10
compas,recidivism-risk audit,19,7,0.0,free_l2,metric_leaf_projection,200,1.0,1.0,0.0,0.3125844364072082,1.615,0.995,0.012931099992783857,0.06465549996391928,10
compas,recidivism-risk audit,19,7,0.0,free_l2,metric_clbr,200,1.0,1.0,0.0,0.3125844364072082,1.615,0.995,0.01276909999887721,0.06384549999438605,10
compas,recidivism-risk audit,19,7,0.0,free_l2,exact_leaf,200,1.0,1.0,0.0,0.3125844364072082,1.615,0.995,0.10361549999379349,0.5180774999689675,10
compas,recidivism-risk audit,19,7,0.0,free_l2,exact_leaf_cached,200,1.0,1.0,0.0,0.3125844364072082,1.615,0.995,0.02844940000159113,0.14224700000795565,10
compas,recidivism-risk audit,19,7,0.0,free_l2,native_exact_k_sparse,200,1.0,1.0,0.0,0.3125844364072082,1.615,0.995,0.0267765000126019,0.1338825000630095,10
compas,recidivism-risk audit,19,7,0.0,free_l2,clbr_uncached,200,1.0,1.0,0.0,0.7373189603952827,1.8,0.96,0.019502900001498347,0.09751450000749173,10
compas,recidivism-risk audit,19,7,0.0,immutable_l2,nn_positive_train,200,0.42,0.42,0.0,0.41164401386508365,2.2976190476190474,1.0,0.018048999996608472,0.09024499998304236,10
compas,recidivism-risk audit,19,7,0.0,immutable_l2,leaf_centroid,200,0.285,0.285,0.0,0.7139796233588921,2.4210526315789473,1.0,0.06476460000521911,0.32382300002609554,10
compas,recidivism-risk audit,19,7,0.0,immutable_l2,raw_leaf_projection,200,0.36,0.36,0.0,0.07360576236359442,1.0833333333333333,1.0,0.013111499994010956,0.06555749997005478,10
compas,recidivism-risk audit,19,7,0.0,immutable_l2,clbr,200,0.425,0.36,0.065,0.11199001144243004,1.2823529411764707,1.0,0.027745500005039503,0.13872750002519751,10
compas,recidivism-risk audit,19,7,0.0,immutable_l2,metric_leaf_projection,200,0.71,0.71,0.0,0.20051162402415532,1.3450704225352113,1.0,0.012112100001104409,0.060560500005522044,10
compas,recidivism-risk audit,19,7,0.0,immutable_l2,metric_clbr,200,0.715,0.71,0.005,0.21459452951226266,1.3496503496503496,1.0,0.01758139999674313,0.08790699998371565,10
compas,recidivism-risk audit,19,7,0.0,immutable_l2,exact_leaf,200,1.0,1.0,0.0,0.5327387329158116,1.265,1.0,0.09710099999938393,0.48550499999691965,10
compas,recidivism-risk audit,19,7,0.0,immutable_l2,exact_leaf_cached,200,1.0,1.0,0.0,0.5327387329158116,1.265,1.0,0.027841599998282618,0.1392079999914131,10
compas,recidivism-risk audit,19,7,0.0,immutable_l2,native_exact_k_sparse,200,1.0,1.0,0.0,0.5327387329158116,1.265,1.0,0.024748100002398132,0.12374050001199066,10
compas,recidivism-risk audit,19,7,0.0,immutable_l2,clbr_uncached,200,0.425,0.36,0.065,0.11199001144243004,1.2823529411764707,1.0,0.03319460000329855,0.16597300001649273,10
compas,recidivism-risk audit,19,7,0.0,immutable_top3_l1,nn_positive_train,200,0.42,0.42,0.0,0.4615772382296619,2.2976190476190474,1.0,0.017511599997305893,0.08755799998652947,10
compas,recidivism-risk audit,19,7,0.0,immutable_top3_l1,leaf_centroid,200,0.285,0.285,0.0,0.8176766407360406,2.4210526315789473,1.0,0.06402070000694948,0.3201035000347474,10
compas,recidivism-risk audit,19,7,0.0,immutable_top3_l1,raw_leaf_projection,200,0.36,0.36,0.0,0.07532877644088797,1.0833333333333333,1.0,0.014016599997376034,0.07008299998688017,10
compas,recidivism-risk audit,19,7,0.0,immutable_top3_l1,clbr,200,0.425,0.36,0.065,0.12352184888876831,1.2823529411764707,1.0,0.02787330000592192,0.1393665000296096,10
compas,recidivism-risk audit,19,7,0.0,immutable_top3_l1,metric_leaf_projection,200,0.745,0.745,0.0,0.2691836535143174,1.3288590604026846,1.0,0.011759100000745093,0.058795500003725465,10
compas,recidivism-risk audit,19,7,0.0,immutable_top3_l1,metric_clbr,200,0.75,0.745,0.005,0.28458100787500623,1.3333333333333333,1.0,0.01593279999360675,0.07966399996803375,10
compas,recidivism-risk audit,19,7,0.0,immutable_top3_l1,exact_leaf,200,1.0,1.0,0.0,0.5439166044237067,1.255,1.0,0.09843739999814716,0.4921869999907358,10
compas,recidivism-risk audit,19,7,0.0,immutable_top3_l1,exact_leaf_cached,200,1.0,1.0,0.0,0.5439166044237067,1.255,1.0,0.02577320000000327,0.12886600000001636,10
compas,recidivism-risk audit,19,7,0.0,immutable_top3_l1,native_exact_k_sparse,200,1.0,1.0,0.0,0.5439166044237067,1.255,1.0,0.02571199999692908,0.1285599999846454,10
compas,recidivism-risk audit,19,7,0.0,immutable_top3_l1,clbr_uncached,200,0.425,0.36,0.065,0.12352184888876831,1.2823529411764707,1.0,0.03435259999696427,0.17176299998482136,10
compas,recidivism-risk audit,29,7,0.0,free_l2,nn_positive_train,200,1.0,1.0,0.0,3.3888542936452497,4.985,0.045,0.018307600001207902,0.09153800000603951,13
compas,recidivism-risk audit,29,7,0.0,free_l2,leaf_centroid,200,1.0,1.0,0.0,3.1981297999345397,5.465,0.03,0.07351070000095206,0.3675535000047603,13
compas,recidivism-risk audit,29,7,0.0,free_l2,raw_leaf_projection,200,1.0,1.0,0.0,0.9639644610365646,1.725,0.99,0.01357770000504388,0.0678885000252194,13
compas,recidivism-risk audit,29,7,0.0,free_l2,clbr,200,1.0,1.0,0.0,0.9639644610365646,1.725,0.99,0.013124800004334247,0.06562400002167124,13
compas,recidivism-risk audit,29,7,0.0,free_l2,metric_leaf_projection,200,1.0,1.0,0.0,0.45394993943784734,1.61,1.0,0.012386800001877418,0.06193400000938709,13
compas,recidivism-risk audit,29,7,0.0,free_l2,metric_clbr,200,1.0,1.0,0.0,0.45394993943784734,1.61,1.0,0.012816399997973349,0.06408199998986674,13
compas,recidivism-risk audit,29,7,0.0,free_l2,exact_leaf,200,1.0,1.0,0.0,0.45394993943784734,1.61,1.0,0.12679309999657562,0.6339654999828781,13
compas,recidivism-risk audit,29,7,0.0,free_l2,exact_leaf_cached,200,1.0,1.0,0.0,0.45394993943784734,1.61,1.0,0.02778870000383904,0.1389435000191952,13
compas,recidivism-risk audit,29,7,0.0,free_l2,native_exact_k_sparse,200,1.0,1.0,0.0,0.45394993943784734,1.61,1.0,0.026171899998189474,0.13085949999094737,13
compas,recidivism-risk audit,29,7,0.0,free_l2,clbr_uncached,200,1.0,1.0,0.0,0.9639644610365646,1.725,0.99,0.021794300011606538,0.10897150005803269,13
compas,recidivism-risk audit,29,7,0.0,immutable_l2,nn_positive_train,200,0.195,0.195,0.0,0.32797397169004316,2.358974358974359,1.0,0.01618750000216096,0.0809375000108048,13
compas,recidivism-risk audit,29,7,0.0,immutable_l2,leaf_centroid,200,0.275,0.275,0.0,0.5508953686561412,2.618181818181818,1.0,0.07197870000163675,0.35989350000818376,13
compas,recidivism-risk audit,29,7,0.0,immutable_l2,raw_leaf_projection,200,0.23,0.23,0.0,0.15762582309615542,1.0217391304347827,1.0,0.012897699998575263,0.06448849999287631,13
compas,recidivism-risk audit,29,7,0.0,immutable_l2,clbr,200,0.26,0.23,0.03,0.1845357644984388,1.1153846153846154,1.0,0.02574880000702251,0.12874400003511255,13
compas,recidivism-risk audit,29,7,0.0,immutable_l2,metric_leaf_projection,200,0.63,0.63,0.0,0.3303437523217697,1.2698412698412698,1.0,0.011915599998246762,0.05957799999123381,13
compas,recidivism-risk audit,29,7,0.0,immutable_l2,metric_clbr,200,0.63,0.63,0.0,0.3303437523217697,1.2698412698412698,1.0,0.01751200000035169,0.08756000000175845,13
compas,recidivism-risk audit,29,7,0.0,immutable_l2,exact_leaf,200,1.0,1.0,0.0,0.6553879000901753,1.225,1.0,0.1171187000018108,0.585593500009054,13
compas,recidivism-risk audit,29,7,0.0,immutable_l2,exact_leaf_cached,200,1.0,1.0,0.0,0.6553879000901753,1.225,1.0,0.026562100001683575,0.13281050000841788,13
compas,recidivism-risk audit,29,7,0.0,immutable_l2,native_exact_k_sparse,200,1.0,1.0,0.0,0.6553879000901753,1.225,1.0,0.02625839999745949,0.13129199998729746,13
compas,recidivism-risk audit,29,7,0.0,immutable_l2,clbr_uncached,200,0.26,0.23,0.03,0.1845357644984388,1.1153846153846154,1.0,0.03397899999617948,0.1698949999808974,13
compas,recidivism-risk audit,29,7,0.0,immutable_top3_l1,nn_positive_train,200,0.195,0.195,0.0,0.370656391230191,2.358974358974359,1.0,0.018408300005830824,0.09204150002915412,13
compas,recidivism-risk audit,29,7,0.0,immutable_top3_l1,leaf_centroid,200,0.275,0.275,0.0,0.6539973491543064,2.618181818181818,1.0,0.07251330000053713,0.36256650000268564,13
compas,recidivism-risk audit,29,7,0.0,immutable_top3_l1,raw_leaf_projection,200,0.23,0.23,0.0,0.157746865560622,1.0217391304347827,1.0,0.013425399992229359,0.0671269999611468,13
compas,recidivism-risk audit,29,7,0.0,immutable_top3_l1,clbr,200,0.26,0.23,0.03,0.19088975392057705,1.1153846153846154,1.0,0.026015299999926356,0.13007649999963178,13
compas,recidivism-risk audit,29,7,0.0,immutable_top3_l1,metric_leaf_projection,200,0.685,0.685,0.0,0.4190865131349423,1.218978102189781,1.0,0.011629500002527493,0.058147500012637465,13
compas,recidivism-risk audit,29,7,0.0,immutable_top3_l1,metric_clbr,200,0.685,0.685,0.0,0.4190865131349423,1.218978102189781,1.0,0.016013200007364503,0.08006600003682252,13
compas,recidivism-risk audit,29,7,0.0,immutable_top3_l1,exact_leaf,200,1.0,1.0,0.0,0.6797515709868849,1.2,1.0,0.11643280001044332,0.5821640000522166,13
compas,recidivism-risk audit,29,7,0.0,immutable_top3_l1,exact_leaf_cached,200,1.0,1.0,0.0,0.6797515709868849,1.2,1.0,0.02655259999937698,0.1327629999968849,13
compas,recidivism-risk audit,29,7,0.0,immutable_top3_l1,native_exact_k_sparse,200,1.0,1.0,0.0,0.6797515709868849,1.2,1.0,0.02668059998904937,0.13340299994524685,13
compas,recidivism-risk audit,29,7,0.0,immutable_top3_l1,clbr_uncached,200,0.26,0.23,0.03,0.19088975392057705,1.1153846153846154,1.0,0.036069799995857466,0.18034899997928733,13
compas,recidivism-risk audit,37,7,0.0,free_l2,nn_positive_train,200,1.0,1.0,0.0,1.72245601478665,4.455,0.085,0.017672199995104165,0.08836099997552083,13
compas,recidivism-risk audit,37,7,0.0,free_l2,leaf_centroid,200,1.0,1.0,0.0,2.2927991477566247,5.435,0.0,0.07416919999013771,0.37084599995068857,13
compas,recidivism-risk audit,37,7,0.0,free_l2,raw_leaf_projection,200,1.0,1.0,0.0,0.6615131487261798,2.115,0.865,0.014026700009708293,0.07013350004854146,13
compas,recidivism-risk audit,37,7,0.0,free_l2,clbr,200,1.0,1.0,0.0,0.6615131487261798,2.115,0.865,0.012806099994122633,0.06403049997061316,13
compas,recidivism-risk audit,37,7,0.0,free_l2,metric_leaf_projection,200,1.0,1.0,0.0,0.31663609995751824,1.82,0.98,0.01228930000524997,0.06144650002624985,13
compas,recidivism-risk audit,37,7,0.0,free_l2,metric_clbr,200,1.0,1.0,0.0,0.31663609995751824,1.82,0.98,0.012022600003547268,0.06011300001773634,13
compas,recidivism-risk audit,37,7,0.0,free_l2,exact_leaf,200,1.0,1.0,0.0,0.31663609995751824,1.82,0.98,0.12436909999723866,0.6218454999861933,13
compas,recidivism-risk audit,37,7,0.0,free_l2,exact_leaf_cached,200,1.0,1.0,0.0,0.31663609995751824,1.82,0.98,0.02762280000388273,0.13811400001941365,13
compas,recidivism-risk audit,37,7,0.0,free_l2,native_exact_k_sparse,200,1.0,1.0,0.0,0.31663609995751824,1.82,0.98,0.0254572000085318,0.127286000042659,13
compas,recidivism-risk audit,37,7,0.0,free_l2,clbr_uncached,200,1.0,1.0,0.0,0.6615131487261798,2.115,0.865,0.021099499987030867,0.10549749993515434,13
compas,recidivism-risk audit,37,7,0.0,immutable_l2,nn_positive_train,200,0.43,0.43,0.0,0.5238115106907585,2.2674418604651163,1.0,0.01712529999895196,0.0856264999947598,13
compas,recidivism-risk audit,37,7,0.0,immutable_l2,leaf_centroid,200,0.46,0.46,0.0,1.0481349165192761,2.6956521739130435,1.0,0.07309979999990901,0.36549899999954505,13
compas,recidivism-risk audit,37,7,0.0,immutable_l2,raw_leaf_projection,200,0.295,0.295,0.0,0.18600765471030814,1.1016949152542372,1.0,0.013501400003406161,0.0675070000170308,13
compas,recidivism-risk audit,37,7,0.0,immutable_l2,clbr,200,0.455,0.295,0.16,0.2996071896823827,1.6263736263736264,1.0,0.03668220000054134,0.18341100000270671,13
compas,recidivism-risk audit,37,7,0.0,immutable_l2,metric_leaf_projection,200,0.565,0.565,0.0,0.22178804650347492,1.2566371681415929,1.0,0.01234529999874212,0.061726499993710604,13
compas,recidivism-risk audit,37,7,0.0,immutable_l2,metric_clbr,200,0.565,0.565,0.0,0.22178804650347492,1.2566371681415929,1.0,0.018382900000688096,0.09191450000344048,13
compas,recidivism-risk audit,37,7,0.0,immutable_l2,exact_leaf,200,1.0,1.0,0.0,0.6148849415760579,1.32,1.0,0.12121320000369451,0.6060660000184726,13
compas,recidivism-risk audit,37,7,0.0,immutable_l2,exact_leaf_cached,200,1.0,1.0,0.0,0.6148849415760579,1.32,1.0,0.026740899998912937,0.13370449999456469,13
compas,recidivism-risk audit,37,7,0.0,immutable_l2,native_exact_k_sparse,200,1.0,1.0,0.0,0.6148849415760579,1.32,1.0,0.026568000002043846,0.13284000001021923,13
compas,recidivism-risk audit,37,7,0.0,immutable_l2,clbr_uncached,200,0.455,0.295,0.16,0.2996071896823827,1.6263736263736264,1.0,0.04406780000681465,0.22033900003407325,13
compas,recidivism-risk audit,37,7,0.0,immutable_top3_l1,nn_positive_train,200,0.43,0.43,0.0,0.633481095407901,2.2674418604651163,1.0,0.01713340000696917,0.08566700003484584,13
compas,recidivism-risk audit,37,7,0.0,immutable_top3_l1,leaf_centroid,200,0.46,0.46,0.0,1.309446142144418,2.6956521739130435,1.0,0.07636290000573354,0.3818145000286677,13
compas,recidivism-risk audit,37,7,0.0,immutable_top3_l1,raw_leaf_projection,200,0.295,0.295,0.0,0.19471546037010287,1.1016949152542372,1.0,0.013902700001381163,0.06951350000690582,13
compas,recidivism-risk audit,37,7,0.0,immutable_top3_l1,clbr,200,0.455,0.295,0.16,0.3581159858821773,1.6263736263736264,1.0,0.03809890000047744,0.1904945000023872,13
compas,recidivism-risk audit,37,7,0.0,immutable_top3_l1,metric_leaf_projection,200,0.59,0.59,0.0,0.2636239869607557,1.228813559322034,1.0,0.013036699988333567,0.06518349994166783,13
compas,recidivism-risk audit,37,7,0.0,immutable_top3_l1,metric_clbr,200,0.59,0.59,0.0,0.2636239869607557,1.228813559322034,1.0,0.019759199998588883,0.09879599999294442,13
compas,recidivism-risk audit,37,7,0.0,immutable_top3_l1,exact_leaf,200,1.0,1.0,0.0,0.6338558228494917,1.31,1.0,0.12077760000283888,0.6038880000141944,13
compas,recidivism-risk audit,37,7,0.0,immutable_top3_l1,exact_leaf_cached,200,1.0,1.0,0.0,0.6338558228494917,1.31,1.0,0.0267500999962067,0.1337504999810335,13
compas,recidivism-risk audit,37,7,0.0,immutable_top3_l1,native_exact_k_sparse,200,1.0,1.0,0.0,0.6338558228494917,1.31,1.0,0.026711200001045654,0.13355600000522827,13
compas,recidivism-risk audit,37,7,0.0,immutable_top3_l1,clbr_uncached,200,0.455,0.295,0.16,0.3581159858821773,1.6263736263736264,1.0,0.045398199998089694,0.22699099999044847,13
compas,recidivism-risk audit,41,7,0.0,free_l2,nn_positive_train,200,1.0,1.0,0.0,2.1531313977917397,4.49,0.11,0.01707019998866599,0.08535099994332995,14
compas,recidivism-risk audit,41,7,0.0,free_l2,leaf_centroid,200,1.0,1.0,0.0,2.235332292058718,5.985,0.0,0.07525779999377846,0.3762889999688923,14
compas,recidivism-risk audit,41,7,0.0,free_l2,raw_leaf_projection,200,1.0,1.0,0.0,0.7694818572689849,1.77,1.0,0.013450900008137978,0.06725450004068989,14
compas,recidivism-risk audit,41,7,0.0,free_l2,clbr,200,1.0,1.0,0.0,0.7694818572689849,1.77,1.0,0.012179399996057327,0.06089699998028664,14
compas,recidivism-risk audit,41,7,0.0,free_l2,metric_leaf_projection,200,1.0,1.0,0.0,0.315977750691303,1.645,0.995,0.011752299998988747,0.05876149999494373,14
compas,recidivism-risk audit,41,7,0.0,free_l2,metric_clbr,200,1.0,1.0,0.0,0.315977750691303,1.645,0.995,0.011756699993384245,0.05878349996692123,14
compas,recidivism-risk audit,41,7,0.0,free_l2,exact_leaf,200,1.0,1.0,0.0,0.315977750691303,1.645,0.995,0.13357220000489178,0.6678610000244589,14
compas,recidivism-risk audit,41,7,0.0,free_l2,exact_leaf_cached,200,1.0,1.0,0.0,0.315977750691303,1.645,0.995,0.026770400001623784,0.13385200000811892,14
compas,recidivism-risk audit,41,7,0.0,free_l2,native_exact_k_sparse,200,1.0,1.0,0.0,0.315977750691303,1.645,0.995,0.02533590000075492,0.1266795000037746,14
compas,recidivism-risk audit,41,7,0.0,free_l2,clbr_uncached,200,1.0,1.0,0.0,0.7694818572689849,1.77,1.0,0.02018090000274242,0.1009045000137121,14
compas,recidivism-risk audit,41,7,0.0,immutable_l2,nn_positive_train,200,0.25,0.25,0.0,0.24531060354706163,2.28,1.0,0.017406600001777406,0.08703300000888703,14
compas,recidivism-risk audit,41,7,0.0,immutable_l2,leaf_centroid,200,0.205,0.205,0.0,0.6690682768044657,3.0,1.0,0.07706750000670581,0.38533750003352907,14
compas,recidivism-risk audit,41,7,0.0,immutable_l2,raw_leaf_projection,200,0.275,0.275,0.0,0.05126292320397831,1.0,1.0,0.012605500002791814,0.06302750001395907,14
compas,recidivism-risk audit,41,7,0.0,immutable_l2,clbr,200,0.3,0.275,0.025,0.054263551359658276,1.1166666666666667,1.0,0.025205800001458556,0.12602900000729278,14
compas,recidivism-risk audit,41,7,0.0,immutable_l2,metric_leaf_projection,200,0.575,0.575,0.0,0.23844884597649393,1.191304347826087,1.0,0.011818099989795883,0.059090499948979414,14
compas,recidivism-risk audit,41,7,0.0,immutable_l2,metric_clbr,200,0.585,0.575,0.01,0.24505870764866206,1.2136752136752136,1.0,0.019660900002236303,0.09830450001118152,14
compas,recidivism-risk audit,41,7,0.0,immutable_l2,exact_leaf,200,1.0,1.0,0.0,0.511576608258619,1.245,1.0,0.13435349999872415,0.6717674999936207,14
compas,recidivism-risk audit,41,7,0.0,immutable_l2,exact_leaf_cached,200,1.0,1.0,0.0,0.511576608258619,1.245,1.0,0.028577099999893107,0.14288549999946554,14
compas,recidivism-risk audit,41,7,0.0,immutable_l2,native_exact_k_sparse,200,1.0,1.0,0.0,0.511576608258619,1.245,1.0,0.026922899998680805,0.13461449999340402,14
compas,recidivism-risk audit,41,7,0.0,immutable_l2,clbr_uncached,200,0.3,0.275,0.025,0.054263551359658276,1.1166666666666667,1.0,0.03692449999925884,0.1846224999962942,14
compas,recidivism-risk audit,41,7,0.0,immutable_top3_l1,nn_positive_train,200,0.25,0.25,0.0,0.2775244777945783,2.28,1.0,0.017549600004713284,0.08774800002356642,14
compas,recidivism-risk audit,41,7,0.0,immutable_top3_l1,leaf_centroid,200,0.205,0.205,0.0,0.8005504918928756,3.0,1.0,0.07912279999254679,0.39561399996273394,14
compas,recidivism-risk audit,41,7,0.0,immutable_top3_l1,raw_leaf_projection,200,0.275,0.275,0.0,0.05126292320397831,1.0,1.0,0.013756600000306207,0.06878300000153104,14
compas,recidivism-risk audit,41,7,0.0,immutable_top3_l1,clbr,200,0.3,0.275,0.025,0.05607708744124862,1.1166666666666667,1.0,0.02575970000361849,0.12879850001809245,14
compas,recidivism-risk audit,41,7,0.0,immutable_top3_l1,metric_leaf_projection,200,0.63,0.63,0.0,0.29703378249533,1.2222222222222223,1.0,0.011795799996434653,0.058978999982173264,14
compas,recidivism-risk audit,41,7,0.0,immutable_top3_l1,metric_clbr,200,0.64,0.63,0.01,0.30250272649939025,1.2421875,1.0,0.018168199999308854,0.09084099999654427,14
compas,recidivism-risk audit,41,7,0.0,immutable_top3_l1,exact_leaf,200,1.0,1.0,0.0,0.5260294537604241,1.215,1.0,0.13462309999704303,0.6731154999852151,14
compas,recidivism-risk audit,41,7,0.0,immutable_top3_l1,exact_leaf_cached,200,1.0,1.0,0.0,0.5260294537604241,1.215,1.0,0.027968100002908614,0.13984050001454307,14
compas,recidivism-risk audit,41,7,0.0,immutable_top3_l1,native_exact_k_sparse,200,1.0,1.0,0.0,0.5260294537604241,1.215,1.0,0.028618599994842953,0.14309299997421476,14
compas,recidivism-risk audit,41,7,0.0,immutable_top3_l1,clbr_uncached,200,0.3,0.275,0.025,0.05607708744124862,1.1166666666666667,1.0,0.036732599996867066,0.18366299998433533,14
compas,recidivism-risk audit,53,7,0.0,free_l2,nn_positive_train,200,1.0,1.0,0.0,2.4298934050529355,4.505,0.09,0.01793959999213257,0.08969799996066286,14
compas,recidivism-risk audit,53,7,0.0,free_l2,leaf_centroid,200,1.0,1.0,0.0,2.729205418477855,5.435,0.03,0.080872399992586,0.40436199996293,14
compas,recidivism-risk audit,53,7,0.0,free_l2,raw_leaf_projection,200,1.0,1.0,0.0,1.3077039199681946,2.135,1.0,0.014231499993002217,0.07115749996501108,14
compas,recidivism-risk audit,53,7,0.0,free_l2,clbr,200,1.0,1.0,0.0,1.3077039199681946,2.135,1.0,0.013303400000950205,0.06651700000475103,14
compas,recidivism-risk audit,53,7,0.0,free_l2,metric_leaf_projection,200,1.0,1.0,0.0,0.543903246495675,1.725,1.0,0.012976199999684468,0.06488099999842234,14
compas,recidivism-risk audit,53,7,0.0,free_l2,metric_clbr,200,1.0,1.0,0.0,0.543903246495675,1.725,1.0,0.012564600000587234,0.06282300000293617,14
compas,recidivism-risk audit,53,7,0.0,free_l2,exact_leaf,200,1.0,1.0,0.0,0.543903246495675,1.725,1.0,0.14093570000386535,0.7046785000193267,14
compas,recidivism-risk audit,53,7,0.0,free_l2,exact_leaf_cached,200,1.0,1.0,0.0,0.543903246495675,1.725,1.0,0.02774150000004738,0.1387075000002369,14
compas,recidivism-risk audit,53,7,0.0,free_l2,native_exact_k_sparse,200,1.0,1.0,0.0,0.543903246495675,1.725,1.0,0.026506199999857927,0.13253099999928963,14
compas,recidivism-risk audit,53,7,0.0,free_l2,clbr_uncached,200,1.0,1.0,0.0,1.3077039199681946,2.135,1.0,0.021653700001479592,0.10826850000739796,14
compas,recidivism-risk audit,53,7,0.0,immutable_l2,nn_positive_train,200,0.14,0.14,0.0,0.7997644630103485,2.5357142857142856,1.0,0.015522300003794953,0.07761150001897477,14
compas,recidivism-risk audit,53,7,0.0,immutable_l2,leaf_centroid,200,0.115,0.115,0.0,1.5306139736112843,2.6956521739130435,1.0,0.07520849999855272,0.3760424999927636,14
compas,recidivism-risk audit,53,7,0.0,immutable_l2,raw_leaf_projection,200,0.075,0.075,0.0,0.35797795418733686,1.0666666666666667,1.0,0.011896999997588864,0.05948499998794432,14
compas,recidivism-risk audit,53,7,0.0,immutable_l2,clbr,200,0.155,0.075,0.08,0.6106691029383171,1.935483870967742,1.0,0.029826000009961717,0.1491300000498086,14
compas,recidivism-risk audit,53,7,0.0,immutable_l2,metric_leaf_projection,200,0.575,0.575,0.0,0.5144937779553859,1.2521739130434784,1.0,0.011110299991742068,0.05555149995871034,14
compas,recidivism-risk audit,53,7,0.0,immutable_l2,metric_clbr,200,0.575,0.575,0.0,0.5144937779553859,1.2521739130434784,1.0,0.01710319999619969,0.08551599998099846,14
compas,recidivism-risk audit,53,7,0.0,immutable_l2,exact_leaf,200,1.0,1.0,0.0,0.7788674389819373,1.18,1.0,0.12032660000113538,0.6016330000056769,14
compas,recidivism-risk audit,53,7,0.0,immutable_l2,exact_leaf_cached,200,1.0,1.0,0.0,0.7788674389819373,1.18,1.0,0.025793000008889067,0.12896500004444533,14
compas,recidivism-risk audit,53,7,0.0,immutable_l2,native_exact_k_sparse,200,1.0,1.0,0.0,0.7788674389819373,1.18,1.0,0.023863899998104898,0.11931949999052449,14
compas,recidivism-risk audit,53,7,0.0,immutable_l2,clbr_uncached,200,0.155,0.075,0.08,0.6106691029383171,1.935483870967742,1.0,0.03905040000609006,0.1952520000304503,14
compas,recidivism-risk audit,53,7,0.0,immutable_top3_l1,nn_positive_train,200,0.14,0.14,0.0,0.9241334396668098,2.5357142857142856,1.0,0.018114800006514997,0.09057400003257499,14
compas,recidivism-risk audit,53,7,0.0,immutable_top3_l1,leaf_centroid,200,0.115,0.115,0.0,1.7527529558263162,2.6956521739130435,1.0,0.08075200000621408,0.4037600000310704,14
compas,recidivism-risk audit,53,7,0.0,immutable_top3_l1,raw_leaf_projection,200,0.075,0.075,0.0,0.36640864136104245,1.0666666666666667,1.0,0.013172700005270599,0.065863500026353,14
compas,recidivism-risk audit,53,7,0.0,immutable_top3_l1,clbr,200,0.155,0.075,0.08,0.6942525609773846,1.935483870967742,1.0,0.033494600012090814,0.16747300006045407,14
compas,recidivism-risk audit,53,7,0.0,immutable_top3_l1,metric_leaf_projection,200,0.61,0.61,0.0,0.5933156410609949,1.2295081967213115,1.0,0.012295399996219203,0.061476999981096014,14
compas,recidivism-risk audit,53,7,0.0,immutable_top3_l1,metric_clbr,200,0.615,0.61,0.005,0.5920896671578588,1.2439024390243902,1.0,0.018519599998398917,0.09259799999199458,14
compas,recidivism-risk audit,53,7,0.0,immutable_top3_l1,exact_leaf,200,1.0,1.0,0.0,0.8090028802510697,1.175,1.0,0.1305594999994355,0.6527974999971775,14
compas,recidivism-risk audit,53,7,0.0,immutable_top3_l1,exact_leaf_cached,200,1.0,1.0,0.0,0.8090028802510697,1.175,1.0,0.02770899999723042,0.1385449999861521,14
compas,recidivism-risk audit,53,7,0.0,immutable_top3_l1,native_exact_k_sparse,200,1.0,1.0,0.0,0.8090028802510697,1.175,1.0,0.02757350000229053,0.13786750001145265,14
compas,recidivism-risk audit,53,7,0.0,immutable_top3_l1,clbr_uncached,200,0.155,0.075,0.08,0.6942525609773846,1.935483870967742,1.0,0.046045300000514544,0.23022650000257272,14
compas,recidivism-risk audit,61,7,0.0,free_l2,nn_positive_train,200,1.0,1.0,0.0,2.7127009528188855,4.71,0.095,0.01868280000417144,0.0934140000208572,16
compas,recidivism-risk audit,61,7,0.0,free_l2,leaf_centroid,200,1.0,1.0,0.0,2.5690143515678883,6.13,0.005,0.08685870000499563,0.43429350002497813,16
compas,recidivism-risk audit,61,7,0.0,free_l2,raw_leaf_projection,200,1.0,1.0,0.0,0.7842179450005563,1.94,0.975,0.01369780000004539,0.06848900000022695,16
compas,recidivism-risk audit,61,7,0.0,free_l2,clbr,200,1.0,1.0,0.0,0.7842179450005563,1.94,0.975,0.012092400005712989,0.060462000028564944,16
compas,recidivism-risk audit,61,7,0.0,free_l2,metric_leaf_projection,200,1.0,1.0,0.0,0.2936263469154513,1.65,1.0,0.012420800004292687,0.062104000021463435,16
compas,recidivism-risk audit,61,7,0.0,free_l2,metric_clbr,200,1.0,1.0,0.0,0.2936263469154513,1.65,1.0,0.012044400000377209,0.060222000001886045,16
compas,recidivism-risk audit,61,7,0.0,free_l2,exact_leaf,200,1.0,1.0,0.0,0.2936263469154513,1.65,1.0,0.1491234000041004,0.745617000020502,16
compas,recidivism-risk audit,61,7,0.0,free_l2,exact_leaf_cached,200,1.0,1.0,0.0,0.2936263469154513,1.65,1.0,0.026095999994140584,0.13047999997070292,16
compas,recidivism-risk audit,61,7,0.0,free_l2,native_exact_k_sparse,200,1.0,1.0,0.0,0.2936263469154513,1.65,1.0,0.02524889999131119,0.12624449995655596,16
compas,recidivism-risk audit,61,7,0.0,free_l2,clbr_uncached,200,1.0,1.0,0.0,0.7842179450005563,1.94,0.975,0.02281729999504023,0.11408649997520115,16
compas,recidivism-risk audit,61,7,0.0,immutable_l2,nn_positive_train,200,0.38,0.38,0.0,0.27504086093394453,2.486842105263158,1.0,0.018582300008347374,0.09291150004173687,16
compas,recidivism-risk audit,61,7,0.0,immutable_l2,leaf_centroid,200,0.27,0.27,0.0,0.9453962253619923,2.6481481481481484,1.0,0.08721879999484372,0.4360939999742186,16
compas,recidivism-risk audit,61,7,0.0,immutable_l2,raw_leaf_projection,200,0.355,0.355,0.0,0.055242828883591194,1.1971830985915493,1.0,0.012992099997063633,0.06496049998531817,16
compas,recidivism-risk audit,61,7,0.0,immutable_l2,clbr,200,0.4,0.355,0.045,0.10614934643804008,1.325,1.0,0.025997900007496355,0.12998950003748178,16
compas,recidivism-risk audit,61,7,0.0,immutable_l2,metric_leaf_projection,200,0.705,0.705,0.0,0.22584955211183186,1.375886524822695,1.0,0.012247300008311868,0.06123650004155934,16
compas,recidivism-risk audit,61,7,0.0,immutable_l2,metric_clbr,200,0.71,0.705,0.005,0.23214770055493092,1.3873239436619718,1.0,0.017011600001751503,0.08505800000875752,16
compas,recidivism-risk audit,61,7,0.0,immutable_l2,exact_leaf,200,1.0,1.0,0.0,0.3971545991335467,1.485,1.0,0.14441219998298038,0.7220609999149019,16
compas,recidivism-risk audit,61,7,0.0,immutable_l2,exact_leaf_cached,200,1.0,1.0,0.0,0.3971545991335467,1.485,1.0,0.02824079999300011,0.14120399996500055,16
compas,recidivism-risk audit,61,7,0.0,immutable_l2,native_exact_k_sparse,200,1.0,1.0,0.0,0.3971545991335467,1.485,1.0,0.028320499996880244,0.14160249998440122,16
compas,recidivism-risk audit,61,7,0.0,immutable_l2,clbr_uncached,200,0.4,0.355,0.045,0.10614934643804008,1.325,1.0,0.03989799999817478,0.1994899999908739,16
compas,recidivism-risk audit,61,7,0.0,immutable_top3_l1,nn_positive_train,200,0.38,0.38,0.0,0.32719951182371115,2.486842105263158,1.0,0.017981400007556658,0.08990700003778329,16
compas,recidivism-risk audit,61,7,0.0,immutable_top3_l1,leaf_centroid,200,0.27,0.27,0.0,1.1496759998900064,2.6481481481481484,1.0,0.08981100000255537,0.4490550000127769,16
compas,recidivism-risk audit,61,7,0.0,immutable_top3_l1,raw_leaf_projection,200,0.355,0.355,0.0,0.05875295587110631,1.1971830985915493,1.0,0.01463520000106655,0.07317600000533275,16
compas,recidivism-risk audit,61,7,0.0,immutable_top3_l1,clbr,200,0.4,0.355,0.045,0.11815776665291397,1.325,1.0,0.028470100006416033,0.14235050003208016,16
compas,recidivism-risk audit,61,7,0.0,immutable_top3_l1,metric_leaf_projection,200,0.77,0.77,0.0,0.2843163381500556,1.4025974025974026,1.0,0.0124175000064497,0.0620875000322485,16
compas,recidivism-risk audit,61,7,0.0,immutable_top3_l1,metric_clbr,200,0.775,0.77,0.005,0.2907354339623556,1.4129032258064516,1.0,0.016752599999563245,0.08376299999781622,16
compas,recidivism-risk audit,61,7,0.0,immutable_top3_l1,exact_leaf,200,1.0,1.0,0.0,0.41403565035648837,1.46,1.0,0.14913639999849693,0.7456819999924846,16
compas,recidivism-risk audit,61,7,0.0,immutable_top3_l1,exact_leaf_cached,200,1.0,1.0,0.0,0.41403565035648837,1.46,1.0,0.028663799995229056,0.14331899997614528,16
compas,recidivism-risk audit,61,7,0.0,immutable_top3_l1,native_exact_k_sparse,200,1.0,1.0,0.0,0.41403565035648837,1.46,1.0,0.02775100000326347,0.13875500001631735,16
compas,recidivism-risk audit,61,7,0.0,immutable_top3_l1,clbr_uncached,200,0.4,0.355,0.045,0.11815776665291397,1.325,1.0,0.04021279999506078,0.2010639999753039,16
compas,recidivism-risk audit,73,7,0.0,free_l2,nn_positive_train,200,1.0,1.0,0.0,2.469991786122376,4.32,0.18,0.018479900000784255,0.09239950000392128,8
compas,recidivism-risk audit,73,7,0.0,free_l2,leaf_centroid,200,1.0,1.0,0.0,2.752004253613164,5.595,0.0,0.057192799999029376,0.2859639999951469,8
compas,recidivism-risk audit,73,7,0.0,free_l2,raw_leaf_projection,200,1.0,1.0,0.0,1.0664086541444215,1.745,0.98,0.01425939999990078,0.0712969999995039,8
compas,recidivism-risk audit,73,7,0.0,free_l2,clbr,200,1.0,1.0,0.0,1.0664086541444215,1.745,0.98,0.012642400006370735,0.06321200003185368,8
compas,recidivism-risk audit,73,7,0.0,free_l2,metric_leaf_projection,200,1.0,1.0,0.0,0.6395859464686182,1.135,0.995,0.012597099993399752,0.06298549996699876,8
compas,recidivism-risk audit,73,7,0.0,free_l2,metric_clbr,200,1.0,1.0,0.0,0.6395859464686182,1.135,0.995,0.012303300006351492,0.06151650003175746,8
compas,recidivism-risk audit,73,7,0.0,free_l2,exact_leaf,200,1.0,1.0,0.0,0.6395859464686182,1.135,0.995,0.08517179999671498,0.4258589999835749,8
compas,recidivism-risk audit,73,7,0.0,free_l2,exact_leaf_cached,200,1.0,1.0,0.0,0.6395859464686182,1.135,0.995,0.02749229999972158,0.1374614999986079,8
compas,recidivism-risk audit,73,7,0.0,free_l2,native_exact_k_sparse,200,1.0,1.0,0.0,0.6395859464686182,1.135,0.995,0.02502470000399626,0.1251235000199813,8
compas,recidivism-risk audit,73,7,0.0,free_l2,clbr_uncached,200,1.0,1.0,0.0,1.0664086541444215,1.745,0.98,0.017101800007367274,0.08550900003683637,8
compas,recidivism-risk audit,73,7,0.0,immutable_l2,nn_positive_train,200,0.405,0.405,0.0,0.6108509851447215,2.2839506172839505,1.0,0.017291300006945676,0.08645650003472838,8
compas,recidivism-risk audit,73,7,0.0,immutable_l2,leaf_centroid,200,0.415,0.415,0.0,0.9863986882393956,2.9036144578313254,1.0,0.05585220001012203,0.27926100005061016,8
compas,recidivism-risk audit,73,7,0.0,immutable_l2,raw_leaf_projection,200,0.41,0.41,0.0,0.29846994784188213,1.0365853658536586,1.0,0.012737600000946259,0.0636880000047313,8
compas,recidivism-risk audit,73,7,0.0,immutable_l2,clbr,200,0.41,0.41,0.0,0.29846994784188213,1.0365853658536586,1.0,0.02123270000993216,0.1061635000496608,8
compas,recidivism-risk audit,73,7,0.0,immutable_l2,metric_leaf_projection,200,0.895,0.895,0.0,0.6416908778272338,1.0167597765363128,1.0,0.01211119999516086,0.0605559999758043,8
compas,recidivism-risk audit,73,7,0.0,immutable_l2,metric_clbr,200,0.895,0.895,0.0,0.6416908778272338,1.0167597765363128,1.0,0.01416080000308284,0.0708040000154142,8
compas,recidivism-risk audit,73,7,0.0,immutable_l2,exact_leaf,200,1.0,1.0,0.0,0.685204830195556,1.015,1.0,0.08019489999878715,0.40097449999393575,8
compas,recidivism-risk audit,73,7,0.0,immutable_l2,exact_leaf_cached,200,1.0,1.0,0.0,0.685204830195556,1.015,1.0,0.026142799994886445,0.13071399997443223,8
compas,recidivism-risk audit,73,7,0.0,immutable_l2,native_exact_k_sparse,200,1.0,1.0,0.0,0.685204830195556,1.015,1.0,0.024891799998840725,0.12445899999420362,8
compas,recidivism-risk audit,73,7,0.0,immutable_l2,clbr_uncached,200,0.41,0.41,0.0,0.29846994784188213,1.0365853658536586,1.0,0.026435899992975465,0.13217949996487732,8
compas,recidivism-risk audit,73,7,0.0,immutable_top3_l1,nn_positive_train,200,0.405,0.405,0.0,0.7101150317272201,2.2839506172839505,1.0,0.017611600002965133,0.08805800001482567,8
compas,recidivism-risk audit,73,7,0.0,immutable_top3_l1,leaf_centroid,200,0.415,0.415,0.0,1.172811338920908,2.9036144578313254,1.0,0.056935599995085795,0.284677999975429,8
compas,recidivism-risk audit,73,7,0.0,immutable_top3_l1,raw_leaf_projection,200,0.41,0.41,0.0,0.30141258207336885,1.0365853658536586,1.0,0.013782200005152845,0.06891100002576422,8
compas,recidivism-risk audit,73,7,0.0,immutable_top3_l1,clbr,200,0.41,0.41,0.0,0.30141258207336885,1.0365853658536586,1.0,0.022671499996249622,0.11335749998124811,8
compas,recidivism-risk audit,73,7,0.0,immutable_top3_l1,metric_leaf_projection,200,0.915,0.915,0.0,0.6512778306867921,1.010928961748634,1.0,0.01294389999111445,0.06471949995557225,8
compas,recidivism-risk audit,73,7,0.0,immutable_top3_l1,metric_clbr,200,0.915,0.915,0.0,0.6512778306867921,1.010928961748634,1.0,0.01396059999933641,0.06980299999668205,8
compas,recidivism-risk audit,73,7,0.0,immutable_top3_l1,exact_leaf,200,1.0,1.0,0.0,0.6859889780471765,1.01,1.0,0.0851453999930527,0.42572699996526353,8
compas,recidivism-risk audit,73,7,0.0,immutable_top3_l1,exact_leaf_cached,200,1.0,1.0,0.0,0.6859889780471765,1.01,1.0,0.02770759999839356,0.1385379999919678,8
compas,recidivism-risk audit,73,7,0.0,immutable_top3_l1,native_exact_k_sparse,200,1.0,1.0,0.0,0.6859889780471765,1.01,1.0,0.02781300000151532,0.1390650000075766,8
compas,recidivism-risk audit,73,7,0.0,immutable_top3_l1,clbr_uncached,200,0.41,0.41,0.0,0.30141258207336885,1.0365853658536586,1.0,0.029879099995014258,0.1493954999750713,8
compas,recidivism-risk audit,89,7,0.0,free_l2,nn_positive_train,200,1.0,1.0,0.0,2.7244464158714097,4.365,0.14,0.018602799989821506,0.09301399994910753,18
compas,recidivism-risk audit,89,7,0.0,free_l2,leaf_centroid,200,1.0,1.0,0.0,2.4861591361624154,5.26,0.0,0.09465020000243385,0.47325100001216924,18
compas,recidivism-risk audit,89,7,0.0,free_l2,raw_leaf_projection,200,1.0,1.0,0.0,1.0534871291575398,1.69,0.995,0.013853200001904042,0.06926600000952021,18
compas,recidivism-risk audit,89,7,0.0,free_l2,clbr,200,1.0,1.0,0.0,1.0534871291575398,1.69,0.995,0.013009799996325455,0.06504899998162728,18
compas,recidivism-risk audit,89,7,0.0,free_l2,metric_leaf_projection,200,1.0,1.0,0.0,0.4128593711740908,1.5,1.0,0.012389499998789688,0.06194749999394844,18
compas,recidivism-risk audit,89,7,0.0,free_l2,metric_clbr,200,1.0,1.0,0.0,0.4128593711740908,1.5,1.0,0.01385159999699681,0.06925799998498405,18
compas,recidivism-risk audit,89,7,0.0,free_l2,exact_leaf,200,1.0,1.0,0.0,0.4128593711740908,1.5,1.0,0.17331499999818334,0.8665749999909167,18
compas,recidivism-risk audit,89,7,0.0,free_l2,exact_leaf_cached,200,1.0,1.0,0.0,0.4128593711740908,1.5,1.0,0.027881899990461534,0.13940949995230767,18
compas,recidivism-risk audit,89,7,0.0,free_l2,native_exact_k_sparse,200,1.0,1.0,0.0,0.4128593711740908,1.5,1.0,0.026708199997301563,0.1335409999865078,18
compas,recidivism-risk audit,89,7,0.0,free_l2,clbr_uncached,200,1.0,1.0,0.0,1.0534871291575398,1.69,0.995,0.02513140000155545,0.12565700000777724,18
compas,recidivism-risk audit,89,7,0.0,immutable_l2,nn_positive_train,200,0.13,0.13,0.0,0.7593343197896314,2.3461538461538463,1.0,0.01699520000238408,0.0849760000119204,18
compas,recidivism-risk audit,89,7,0.0,immutable_l2,leaf_centroid,200,0.275,0.275,0.0,0.7961402607105261,2.4363636363636365,1.0,0.09558760000072652,0.4779380000036326,18
compas,recidivism-risk audit,89,7,0.0,immutable_l2,raw_leaf_projection,200,0.175,0.175,0.0,0.21048569349032364,1.0285714285714285,1.0,0.013315299991518259,0.0665764999575913,18
compas,recidivism-risk audit,89,7,0.0,immutable_l2,clbr,200,0.205,0.175,0.03,0.3997455399388657,1.2195121951219512,1.0,0.026828300005945493,0.13414150002972747,18
compas,recidivism-risk audit,89,7,0.0,immutable_l2,metric_leaf_projection,200,0.565,0.565,0.0,0.37571890920786694,1.0973451327433628,1.0,0.012197099996228644,0.06098549998114322,18
compas,recidivism-risk audit,89,7,0.0,immutable_l2,metric_clbr,200,0.575,0.565,0.01,0.4388251396536458,1.1217391304347826,1.0,0.01975270000002638,0.0987635000001319,18
compas,recidivism-risk audit,89,7,0.0,immutable_l2,exact_leaf,200,1.0,1.0,0.0,0.5800514671980082,1.19,1.0,0.16334759999972448,0.8167379999986224,18
compas,recidivism-risk audit,89,7,0.0,immutable_l2,exact_leaf_cached,200,1.0,1.0,0.0,0.5800514671980082,1.19,1.0,0.02722059999996418,0.1361029999998209,18
compas,recidivism-risk audit,89,7,0.0,immutable_l2,native_exact_k_sparse,200,1.0,1.0,0.0,0.5800514671980082,1.19,1.0,0.025659399997493892,0.12829699998746946,18
compas,recidivism-risk audit,89,7,0.0,immutable_l2,clbr_uncached,200,0.205,0.175,0.03,0.3997455399388657,1.2195121951219512,1.0,0.03971630000978621,0.19858150004893105,18
compas,recidivism-risk audit,89,7,0.0,immutable_top3_l1,nn_positive_train,200,0.13,0.13,0.0,0.8710399137782947,2.3461538461538463,1.0,0.0170222999940961,0.08511149997048051,18
compas,recidivism-risk audit,89,7,0.0,immutable_top3_l1,leaf_centroid,200,0.275,0.275,0.0,0.9204751547660346,2.4363636363636365,1.0,0.09286510000947601,0.46432550004738005,18
compas,recidivism-risk audit,89,7,0.0,immutable_top3_l1,raw_leaf_projection,200,0.175,0.175,0.0,0.21080805387398405,1.0285714285714285,1.0,0.013187200000174926,0.06593600000087463,18
compas,recidivism-risk audit,89,7,0.0,immutable_top3_l1,clbr,200,0.205,0.175,0.03,0.4227943651541038,1.2195121951219512,1.0,0.027402399997299653,0.13701199998649827,18
compas,recidivism-risk audit,89,7,0.0,immutable_top3_l1,metric_leaf_projection,200,0.67,0.67,0.0,0.4021309865359696,1.1044776119402986,1.0,0.01169520000803459,0.05847600004017295,18
compas,recidivism-risk audit,89,7,0.0,immutable_top3_l1,metric_clbr,200,0.68,0.67,0.01,0.4608694556541339,1.125,1.0,0.01739649999035464,0.0869824999517732,18
compas,recidivism-risk audit,89,7,0.0,immutable_top3_l1,exact_leaf,200,1.0,1.0,0.0,0.5842102837486287,1.19,1.0,0.16270649999751186,0.8135324999875593,18
compas,recidivism-risk audit,89,7,0.0,immutable_top3_l1,exact_leaf_cached,200,1.0,1.0,0.0,0.5842102837486287,1.19,1.0,0.027019999994081445,0.13509999997040723,18
compas,recidivism-risk audit,89,7,0.0,immutable_top3_l1,native_exact_k_sparse,200,1.0,1.0,0.0,0.5842102837486287,1.19,1.0,0.02765399999316287,0.13826999996581435,18
compas,recidivism-risk audit,89,7,0.0,immutable_top3_l1,clbr_uncached,200,0.205,0.175,0.03,0.4227943651541038,1.2195121951219512,1.0,0.041456399998423876,0.20728199999211938,18
synthetic_overlap,synthetic stress test,7,7,0.0,free_l2,nn_positive_train,196,1.0,1.0,0.0,3.130842157460757,16.0,0.0,0.014063599999644794,0.07175306122267752,25
synthetic_overlap,synthetic stress test,7,7,0.0,free_l2,leaf_centroid,196,1.0,1.0,0.0,3.513595357249388,16.0,0.0,0.07418740000321122,0.37850714287352666,25
synthetic_overlap,synthetic stress test,7,7,0.0,free_l2,raw_leaf_projection,196,1.0,1.0,0.0,0.38206186885092475,1.2959183673469388,1.0,0.01388559999759309,0.07084489794690352,25
synthetic_overlap,synthetic stress test,7,7,0.0,free_l2,clbr,196,1.0,1.0,0.0,0.38206186885092475,1.2959183673469388,1.0,0.012634099997740122,0.06445969386602103,25
synthetic_overlap,synthetic stress test,7,7,0.0,free_l2,metric_leaf_projection,196,1.0,1.0,0.0,0.377615664606779,1.2959183673469388,1.0,0.012551699997857213,0.06403928570335313,25
synthetic_overlap,synthetic stress test,7,7,0.0,free_l2,metric_clbr,196,1.0,1.0,0.0,0.377615664606779,1.2959183673469388,1.0,0.012227100006384717,0.06238316329788121,25
synthetic_overlap,synthetic stress test,7,7,0.0,free_l2,exact_leaf,196,1.0,1.0,0.0,0.377615664606779,1.2959183673469388,1.0,0.2368652999994083,1.2084964285684097,25
synthetic_overlap,synthetic stress test,7,7,0.0,free_l2,exact_leaf_cached,196,1.0,1.0,0.0,0.377615664606779,1.2959183673469388,1.0,0.028740300001118158,0.14663418367917427,25
synthetic_overlap,synthetic stress test,7,7,0.0,free_l2,native_exact_k_sparse,196,1.0,1.0,0.0,0.377615664606779,1.2959183673469388,1.0,0.02735129999655328,0.13954744896200652,25
synthetic_overlap,synthetic stress test,7,7,0.0,free_l2,clbr_uncached,196,1.0,1.0,0.0,0.38206186885092475,1.2959183673469388,1.0,0.02959300000566145,0.15098469390643598,25
synthetic_overlap,synthetic stress test,7,7,0.0,immutable_l2,nn_positive_train,196,0.6785714285714286,0.6785714285714286,0.0,2.868276424113164,12.0,0.0,0.013700600002266583,0.06990102041972747,25
synthetic_overlap,synthetic stress test,7,7,0.0,immutable_l2,leaf_centroid,196,0.6020408163265306,0.6020408163265306,0.0,3.1492289281329158,12.0,0.0,0.07525660000010248,0.383962244898482,25
synthetic_overlap,synthetic stress test,7,7,0.0,immutable_l2,raw_leaf_projection,196,0.6020408163265306,0.6020408163265306,0.0,0.3752282308949352,1.2118644067796611,1.0,0.014453400001912087,0.07374183674444942,25
synthetic_overlap,synthetic stress test,7,7,0.0,immutable_l2,clbr,196,0.8163265306122449,0.6020408163265306,0.21428571428571427,0.8244882756883655,4.04375,0.7375,0.03582010000354785,0.18275561226299925,25
synthetic_overlap,synthetic stress test,7,7,0.0,immutable_l2,metric_leaf_projection,196,0.6275510204081632,0.6275510204081632,0.0,0.39143908278550715,1.2195121951219512,1.0,0.013072400000055495,0.06669591836763007,25
synthetic_overlap,synthetic stress test,7,7,0.0,immutable_l2,metric_clbr,196,0.8214285714285714,0.6275510204081632,0.19387755102040816,0.7792754509796441,3.7639751552795033,0.7639751552795031,0.03382279998913873,0.17256530606703432,25
synthetic_overlap,synthetic stress test,7,7,0.0,immutable_l2,exact_leaf,196,1.0,1.0,0.0,0.5191185040735963,1.260204081632653,1.0,0.21988200000851066,1.1218469388189318,25
synthetic_overlap,synthetic stress test,7,7,0.0,immutable_l2,exact_leaf_cached,196,1.0,1.0,0.0,0.5191185040735963,1.260204081632653,1.0,0.028668099994320073,0.1462658162975514,25
synthetic_overlap,synthetic stress test,7,7,0.0,immutable_l2,native_exact_k_sparse,196,1.0,1.0,0.0,0.5191185040735963,1.260204081632653,1.0,0.026522800006205216,0.13532040819492458,25
synthetic_overlap,synthetic stress test,7,7,0.0,immutable_l2,clbr_uncached,196,0.8163265306122449,0.6020408163265306,0.21428571428571427,0.8244882756883655,4.04375,0.7375,0.05174460000216641,0.2640030612355429,25
synthetic_overlap,synthetic stress test,7,7,0.0,immutable_top3_l1,nn_positive_train,196,0.3673469387755102,0.3673469387755102,0.0,3.5446464115410814,3.0,1.0,0.013883299993722176,0.0708331632332764,25
synthetic_overlap,synthetic stress test,7,7,0.0,immutable_top3_l1,leaf_centroid,196,0.2653061224489796,0.2653061224489796,0.0,2.9776809198905747,3.0,1.0,0.07353619999776129,0.375184693866129,25
synthetic_overlap,synthetic stress test,7,7,0.0,immutable_top3_l1,raw_leaf_projection,196,0.11224489795918367,0.11224489795918367,0.0,0.41451392938204007,1.0454545454545454,1.0,0.013082899995424668,0.06674948977257483,25
synthetic_overlap,synthetic stress test,7,7,0.0,immutable_top3_l1,clbr,196,0.3877551020408163,0.11224489795918367,0.2755102040816326,2.0376271518890627,2.4342105263157894,1.0,0.04566959999192477,0.23300816322410597,25
synthetic_overlap,synthetic stress test,7,7,0.0,immutable_top3_l1,metric_leaf_projection,196,0.1326530612244898,0.1326530612244898,0.0,0.4481515710547563,1.0384615384615385,1.0,0.012185799995677371,0.06217244895753761,25
synthetic_overlap,synthetic stress test,7,7,0.0,immutable_top3_l1,metric_clbr,196,0.39285714285714285,0.1326530612244898,0.2602040816326531,1.9427517975282624,2.3376623376623376,1.0,0.044829799995568465,0.22872346936514523,25
synthetic_overlap,synthetic stress test,7,7,0.0,immutable_top3_l1,exact_leaf,196,0.673469387755102,0.673469387755102,0.0,1.1863627811951816,1.143939393939394,1.0,0.19732239999939338,1.0067469387724153,25
synthetic_overlap,synthetic stress test,7,7,0.0,immutable_top3_l1,exact_leaf_cached,196,0.673469387755102,0.673469387755102,0.0,1.1863627811951816,1.143939393939394,1.0,0.0231296000056318,0.1180081632940398,25
synthetic_overlap,synthetic stress test,7,7,0.0,immutable_top3_l1,native_exact_k_sparse,196,1.0,1.0,0.0,0.5586542072884559,1.1989795918367347,1.0,0.027030199993532733,0.13790918364047314,25
synthetic_overlap,synthetic stress test,7,7,0.0,immutable_top3_l1,clbr_uncached,196,0.3877551020408163,0.11224489795918367,0.2755102040816326,2.0376271518890627,2.4342105263157894,1.0,0.06433860000015557,0.3282581632660998,25
synthetic_overlap,synthetic stress test,13,7,0.0,free_l2,nn_positive_train,200,1.0,1.0,0.0,3.0996215208784714,16.0,0.0,0.014662099997622136,0.07331049998811068,19
synthetic_overlap,synthetic stress test,13,7,0.0,free_l2,leaf_centroid,200,1.0,1.0,0.0,3.472739603221886,16.0,0.0,0.06567869999889808,0.3283934999944904,19
synthetic_overlap,synthetic stress test,13,7,0.0,free_l2,raw_leaf_projection,200,1.0,1.0,0.0,0.4572661728487504,1.475,0.985,0.015305299995816313,0.07652649997908156,19
synthetic_overlap,synthetic stress test,13,7,0.0,free_l2,clbr,200,1.0,1.0,0.0,0.4572661728487504,1.475,0.985,0.013570499992965779,0.0678524999648289,19
synthetic_overlap,synthetic stress test,13,7,0.0,free_l2,metric_leaf_projection,200,1.0,1.0,0.0,0.429676909489088,1.49,0.975,0.01380569999673753,0.06902849998368765,19
synthetic_overlap,synthetic stress test,13,7,0.0,free_l2,metric_clbr,200,1.0,1.0,0.0,0.429676909489088,1.49,0.975,0.014333200000692159,0.0716660000034608,19
synthetic_overlap,synthetic stress test,13,7,0.0,free_l2,exact_leaf,200,1.0,1.0,0.0,0.429676909489088,1.49,0.975,0.19941139999264124,0.9970569999632062,19
synthetic_overlap,synthetic stress test,13,7,0.0,free_l2,exact_leaf_cached,200,1.0,1.0,0.0,0.429676909489088,1.49,0.975,0.03034329999718466,0.1517164999859233,19
synthetic_overlap,synthetic stress test,13,7,0.0,free_l2,native_exact_k_sparse,200,1.0,1.0,0.0,0.429676909489088,1.49,0.975,0.02781859999686276,0.1390929999843138,19
synthetic_overlap,synthetic stress test,13,7,0.0,free_l2,clbr_uncached,200,1.0,1.0,0.0,0.4572661728487504,1.475,0.985,0.02665819999674568,0.1332909999837284,19
synthetic_overlap,synthetic stress test,13,7,0.0,immutable_l2,nn_positive_train,200,0.605,0.605,0.0,2.8641971419624848,12.0,0.0,0.014953600004446344,0.07476800002223172,19
synthetic_overlap,synthetic stress test,13,7,0.0,immutable_l2,leaf_centroid,200,0.615,0.615,0.0,3.2004483650019613,12.0,0.0,0.06892070000503736,0.3446035000251868,19
synthetic_overlap,synthetic stress test,13,7,0.0,immutable_l2,raw_leaf_projection,200,0.545,0.545,0.0,0.44030943127554223,1.2568807339449541,0.9908256880733946,0.015262899999470392,0.07631449999735196,19
synthetic_overlap,synthetic stress test,13,7,0.0,immutable_l2,clbr,200,0.805,0.545,0.26,1.0136501156418165,4.726708074534161,0.6708074534161491,0.04400870000063151,0.22004350000315753,19
synthetic_overlap,synthetic stress test,13,7,0.0,immutable_l2,metric_leaf_projection,200,0.525,0.525,0.0,0.38376020787209625,1.2857142857142858,0.9809523809523809,0.013235299998996197,0.06617649999498099,19
synthetic_overlap,synthetic stress test,13,7,0.0,immutable_l2,metric_clbr,200,0.79,0.525,0.265,1.001542901095958,4.879746835443038,0.6518987341772152,0.044237200006136845,0.22118600003068423,19
synthetic_overlap,synthetic stress test,13,7,0.0,immutable_l2,exact_leaf,200,1.0,1.0,0.0,0.6299756585615539,1.4,0.99,0.18342669999856298,0.9171334999928149,19
synthetic_overlap,synthetic stress test,13,7,0.0,immutable_l2,exact_leaf_cached,200,1.0,1.0,0.0,0.6299756585615539,1.4,0.99,0.0299196999931155,0.1495984999655775,19
synthetic_overlap,synthetic stress test,13,7,0.0,immutable_l2,native_exact_k_sparse,200,1.0,1.0,0.0,0.6299756585615539,1.4,0.99,0.027661700004500744,0.13830850002250372,19
synthetic_overlap,synthetic stress test,13,7,0.0,immutable_l2,clbr_uncached,200,0.805,0.545,0.26,1.0136501156418165,4.726708074534161,0.6708074534161491,0.05737689999295981,0.28688449996479903,19
synthetic_overlap,synthetic stress test,13,7,0.0,immutable_top3_l1,nn_positive_train,200,0.32,0.32,0.0,3.75461902259586,3.0,1.0,0.013796499991258315,0.06898249995629158,19
synthetic_overlap,synthetic stress test,13,7,0.0,immutable_top3_l1,leaf_centroid,200,0.215,0.215,0.0,3.5193736763175787,3.0,1.0,0.06305930000507942,0.3152965000253971,19
synthetic_overlap,synthetic stress test,13,7,0.0,immutable_top3_l1,raw_leaf_projection,200,0.125,0.125,0.0,0.3775591771687534,1.08,1.0,0.013946400004897441,0.0697320000244872,19
synthetic_overlap,synthetic stress test,13,7,0.0,immutable_top3_l1,clbr,200,0.36,0.125,0.235,1.8759410243235648,2.3333333333333335,1.0,0.04592700000011973,0.22963500000059867,19
synthetic_overlap,synthetic stress test,13,7,0.0,immutable_top3_l1,metric_leaf_projection,200,0.15,0.15,0.0,0.4232421525660623,1.0666666666666667,1.0,0.01233260000753944,0.0616630000376972,19
synthetic_overlap,synthetic stress test,13,7,0.0,immutable_top3_l1,metric_clbr,200,0.37,0.15,0.22,1.7359761091898749,2.2162162162162162,1.0,0.04617399999551708,0.2308699999775854,19
synthetic_overlap,synthetic stress test,13,7,0.0,immutable_top3_l1,exact_leaf,200,0.62,0.62,0.0,1.1740289740959486,1.1370967741935485,1.0,0.17017649999797868,0.8508824999898934,19
synthetic_overlap,synthetic stress test,13,7,0.0,immutable_top3_l1,exact_leaf_cached,200,0.62,0.62,0.0,1.1740289740959486,1.1370967741935485,1.0,0.023904199995740782,0.11952099997870391,19
synthetic_overlap,synthetic stress test,13,7,0.0,immutable_top3_l1,native_exact_k_sparse,200,1.0,1.0,0.0,0.69918599563093,1.31,1.0,0.027185099992493633,0.13592549996246817,19
synthetic_overlap,synthetic stress test,13,7,0.0,immutable_top3_l1,clbr_uncached,200,0.36,0.125,0.235,1.8759410243235648,2.3333333333333335,1.0,0.061019300002044474,0.30509650001022237,19
synthetic_overlap,synthetic stress test,19,7,0.0,free_l2,nn_positive_train,183,1.0,1.0,0.0,3.0053978337215344,16.0,0.0,0.01321489998827019,0.0722125682419136,21
synthetic_overlap,synthetic stress test,19,7,0.0,free_l2,leaf_centroid,183,1.0,1.0,0.0,3.4150630500836296,16.0,0.0,0.06204860000525514,0.3390633880068587,21
synthetic_overlap,synthetic stress test,19,7,0.0,free_l2,raw_leaf_projection,183,1.0,1.0,0.0,0.4553849699865892,1.4480874316939891,1.0,0.012970400003723626,0.07087650275258812,21
synthetic_overlap,synthetic stress test,19,7,0.0,free_l2,clbr,183,1.0,1.0,0.0,0.4553849699865892,1.4480874316939891,1.0,0.011165400007485005,0.061013114795000024,21
synthetic_overlap,synthetic stress test,19,7,0.0,free_l2,metric_leaf_projection,183,1.0,1.0,0.0,0.42004050414140803,1.4863387978142077,1.0,0.012240299990480707,0.06688688519388365,21
synthetic_overlap,synthetic stress test,19,7,0.0,free_l2,metric_clbr,183,1.0,1.0,0.0,0.42004050414140803,1.4863387978142077,1.0,0.011523100002705178,0.06296775957762392,21
synthetic_overlap,synthetic stress test,19,7,0.0,free_l2,exact_leaf,183,1.0,1.0,0.0,0.42004050414140803,1.4863387978142077,1.0,0.18004430000019056,0.9838486338808228,21
synthetic_overlap,synthetic stress test,19,7,0.0,free_l2,exact_leaf_cached,183,1.0,1.0,0.0,0.42004050414140803,1.4863387978142077,1.0,0.026693999993767648,0.1458688524249598,21
synthetic_overlap,synthetic stress test,19,7,0.0,free_l2,native_exact_k_sparse,183,1.0,1.0,0.0,0.42004050414140803,1.4863387978142077,1.0,0.024626900005387142,0.13457322407315378,21
synthetic_overlap,synthetic stress test,19,7,0.0,free_l2,clbr_uncached,183,1.0,1.0,0.0,0.4553849699865892,1.4480874316939891,1.0,0.024614799998744274,0.13450710381827471,21
synthetic_overlap,synthetic stress test,19,7,0.0,immutable_l2,nn_positive_train,183,0.8579234972677595,0.8579234972677595,0.0,2.479592584234282,12.0,0.0,0.013368699998864031,0.0730530054582734,21
synthetic_overlap,synthetic stress test,19,7,0.0,immutable_l2,leaf_centroid,183,0.7923497267759563,0.7923497267759563,0.0,2.909600900594403,12.0,0.0,0.062354599999707716,0.3407355191240859,21
synthetic_overlap,synthetic stress test,19,7,0.0,immutable_l2,raw_leaf_projection,183,0.8524590163934426,0.8524590163934426,0.0,0.4165577171144952,1.391025641025641,1.0,0.013208799995481968,0.07217923494798889,21
synthetic_overlap,synthetic stress test,19,7,0.0,immutable_l2,clbr,183,0.9398907103825137,0.8524590163934426,0.08743169398907104,0.5588981035251639,2.377906976744186,0.9069767441860465,0.019575899992560153,0.10697213110688608,21
synthetic_overlap,synthetic stress test,19,7,0.0,immutable_l2,metric_leaf_projection,183,0.8633879781420765,0.8633879781420765,0.0,0.3997679394780783,1.4240506329113924,1.0,0.01150219999908586,0.06285355190757301,21
synthetic_overlap,synthetic stress test,19,7,0.0,immutable_l2,metric_clbr,183,0.9398907103825137,0.8633879781420765,0.07650273224043716,0.5066908028756357,2.2848837209302326,0.9186046511627907,0.018620099998770456,0.10174918032115003,21
synthetic_overlap,synthetic stress test,19,7,0.0,immutable_l2,exact_leaf,183,1.0,1.0,0.0,0.45230065617572596,1.4754098360655739,0.994535519125683,0.1876832999960243,1.0255918032569633,21
synthetic_overlap,synthetic stress test,19,7,0.0,immutable_l2,exact_leaf_cached,183,1.0,1.0,0.0,0.45230065617572596,1.4754098360655739,0.994535519125683,0.02777339999920514,0.1517672131104106,21
synthetic_overlap,synthetic stress test,19,7,0.0,immutable_l2,native_exact_k_sparse,183,1.0,1.0,0.0,0.45230065617572596,1.4754098360655739,0.994535519125683,0.025303199995505565,0.13826885243445663,21
synthetic_overlap,synthetic stress test,19,7,0.0,immutable_l2,clbr_uncached,183,0.9398907103825137,0.8524590163934426,0.08743169398907104,0.5588981035251639,2.377906976744186,0.9069767441860465,0.03400219999912224,0.18580437157990295,21
synthetic_overlap,synthetic stress test,19,7,0.0,immutable_top3_l1,nn_positive_train,183,0.40437158469945356,0.40437158469945356,0.0,3.1126678355094564,3.0,1.0,0.012640799999644514,0.06907540983412302,21
synthetic_overlap,synthetic stress test,19,7,0.0,immutable_top3_l1,leaf_centroid,183,0.30601092896174864,0.30601092896174864,0.0,2.7513312514065333,3.0,1.0,0.06071159999282827,0.33175737700999053,21
synthetic_overlap,synthetic stress test,19,7,0.0,immutable_top3_l1,raw_leaf_projection,183,0.14754098360655737,0.14754098360655737,0.0,0.4840633996024718,1.037037037037037,1.0,0.012301699997806281,0.06722240435959717,21
synthetic_overlap,synthetic stress test,19,7,0.0,immutable_top3_l1,clbr,183,0.43169398907103823,0.14754098360655737,0.28415300546448086,1.5439933472882716,2.329113924050633,1.0,0.043195899987949815,0.2360431693330591,21
synthetic_overlap,synthetic stress test,19,7,0.0,immutable_top3_l1,metric_leaf_projection,183,0.14207650273224043,0.14207650273224043,0.0,0.41059000487931896,1.0,1.0,0.010959799998090602,0.05988961747590493,21
synthetic_overlap,synthetic stress test,19,7,0.0,immutable_top3_l1,metric_clbr,183,0.4371584699453552,0.14207650273224043,0.29508196721311475,1.5801312291762202,2.35,1.0,0.043528499999411,0.2378606557344863,21
synthetic_overlap,synthetic stress test,19,7,0.0,immutable_top3_l1,exact_leaf,183,0.6721311475409836,0.6721311475409836,0.0,1.1245122289061036,1.2520325203252032,1.0,0.16001900000264868,0.8744207650417961,21
synthetic_overlap,synthetic stress test,19,7,0.0,immutable_top3_l1,exact_leaf_cached,183,0.6721311475409836,0.6721311475409836,0.0,1.1245122289061036,1.2520325203252032,1.0,0.022845500001494656,0.12483879782237517,21
synthetic_overlap,synthetic stress test,19,7,0.0,immutable_top3_l1,native_exact_k_sparse,183,1.0,1.0,0.0,0.5329981110046533,1.3770491803278688,1.0,0.025999299998147762,0.1420726775855069,21
synthetic_overlap,synthetic stress test,19,7,0.0,immutable_top3_l1,clbr_uncached,183,0.43169398907103823,0.14754098360655737,0.28415300546448086,1.5439933472882716,2.329113924050633,1.0,0.06170089999795891,0.3371633879669886,21
synthetic_overlap,synthetic stress test,29,7,0.0,free_l2,nn_positive_train,200,1.0,1.0,0.0,3.1450030219655543,16.0,0.0,0.01463599999442522,0.0731799999721261,30
synthetic_overlap,synthetic stress test,29,7,0.0,free_l2,leaf_centroid,200,1.0,1.0,0.0,3.46181841161545,16.0,0.0,0.08621490000132326,0.4310745000066163,30
synthetic_overlap,synthetic stress test,29,7,0.0,free_l2,raw_leaf_projection,200,1.0,1.0,0.0,0.33914456425319595,1.34,1.0,0.015247300000737596,0.07623650000368798,30
synthetic_overlap,synthetic stress test,29,7,0.0,free_l2,clbr,200,1.0,1.0,0.0,0.33914456425319595,1.34,1.0,0.012949300002219388,0.06474650001109694,30
synthetic_overlap,synthetic stress test,29,7,0.0,free_l2,metric_leaf_projection,200,1.0,1.0,0.0,0.33253478025637173,1.335,1.0,0.013252499996269762,0.06626249998134881,30
synthetic_overlap,synthetic stress test,29,7,0.0,free_l2,metric_clbr,200,1.0,1.0,0.0,0.33253478025637173,1.335,1.0,0.013424200002191355,0.06712100001095678,30
synthetic_overlap,synthetic stress test,29,7,0.0,free_l2,exact_leaf,200,1.0,1.0,0.0,0.33253478025637173,1.335,1.0,0.278330600008303,1.391653000041515,30
synthetic_overlap,synthetic stress test,29,7,0.0,free_l2,exact_leaf_cached,200,1.0,1.0,0.0,0.33253478025637173,1.335,1.0,0.03118450000147277,0.15592250000736385,30
synthetic_overlap,synthetic stress test,29,7,0.0,free_l2,native_exact_k_sparse,200,1.0,1.0,0.0,0.33253478025637173,1.335,1.0,0.027375399999073124,0.13687699999536562,30
synthetic_overlap,synthetic stress test,29,7,0.0,free_l2,clbr_uncached,200,1.0,1.0,0.0,0.33914456425319595,1.34,1.0,0.03350249999675725,0.16751249998378626,30
synthetic_overlap,synthetic stress test,29,7,0.0,immutable_l2,nn_positive_train,200,0.57,0.57,0.0,2.8015905191943284,12.0,0.0,0.014519599999402999,0.072597999997015,30
synthetic_overlap,synthetic stress test,29,7,0.0,immutable_l2,leaf_centroid,200,0.62,0.62,0.0,2.992850359382018,12.0,0.0,0.0842407999880379,0.42120399994018953,30
synthetic_overlap,synthetic stress test,29,7,0.0,immutable_l2,raw_leaf_projection,200,0.49,0.49,0.0,0.3203745668850985,1.2040816326530612,1.0,0.014042399995560118,0.07021199997780059,30
synthetic_overlap,synthetic stress test,29,7,0.0,immutable_l2,clbr,200,0.725,0.49,0.235,0.9122608207484161,4.703448275862069,0.6758620689655173,0.03886779999174905,0.19433899995874526,30
synthetic_overlap,synthetic stress test,29,7,0.0,immutable_l2,metric_leaf_projection,200,0.515,0.515,0.0,0.3133388753917644,1.1941747572815533,1.0,0.013175200001569465,0.06587600000784732,30
synthetic_overlap,synthetic stress test,29,7,0.0,immutable_l2,metric_clbr,200,0.74,0.515,0.225,0.8823886118052829,4.47972972972973,0.6959459459459459,0.03753220000453439,0.18766100002267194,30
synthetic_overlap,synthetic stress test,29,7,0.0,immutable_l2,exact_leaf,200,1.0,1.0,0.0,0.5413438290469412,1.32,1.0,0.2669343999978082,1.334671999989041,30
synthetic_overlap,synthetic stress test,29,7,0.0,immutable_l2,exact_leaf_cached,200,1.0,1.0,0.0,0.5413438290469412,1.32,1.0,0.030046799998672213,0.15023399999336107,30
synthetic_overlap,synthetic stress test,29,7,0.0,immutable_l2,native_exact_k_sparse,200,1.0,1.0,0.0,0.5413438290469412,1.32,1.0,0.02753409999422729,0.13767049997113645,30
synthetic_overlap,synthetic stress test,29,7,0.0,immutable_l2,clbr_uncached,200,0.725,0.49,0.235,0.9122608207484161,4.703448275862069,0.6758620689655173,0.05913449999297882,0.2956724999648941,30
synthetic_overlap,synthetic stress test,29,7,0.0,immutable_top3_l1,nn_positive_train,200,0.295,0.295,0.0,3.6245900876388912,3.0,1.0,0.013486400000147114,0.06743200000073557,30
synthetic_overlap,synthetic stress test,29,7,0.0,immutable_top3_l1,leaf_centroid,200,0.22,0.22,0.0,3.2598544281314776,3.0,1.0,0.08798749999641586,0.4399374999820793,30
synthetic_overlap,synthetic stress test,29,7,0.0,immutable_top3_l1,raw_leaf_projection,200,0.11,0.11,0.0,0.3050598589560062,1.0909090909090908,1.0,0.014404600001398649,0.07202300000699324,30
synthetic_overlap,synthetic stress test,29,7,0.0,immutable_top3_l1,clbr,200,0.31,0.11,0.2,2.000607413071694,2.3225806451612905,1.0,0.044940400000996306,0.22470200000498153,30
synthetic_overlap,synthetic stress test,29,7,0.0,immutable_top3_l1,metric_leaf_projection,200,0.105,0.105,0.0,0.36036669561771933,1.0952380952380953,1.0,0.014040699999895878,0.07020349999947939,30
synthetic_overlap,synthetic stress test,29,7,0.0,immutable_top3_l1,metric_clbr,200,0.315,0.105,0.21,2.008338270452361,2.365079365079365,1.0,0.04447169999821199,0.22235849999105994,30
synthetic_overlap,synthetic stress test,29,7,0.0,immutable_top3_l1,exact_leaf,200,0.61,0.61,0.0,1.2318296355739846,1.1065573770491803,1.0,0.2574093000021094,1.2870465000105469,30
synthetic_overlap,synthetic stress test,29,7,0.0,immutable_top3_l1,exact_leaf_cached,200,0.61,0.61,0.0,1.2318296355739846,1.1065573770491803,1.0,0.024307000005137525,0.12153500002568762,30
synthetic_overlap,synthetic stress test,29,7,0.0,immutable_top3_l1,native_exact_k_sparse,200,1.0,1.0,0.0,0.5933991149244072,1.26,1.0,0.028955799998584553,0.14477899999292276,30
synthetic_overlap,synthetic stress test,29,7,0.0,immutable_top3_l1,clbr_uncached,200,0.31,0.11,0.2,2.000607413071694,2.3225806451612905,1.0,0.06372440000086499,0.31862200000432495,30
synthetic_overlap,synthetic stress test,37,7,0.0,free_l2,nn_positive_train,162,1.0,1.0,0.0,3.471460457105,16.0,0.0,0.012021500002447283,0.07420679013856347,16
synthetic_overlap,synthetic stress test,37,7,0.0,free_l2,leaf_centroid,162,1.0,1.0,0.0,3.9461579441858547,16.0,0.0,0.04600730000765907,0.28399567905962386,16
synthetic_overlap,synthetic stress test,37,7,0.0,free_l2,raw_leaf_projection,162,1.0,1.0,0.0,0.5807502853901096,1.537037037037037,0.9938271604938271,0.012069599992173607,0.07450370365539263,16
synthetic_overlap,synthetic stress test,37,7,0.0,free_l2,clbr,162,1.0,1.0,0.0,0.5807502853901096,1.537037037037037,0.9938271604938271,0.010277099991981231,0.06343888883939032,16
synthetic_overlap,synthetic stress test,37,7,0.0,free_l2,metric_leaf_projection,162,1.0,1.0,0.0,0.5381372960513703,1.5679012345679013,1.0,0.010697600000639795,0.06603456790518392,16
synthetic_overlap,synthetic stress test,37,7,0.0,free_l2,metric_clbr,162,1.0,1.0,0.0,0.5381372960513703,1.5679012345679013,1.0,0.01051549999283452,0.06491049378292914,16
synthetic_overlap,synthetic stress test,37,7,0.0,free_l2,exact_leaf,162,1.0,1.0,0.0,0.5381372960513703,1.5679012345679013,1.0,0.13357239999731974,0.8245209876377761,16
synthetic_overlap,synthetic stress test,37,7,0.0,free_l2,exact_leaf_cached,162,1.0,1.0,0.0,0.5381372960513703,1.5679012345679013,1.0,0.02331860000049346,0.14394197531168804,16
synthetic_overlap,synthetic stress test,37,7,0.0,free_l2,native_exact_k_sparse,162,1.0,1.0,0.0,0.5381372960513703,1.5679012345679013,1.0,0.023576800004775578,0.14553580249861467,16
synthetic_overlap,synthetic stress test,37,7,0.0,free_l2,clbr_uncached,162,1.0,1.0,0.0,0.5807502853901096,1.537037037037037,0.9938271604938271,0.020940900001733098,0.12926481482551294,16
synthetic_overlap,synthetic stress test,37,7,0.0,immutable_l2,nn_positive_train,162,0.6481481481481481,0.6481481481481481,0.0,3.0527944647454026,12.0,0.0,0.01178909999634925,0.07277222219968674,16
synthetic_overlap,synthetic stress test,37,7,0.0,immutable_l2,leaf_centroid,162,0.8024691358024691,0.8024691358024691,0.0,3.4159979022712657,12.0,0.0,0.04764640000394138,0.29411358027124307,16
synthetic_overlap,synthetic stress test,37,7,0.0,immutable_l2,raw_leaf_projection,162,0.6172839506172839,0.6172839506172839,0.0,0.6138892961127843,1.34,1.0,0.011610499995185819,0.07166975305670259,16
synthetic_overlap,synthetic stress test,37,7,0.0,immutable_l2,clbr,162,0.7839506172839507,0.6172839506172839,0.16666666666666666,1.0339281871497388,3.606299212598425,0.7874015748031497,0.027472500000840228,0.16958333333851994,16
synthetic_overlap,synthetic stress test,37,7,0.0,immutable_l2,metric_leaf_projection,162,0.49382716049382713,0.49382716049382713,0.0,0.4785788171000654,1.35,1.0,0.01100189999306167,0.06791296292013377,16
synthetic_overlap,synthetic stress test,37,7,0.0,immutable_l2,metric_clbr,162,0.7283950617283951,0.49382716049382713,0.2345679012345679,1.1600776234474526,4.779661016949152,0.6779661016949152,0.03244730000187701,0.20029197532022847,16
synthetic_overlap,synthetic stress test,37,7,0.0,immutable_l2,exact_leaf,162,1.0,1.0,0.0,0.7836980921997785,1.3580246913580247,1.0,0.12198199999966164,0.7529753086398867,16
synthetic_overlap,synthetic stress test,37,7,0.0,immutable_l2,exact_leaf_cached,162,1.0,1.0,0.0,0.7836980921997785,1.3580246913580247,1.0,0.023798599991096125,0.14690493821664274,16
synthetic_overlap,synthetic stress test,37,7,0.0,immutable_l2,native_exact_k_sparse,162,1.0,1.0,0.0,0.7836980921997785,1.3580246913580247,1.0,0.02197129998876335,0.13562530857261326,16
synthetic_overlap,synthetic stress test,37,7,0.0,immutable_l2,clbr_uncached,162,0.7839506172839507,0.6172839506172839,0.16666666666666666,1.0339281871497388,3.606299212598425,0.7874015748031497,0.036479599999438506,0.2251827160459167,16
synthetic_overlap,synthetic stress test,37,7,0.0,immutable_top3_l1,nn_positive_train,162,0.29012345679012347,0.29012345679012347,0.0,3.848423593452861,3.0,1.0,0.011463900007584016,0.07076481486162972,16
synthetic_overlap,synthetic stress test,37,7,0.0,immutable_top3_l1,leaf_centroid,162,0.2654320987654321,0.2654320987654321,0.0,3.6723981231451233,3.0,1.0,0.04455009999946924,0.2750006172806743,16
synthetic_overlap,synthetic stress test,37,7,0.0,immutable_top3_l1,raw_leaf_projection,162,0.16666666666666666,0.16666666666666666,0.0,0.7206730927274256,1.1111111111111112,1.0,0.011430499997914012,0.07055864196243217,16
synthetic_overlap,synthetic stress test,37,7,0.0,immutable_top3_l1,clbr,162,0.3148148148148148,0.16666666666666666,0.14814814814814814,1.8356618320245266,2.0,1.0,0.030760799996642163,0.1898814814607541,16
synthetic_overlap,synthetic stress test,37,7,0.0,immutable_top3_l1,metric_leaf_projection,162,0.1419753086419753,0.1419753086419753,0.0,0.5568449782730199,1.0434782608695652,1.0,0.010312900004464609,0.06365987657076919,16
synthetic_overlap,synthetic stress test,37,7,0.0,immutable_top3_l1,metric_clbr,162,0.30246913580246915,0.1419753086419753,0.16049382716049382,1.8753634616429735,2.0816326530612246,1.0,0.030282500001703738,0.1869290123561959,16
synthetic_overlap,synthetic stress test,37,7,0.0,immutable_top3_l1,exact_leaf,162,0.5679012345679012,0.5679012345679012,0.0,1.5836763287206368,1.1195652173913044,1.0,0.10900389999733306,0.672863580230451,16
synthetic_overlap,synthetic stress test,37,7,0.0,immutable_top3_l1,exact_leaf_cached,162,0.5679012345679012,0.5679012345679012,0.0,1.5836763287206368,1.1195652173913044,1.0,0.017316400003437593,0.10689135804591107,16
synthetic_overlap,synthetic stress test,37,7,0.0,immutable_top3_l1,native_exact_k_sparse,162,1.0,1.0,0.0,0.8421525852241664,1.3209876543209877,1.0,0.021940899998298846,0.1354376543104867,16
synthetic_overlap,synthetic stress test,37,7,0.0,immutable_top3_l1,clbr_uncached,162,0.3148148148148148,0.16666666666666666,0.14814814814814814,1.8356618320245266,2.0,1.0,0.04054419999374659,0.2502728394675715,16
synthetic_overlap,synthetic stress test,41,7,0.0,free_l2,nn_positive_train,171,1.0,1.0,0.0,2.9634378338078573,16.0,0.0,0.01213969999935216,0.07099239765703018,27
synthetic_overlap,synthetic stress test,41,7,0.0,free_l2,leaf_centroid,171,1.0,1.0,0.0,3.4089446245615953,16.0,0.0,0.06924910000270756,0.4049654970918571,27
synthetic_overlap,synthetic stress test,41,7,0.0,free_l2,raw_leaf_projection,171,1.0,1.0,0.0,0.32486801568384804,1.239766081871345,1.0,0.012372100002721709,0.07235146200422052,27
synthetic_overlap,synthetic stress test,41,7,0.0,free_l2,clbr,171,1.0,1.0,0.0,0.32486801568384804,1.239766081871345,1.0,0.011122000009891053,0.06504093573035703,27
synthetic_overlap,synthetic stress test,41,7,0.0,free_l2,metric_leaf_projection,171,1.0,1.0,0.0,0.30576934960995655,1.2573099415204678,1.0,0.011364900000444322,0.06646140351137031,27
synthetic_overlap,synthetic stress test,41,7,0.0,free_l2,metric_clbr,171,1.0,1.0,0.0,0.30576934960995655,1.2573099415204678,1.0,0.011178700000527897,0.06537251462297015,27
synthetic_overlap,synthetic stress test,41,7,0.0,free_l2,exact_leaf,171,1.0,1.0,0.0,0.30576934960995655,1.2573099415204678,1.0,0.21581199999491218,1.2620584795024103,27
synthetic_overlap,synthetic stress test,41,7,0.0,free_l2,exact_leaf_cached,171,1.0,1.0,0.0,0.30576934960995655,1.2573099415204678,1.0,0.02525170000262733,0.14767076024928263,27
synthetic_overlap,synthetic stress test,41,7,0.0,free_l2,native_exact_k_sparse,171,1.0,1.0,0.0,0.30576934960995655,1.2573099415204678,1.0,0.02301619999889226,0.13459766081223545,27
synthetic_overlap,synthetic stress test,41,7,0.0,free_l2,clbr_uncached,171,1.0,1.0,0.0,0.32486801568384804,1.239766081871345,1.0,0.027011999997739622,0.15796491226748316,27
synthetic_overlap,synthetic stress test,41,7,0.0,immutable_l2,nn_positive_train,171,0.7602339181286549,0.7602339181286549,0.0,2.689848319213891,12.0,0.0,0.012625099995602795,0.07383099412633214,27
synthetic_overlap,synthetic stress test,41,7,0.0,immutable_l2,leaf_centroid,171,0.7134502923976608,0.7134502923976608,0.0,3.026140811738009,12.0,0.0,0.07246910000048956,0.4237959064356115,27
synthetic_overlap,synthetic stress test,41,7,0.0,immutable_l2,raw_leaf_projection,171,0.6608187134502924,0.6608187134502924,0.0,0.2791514664258806,1.1415929203539823,1.0,0.012287199991988018,0.07185497071338022,27
synthetic_overlap,synthetic stress test,41,7,0.0,immutable_l2,clbr,171,0.8596491228070176,0.6608187134502924,0.19883040935672514,0.6777936477945747,3.6530612244897958,0.7687074829931972,0.03154600000470964,0.18447953219128443,27
synthetic_overlap,synthetic stress test,41,7,0.0,immutable_l2,metric_leaf_projection,171,0.6666666666666666,0.6666666666666666,0.0,0.271988554529539,1.1403508771929824,1.0,0.011668799998915347,0.06823859648488508,27
synthetic_overlap,synthetic stress test,41,7,0.0,immutable_l2,metric_clbr,171,0.8713450292397661,0.6666666666666666,0.2046783625730994,0.671090200308928,3.6912751677852347,0.7651006711409396,0.030207399990104022,0.17665146193043288,27
synthetic_overlap,synthetic stress test,41,7,0.0,immutable_l2,exact_leaf,171,1.0,1.0,0.0,0.43303062063979714,1.2046783625730995,1.0,0.211882800001149,1.2390807017611054,27
synthetic_overlap,synthetic stress test,41,7,0.0,immutable_l2,exact_leaf_cached,171,1.0,1.0,0.0,0.43303062063979714,1.2046783625730995,1.0,0.02589029999671766,0.15140526313869976,27
synthetic_overlap,synthetic stress test,41,7,0.0,immutable_l2,native_exact_k_sparse,171,1.0,1.0,0.0,0.43303062063979714,1.2046783625730995,1.0,0.02422110000406974,0.14164385967292245,27
synthetic_overlap,synthetic stress test,41,7,0.0,immutable_l2,clbr_uncached,171,0.8596491228070176,0.6608187134502924,0.19883040935672514,0.6777936477945747,3.6530612244897958,0.7687074829931972,0.04818289999366243,0.281771344992178,27
synthetic_overlap,synthetic stress test,41,7,0.0,immutable_top3_l1,nn_positive_train,171,0.4853801169590643,0.4853801169590643,0.0,3.560051415653345,3.0,1.0,0.012225499995111022,0.0714941520181931,27
synthetic_overlap,synthetic stress test,41,7,0.0,immutable_top3_l1,leaf_centroid,171,0.2807017543859649,0.2807017543859649,0.0,2.94424421715341,3.0,1.0,0.06849980000606593,0.4005836257664674,27
synthetic_overlap,synthetic stress test,41,7,0.0,immutable_top3_l1,raw_leaf_projection,171,0.21052631578947367,0.21052631578947367,0.0,0.35982059370861275,1.0833333333333333,1.0,0.011247599999478552,0.06577543859344183,27
synthetic_overlap,synthetic stress test,41,7,0.0,immutable_top3_l1,clbr,171,0.52046783625731,0.21052631578947367,0.30994152046783624,1.699063641281959,2.2247191011235956,1.0,0.04035910000129661,0.23601812866255328,27
synthetic_overlap,synthetic stress test,41,7,0.0,immutable_top3_l1,metric_leaf_projection,171,0.23391812865497075,0.23391812865497075,0.0,0.37729813949103524,1.0,1.0,0.010606799996821792,0.062028070156852584,27
synthetic_overlap,synthetic stress test,41,7,0.0,immutable_top3_l1,metric_clbr,171,0.5321637426900585,0.23391812865497075,0.2982456140350877,1.604112215749249,2.120879120879121,1.0,0.039747599993461336,0.2324421052249201,27
synthetic_overlap,synthetic stress test,41,7,0.0,immutable_top3_l1,exact_leaf,171,0.6842105263157895,0.6842105263157895,0.0,0.9014510468806283,1.0769230769230769,1.0,0.19273340000290773,1.1270959064497528,27
synthetic_overlap,synthetic stress test,41,7,0.0,immutable_top3_l1,exact_leaf_cached,171,0.6842105263157895,0.6842105263157895,0.0,0.9014510468806283,1.0769230769230769,1.0,0.02102970000123605,0.12298070176161434,27
synthetic_overlap,synthetic stress test,41,7,0.0,immutable_top3_l1,native_exact_k_sparse,171,1.0,1.0,0.0,0.45559798248492384,1.1461988304093567,1.0,0.02506850000918348,0.14659941525838294,27
synthetic_overlap,synthetic stress test,41,7,0.0,immutable_top3_l1,clbr_uncached,171,0.52046783625731,0.21052631578947367,0.30994152046783624,1.699063641281959,2.2247191011235956,1.0,0.05959369999891351,0.3485011695842895,27
synthetic_overlap,synthetic stress test,53,7,0.0,free_l2,nn_positive_train,162,1.0,1.0,0.0,2.959579807635825,16.0,0.0,0.011820599995189696,0.07296666663697343,22
synthetic_overlap,synthetic stress test,53,7,0.0,free_l2,leaf_centroid,162,1.0,1.0,0.0,3.446943391933185,16.0,0.0,0.05615510000461654,0.3466364197815836,22
synthetic_overlap,synthetic stress test,53,7,0.0,free_l2,raw_leaf_projection,162,1.0,1.0,0.0,0.381449768477882,1.2345679012345678,1.0,0.01205019999997603,0.07438395061713599,22
synthetic_overlap,synthetic stress test,53,7,0.0,free_l2,clbr,162,1.0,1.0,0.0,0.381449768477882,1.2345679012345678,1.0,0.010505000006560294,0.06484567905284132,22
synthetic_overlap,synthetic stress test,53,7,0.0,free_l2,metric_leaf_projection,162,1.0,1.0,0.0,0.3554544804214362,1.191358024691358,1.0,0.01061099999515136,0.06549999997007012,22
synthetic_overlap,synthetic stress test,53,7,0.0,free_l2,metric_clbr,162,1.0,1.0,0.0,0.3554544804214362,1.191358024691358,1.0,0.010790499999529857,0.0666080246884559,22
synthetic_overlap,synthetic stress test,53,7,0.0,free_l2,exact_leaf,162,1.0,1.0,0.0,0.3554544804214362,1.191358024691358,1.0,0.17108209999423707,1.0560623456434386,22
synthetic_overlap,synthetic stress test,53,7,0.0,free_l2,exact_leaf_cached,162,1.0,1.0,0.0,0.3554544804214362,1.191358024691358,1.0,0.022629799998867384,0.13969012344979867,22
synthetic_overlap,synthetic stress test,53,7,0.0,free_l2,native_exact_k_sparse,162,1.0,1.0,0.0,0.3554544804214362,1.191358024691358,1.0,0.022036399990611244,0.13602716043587187,22
synthetic_overlap,synthetic stress test,53,7,0.0,free_l2,clbr_uncached,162,1.0,1.0,0.0,0.381449768477882,1.2345679012345678,1.0,0.023048100004416483,0.14227222224948446,22
synthetic_overlap,synthetic stress test,53,7,0.0,immutable_l2,nn_positive_train,162,0.5185185185185185,0.5185185185185185,0.0,2.5483006002643993,12.0,0.0,0.011874100004206412,0.07329691360621242,22
synthetic_overlap,synthetic stress test,53,7,0.0,immutable_l2,leaf_centroid,162,0.6049382716049383,0.6049382716049383,0.0,2.8256127949666068,12.0,0.0,0.06026270000529621,0.37199197534133466,22
synthetic_overlap,synthetic stress test,53,7,0.0,immutable_l2,raw_leaf_projection,162,0.5802469135802469,0.5802469135802469,0.0,0.33370323233378685,1.0957446808510638,1.0,0.01169150000623631,0.0721697531249155,22
synthetic_overlap,synthetic stress test,53,7,0.0,immutable_l2,clbr,162,0.6666666666666666,0.5802469135802469,0.08641975308641975,0.5407511492410733,2.509259259259259,0.8703703703703703,0.021964800002024276,0.13558518519768073,22
synthetic_overlap,synthetic stress test,53,7,0.0,immutable_l2,metric_leaf_projection,162,0.5925925925925926,0.5925925925925926,0.0,0.33193770470646594,1.0729166666666667,1.0,0.010535200001868361,0.0650320987769652,22
synthetic_overlap,synthetic stress test,53,7,0.0,immutable_l2,metric_clbr,162,0.6666666666666666,0.5925925925925926,0.07407407407407407,0.5027197921358907,2.287037037037037,0.8888888888888888,0.02061869999670307,0.12727592590557452,22
synthetic_overlap,synthetic stress test,53,7,0.0,immutable_l2,exact_leaf,162,1.0,1.0,0.0,0.5650145134728501,1.1666666666666667,1.0,0.1657918000000791,1.0234061728399944,22
synthetic_overlap,synthetic stress test,53,7,0.0,immutable_l2,exact_leaf_cached,162,1.0,1.0,0.0,0.5650145134728501,1.1666666666666667,1.0,0.02426470000318659,0.1497820987851024,22
synthetic_overlap,synthetic stress test,53,7,0.0,immutable_l2,native_exact_k_sparse,162,1.0,1.0,0.0,0.5650145134728501,1.1666666666666667,1.0,0.02211159999933443,0.1364913580205829,22
synthetic_overlap,synthetic stress test,53,7,0.0,immutable_l2,clbr_uncached,162,0.6666666666666666,0.5802469135802469,0.08641975308641975,0.5407511492410733,2.509259259259259,0.8703703703703703,0.03477239999756421,0.2146444444294087,22
synthetic_overlap,synthetic stress test,53,7,0.0,immutable_top3_l1,nn_positive_train,162,0.32098765432098764,0.32098765432098764,0.0,3.493399516242528,3.0,1.0,0.011302600007184083,0.06976913584681532,22
synthetic_overlap,synthetic stress test,53,7,0.0,immutable_top3_l1,leaf_centroid,162,0.19135802469135801,0.19135802469135801,0.0,2.6739387098465404,3.0,1.0,0.05480569999690488,0.3383067901043511,22
synthetic_overlap,synthetic stress test,53,7,0.0,immutable_top3_l1,raw_leaf_projection,162,0.16666666666666666,0.16666666666666666,0.0,0.35465192346750246,1.0,1.0,0.011274600002252555,0.06959629631020095,22
synthetic_overlap,synthetic stress test,53,7,0.0,immutable_top3_l1,clbr,162,0.3765432098765432,0.16666666666666666,0.20987654320987653,1.5819143110972802,2.1147540983606556,1.0,0.03381499999886728,0.20873456789424247,22
synthetic_overlap,synthetic stress test,53,7,0.0,immutable_top3_l1,metric_leaf_projection,162,0.18518518518518517,0.18518518518518517,0.0,0.3593239212154151,1.0,1.0,0.009793999998692016,0.06045679011538281,22
synthetic_overlap,synthetic stress test,53,7,0.0,immutable_top3_l1,metric_clbr,162,0.38271604938271603,0.18518518518518517,0.19753086419753085,1.5355356763354473,2.032258064516129,1.0,0.031396300002597854,0.19380432100369047,22
synthetic_overlap,synthetic stress test,53,7,0.0,immutable_top3_l1,exact_leaf,162,0.654320987654321,0.654320987654321,0.0,1.0492362699607982,1.0188679245283019,1.0,0.1482999000036216,0.9154314815038369,22
synthetic_overlap,synthetic stress test,53,7,0.0,immutable_top3_l1,exact_leaf_cached,162,0.654320987654321,0.654320987654321,0.0,1.0492362699607982,1.0188679245283019,1.0,0.019487700001263875,0.12029444445224614,22
synthetic_overlap,synthetic stress test,53,7,0.0,immutable_top3_l1,native_exact_k_sparse,162,1.0,1.0,0.0,0.600775620060013,1.1419753086419753,1.0,0.022936399997888657,0.14158271603634973,22
synthetic_overlap,synthetic stress test,53,7,0.0,immutable_top3_l1,clbr_uncached,162,0.3765432098765432,0.16666666666666666,0.20987654320987653,1.5819143110972802,2.1147540983606556,1.0,0.04631729999255185,0.28590925921328303,22
synthetic_overlap,synthetic stress test,61,7,0.0,free_l2,nn_positive_train,195,1.0,1.0,0.0,3.088473749032832,16.0,0.0,0.013815099991006718,0.07084666662054727,19
synthetic_overlap,synthetic stress test,61,7,0.0,free_l2,leaf_centroid,195,1.0,1.0,0.0,3.508396601272035,16.0,0.0,0.05988439999782713,0.3070994871683443,19
synthetic_overlap,synthetic stress test,61,7,0.0,free_l2,raw_leaf_projection,195,1.0,1.0,0.0,0.4033308330842444,1.471794871794872,0.9948717948717949,0.014164099999106838,0.07263641025182994,19
synthetic_overlap,synthetic stress test,61,7,0.0,free_l2,clbr,195,1.0,1.0,0.0,0.4033308330842444,1.471794871794872,0.9948717948717949,0.012325900010182522,0.06320974364196165,19
synthetic_overlap,synthetic stress test,61,7,0.0,free_l2,metric_leaf_projection,195,1.0,1.0,0.0,0.3882392578195857,1.4615384615384615,0.9948717948717949,0.012582499993186502,0.06452564099070002,19
synthetic_overlap,synthetic stress test,61,7,0.0,free_l2,metric_clbr,195,1.0,1.0,0.0,0.3882392578195857,1.4615384615384615,0.9948717948717949,0.01169690000006085,0.05998410256441462,19
synthetic_overlap,synthetic stress test,61,7,0.0,free_l2,exact_leaf,195,1.0,1.0,0.0,0.3882392578195857,1.4615384615384615,0.9948717948717949,0.17692470000838512,0.9073061538891545,19
synthetic_overlap,synthetic stress test,61,7,0.0,free_l2,exact_leaf_cached,195,1.0,1.0,0.0,0.3882392578195857,1.4615384615384615,0.9948717948717949,0.028283800005738158,0.14504512823455465,19
synthetic_overlap,synthetic stress test,61,7,0.0,free_l2,native_exact_k_sparse,195,1.0,1.0,0.0,0.3882392578195857,1.4615384615384615,0.9948717948717949,0.02571479999642179,0.13187076921241944,19
synthetic_overlap,synthetic stress test,61,7,0.0,free_l2,clbr_uncached,195,1.0,1.0,0.0,0.4033308330842444,1.471794871794872,0.9948717948717949,0.02437950000330602,0.12502307694003087,19
synthetic_overlap,synthetic stress test,61,7,0.0,immutable_l2,nn_positive_train,195,0.48205128205128206,0.48205128205128206,0.0,2.7867796095797575,12.0,0.0,0.014227399999072077,0.07296102563626707,19
synthetic_overlap,synthetic stress test,61,7,0.0,immutable_l2,leaf_centroid,195,0.6153846153846154,0.6153846153846154,0.0,3.1135755619470604,12.0,0.0,0.06233039999642642,0.31964307690475086,19
synthetic_overlap,synthetic stress test,61,7,0.0,immutable_l2,raw_leaf_projection,195,0.5333333333333333,0.5333333333333333,0.0,0.38818928506930434,1.3076923076923077,0.9903846153846154,0.013573899997027183,0.06960974357449838,19
synthetic_overlap,synthetic stress test,61,7,0.0,immutable_l2,clbr,195,0.7025641025641025,0.5333333333333333,0.16923076923076924,0.7366266479827783,3.883211678832117,0.7518248175182481,0.0349461999912819,0.17921128200657385,19
synthetic_overlap,synthetic stress test,61,7,0.0,immutable_l2,metric_leaf_projection,195,0.5897435897435898,0.5897435897435898,0.0,0.3948947922486786,1.3217391304347825,0.991304347826087,0.013113899997733824,0.06725076921914781,19
synthetic_overlap,synthetic stress test,61,7,0.0,immutable_l2,metric_clbr,195,0.7128205128205128,0.5897435897435898,0.12307692307692308,0.6531149478368109,3.1654676258992804,0.8201438848920863,0.028274700003748876,0.14499846155768653,19
synthetic_overlap,synthetic stress test,61,7,0.0,immutable_l2,exact_leaf,195,1.0,1.0,0.0,0.5526537481796548,1.3948717948717948,0.9948717948717949,0.17408569999952306,0.8927471794847336,19
synthetic_overlap,synthetic stress test,61,7,0.0,immutable_l2,exact_leaf_cached,195,1.0,1.0,0.0,0.5526537481796548,1.3948717948717948,0.9948717948717949,0.028042899994943582,0.14380974356381324,19
synthetic_overlap,synthetic stress test,61,7,0.0,immutable_l2,native_exact_k_sparse,195,1.0,1.0,0.0,0.5526537481796548,1.3948717948717948,0.9948717948717949,0.02631919999657839,0.1349702563927097,19
synthetic_overlap,synthetic stress test,61,7,0.0,immutable_l2,clbr_uncached,195,0.7025641025641025,0.5333333333333333,0.16923076923076924,0.7366266479827783,3.883211678832117,0.7518248175182481,0.046406199992816255,0.2379805127836731,19
synthetic_overlap,synthetic stress test,61,7,0.0,immutable_top3_l1,nn_positive_train,195,0.30256410256410254,0.30256410256410254,0.0,3.6746910072893617,3.0,1.0,0.013065099999039376,0.06700051281558654,19
synthetic_overlap,synthetic stress test,61,7,0.0,immutable_top3_l1,leaf_centroid,195,0.23076923076923078,0.23076923076923078,0.0,3.397028944819183,3.0,1.0,0.05881059999774152,0.30159282050123853,19
synthetic_overlap,synthetic stress test,61,7,0.0,immutable_top3_l1,raw_leaf_projection,195,0.13846153846153847,0.13846153846153847,0.0,0.39644855328782796,1.1481481481481481,1.0,0.013326300006156089,0.06834000003156969,19
synthetic_overlap,synthetic stress test,61,7,0.0,immutable_top3_l1,clbr,195,0.3333333333333333,0.13846153846153847,0.19487179487179487,1.6935221529517699,2.230769230769231,1.0,0.04032059999462945,0.2067723076647664,19
synthetic_overlap,synthetic stress test,61,7,0.0,immutable_top3_l1,metric_leaf_projection,195,0.15384615384615385,0.15384615384615385,0.0,0.43304320832706317,1.1,1.0,0.01174199999695702,0.06021538459977959,19
synthetic_overlap,synthetic stress test,61,7,0.0,immutable_top3_l1,metric_clbr,195,0.3282051282051282,0.15384615384615385,0.17435897435897435,1.659009865136953,2.109375,1.0,0.038467200002742175,0.19726769232175473,19
synthetic_overlap,synthetic stress test,61,7,0.0,immutable_top3_l1,exact_leaf,195,0.5282051282051282,0.5282051282051282,0.0,1.0425318623020896,1.1262135922330097,1.0,0.15707449999626988,0.8055102563911276,19
synthetic_overlap,synthetic stress test,61,7,0.0,immutable_top3_l1,exact_leaf_cached,195,0.5282051282051282,0.5282051282051282,0.0,1.0425318623020896,1.1262135922330097,1.0,0.021418700005597202,0.10983948720819078,19
synthetic_overlap,synthetic stress test,61,7,0.0,immutable_top3_l1,native_exact_k_sparse,195,1.0,1.0,0.0,0.6238284577796939,1.3025641025641026,1.0,0.025732400001288624,0.13196102564763398,19
synthetic_overlap,synthetic stress test,61,7,0.0,immutable_top3_l1,clbr_uncached,195,0.3333333333333333,0.13846153846153847,0.19487179487179487,1.6935221529517699,2.230769230769231,1.0,0.05337719999715773,0.27372923075465505,19
synthetic_overlap,synthetic stress test,73,7,0.0,free_l2,nn_positive_train,188,1.0,1.0,0.0,3.006138451732701,16.0,0.0,0.013268600003357278,0.07057765959232595,28
synthetic_overlap,synthetic stress test,73,7,0.0,free_l2,leaf_centroid,188,1.0,1.0,0.0,3.3799411235928996,16.0,0.0,0.07686330000160524,0.4088473404340704,28
synthetic_overlap,synthetic stress test,73,7,0.0,free_l2,raw_leaf_projection,188,1.0,1.0,0.0,0.3295151491604992,1.1648936170212767,1.0,0.013061500004369009,0.06947606385302664,28
synthetic_overlap,synthetic stress test,73,7,0.0,free_l2,clbr,188,1.0,1.0,0.0,0.3295151491604992,1.1648936170212767,1.0,0.011705700001584773,0.062264361710557305,28
synthetic_overlap,synthetic stress test,73,7,0.0,free_l2,metric_leaf_projection,188,1.0,1.0,0.0,0.32719732771930976,1.1542553191489362,1.0,0.011535399995409534,0.0613585106138805,28
synthetic_overlap,synthetic stress test,73,7,0.0,free_l2,metric_clbr,188,1.0,1.0,0.0,0.32719732771930976,1.1542553191489362,1.0,0.011842699999760953,0.06299308510511145,28
synthetic_overlap,synthetic stress test,73,7,0.0,free_l2,exact_leaf,188,1.0,1.0,0.0,0.32719732771930976,1.1542553191489362,1.0,0.24294039999494998,1.2922361701859042,28
synthetic_overlap,synthetic stress test,73,7,0.0,free_l2,exact_leaf_cached,188,1.0,1.0,0.0,0.32719732771930976,1.1542553191489362,1.0,0.027618899999652058,0.14690904255134074,28
synthetic_overlap,synthetic stress test,73,7,0.0,free_l2,native_exact_k_sparse,188,1.0,1.0,0.0,0.32719732771930976,1.1542553191489362,1.0,0.02555849999680504,0.13594946806811192,28
synthetic_overlap,synthetic stress test,73,7,0.0,free_l2,clbr_uncached,188,1.0,1.0,0.0,0.3295151491604992,1.1648936170212767,1.0,0.029876599997805897,0.15891808509471222,28
synthetic_overlap,synthetic stress test,73,7,0.0,immutable_l2,nn_positive_train,188,0.9468085106382979,0.9468085106382979,0.0,2.5733184177839705,12.0,0.0,0.01271800000085932,0.06764893617478361,28
synthetic_overlap,synthetic stress test,73,7,0.0,immutable_l2,leaf_centroid,188,0.9308510638297872,0.9308510638297872,0.0,2.808094934421671,12.0,0.0,0.07342890000654734,0.3905792553539752,28
synthetic_overlap,synthetic stress test,73,7,0.0,immutable_l2,raw_leaf_projection,188,0.9574468085106383,0.9574468085106383,0.0,0.3281472631370911,1.1388888888888888,1.0,0.012460099993404583,0.06627712762449246,28
synthetic_overlap,synthetic stress test,73,7,0.0,immutable_l2,clbr,188,0.9893617021276596,0.9574468085106383,0.031914893617021274,0.3739066700475578,1.489247311827957,0.967741935483871,0.013912000003983849,0.07400000002119068,28
synthetic_overlap,synthetic stress test,73,7,0.0,immutable_l2,metric_leaf_projection,188,0.9574468085106383,0.9574468085106383,0.0,0.3257264274096266,1.1277777777777778,1.0,0.011665000009998039,0.06204787239360659,28
synthetic_overlap,synthetic stress test,73,7,0.0,immutable_l2,metric_clbr,188,0.9893617021276596,0.9574468085106383,0.031914893617021274,0.3715639257951728,1.478494623655914,0.967741935483871,0.015362900004220137,0.0817175532139369,28
synthetic_overlap,synthetic stress test,73,7,0.0,immutable_l2,exact_leaf,188,1.0,1.0,0.0,0.3393147613226765,1.148936170212766,1.0,0.23545369999919785,1.2524132978680738,28
synthetic_overlap,synthetic stress test,73,7,0.0,immutable_l2,exact_leaf_cached,188,1.0,1.0,0.0,0.3393147613226765,1.148936170212766,1.0,0.02616630000375153,0.1391824468284656,28
synthetic_overlap,synthetic stress test,73,7,0.0,immutable_l2,native_exact_k_sparse,188,1.0,1.0,0.0,0.3393147613226765,1.148936170212766,1.0,0.02463219999390276,0.1310223403930998,28
synthetic_overlap,synthetic stress test,73,7,0.0,immutable_l2,clbr_uncached,188,0.9893617021276596,0.9574468085106383,0.031914893617021274,0.3739066700475578,1.489247311827957,0.967741935483871,0.0305010999991282,0.16223989361238406,28
synthetic_overlap,synthetic stress test,73,7,0.0,immutable_top3_l1,nn_positive_train,188,0.48404255319148937,0.48404255319148937,0.0,3.5459622052413873,3.0,1.0,0.012041199996929208,0.06404893615387877,28
synthetic_overlap,synthetic stress test,73,7,0.0,immutable_top3_l1,leaf_centroid,188,0.324468085106383,0.324468085106383,0.0,2.719875488862747,3.0,1.0,0.06922099999974307,0.36819680850927167,28
synthetic_overlap,synthetic stress test,73,7,0.0,immutable_top3_l1,raw_leaf_projection,188,0.25,0.25,0.0,0.4344545235666819,1.0,1.0,0.01133510000181559,0.060293085116040375,28
synthetic_overlap,synthetic stress test,73,7,0.0,immutable_top3_l1,clbr,188,0.5372340425531915,0.25,0.2872340425531915,1.6725828840993917,2.0693069306930694,1.0,0.03983150000931346,0.2118696809006035,28
synthetic_overlap,synthetic stress test,73,7,0.0,immutable_top3_l1,metric_leaf_projection,188,0.2712765957446808,0.2712765957446808,0.0,0.440641473575301,1.0,1.0,0.010586100000182341,0.05630904255416139,28
synthetic_overlap,synthetic stress test,73,7,0.0,immutable_top3_l1,metric_clbr,188,0.5425531914893617,0.2712765957446808,0.2712765957446808,1.652460411493313,2.0,1.0,0.03711919999750535,0.19744255317821993,28
synthetic_overlap,synthetic stress test,73,7,0.0,immutable_top3_l1,exact_leaf,188,0.8404255319148937,0.8404255319148937,0.0,0.9379497896567255,1.0316455696202531,1.0,0.1964157000029445,1.04476436171779,28
synthetic_overlap,synthetic stress test,73,7,0.0,immutable_top3_l1,exact_leaf_cached,188,0.8404255319148937,0.8404255319148937,0.0,0.9379497896567255,1.0316455696202531,1.0,0.02229280000574363,0.11857872343480653,28
synthetic_overlap,synthetic stress test,73,7,0.0,immutable_top3_l1,native_exact_k_sparse,188,1.0,1.0,0.0,0.3593767375283673,1.101063829787234,1.0,0.023993200004952087,0.12762340428166002,28
synthetic_overlap,synthetic stress test,73,7,0.0,immutable_top3_l1,clbr_uncached,188,0.5372340425531915,0.25,0.2872340425531915,1.6725828840993917,2.0693069306930694,1.0,0.0611979999966934,0.3255212765781564,28
synthetic_overlap,synthetic stress test,89,7,0.0,free_l2,nn_positive_train,170,1.0,1.0,0.0,3.1684234705533365,16.0,0.0,0.01202209998973558,0.0707182352337387,26
synthetic_overlap,synthetic stress test,89,7,0.0,free_l2,leaf_centroid,170,1.0,1.0,0.0,3.478893520807497,16.0,0.0,0.06334740000238526,0.37263176471991327,26
synthetic_overlap,synthetic stress test,89,7,0.0,free_l2,raw_leaf_projection,170,1.0,1.0,0.0,0.38542789760491025,1.411764705882353,1.0,0.011980499995843275,0.07047352938731338,26
synthetic_overlap,synthetic stress test,89,7,0.0,free_l2,clbr,170,1.0,1.0,0.0,0.38542789760491025,1.411764705882353,1.0,0.01057689999743161,0.06221705880842124,26
synthetic_overlap,synthetic stress test,89,7,0.0,free_l2,metric_leaf_projection,170,1.0,1.0,0.0,0.3619288977566842,1.4294117647058824,1.0,0.01056739999603451,0.06216117644726182,26
synthetic_overlap,synthetic stress test,89,7,0.0,free_l2,metric_clbr,170,1.0,1.0,0.0,0.3619288977566842,1.4294117647058824,1.0,0.01044410000940843,0.06143588240828488,26
synthetic_overlap,synthetic stress test,89,7,0.0,free_l2,exact_leaf,170,1.0,1.0,0.0,0.3619288977566842,1.4294117647058824,1.0,0.19945869999446586,1.1732864705556816,26
synthetic_overlap,synthetic stress test,89,7,0.0,free_l2,exact_leaf_cached,170,1.0,1.0,0.0,0.3619288977566842,1.4294117647058824,1.0,0.02315599999292317,0.13621176466425394,26
synthetic_overlap,synthetic stress test,89,7,0.0,free_l2,native_exact_k_sparse,170,1.0,1.0,0.0,0.3619288977566842,1.4294117647058824,1.0,0.021473399999194953,0.12631411764232325,26
synthetic_overlap,synthetic stress test,89,7,0.0,free_l2,clbr_uncached,170,1.0,1.0,0.0,0.38542789760491025,1.411764705882353,1.0,0.025296599995272118,0.14880352938395364,26
synthetic_overlap,synthetic stress test,89,7,0.0,immutable_l2,nn_positive_train,170,0.7647058823529411,0.7647058823529411,0.0,2.8732952186149654,12.0,0.0,0.0120961000020543,0.07115352942384882,26
synthetic_overlap,synthetic stress test,89,7,0.0,immutable_l2,leaf_centroid,170,0.8588235294117647,0.8588235294117647,0.0,3.0463022731232687,12.0,0.0,0.0623154000059003,0.3665611765052959,26
synthetic_overlap,synthetic stress test,89,7,0.0,immutable_l2,raw_leaf_projection,170,0.7941176470588235,0.7941176470588235,0.0,0.3689455853504749,1.3037037037037038,1.0,0.011003999997228675,0.06472941174840396,26
synthetic_overlap,synthetic stress test,89,7,0.0,immutable_l2,clbr,170,0.888235294117647,0.7941176470588235,0.09411764705882353,0.5633444729068106,2.437086092715232,0.8940397350993378,0.019126500001220847,0.11250882353659322,26
synthetic_overlap,synthetic stress test,89,7,0.0,immutable_l2,metric_leaf_projection,170,0.7588235294117647,0.7588235294117647,0.0,0.3430550127016251,1.317829457364341,1.0,0.01060020000750228,0.062354117691189884,26
synthetic_overlap,synthetic stress test,89,7,0.0,immutable_l2,metric_clbr,170,0.8764705882352941,0.7588235294117647,0.11764705882352941,0.5896424483514779,2.751677852348993,0.8657718120805369,0.0204742000087208,0.12043647063953411,26
synthetic_overlap,synthetic stress test,89,7,0.0,immutable_l2,exact_leaf,170,1.0,1.0,0.0,0.4708635412634956,1.3941176470588235,0.9941176470588236,0.1894263000040155,1.114272352964797,26
synthetic_overlap,synthetic stress test,89,7,0.0,immutable_l2,exact_leaf_cached,170,1.0,1.0,0.0,0.4708635412634956,1.3941176470588235,0.9941176470588236,0.023990400008187862,0.14112000004816388,26
synthetic_overlap,synthetic stress test,89,7,0.0,immutable_l2,native_exact_k_sparse,170,1.0,1.0,0.0,0.4708635412634956,1.3941176470588235,0.9941176470588236,0.02274700000180019,0.13380588236353053,26
synthetic_overlap,synthetic stress test,89,7,0.0,immutable_l2,clbr_uncached,170,0.888235294117647,0.7941176470588235,0.09411764705882353,0.5633444729068106,2.437086092715232,0.8940397350993378,0.03434550001202297,0.2020323530118998,26
synthetic_overlap,synthetic stress test,89,7,0.0,immutable_top3_l1,nn_positive_train,170,0.4823529411764706,0.4823529411764706,0.0,3.8297190578926745,3.0,1.0,0.010473500000443892,0.06160882353202289,26
synthetic_overlap,synthetic stress test,89,7,0.0,immutable_top3_l1,leaf_centroid,170,0.32941176470588235,0.32941176470588235,0.0,3.059090202350316,3.0,1.0,0.058281099995838304,0.34282999997551944,26
synthetic_overlap,synthetic stress test,89,7,0.0,immutable_top3_l1,raw_leaf_projection,170,0.2235294117647059,0.2235294117647059,0.0,0.4466102434697361,1.105263157894737,1.0,0.01006370000050083,0.05919823529706371,26
synthetic_overlap,synthetic stress test,89,7,0.0,immutable_top3_l1,clbr,170,0.48823529411764705,0.2235294117647059,0.2647058823529412,1.759935424570229,2.1325301204819276,1.0,0.03372039999703702,0.19835529410021777,26
synthetic_overlap,synthetic stress test,89,7,0.0,immutable_top3_l1,metric_leaf_projection,170,0.2235294117647059,0.2235294117647059,0.0,0.4427599639014663,1.0526315789473684,1.0,0.009701099997982965,0.05706529410578215,26
synthetic_overlap,synthetic stress test,89,7,0.0,immutable_top3_l1,metric_clbr,170,0.49411764705882355,0.2235294117647059,0.27058823529411763,1.768989690890784,2.119047619047619,1.0,0.03391410000313044,0.19949470590076732,26
synthetic_overlap,synthetic stress test,89,7,0.0,immutable_top3_l1,exact_leaf,170,0.7294117647058823,0.7294117647058823,0.0,1.0776367240560534,1.1451612903225807,1.0,0.1601055000028282,0.9417970588401658,26
synthetic_overlap,synthetic stress test,89,7,0.0,immutable_top3_l1,exact_leaf_cached,170,0.7294117647058823,0.7294117647058823,0.0,1.0776367240560534,1.1451612903225807,1.0,0.01858339999216696,0.10931411760098211,26
synthetic_overlap,synthetic stress test,89,7,0.0,immutable_top3_l1,native_exact_k_sparse,170,1.0,1.0,0.0,0.5190377349714855,1.2352941176470589,1.0,0.022097899994150794,0.12998764702441643,26
synthetic_overlap,synthetic stress test,89,7,0.0,immutable_top3_l1,clbr_uncached,170,0.48823529411764705,0.2235294117647059,0.2647058823529412,1.759935424570229,2.1325301204819276,1.0,0.0484773000007408,0.28516058823965174,26
