dataset,domain,seed,depth,shift_strength,constraint,method,n_queries,coverage,direct_valid_rate,repair_recovery_share,mean_cost_valid,mean_changed_valid,sparse_share_leq3,runtime_total_sec,runtime_ms_per_query,n_positive_leaves
breast_cancer,diagnostic benchmark,7,3,0.0,free_l2,nn_positive_train,78,1.0,1.0,0.0,7.407011783566659,29.974358974358974,0.0,0.004265599994141667,0.05468717941207265,3
breast_cancer,diagnostic benchmark,7,3,0.0,free_l2,leaf_centroid,78,1.0,1.0,0.0,7.329371916646733,30.0,0.0,0.007531600001129846,0.09655897437345956,3
breast_cancer,diagnostic benchmark,7,3,0.0,free_l2,raw_leaf_projection,78,1.0,1.0,0.0,1.5792441297317408,1.7435897435897436,1.0,0.004255299998476403,0.05455512818559491,3
breast_cancer,diagnostic benchmark,7,3,0.0,free_l2,clbr,78,1.0,1.0,0.0,1.5792441297317408,1.7435897435897436,1.0,0.0042031999973914935,0.0538871794537371,3
breast_cancer,diagnostic benchmark,7,3,0.0,free_l2,metric_leaf_projection,78,1.0,1.0,0.0,1.2073536608560487,1.6153846153846154,1.0,0.004181100005553162,0.05360384622504054,3
breast_cancer,diagnostic benchmark,7,3,0.0,free_l2,metric_clbr,78,1.0,1.0,0.0,1.2073536608560487,1.6153846153846154,1.0,0.004206900001008762,0.05393461539754823,3
breast_cancer,diagnostic benchmark,7,3,0.0,free_l2,exact_leaf,78,1.0,1.0,0.0,1.2073536608560487,1.6153846153846154,1.0,0.013261700002658472,0.17002179490587785,3
breast_cancer,diagnostic benchmark,7,3,0.0,free_l2,exact_leaf_cached,78,1.0,1.0,0.0,1.2073536608560487,1.6153846153846154,1.0,0.008824800002912525,0.11313846157580161,3
breast_cancer,diagnostic benchmark,7,3,0.0,free_l2,native_exact_k_sparse,78,1.0,1.0,0.0,1.2073536608560487,1.6153846153846154,1.0,0.008277699998870958,0.10612435895988408,3
breast_cancer,diagnostic benchmark,7,3,0.0,free_l2,clbr_uncached,78,1.0,1.0,0.0,1.5792441297317408,1.7435897435897436,1.0,0.004742399997667235,0.060799999970092757,3
breast_cancer,diagnostic benchmark,7,3,0.0,immutable_l2,nn_positive_train,78,1.0,1.0,0.0,7.0786028709172095,26.974358974358974,0.0,0.004299800001717813,0.055125641047664264,3
breast_cancer,diagnostic benchmark,7,3,0.0,immutable_l2,leaf_centroid,78,1.0,1.0,0.0,6.842558410964694,27.0,0.0,0.006845800005066849,0.08776666673162627,3
breast_cancer,diagnostic benchmark,7,3,0.0,immutable_l2,raw_leaf_projection,78,1.0,1.0,0.0,1.5792441297317408,1.7435897435897436,1.0,0.004140500002904446,0.05308333337056982,3
breast_cancer,diagnostic benchmark,7,3,0.0,immutable_l2,clbr,78,1.0,1.0,0.0,1.5792441297317408,1.7435897435897436,1.0,0.0040577999943707255,0.052023076850906735,3
breast_cancer,diagnostic benchmark,7,3,0.0,immutable_l2,metric_leaf_projection,78,1.0,1.0,0.0,1.2073536608560487,1.6153846153846154,1.0,0.004161900001236063,0.05335769232353927,3
breast_cancer,diagnostic benchmark,7,3,0.0,immutable_l2,metric_clbr,78,1.0,1.0,0.0,1.2073536608560487,1.6153846153846154,1.0,0.003984299994954199,0.051080769166079475,3
breast_cancer,diagnostic benchmark,7,3,0.0,immutable_l2,exact_leaf,78,1.0,1.0,0.0,1.2073536608560487,1.6153846153846154,1.0,0.012318599998252466,0.15793076920836496,3
breast_cancer,diagnostic benchmark,7,3,0.0,immutable_l2,exact_leaf_cached,78,1.0,1.0,0.0,1.2073536608560487,1.6153846153846154,1.0,0.008142499996210972,0.10439102559244837,3
breast_cancer,diagnostic benchmark,7,3,0.0,immutable_l2,native_exact_k_sparse,78,1.0,1.0,0.0,1.2073536608560487,1.6153846153846154,1.0,0.00786839999636868,0.10087692303036769,3
breast_cancer,diagnostic benchmark,7,3,0.0,immutable_l2,clbr_uncached,78,1.0,1.0,0.0,1.5792441297317408,1.7435897435897436,1.0,0.0041472000020803534,0.05316923079590197,3
breast_cancer,diagnostic benchmark,7,3,0.0,immutable_top3_l1,nn_positive_train,78,0.1282051282051282,0.1282051282051282,0.0,3.5090971846410106,3.0,1.0,0.0041080000019064755,0.05266666669110866,3
breast_cancer,diagnostic benchmark,7,3,0.0,immutable_top3_l1,leaf_centroid,78,0.2564102564102564,0.2564102564102564,0.0,4.335764864583458,3.0,1.0,0.0077576000012413715,0.09945641027232528,3
breast_cancer,diagnostic benchmark,7,3,0.0,immutable_top3_l1,raw_leaf_projection,78,0.08974358974358974,0.08974358974358974,0.0,0.2013125936763803,1.0,1.0,0.003938500000913336,0.05049358975529918,3
breast_cancer,diagnostic benchmark,7,3,0.0,immutable_top3_l1,clbr,78,0.1282051282051282,0.08974358974358974,0.038461538461538464,2.146333663339689,1.6,1.0,0.009264299999813375,0.11877307692068428,3
breast_cancer,diagnostic benchmark,7,3,0.0,immutable_top3_l1,metric_leaf_projection,78,0.21794871794871795,0.21794871794871795,0.0,0.8764895769194887,1.0,1.0,0.003761599996323639,0.04822564097850819,3
breast_cancer,diagnostic benchmark,7,3,0.0,immutable_top3_l1,metric_clbr,78,0.24358974358974358,0.21794871794871795,0.02564102564102564,0.8815427384485564,1.2105263157894737,1.0,0.008475900005578296,0.10866538468690123,3
breast_cancer,diagnostic benchmark,7,3,0.0,immutable_top3_l1,exact_leaf,78,0.2948717948717949,0.2948717948717949,0.0,0.9513136531424538,1.0434782608695652,1.0,0.00955229999817675,0.12246538459200962,3
breast_cancer,diagnostic benchmark,7,3,0.0,immutable_top3_l1,exact_leaf_cached,78,0.2948717948717949,0.2948717948717949,0.0,0.9513136531424538,1.0434782608695652,1.0,0.005412600002273393,0.06939230772145376,3
breast_cancer,diagnostic benchmark,7,3,0.0,immutable_top3_l1,native_exact_k_sparse,78,1.0,1.0,0.0,1.4703063416525792,1.6153846153846154,1.0,0.008009699994545372,0.1026884614685304,3
breast_cancer,diagnostic benchmark,7,3,0.0,immutable_top3_l1,clbr_uncached,78,0.1282051282051282,0.08974358974358974,0.038461538461538464,2.146333663339689,1.6,1.0,0.010366799997427734,0.13290769227471452,3
breast_cancer,diagnostic benchmark,13,3,0.0,free_l2,nn_positive_train,70,1.0,1.0,0.0,6.484767230452364,29.985714285714284,0.0,0.00323499999831256,0.04621428569017943,2
breast_cancer,diagnostic benchmark,13,3,0.0,free_l2,leaf_centroid,70,1.0,1.0,0.0,6.254052912036032,30.0,0.0,0.004605000003721216,0.0657857143388745,2
breast_cancer,diagnostic benchmark,13,3,0.0,free_l2,raw_leaf_projection,70,1.0,1.0,0.0,1.2739277463664713,1.4714285714285715,1.0,0.0030992000010883203,0.04427428572983315,2
breast_cancer,diagnostic benchmark,13,3,0.0,free_l2,clbr,70,1.0,1.0,0.0,1.2739277463664713,1.4714285714285715,1.0,0.002932999998847663,0.04189999998353804,2
breast_cancer,diagnostic benchmark,13,3,0.0,free_l2,metric_leaf_projection,70,1.0,1.0,0.0,1.2739277463664713,1.4714285714285715,1.0,0.002965900001981936,0.04237000002831337,2
breast_cancer,diagnostic benchmark,13,3,0.0,free_l2,metric_clbr,70,1.0,1.0,0.0,1.2739277463664713,1.4714285714285715,1.0,0.0029644000032931217,0.04234857147561603,2
breast_cancer,diagnostic benchmark,13,3,0.0,free_l2,exact_leaf,70,1.0,1.0,0.0,1.2739277463664713,1.4714285714285715,1.0,0.007112499997674604,0.10160714282392291,2
breast_cancer,diagnostic benchmark,13,3,0.0,free_l2,exact_leaf_cached,70,1.0,1.0,0.0,1.2739277463664713,1.4714285714285715,1.0,0.006088799997087335,0.08698285710124765,2
breast_cancer,diagnostic benchmark,13,3,0.0,free_l2,native_exact_k_sparse,70,1.0,1.0,0.0,1.2739277463664713,1.4714285714285715,1.0,0.005924799997046648,0.08463999995780926,2
breast_cancer,diagnostic benchmark,13,3,0.0,free_l2,clbr_uncached,70,1.0,1.0,0.0,1.2739277463664713,1.4714285714285715,1.0,0.0030198999966160045,0.04314142852308578,2
breast_cancer,diagnostic benchmark,13,3,0.0,immutable_l2,nn_positive_train,70,1.0,1.0,0.0,6.185056423815157,26.985714285714284,0.0,0.0038119000009828596,0.05445571429975514,2
breast_cancer,diagnostic benchmark,13,3,0.0,immutable_l2,leaf_centroid,70,1.0,1.0,0.0,5.841175686561894,27.0,0.0,0.0055502999985037604,0.07928999997862515,2
breast_cancer,diagnostic benchmark,13,3,0.0,immutable_l2,raw_leaf_projection,70,1.0,1.0,0.0,1.2739277463664713,1.4714285714285715,1.0,0.0036025000053996337,0.051464285791423335,2
breast_cancer,diagnostic benchmark,13,3,0.0,immutable_l2,clbr,70,1.0,1.0,0.0,1.2739277463664713,1.4714285714285715,1.0,0.003437399998801993,0.0491057142685999,2
breast_cancer,diagnostic benchmark,13,3,0.0,immutable_l2,metric_leaf_projection,70,1.0,1.0,0.0,1.2739277463664713,1.4714285714285715,1.0,0.0035684000022229156,0.0509771428888988,2
breast_cancer,diagnostic benchmark,13,3,0.0,immutable_l2,metric_clbr,70,1.0,1.0,0.0,1.2739277463664713,1.4714285714285715,1.0,0.0036583999972208403,0.05226285710315486,2
breast_cancer,diagnostic benchmark,13,3,0.0,immutable_l2,exact_leaf,70,1.0,1.0,0.0,1.2739277463664713,1.4714285714285715,1.0,0.008204399996429856,0.11720571423471224,2
breast_cancer,diagnostic benchmark,13,3,0.0,immutable_l2,exact_leaf_cached,70,1.0,1.0,0.0,1.2739277463664713,1.4714285714285715,1.0,0.007101600000169128,0.10145142857384469,2
breast_cancer,diagnostic benchmark,13,3,0.0,immutable_l2,native_exact_k_sparse,70,1.0,1.0,0.0,1.2739277463664713,1.4714285714285715,1.0,0.007123800003682845,0.1017685714811835,2
breast_cancer,diagnostic benchmark,13,3,0.0,immutable_l2,clbr_uncached,70,1.0,1.0,0.0,1.2739277463664713,1.4714285714285715,1.0,0.0033362999974997365,0.04766142853571052,2
breast_cancer,diagnostic benchmark,13,3,0.0,immutable_top3_l1,nn_positive_train,70,0.45714285714285713,0.45714285714285713,0.0,2.6655179253545813,3.0,1.0,0.0038576999968427117,0.055109999954895884,2
breast_cancer,diagnostic benchmark,13,3,0.0,immutable_top3_l1,leaf_centroid,70,0.45714285714285713,0.45714285714285713,0.0,3.565708818987676,3.0,1.0,0.005852499997672567,0.08360714282389381,2
breast_cancer,diagnostic benchmark,13,3,0.0,immutable_top3_l1,raw_leaf_projection,70,0.45714285714285713,0.45714285714285713,0.0,0.9153231456821203,1.0,1.0,0.0036752999976670253,0.0525042856809575,2
breast_cancer,diagnostic benchmark,13,3,0.0,immutable_top3_l1,clbr,70,0.45714285714285713,0.45714285714285713,0.0,0.9153231456821203,1.0,1.0,0.006085400003030372,0.08693428575757675,2
breast_cancer,diagnostic benchmark,13,3,0.0,immutable_top3_l1,metric_leaf_projection,70,0.45714285714285713,0.45714285714285713,0.0,0.9153231456821203,1.0,1.0,0.0034509999977672123,0.04929999996810303,2
breast_cancer,diagnostic benchmark,13,3,0.0,immutable_top3_l1,metric_clbr,70,0.45714285714285713,0.45714285714285713,0.0,0.9153231456821203,1.0,1.0,0.006125700001575751,0.08751000002251073,2
breast_cancer,diagnostic benchmark,13,3,0.0,immutable_top3_l1,exact_leaf,70,0.45714285714285713,0.45714285714285713,0.0,0.9153231456821203,1.0,1.0,0.007207600000583625,0.10296571429405178,2
breast_cancer,diagnostic benchmark,13,3,0.0,immutable_top3_l1,exact_leaf_cached,70,0.45714285714285713,0.45714285714285713,0.0,0.9153231456821203,1.0,1.0,0.006083899995246611,0.08691285707495158,2
breast_cancer,diagnostic benchmark,13,3,0.0,immutable_top3_l1,native_exact_k_sparse,70,1.0,1.0,0.0,1.4536534857334318,1.4714285714285715,1.0,0.00864139999885083,0.1234485714121547,2
breast_cancer,diagnostic benchmark,13,3,0.0,immutable_top3_l1,clbr_uncached,70,0.45714285714285713,0.45714285714285713,0.0,0.9153231456821203,1.0,1.0,0.006519400002616749,0.09313428575166784,2
breast_cancer,diagnostic benchmark,19,3,0.0,free_l2,nn_positive_train,73,1.0,1.0,0.0,7.825090140618956,29.931506849315067,0.0,0.004496000001381617,0.061589041114816674,4
breast_cancer,diagnostic benchmark,19,3,0.0,free_l2,leaf_centroid,73,1.0,1.0,0.0,6.918690737661368,30.0,0.0,0.007950300000629795,0.10890821918670952,4
breast_cancer,diagnostic benchmark,19,3,0.0,free_l2,raw_leaf_projection,73,1.0,1.0,0.0,0.9697043208627729,1.4383561643835616,1.0,0.004433200000676152,0.06072876713255002,4
breast_cancer,diagnostic benchmark,19,3,0.0,free_l2,clbr,73,1.0,1.0,0.0,0.9697043208627729,1.4383561643835616,1.0,0.004118000002563349,0.05641095893922396,4
breast_cancer,diagnostic benchmark,19,3,0.0,free_l2,metric_leaf_projection,73,1.0,1.0,0.0,0.8930076754047325,1.4657534246575343,1.0,0.004410599997754616,0.0604191780514331,4
breast_cancer,diagnostic benchmark,19,3,0.0,free_l2,metric_clbr,73,1.0,1.0,0.0,0.8930076754047325,1.4657534246575343,1.0,0.004320599999118713,0.059186301357790586,4
breast_cancer,diagnostic benchmark,19,3,0.0,free_l2,exact_leaf,73,1.0,1.0,0.0,0.8930076754047325,1.4657534246575343,1.0,0.016652399994200096,0.22811506841369994,4
breast_cancer,diagnostic benchmark,19,3,0.0,free_l2,exact_leaf_cached,73,1.0,1.0,0.0,0.8930076754047325,1.4657534246575343,1.0,0.008772899993346073,0.12017671223761743,4
breast_cancer,diagnostic benchmark,19,3,0.0,free_l2,native_exact_k_sparse,73,1.0,1.0,0.0,0.8930076754047325,1.4657534246575343,1.0,0.008213199999772769,0.11250958903798314,4
breast_cancer,diagnostic benchmark,19,3,0.0,free_l2,clbr_uncached,73,1.0,1.0,0.0,0.9697043208627729,1.4383561643835616,1.0,0.0045688999989579315,0.0625876712186018,4
breast_cancer,diagnostic benchmark,19,3,0.0,immutable_l2,nn_positive_train,73,0.1917808219178082,0.1917808219178082,0.0,7.342152184913734,26.857142857142858,0.0,0.004336300000431947,0.059401369868930784,4
breast_cancer,diagnostic benchmark,19,3,0.0,immutable_l2,leaf_centroid,73,0.1917808219178082,0.1917808219178082,0.0,7.900252309071111,27.0,0.0,0.00747869999759132,0.10244794517248385,4
breast_cancer,diagnostic benchmark,19,3,0.0,immutable_l2,raw_leaf_projection,73,0.684931506849315,0.684931506849315,0.0,0.944499126350845,1.64,1.0,0.003931099997316778,0.05385068489475039,4
breast_cancer,diagnostic benchmark,19,3,0.0,immutable_l2,clbr,73,0.684931506849315,0.684931506849315,0.0,0.944499126350845,1.64,1.0,0.005479199998262629,0.07505753422277575,4
breast_cancer,diagnostic benchmark,19,3,0.0,immutable_l2,metric_leaf_projection,73,0.6986301369863014,0.6986301369863014,0.0,0.8464729329267914,1.6470588235294117,1.0,0.003933899994990497,0.05388904102726709,4
breast_cancer,diagnostic benchmark,19,3,0.0,immutable_l2,metric_clbr,73,0.7123287671232876,0.6986301369863014,0.0136986301369863,0.9420788662512769,2.1153846153846154,0.9807692307692307,0.00600980000126583,0.08232602741460042,4
breast_cancer,diagnostic benchmark,19,3,0.0,immutable_l2,exact_leaf,73,1.0,1.0,0.0,1.1297510255346601,1.6027397260273972,1.0,0.015766599999551545,0.215980821911665,4
breast_cancer,diagnostic benchmark,19,3,0.0,immutable_l2,exact_leaf_cached,73,1.0,1.0,0.0,1.1297510255346601,1.6027397260273972,1.0,0.009147299999312963,0.12530547944264334,4
breast_cancer,diagnostic benchmark,19,3,0.0,immutable_l2,native_exact_k_sparse,73,1.0,1.0,0.0,1.1297510255346601,1.6027397260273972,1.0,0.008527199995114643,0.11681095883718688,4
breast_cancer,diagnostic benchmark,19,3,0.0,immutable_l2,clbr_uncached,73,0.684931506849315,0.684931506849315,0.0,0.944499126350845,1.64,1.0,0.005982900001981761,0.08195753427372275,4
breast_cancer,diagnostic benchmark,19,3,0.0,immutable_top3_l1,nn_positive_train,73,0.0547945205479452,0.0547945205479452,0.0,2.145292911772338,3.0,1.0,0.004456800001207739,0.06105205481106492,4
breast_cancer,diagnostic benchmark,19,3,0.0,immutable_top3_l1,leaf_centroid,73,0.0684931506849315,0.0684931506849315,0.0,2.9665460504854875,3.0,1.0,0.009965300000658317,0.13651095891312762,4
breast_cancer,diagnostic benchmark,19,3,0.0,immutable_top3_l1,raw_leaf_projection,73,0.0,0.0,0.0,inf,nan,nan,0.004540499999166059,0.06219863012556245,4
breast_cancer,diagnostic benchmark,19,3,0.0,immutable_top3_l1,clbr,73,0.0547945205479452,0.0,0.0547945205479452,1.476849328995836,3.0,1.0,0.011728600002243184,0.16066575345538608,4
breast_cancer,diagnostic benchmark,19,3,0.0,immutable_top3_l1,metric_leaf_projection,73,0.0136986301369863,0.0136986301369863,0.0,0.3371112429893007,1.0,1.0,0.004342700000961486,0.05948904110906145,4
breast_cancer,diagnostic benchmark,19,3,0.0,immutable_top3_l1,metric_clbr,73,0.0547945205479452,0.0136986301369863,0.0410958904109589,1.4107841514388226,2.5,1.0,0.011377999998330779,0.1558630136757641,4
breast_cancer,diagnostic benchmark,19,3,0.0,immutable_top3_l1,exact_leaf,73,0.0684931506849315,0.0684931506849315,0.0,1.415541750204291,1.0,1.0,0.013340399998924113,0.18274520546471387,4
breast_cancer,diagnostic benchmark,19,3,0.0,immutable_top3_l1,exact_leaf_cached,73,0.0684931506849315,0.0684931506849315,0.0,1.415541750204291,1.0,1.0,0.005326400003468734,0.07296438360916074,4
breast_cancer,diagnostic benchmark,19,3,0.0,immutable_top3_l1,native_exact_k_sparse,73,1.0,1.0,0.0,1.3373435617526253,1.6027397260273972,1.0,0.00926169999911508,0.12687260272760384,4
breast_cancer,diagnostic benchmark,19,3,0.0,immutable_top3_l1,clbr_uncached,73,0.0547945205479452,0.0,0.0547945205479452,1.476849328995836,3.0,1.0,0.012629499997274252,0.17300684927772947,4
breast_cancer,diagnostic benchmark,29,3,0.0,free_l2,nn_positive_train,85,1.0,1.0,0.0,7.673117821234668,29.976470588235294,0.0,0.005178599999453581,0.06092470587592449,3
breast_cancer,diagnostic benchmark,29,3,0.0,free_l2,leaf_centroid,85,1.0,1.0,0.0,6.2801508055864215,30.0,0.0,0.008692399998835754,0.1022635293980677,3
breast_cancer,diagnostic benchmark,29,3,0.0,free_l2,raw_leaf_projection,85,1.0,1.0,0.0,1.130222974916011,1.4588235294117646,1.0,0.005023099995923985,0.059095294069693945,3
breast_cancer,diagnostic benchmark,29,3,0.0,free_l2,clbr,85,1.0,1.0,0.0,1.130222974916011,1.4588235294117646,1.0,0.004948000005242648,0.05821176476756056,3
breast_cancer,diagnostic benchmark,29,3,0.0,free_l2,metric_leaf_projection,85,1.0,1.0,0.0,0.8494305587113893,1.223529411764706,1.0,0.005098399998132663,0.05998117644861957,3
breast_cancer,diagnostic benchmark,29,3,0.0,free_l2,metric_clbr,85,1.0,1.0,0.0,0.8494305587113893,1.223529411764706,1.0,0.005474800002957636,0.0644094117995016,3
breast_cancer,diagnostic benchmark,29,3,0.0,free_l2,exact_leaf,85,1.0,1.0,0.0,0.8494305587113893,1.223529411764706,1.0,0.0155789000018558,0.18328117649242118,3
breast_cancer,diagnostic benchmark,29,3,0.0,free_l2,exact_leaf_cached,85,1.0,1.0,0.0,0.8494305587113893,1.223529411764706,1.0,0.010486400001354923,0.12336941178064616,3
breast_cancer,diagnostic benchmark,29,3,0.0,free_l2,native_exact_k_sparse,85,1.0,1.0,0.0,0.8494305587113893,1.223529411764706,1.0,0.009757099996932084,0.11478941172861275,3
breast_cancer,diagnostic benchmark,29,3,0.0,free_l2,clbr_uncached,85,1.0,1.0,0.0,1.130222974916011,1.4588235294117646,1.0,0.005116900002576585,0.060198823559724536,3
breast_cancer,diagnostic benchmark,29,3,0.0,immutable_l2,nn_positive_train,85,1.0,1.0,0.0,7.397801460704154,26.988235294117647,0.0,0.004859399993620173,0.05716941168964909,3
breast_cancer,diagnostic benchmark,29,3,0.0,immutable_l2,leaf_centroid,85,1.0,1.0,0.0,5.9381387593164945,27.0,0.0,0.008081999998466927,0.09508235292314031,3
breast_cancer,diagnostic benchmark,29,3,0.0,immutable_l2,raw_leaf_projection,85,1.0,1.0,0.0,1.130222974916011,1.4588235294117646,1.0,0.004676799997469061,0.05502117644081248,3
breast_cancer,diagnostic benchmark,29,3,0.0,immutable_l2,clbr,85,1.0,1.0,0.0,1.130222974916011,1.4588235294117646,1.0,0.004766800004290417,0.05608000005047549,3
breast_cancer,diagnostic benchmark,29,3,0.0,immutable_l2,metric_leaf_projection,85,1.0,1.0,0.0,0.8494305587113893,1.223529411764706,1.0,0.004622499998731655,0.05438235292625476,3
breast_cancer,diagnostic benchmark,29,3,0.0,immutable_l2,metric_clbr,85,1.0,1.0,0.0,0.8494305587113893,1.223529411764706,1.0,0.004475200000342738,0.0526494117687381,3
breast_cancer,diagnostic benchmark,29,3,0.0,immutable_l2,exact_leaf,85,1.0,1.0,0.0,0.8494305587113893,1.223529411764706,1.0,0.013964699994176044,0.164290588166777,3
breast_cancer,diagnostic benchmark,29,3,0.0,immutable_l2,exact_leaf_cached,85,1.0,1.0,0.0,0.8494305587113893,1.223529411764706,1.0,0.009047499999724096,0.1064411764673423,3
breast_cancer,diagnostic benchmark,29,3,0.0,immutable_l2,native_exact_k_sparse,85,1.0,1.0,0.0,0.8494305587113893,1.223529411764706,1.0,0.00911669999914011,0.10725529410753071,3
breast_cancer,diagnostic benchmark,29,3,0.0,immutable_l2,clbr_uncached,85,1.0,1.0,0.0,1.130222974916011,1.4588235294117646,1.0,0.0048148999967452255,0.05664588231464971,3
breast_cancer,diagnostic benchmark,29,3,0.0,immutable_top3_l1,nn_positive_train,85,0.17647058823529413,0.17647058823529413,0.0,1.2034822823879052,3.0,1.0,0.0044594000009965384,0.05246352942348869,3
breast_cancer,diagnostic benchmark,29,3,0.0,immutable_top3_l1,leaf_centroid,85,0.07058823529411765,0.07058823529411765,0.0,2.179747709124389,3.0,1.0,0.0073825999979817425,0.08685411762331462,3
breast_cancer,diagnostic benchmark,29,3,0.0,immutable_top3_l1,raw_leaf_projection,85,0.07058823529411765,0.07058823529411765,0.0,0.36944263144995126,1.0,1.0,0.004313500000534987,0.050747058829823374,3
breast_cancer,diagnostic benchmark,29,3,0.0,immutable_top3_l1,clbr,85,0.17647058823529413,0.07058823529411765,0.10588235294117647,0.5839290163120345,2.2,1.0,0.012240400003975083,0.14400470592911863,3
breast_cancer,diagnostic benchmark,29,3,0.0,immutable_top3_l1,metric_leaf_projection,85,0.24705882352941178,0.24705882352941178,0.0,1.1969640548342422,1.0,1.0,0.004281500000615779,0.05037058824253857,3
breast_cancer,diagnostic benchmark,29,3,0.0,immutable_top3_l1,metric_clbr,85,0.32941176470588235,0.24705882352941178,0.08235294117647059,1.0746133010556684,1.5,1.0,0.010718599997744604,0.12610117644405416,3
breast_cancer,diagnostic benchmark,29,3,0.0,immutable_top3_l1,exact_leaf,85,0.4823529411764706,0.4823529411764706,0.0,1.2020737632816338,1.024390243902439,1.0,0.011047399998460605,0.12996941174659535,3
breast_cancer,diagnostic benchmark,29,3,0.0,immutable_top3_l1,exact_leaf_cached,85,0.4823529411764706,0.4823529411764706,0.0,1.2020737632816338,1.024390243902439,1.0,0.007040300000880961,0.08282705883389366,3
breast_cancer,diagnostic benchmark,29,3,0.0,immutable_top3_l1,native_exact_k_sparse,85,1.0,1.0,0.0,0.8888184972796436,1.1647058823529413,1.0,0.010046100003819447,0.11818941180964056,3
breast_cancer,diagnostic benchmark,29,3,0.0,immutable_top3_l1,clbr_uncached,85,0.17647058823529413,0.07058823529411765,0.10588235294117647,0.5839290163120345,2.2,1.0,0.012969999996130355,0.1525882352485924,3
breast_cancer,diagnostic benchmark,37,3,0.0,free_l2,nn_positive_train,66,1.0,1.0,0.0,7.095204332663929,29.954545454545453,0.0,0.004442299996298971,0.06730757570149956,3
breast_cancer,diagnostic benchmark,37,3,0.0,free_l2,leaf_centroid,66,1.0,1.0,0.0,5.823090735988425,30.0,0.0,0.007169799997427617,0.10863333329435784,3
breast_cancer,diagnostic benchmark,37,3,0.0,free_l2,raw_leaf_projection,66,1.0,1.0,0.0,1.4684236861142255,1.0606060606060606,1.0,0.004997899999580113,0.07572575756939566,3
breast_cancer,diagnostic benchmark,37,3,0.0,free_l2,clbr,66,1.0,1.0,0.0,1.4684236861142255,1.0606060606060606,1.0,0.0042345000083514606,0.0641590910356282,3
breast_cancer,diagnostic benchmark,37,3,0.0,free_l2,metric_leaf_projection,66,1.0,1.0,0.0,0.8926050493142073,1.3636363636363635,1.0,0.004180899997663801,0.06334696966157273,3
breast_cancer,diagnostic benchmark,37,3,0.0,free_l2,metric_clbr,66,1.0,1.0,0.0,0.8926050493142073,1.3636363636363635,1.0,0.004374800001642143,0.06628484850972943,3
breast_cancer,diagnostic benchmark,37,3,0.0,free_l2,exact_leaf,66,1.0,1.0,0.0,0.8926050493142073,1.3636363636363635,1.0,0.013402199998381548,0.20306363633911437,3
breast_cancer,diagnostic benchmark,37,3,0.0,free_l2,exact_leaf_cached,66,1.0,1.0,0.0,0.8926050493142073,1.3636363636363635,1.0,0.009531200000310491,0.14441212121682562,3
breast_cancer,diagnostic benchmark,37,3,0.0,free_l2,native_exact_k_sparse,66,1.0,1.0,0.0,0.8926050493142073,1.3636363636363635,1.0,0.008534100003089407,0.12930454550135465,3
breast_cancer,diagnostic benchmark,37,3,0.0,free_l2,clbr_uncached,66,1.0,1.0,0.0,1.4684236861142255,1.0606060606060606,1.0,0.004432100001395156,0.06715303032416903,3
breast_cancer,diagnostic benchmark,37,3,0.0,immutable_l2,nn_positive_train,66,0.3484848484848485,0.3484848484848485,0.0,6.699719237329115,27.0,0.0,0.003122299996903166,0.04730757571065403,3
breast_cancer,diagnostic benchmark,37,3,0.0,immutable_l2,leaf_centroid,66,0.22727272727272727,0.22727272727272727,0.0,5.6690455468088485,27.0,0.0,0.0054231999993135105,0.08216969695929562,3
breast_cancer,diagnostic benchmark,37,3,0.0,immutable_l2,raw_leaf_projection,66,0.19696969696969696,0.19696969696969696,0.0,0.32739406271688565,1.3076923076923077,1.0,0.0029989000022396795,0.04543787882181333,3
breast_cancer,diagnostic benchmark,37,3,0.0,immutable_l2,clbr,66,0.3484848484848485,0.19696969696969696,0.15151515151515152,2.458081424089889,12.478260869565217,0.5652173913043478,0.009095899999010726,0.13781666665167766,3
breast_cancer,diagnostic benchmark,37,3,0.0,immutable_l2,metric_leaf_projection,66,0.7424242424242424,0.7424242424242424,0.0,0.8194501582362526,1.489795918367347,1.0,0.0030894999999873107,0.0468106060604138,3
breast_cancer,diagnostic benchmark,37,3,0.0,immutable_l2,metric_clbr,66,0.7575757575757576,0.7424242424242424,0.015151515151515152,1.0069884544706684,2.0,0.98,0.004189899997982138,0.06348333330275967,3
breast_cancer,diagnostic benchmark,37,3,0.0,immutable_l2,exact_leaf,66,1.0,1.0,0.0,1.138575435342002,1.606060606060606,1.0,0.010325400005058327,0.15644545462209586,3
breast_cancer,diagnostic benchmark,37,3,0.0,immutable_l2,exact_leaf_cached,66,1.0,1.0,0.0,1.138575435342002,1.606060606060606,1.0,0.00633789999938017,0.09602878786939652,3
breast_cancer,diagnostic benchmark,37,3,0.0,immutable_l2,native_exact_k_sparse,66,1.0,1.0,0.0,1.138575435342002,1.606060606060606,1.0,0.006211800000528456,0.09411818182618872,3
breast_cancer,diagnostic benchmark,37,3,0.0,immutable_l2,clbr_uncached,66,0.3484848484848485,0.19696969696969696,0.15151515151515152,2.458081424089889,12.478260869565217,0.5652173913043478,0.009414400004061463,0.14264242430396157,3
breast_cancer,diagnostic benchmark,37,3,0.0,immutable_top3_l1,nn_positive_train,66,0.045454545454545456,0.045454545454545456,0.0,0.9597000241937717,3.0,1.0,0.0030014000003575347,0.04547575758117477,3
breast_cancer,diagnostic benchmark,37,3,0.0,immutable_top3_l1,leaf_centroid,66,0.030303030303030304,0.030303030303030304,0.0,1.3905149402983326,3.0,1.0,0.005176999998184328,0.07843939391188376,3
breast_cancer,diagnostic benchmark,37,3,0.0,immutable_top3_l1,raw_leaf_projection,66,0.030303030303030304,0.030303030303030304,0.0,0.025463063182036966,1.0,1.0,0.002791500003695546,0.04229545460144767,3
breast_cancer,diagnostic benchmark,37,3,0.0,immutable_top3_l1,clbr,66,0.045454545454545456,0.030303030303030304,0.015151515151515152,0.25334528680605967,1.6666666666666667,1.0,0.006366500002513931,0.09646212125021107,3
breast_cancer,diagnostic benchmark,37,3,0.0,immutable_top3_l1,metric_leaf_projection,66,0.06060606060606061,0.06060606060606061,0.0,0.2741029237847751,1.0,1.0,0.0026551000028121052,0.04022878792139553,3
breast_cancer,diagnostic benchmark,37,3,0.0,immutable_top3_l1,metric_clbr,66,0.06060606060606061,0.06060606060606061,0.0,0.2741029237847751,1.0,1.0,0.005904199996621173,0.08945757570638141,3
breast_cancer,diagnostic benchmark,37,3,0.0,immutable_top3_l1,exact_leaf,66,0.06060606060606061,0.06060606060606061,0.0,0.2741029237847751,1.0,1.0,0.006073300000934978,0.09201969698386331,3
breast_cancer,diagnostic benchmark,37,3,0.0,immutable_top3_l1,exact_leaf_cached,66,0.06060606060606061,0.06060606060606061,0.0,0.2741029237847751,1.0,1.0,0.003908200000296347,0.05921515151964162,3
breast_cancer,diagnostic benchmark,37,3,0.0,immutable_top3_l1,native_exact_k_sparse,66,1.0,1.0,0.0,1.4020068813798863,1.606060606060606,1.0,0.005855100001099345,0.0887136363802931,3
breast_cancer,diagnostic benchmark,37,3,0.0,immutable_top3_l1,clbr_uncached,66,0.045454545454545456,0.030303030303030304,0.015151515151515152,0.25334528680605967,1.6666666666666667,1.0,0.007070099998600199,0.10712272725151817,3
breast_cancer,diagnostic benchmark,41,3,0.0,free_l2,nn_positive_train,79,1.0,1.0,0.0,6.899899266215334,30.0,0.0,0.004697500001384469,0.05946202533398062,3
breast_cancer,diagnostic benchmark,41,3,0.0,free_l2,leaf_centroid,79,1.0,1.0,0.0,6.429411826079159,30.0,0.0,0.00737310000204161,0.0933303797726786,3
breast_cancer,diagnostic benchmark,41,3,0.0,free_l2,raw_leaf_projection,79,1.0,1.0,0.0,1.3980034946096525,1.1645569620253164,1.0,0.004506800000854128,0.057048101276634525,3
breast_cancer,diagnostic benchmark,41,3,0.0,free_l2,clbr,79,1.0,1.0,0.0,1.3980034946096525,1.1645569620253164,1.0,0.004972100001396029,0.06293797470121557,3
breast_cancer,diagnostic benchmark,41,3,0.0,free_l2,metric_leaf_projection,79,1.0,1.0,0.0,1.2263411769421138,1.3544303797468353,1.0,0.005010199998650933,0.06342025314748016,3
breast_cancer,diagnostic benchmark,41,3,0.0,free_l2,metric_clbr,79,1.0,1.0,0.0,1.2263411769421138,1.3544303797468353,1.0,0.004378900005576725,0.055429113994642086,3
breast_cancer,diagnostic benchmark,41,3,0.0,free_l2,exact_leaf,79,1.0,1.0,0.0,1.2263411769421138,1.3544303797468353,1.0,0.014496299995698791,0.1834974682999847,3
breast_cancer,diagnostic benchmark,41,3,0.0,free_l2,exact_leaf_cached,79,1.0,1.0,0.0,1.2263411769421138,1.3544303797468353,1.0,0.00882240000373713,0.11167594941439404,3
breast_cancer,diagnostic benchmark,41,3,0.0,free_l2,native_exact_k_sparse,79,1.0,1.0,0.0,1.2263411769421138,1.3544303797468353,1.0,0.008711000001312641,0.11026582280142584,3
breast_cancer,diagnostic benchmark,41,3,0.0,free_l2,clbr_uncached,79,1.0,1.0,0.0,1.3980034946096525,1.1645569620253164,1.0,0.004654300000765943,0.0589151898831132,3
breast_cancer,diagnostic benchmark,41,3,0.0,immutable_l2,nn_positive_train,79,1.0,1.0,0.0,6.555828441219484,27.0,0.0,0.004313200009164575,0.05459746847043766,3
breast_cancer,diagnostic benchmark,41,3,0.0,immutable_l2,leaf_centroid,79,1.0,1.0,0.0,5.947568702934986,27.0,0.0,0.007079400001202885,0.08961265824307449,3
breast_cancer,diagnostic benchmark,41,3,0.0,immutable_l2,raw_leaf_projection,79,1.0,1.0,0.0,1.3980034946096525,1.1645569620253164,1.0,0.0042706999956863,0.05405949361628228,3
breast_cancer,diagnostic benchmark,41,3,0.0,immutable_l2,clbr,79,1.0,1.0,0.0,1.3980034946096525,1.1645569620253164,1.0,0.004061200004798593,0.05140759499745055,3
breast_cancer,diagnostic benchmark,41,3,0.0,immutable_l2,metric_leaf_projection,79,1.0,1.0,0.0,1.2263411769421138,1.3544303797468353,1.0,0.004218099999889091,0.05339367088467204,3
breast_cancer,diagnostic benchmark,41,3,0.0,immutable_l2,metric_clbr,79,1.0,1.0,0.0,1.2263411769421138,1.3544303797468353,1.0,0.004395700000713987,0.05564177216093654,3
breast_cancer,diagnostic benchmark,41,3,0.0,immutable_l2,exact_leaf,79,1.0,1.0,0.0,1.2263411769421138,1.3544303797468353,1.0,0.013782200001514866,0.17445822786727677,3
breast_cancer,diagnostic benchmark,41,3,0.0,immutable_l2,exact_leaf_cached,79,1.0,1.0,0.0,1.2263411769421138,1.3544303797468353,1.0,0.008283300001494354,0.10485189875309309,3
breast_cancer,diagnostic benchmark,41,3,0.0,immutable_l2,native_exact_k_sparse,79,1.0,1.0,0.0,1.2263411769421138,1.3544303797468353,1.0,0.008188800000425545,0.10365569620791829,3
breast_cancer,diagnostic benchmark,41,3,0.0,immutable_l2,clbr_uncached,79,1.0,1.0,0.0,1.3980034946096525,1.1645569620253164,1.0,0.004255099991496536,0.05386202520881691,3
breast_cancer,diagnostic benchmark,41,3,0.0,immutable_top3_l1,nn_positive_train,79,0.1518987341772152,0.1518987341772152,0.0,1.400003068896176,3.0,1.0,0.004686000000219792,0.05931645569898471,3
breast_cancer,diagnostic benchmark,41,3,0.0,immutable_top3_l1,leaf_centroid,79,0.1518987341772152,0.1518987341772152,0.0,1.9283685194224127,3.0,1.0,0.006733800000802148,0.08523797469369808,3
breast_cancer,diagnostic benchmark,41,3,0.0,immutable_top3_l1,raw_leaf_projection,79,0.11392405063291139,0.11392405063291139,0.0,1.2217014595270381,1.0,1.0,0.0033482000035292003,0.04238227852568608,3
breast_cancer,diagnostic benchmark,41,3,0.0,immutable_top3_l1,clbr,79,0.24050632911392406,0.11392405063291139,0.12658227848101267,1.25012632674285,2.0526315789473686,1.0,0.009318000002167537,0.11794936711604477,3
breast_cancer,diagnostic benchmark,41,3,0.0,immutable_top3_l1,metric_leaf_projection,79,0.24050632911392406,0.24050632911392406,0.0,0.6424196893968545,1.0,1.0,0.0030858000045554945,0.039060759551335374,3
breast_cancer,diagnostic benchmark,41,3,0.0,immutable_top3_l1,metric_clbr,79,0.24050632911392406,0.24050632911392406,0.0,0.6424196893968545,1.0,1.0,0.006124599998656777,0.07752658226147818,3
breast_cancer,diagnostic benchmark,41,3,0.0,immutable_top3_l1,exact_leaf,79,0.27848101265822783,0.27848101265822783,0.0,0.6966943305501133,1.0,1.0,0.007731400000920985,0.09786582279646816,3
breast_cancer,diagnostic benchmark,41,3,0.0,immutable_top3_l1,exact_leaf_cached,79,0.27848101265822783,0.27848101265822783,0.0,0.6966943305501133,1.0,1.0,0.005141600002389168,0.06508354433404011,3
breast_cancer,diagnostic benchmark,41,3,0.0,immutable_top3_l1,native_exact_k_sparse,79,1.0,1.0,0.0,1.2741532378786697,1.1265822784810127,1.0,0.006907800001499709,0.08744050634809758,3
breast_cancer,diagnostic benchmark,41,3,0.0,immutable_top3_l1,clbr_uncached,79,0.24050632911392406,0.11392405063291139,0.12658227848101267,1.25012632674285,2.0526315789473686,1.0,0.010173099997700774,0.12877341769241485,3
breast_cancer,diagnostic benchmark,53,3,0.0,free_l2,nn_positive_train,83,1.0,1.0,0.0,8.01851058752799,30.0,0.0,0.004471900002499751,0.05387831328312953,3
breast_cancer,diagnostic benchmark,53,3,0.0,free_l2,leaf_centroid,83,1.0,1.0,0.0,7.043325306753552,30.0,0.0,0.008097899997665081,0.0975650602128323,3
breast_cancer,diagnostic benchmark,53,3,0.0,free_l2,raw_leaf_projection,83,1.0,1.0,0.0,1.4115016124092123,1.6265060240963856,1.0,0.004318499998589687,0.052030120464935985,3
breast_cancer,diagnostic benchmark,53,3,0.0,free_l2,clbr,83,1.0,1.0,0.0,1.4115016124092123,1.6265060240963856,1.0,0.004171599997789599,0.05026024093722409,3
breast_cancer,diagnostic benchmark,53,3,0.0,free_l2,metric_leaf_projection,83,1.0,1.0,0.0,0.9629099752767167,1.8433734939759037,1.0,0.0040841999971235055,0.04920722888100609,3
breast_cancer,diagnostic benchmark,53,3,0.0,free_l2,metric_clbr,83,1.0,1.0,0.0,0.9629099752767167,1.8433734939759037,1.0,0.00416630000108853,0.05019638555528349,3
breast_cancer,diagnostic benchmark,53,3,0.0,free_l2,exact_leaf,83,1.0,1.0,0.0,0.9629099752767167,1.8433734939759037,1.0,0.012893300000541785,0.15534096386194923,3
breast_cancer,diagnostic benchmark,53,3,0.0,free_l2,exact_leaf_cached,83,1.0,1.0,0.0,0.9629099752767167,1.8433734939759037,1.0,0.008628300000964373,0.10395542169836594,3
breast_cancer,diagnostic benchmark,53,3,0.0,free_l2,native_exact_k_sparse,83,1.0,1.0,0.0,0.9629099752767167,1.8433734939759037,1.0,0.008237999999437307,0.09925301204141333,3
breast_cancer,diagnostic benchmark,53,3,0.0,free_l2,clbr_uncached,83,1.0,1.0,0.0,1.4115016124092123,1.6265060240963856,1.0,0.0046346000035555335,0.05583855425970522,3
breast_cancer,diagnostic benchmark,53,3,0.0,immutable_l2,nn_positive_train,83,1.0,1.0,0.0,7.77715249256192,27.0,0.0,0.004251900001690956,0.05122771086374646,3
breast_cancer,diagnostic benchmark,53,3,0.0,immutable_l2,leaf_centroid,83,1.0,1.0,0.0,6.749713494989364,27.0,0.0,0.0076077999956396525,0.09166024091132112,3
breast_cancer,diagnostic benchmark,53,3,0.0,immutable_l2,raw_leaf_projection,83,1.0,1.0,0.0,1.4115016124092123,1.6265060240963856,1.0,0.004623900005753967,0.05570963862354177,3
breast_cancer,diagnostic benchmark,53,3,0.0,immutable_l2,clbr,83,1.0,1.0,0.0,1.4115016124092123,1.6265060240963856,1.0,0.00415890000294894,0.050107228951192045,3
breast_cancer,diagnostic benchmark,53,3,0.0,immutable_l2,metric_leaf_projection,83,1.0,1.0,0.0,0.9629099752767167,1.8433734939759037,1.0,0.004257200002030004,0.05129156628951812,3
breast_cancer,diagnostic benchmark,53,3,0.0,immutable_l2,metric_clbr,83,1.0,1.0,0.0,0.9629099752767167,1.8433734939759037,1.0,0.004201699998702679,0.05062289155063469,3
breast_cancer,diagnostic benchmark,53,3,0.0,immutable_l2,exact_leaf,83,1.0,1.0,0.0,0.9629099752767167,1.8433734939759037,1.0,0.014044699997612042,0.1692132529832776,3
breast_cancer,diagnostic benchmark,53,3,0.0,immutable_l2,exact_leaf_cached,83,1.0,1.0,0.0,0.9629099752767167,1.8433734939759037,1.0,0.008688899996741384,0.10468554212941426,3
breast_cancer,diagnostic benchmark,53,3,0.0,immutable_l2,native_exact_k_sparse,83,1.0,1.0,0.0,0.9629099752767167,1.8433734939759037,1.0,0.009058600003299944,0.10913975907590294,3
breast_cancer,diagnostic benchmark,53,3,0.0,immutable_l2,clbr_uncached,83,1.0,1.0,0.0,1.4115016124092123,1.6265060240963856,1.0,0.0044127000010121264,0.05316506025315815,3
breast_cancer,diagnostic benchmark,53,3,0.0,immutable_top3_l1,nn_positive_train,83,0.12048192771084337,0.12048192771084337,0.0,1.2022110117397304,3.0,1.0,0.004109400000743335,0.04951084338244982,3
breast_cancer,diagnostic benchmark,53,3,0.0,immutable_top3_l1,leaf_centroid,83,0.0963855421686747,0.0963855421686747,0.0,1.9917870322887634,3.0,1.0,0.006776700005502789,0.0816469880181059,3
breast_cancer,diagnostic benchmark,53,3,0.0,immutable_top3_l1,raw_leaf_projection,83,0.03614457831325301,0.03614457831325301,0.0,0.9905143326381928,1.0,1.0,0.0038653999972666497,0.04657108430441747,3
breast_cancer,diagnostic benchmark,53,3,0.0,immutable_top3_l1,clbr,83,0.12048192771084337,0.03614457831325301,0.08433734939759036,0.7350961292414823,2.4,1.0,0.011158000004797941,0.13443373499756556,3
breast_cancer,diagnostic benchmark,53,3,0.0,immutable_top3_l1,metric_leaf_projection,83,0.13253012048192772,0.13253012048192772,0.0,0.2600699310552267,1.0909090909090908,1.0,0.0038354999996954575,0.04621084336982479,3
breast_cancer,diagnostic benchmark,53,3,0.0,immutable_top3_l1,metric_clbr,83,0.1686746987951807,0.13253012048192772,0.03614457831325301,0.6205389211323721,1.5,1.0,0.009135200002674537,0.11006265063463298,3
breast_cancer,diagnostic benchmark,53,3,0.0,immutable_top3_l1,exact_leaf,83,0.1927710843373494,0.1927710843373494,0.0,0.7510668101888041,1.0625,1.0,0.009443699998882948,0.1137795180588307,3
breast_cancer,diagnostic benchmark,53,3,0.0,immutable_top3_l1,exact_leaf_cached,83,0.1927710843373494,0.1927710843373494,0.0,0.7510668101888041,1.0625,1.0,0.0053587999937008135,0.06456385534579294,3
breast_cancer,diagnostic benchmark,53,3,0.0,immutable_top3_l1,native_exact_k_sparse,83,1.0,1.0,0.0,1.2691233911689994,1.7951807228915662,1.0,0.008303899999191344,0.10004698794206439,3
breast_cancer,diagnostic benchmark,53,3,0.0,immutable_top3_l1,clbr_uncached,83,0.12048192771084337,0.03614457831325301,0.08433734939759036,0.7350961292414823,2.4,1.0,0.012098700002752594,0.14576746991268186,3
breast_cancer,diagnostic benchmark,61,3,0.0,free_l2,nn_positive_train,70,1.0,1.0,0.0,7.214808920441459,29.985714285714284,0.0,0.0036284000034356723,0.051834285763366746,4
breast_cancer,diagnostic benchmark,61,3,0.0,free_l2,leaf_centroid,70,1.0,1.0,0.0,6.180787961739214,30.0,0.0,0.006595200005904189,0.09421714294148842,4
breast_cancer,diagnostic benchmark,61,3,0.0,free_l2,raw_leaf_projection,70,1.0,1.0,0.0,1.1348052528775123,1.6714285714285715,1.0,0.0036188000049151015,0.051697142927358594,4
breast_cancer,diagnostic benchmark,61,3,0.0,free_l2,clbr,70,1.0,1.0,0.0,1.1348052528775123,1.6714285714285715,1.0,0.00337779999790655,0.04825428568437928,4
breast_cancer,diagnostic benchmark,61,3,0.0,free_l2,metric_leaf_projection,70,1.0,1.0,0.0,0.9479045508387238,1.3,1.0,0.0037496000031751464,0.05356571433107352,4
breast_cancer,diagnostic benchmark,61,3,0.0,free_l2,metric_clbr,70,1.0,1.0,0.0,0.9479045508387238,1.3,1.0,0.003444199996010866,0.049202857085869516,4
breast_cancer,diagnostic benchmark,61,3,0.0,free_l2,exact_leaf,70,1.0,1.0,0.0,0.9479045508387238,1.3,1.0,0.013454500002808345,0.19220714289726207,4
breast_cancer,diagnostic benchmark,61,3,0.0,free_l2,exact_leaf_cached,70,1.0,1.0,0.0,0.9479045508387238,1.3,1.0,0.007435099997564976,0.10621571425092823,4
breast_cancer,diagnostic benchmark,61,3,0.0,free_l2,native_exact_k_sparse,70,1.0,1.0,0.0,0.9479045508387238,1.3,1.0,0.007039200001599966,0.10056000002285666,4
breast_cancer,diagnostic benchmark,61,3,0.0,free_l2,clbr_uncached,70,1.0,1.0,0.0,1.1348052528775123,1.6714285714285715,1.0,0.003949399998418812,0.0564199999774116,4
breast_cancer,diagnostic benchmark,61,3,0.0,immutable_l2,nn_positive_train,70,1.0,1.0,0.0,6.903236508015322,26.985714285714284,0.0,0.0032350999981645145,0.046215714259493064,4
breast_cancer,diagnostic benchmark,61,3,0.0,immutable_l2,leaf_centroid,70,1.0,1.0,0.0,5.83435047970731,27.0,0.0,0.006027799999174022,0.08611142855962887,4
breast_cancer,diagnostic benchmark,61,3,0.0,immutable_l2,raw_leaf_projection,70,1.0,1.0,0.0,1.1348052528775123,1.6714285714285715,1.0,0.003245299995796813,0.04636142851138304,4
breast_cancer,diagnostic benchmark,61,3,0.0,immutable_l2,clbr,70,1.0,1.0,0.0,1.1348052528775123,1.6714285714285715,1.0,0.0030871999997543753,0.044102857139348216,4
breast_cancer,diagnostic benchmark,61,3,0.0,immutable_l2,metric_leaf_projection,70,1.0,1.0,0.0,0.9479045508387238,1.3,1.0,0.0030500000020765583,0.04357142860109369,4
breast_cancer,diagnostic benchmark,61,3,0.0,immutable_l2,metric_clbr,70,1.0,1.0,0.0,0.9479045508387238,1.3,1.0,0.0029574000009233714,0.04224857144176245,4
breast_cancer,diagnostic benchmark,61,3,0.0,immutable_l2,exact_leaf,70,1.0,1.0,0.0,0.9479045508387238,1.3,1.0,0.012259699996320705,0.17513857137601008,4
breast_cancer,diagnostic benchmark,61,3,0.0,immutable_l2,exact_leaf_cached,70,1.0,1.0,0.0,0.9479045508387238,1.3,1.0,0.0065220999995290185,0.09317285713612884,4
breast_cancer,diagnostic benchmark,61,3,0.0,immutable_l2,native_exact_k_sparse,70,1.0,1.0,0.0,0.9479045508387238,1.3,1.0,0.006394299997737107,0.09134714282481582,4
breast_cancer,diagnostic benchmark,61,3,0.0,immutable_l2,clbr_uncached,70,1.0,1.0,0.0,1.1348052528775123,1.6714285714285715,1.0,0.0033873999991556047,0.04839142855936578,4
breast_cancer,diagnostic benchmark,61,3,0.0,immutable_top3_l1,nn_positive_train,70,0.07142857142857142,0.07142857142857142,0.0,0.5716861891592242,3.0,1.0,0.003525799997987633,0.05036857139982333,4
breast_cancer,diagnostic benchmark,61,3,0.0,immutable_top3_l1,leaf_centroid,70,0.9142857142857143,0.9142857142857143,0.0,3.8957176289104387,3.0,1.0,0.0063436000018555205,0.09062285716936458,4
breast_cancer,diagnostic benchmark,61,3,0.0,immutable_top3_l1,raw_leaf_projection,70,0.02857142857142857,0.02857142857142857,0.0,0.2553234452751542,1.0,1.0,0.003680700000586512,0.05258142857980731,4
breast_cancer,diagnostic benchmark,61,3,0.0,immutable_top3_l1,clbr,70,0.07142857142857142,0.02857142857142857,0.04285714285714286,0.3191103100869729,2.2,1.0,0.009039999997185078,0.12914285710264398,4
breast_cancer,diagnostic benchmark,61,3,0.0,immutable_top3_l1,metric_leaf_projection,70,0.5428571428571428,0.5428571428571428,0.0,1.0742145500761195,1.0,1.0,0.0032642999995005084,0.04663285713572155,4
breast_cancer,diagnostic benchmark,61,3,0.0,immutable_top3_l1,metric_clbr,70,0.5571428571428572,0.5428571428571428,0.014285714285714285,1.0576402539928729,1.0512820512820513,1.0,0.005661900003360643,0.0808842857622949,4
breast_cancer,diagnostic benchmark,61,3,0.0,immutable_top3_l1,exact_leaf,70,0.9857142857142858,0.9857142857142858,0.0,1.09487318948143,1.0,1.0,0.01260290000027453,0.18004142857535044,4
breast_cancer,diagnostic benchmark,61,3,0.0,immutable_top3_l1,exact_leaf_cached,70,0.9857142857142858,0.9857142857142858,0.0,1.09487318948143,1.0,1.0,0.007036799995148613,0.10052571421640875,4
breast_cancer,diagnostic benchmark,61,3,0.0,immutable_top3_l1,native_exact_k_sparse,70,1.0,1.0,0.0,0.9764561196175986,1.1714285714285715,1.0,0.007795099996656063,0.1113585713808009,4
breast_cancer,diagnostic benchmark,61,3,0.0,immutable_top3_l1,clbr_uncached,70,0.07142857142857142,0.02857142857142857,0.04285714285714286,0.3191103100869729,2.2,1.0,0.009571000003234076,0.13672857147477252,4
breast_cancer,diagnostic benchmark,73,3,0.0,free_l2,nn_positive_train,83,1.0,1.0,0.0,7.2073845378866075,30.0,0.0,0.0038890000023457105,0.04685542171500856,3
breast_cancer,diagnostic benchmark,73,3,0.0,free_l2,leaf_centroid,83,1.0,1.0,0.0,6.25973692437388,30.0,0.0,0.005972099998871272,0.07195301203459364,3
breast_cancer,diagnostic benchmark,73,3,0.0,free_l2,raw_leaf_projection,83,1.0,1.0,0.0,1.346986599912617,1.7108433734939759,1.0,0.003659099998913007,0.044085542155578396,3
breast_cancer,diagnostic benchmark,73,3,0.0,free_l2,clbr,83,1.0,1.0,0.0,1.346986599912617,1.7108433734939759,1.0,0.0034488999990571756,0.04155301203683344,3
breast_cancer,diagnostic benchmark,73,3,0.0,free_l2,metric_leaf_projection,83,1.0,1.0,0.0,1.0146922885566902,1.0963855421686748,1.0,0.0037328000043999054,0.044973494028914526,3
breast_cancer,diagnostic benchmark,73,3,0.0,free_l2,metric_clbr,83,1.0,1.0,0.0,1.0146922885566902,1.0963855421686748,1.0,0.0034670999993977603,0.0417722891493706,3
breast_cancer,diagnostic benchmark,73,3,0.0,free_l2,exact_leaf,83,1.0,1.0,0.0,1.0146922885566902,1.0963855421686748,1.0,0.01083680000010645,0.13056385542296928,3
breast_cancer,diagnostic benchmark,73,3,0.0,free_l2,exact_leaf_cached,83,1.0,1.0,0.0,1.0146922885566902,1.0963855421686748,1.0,0.0072981000048457645,0.08792891572103331,3
breast_cancer,diagnostic benchmark,73,3,0.0,free_l2,native_exact_k_sparse,83,1.0,1.0,0.0,1.0146922885566902,1.0963855421686748,1.0,0.007047700000839541,0.08491204820288603,3
breast_cancer,diagnostic benchmark,73,3,0.0,free_l2,clbr_uncached,83,1.0,1.0,0.0,1.346986599912617,1.7108433734939759,1.0,0.004263400000127149,0.05136626506177288,3
breast_cancer,diagnostic benchmark,73,3,0.0,immutable_l2,nn_positive_train,83,1.0,1.0,0.0,6.885208647900979,27.0,0.0,0.005389300000388175,0.06493132530588162,3
breast_cancer,diagnostic benchmark,73,3,0.0,immutable_l2,leaf_centroid,83,1.0,1.0,0.0,5.9750772767617155,27.0,0.0,0.0077755000011165976,0.09368072290501925,3
breast_cancer,diagnostic benchmark,73,3,0.0,immutable_l2,raw_leaf_projection,83,1.0,1.0,0.0,1.346986599912617,1.7108433734939759,1.0,0.0049065000011978555,0.05911445784575729,3
breast_cancer,diagnostic benchmark,73,3,0.0,immutable_l2,clbr,83,1.0,1.0,0.0,1.346986599912617,1.7108433734939759,1.0,0.004667700001846242,0.05623734941983424,3
breast_cancer,diagnostic benchmark,73,3,0.0,immutable_l2,metric_leaf_projection,83,1.0,1.0,0.0,1.0146922885566902,1.0963855421686748,1.0,0.004593900003783347,0.05534819281666683,3
breast_cancer,diagnostic benchmark,73,3,0.0,immutable_l2,metric_clbr,83,1.0,1.0,0.0,1.0146922885566902,1.0963855421686748,1.0,0.004625999998097541,0.05573493973611495,3
breast_cancer,diagnostic benchmark,73,3,0.0,immutable_l2,exact_leaf,83,1.0,1.0,0.0,1.0146922885566902,1.0963855421686748,1.0,0.01588539999738714,0.19139036141430288,3
breast_cancer,diagnostic benchmark,73,3,0.0,immutable_l2,exact_leaf_cached,83,1.0,1.0,0.0,1.0146922885566902,1.0963855421686748,1.0,0.00932450000073004,0.11234337350277157,3
breast_cancer,diagnostic benchmark,73,3,0.0,immutable_l2,native_exact_k_sparse,83,1.0,1.0,0.0,1.0146922885566902,1.0963855421686748,1.0,0.009661300003244833,0.11640120485837148,3
breast_cancer,diagnostic benchmark,73,3,0.0,immutable_l2,clbr_uncached,83,1.0,1.0,0.0,1.346986599912617,1.7108433734939759,1.0,0.004721499998595391,0.0568855421517517,3
breast_cancer,diagnostic benchmark,73,3,0.0,immutable_top3_l1,nn_positive_train,83,0.07228915662650602,0.07228915662650602,0.0,0.5583668656429814,3.0,1.0,0.004080999998222978,0.04916867467738528,3
breast_cancer,diagnostic benchmark,73,3,0.0,immutable_top3_l1,leaf_centroid,83,0.0,0.0,0.0,inf,nan,nan,0.006790699998418859,0.08181566263155252,3
breast_cancer,diagnostic benchmark,73,3,0.0,immutable_top3_l1,raw_leaf_projection,83,0.0,0.0,0.0,inf,nan,nan,0.003859999997075647,0.046506024061152375,3
breast_cancer,diagnostic benchmark,73,3,0.0,immutable_top3_l1,clbr,83,0.07228915662650602,0.0,0.07228915662650602,0.44169543201566186,3.0,1.0,0.01100970000061352,0.13264698795919905,3
breast_cancer,diagnostic benchmark,73,3,0.0,immutable_top3_l1,metric_leaf_projection,83,0.21686746987951808,0.21686746987951808,0.0,1.0104140515930817,1.0,1.0,0.003866200004267739,0.046580722942984806,3
breast_cancer,diagnostic benchmark,73,3,0.0,immutable_top3_l1,metric_clbr,83,0.24096385542168675,0.21686746987951808,0.024096385542168676,0.9734525305776701,1.2,1.0,0.00857739999810292,0.1033421686518424,3
breast_cancer,diagnostic benchmark,73,3,0.0,immutable_top3_l1,exact_leaf,83,0.26506024096385544,0.26506024096385544,0.0,0.9149258547427469,1.0,1.0,0.009574400003657502,0.11535421691153616,3
breast_cancer,diagnostic benchmark,73,3,0.0,immutable_top3_l1,exact_leaf_cached,83,0.26506024096385544,0.26506024096385544,0.0,0.9149258547427469,1.0,1.0,0.005539900002077047,0.06674578315755479,3
breast_cancer,diagnostic benchmark,73,3,0.0,immutable_top3_l1,native_exact_k_sparse,83,1.0,1.0,0.0,1.024031370500212,1.0240963855421688,1.0,0.008689399999639136,0.10469156626071248,3
breast_cancer,diagnostic benchmark,73,3,0.0,immutable_top3_l1,clbr_uncached,83,0.07228915662650602,0.0,0.07228915662650602,0.44169543201566186,3.0,1.0,0.011724699998012511,0.1412614457591869,3
breast_cancer,diagnostic benchmark,89,3,0.0,free_l2,nn_positive_train,70,1.0,1.0,0.0,7.189001966807852,29.985714285714284,0.0,0.0034452000008968753,0.04921714286995536,3
breast_cancer,diagnostic benchmark,89,3,0.0,free_l2,leaf_centroid,70,1.0,1.0,0.0,7.177804828192497,30.0,0.0,0.005916799996157351,0.08452571423081931,3
breast_cancer,diagnostic benchmark,89,3,0.0,free_l2,raw_leaf_projection,70,1.0,1.0,0.0,1.6807285857515508,1.1857142857142857,1.0,0.0034913000044980436,0.04987571434997205,3
breast_cancer,diagnostic benchmark,89,3,0.0,free_l2,clbr,70,1.0,1.0,0.0,1.6807285857515508,1.1857142857142857,1.0,0.003526899999087618,0.05038428570125169,3
breast_cancer,diagnostic benchmark,89,3,0.0,free_l2,metric_leaf_projection,70,1.0,1.0,0.0,1.0094621720613834,1.3428571428571427,1.0,0.0036372999975355924,0.05196142853622275,3
breast_cancer,diagnostic benchmark,89,3,0.0,free_l2,metric_clbr,70,1.0,1.0,0.0,1.0094621720613834,1.3428571428571427,1.0,0.003295299999990675,0.04707571428558107,3
breast_cancer,diagnostic benchmark,89,3,0.0,free_l2,exact_leaf,70,1.0,1.0,0.0,1.0094621720613834,1.3428571428571427,1.0,0.010587900005702977,0.15125571436718538,3
breast_cancer,diagnostic benchmark,89,3,0.0,free_l2,exact_leaf_cached,70,1.0,1.0,0.0,1.0094621720613834,1.3428571428571427,1.0,0.007160199997997552,0.10228857139996503,3
breast_cancer,diagnostic benchmark,89,3,0.0,free_l2,native_exact_k_sparse,70,1.0,1.0,0.0,1.0094621720613834,1.3428571428571427,1.0,0.007785000007061171,0.11121428581515959,3
breast_cancer,diagnostic benchmark,89,3,0.0,free_l2,clbr_uncached,70,1.0,1.0,0.0,1.6807285857515508,1.1857142857142857,1.0,0.0037177000049268827,0.053110000070384036,3
breast_cancer,diagnostic benchmark,89,3,0.0,immutable_l2,nn_positive_train,70,1.0,1.0,0.0,6.8830865373437895,26.985714285714284,0.0,0.00368110000181332,0.05258714288304743,3
breast_cancer,diagnostic benchmark,89,3,0.0,immutable_l2,leaf_centroid,70,1.0,1.0,0.0,6.838812540463475,27.0,0.0,0.007192699999905017,0.10275285714150025,3
breast_cancer,diagnostic benchmark,89,3,0.0,immutable_l2,raw_leaf_projection,70,1.0,1.0,0.0,1.6807285857515508,1.1857142857142857,1.0,0.003860200004055514,0.0551457143436502,3
breast_cancer,diagnostic benchmark,89,3,0.0,immutable_l2,clbr,70,1.0,1.0,0.0,1.6807285857515508,1.1857142857142857,1.0,0.0035867999986294308,0.05123999998042044,3
breast_cancer,diagnostic benchmark,89,3,0.0,immutable_l2,metric_leaf_projection,70,1.0,1.0,0.0,1.0094621720613834,1.3428571428571427,1.0,0.0035243000011178083,0.050347142873111546,3
breast_cancer,diagnostic benchmark,89,3,0.0,immutable_l2,metric_clbr,70,1.0,1.0,0.0,1.0094621720613834,1.3428571428571427,1.0,0.0036147000009805197,0.05163857144257885,3
breast_cancer,diagnostic benchmark,89,3,0.0,immutable_l2,exact_leaf,70,1.0,1.0,0.0,1.0094621720613834,1.3428571428571427,1.0,0.01125689999480528,0.16081285706864687,3
breast_cancer,diagnostic benchmark,89,3,0.0,immutable_l2,exact_leaf_cached,70,1.0,1.0,0.0,1.0094621720613834,1.3428571428571427,1.0,0.007276200001797406,0.10394571431139152,3
breast_cancer,diagnostic benchmark,89,3,0.0,immutable_l2,native_exact_k_sparse,70,1.0,1.0,0.0,1.0094621720613834,1.3428571428571427,1.0,0.007103499997356266,0.10147857139080381,3
breast_cancer,diagnostic benchmark,89,3,0.0,immutable_l2,clbr_uncached,70,1.0,1.0,0.0,1.6807285857515508,1.1857142857142857,1.0,0.003871499998240324,0.05530714283200463,3
breast_cancer,diagnostic benchmark,89,3,0.0,immutable_top3_l1,nn_positive_train,70,0.18571428571428572,0.18571428571428572,0.0,1.9377474007575612,3.0,1.0,0.003627500002949091,0.05182142861355844,3
breast_cancer,diagnostic benchmark,89,3,0.0,immutable_top3_l1,leaf_centroid,70,0.18571428571428572,0.18571428571428572,0.0,2.4380241915304848,3.0,1.0,0.005917699999372417,0.08453857141960595,3
breast_cancer,diagnostic benchmark,89,3,0.0,immutable_top3_l1,raw_leaf_projection,70,0.5142857142857142,0.5142857142857142,0.0,2.5148168587190187,1.0,1.0,0.003323900003124436,0.04748428575892051,3
breast_cancer,diagnostic benchmark,89,3,0.0,immutable_top3_l1,clbr,70,0.7,0.5142857142857142,0.18571428571428572,2.3391452373674095,1.530612244897959,1.0,0.009767499998815765,0.13953571426879666,3
breast_cancer,diagnostic benchmark,89,3,0.0,immutable_top3_l1,metric_leaf_projection,70,0.5428571428571428,0.5428571428571428,0.0,1.143055841597948,1.0,1.0,0.003201100001206214,0.04573000001723163,3
breast_cancer,diagnostic benchmark,89,3,0.0,immutable_top3_l1,metric_clbr,70,0.5428571428571428,0.5428571428571428,0.0,1.143055841597948,1.0,1.0,0.0061240999993970036,0.08748714284852863,3
breast_cancer,diagnostic benchmark,89,3,0.0,immutable_top3_l1,exact_leaf,70,0.7857142857142857,0.7857142857142857,0.0,1.772998845050093,1.0,1.0,0.010174200001529243,0.14534571430756063,3
breast_cancer,diagnostic benchmark,89,3,0.0,immutable_top3_l1,exact_leaf_cached,70,0.7857142857142857,0.7857142857142857,0.0,1.772998845050093,1.0,1.0,0.006911999998919782,0.09874285712742546,3
breast_cancer,diagnostic benchmark,89,3,0.0,immutable_top3_l1,native_exact_k_sparse,70,1.0,1.0,0.0,1.1345541229028842,1.2285714285714286,1.0,0.007646300003216311,0.10923285718880445,3
breast_cancer,diagnostic benchmark,89,3,0.0,immutable_top3_l1,clbr_uncached,70,0.7,0.5142857142857142,0.18571428571428572,2.3391452373674095,1.530612244897959,1.0,0.010189600004196109,0.1455657143456587,3
wine_binary,product recognition,7,3,0.0,free_l2,nn_positive_train,21,1.0,1.0,0.0,6.907851947744624,12.904761904761905,0.0,0.0011417999985496863,0.054371428502366016,3
wine_binary,product recognition,7,3,0.0,free_l2,leaf_centroid,21,1.0,1.0,0.0,5.722047805713105,13.0,0.0,0.0017709000030663447,0.08432857157458784,3
wine_binary,product recognition,7,3,0.0,free_l2,raw_leaf_projection,21,1.0,1.0,0.0,1.3028600692352097,1.9047619047619047,1.0,0.0019616000035966863,0.09340952398079458,3
wine_binary,product recognition,7,3,0.0,free_l2,clbr,21,1.0,1.0,0.0,1.3028600692352097,1.9047619047619047,1.0,0.0011528999975780607,0.05489999988466956,3
wine_binary,product recognition,7,3,0.0,free_l2,metric_leaf_projection,21,1.0,1.0,0.0,1.0128851526943157,1.380952380952381,1.0,0.0010564000012891483,0.05030476196614992,3
wine_binary,product recognition,7,3,0.0,free_l2,metric_clbr,21,1.0,1.0,0.0,1.0128851526943157,1.380952380952381,1.0,0.0010816000012709992,0.051504761965285674,3
wine_binary,product recognition,7,3,0.0,free_l2,exact_leaf,21,1.0,1.0,0.0,1.0128851526943157,1.380952380952381,1.0,0.0034738000003926572,0.1654190476377456,3
wine_binary,product recognition,7,3,0.0,free_l2,exact_leaf_cached,21,1.0,1.0,0.0,1.0128851526943157,1.380952380952381,1.0,0.0023535999998784973,0.11207619047040464,3
wine_binary,product recognition,7,3,0.0,free_l2,native_exact_k_sparse,21,1.0,1.0,0.0,1.0128851526943157,1.380952380952381,1.0,0.002117100002578809,0.10081428583708614,3
wine_binary,product recognition,7,3,0.0,free_l2,clbr_uncached,21,1.0,1.0,0.0,1.3028600692352097,1.9047619047619047,1.0,0.0012028999990434386,0.057280952335401834,3
wine_binary,product recognition,7,3,0.0,immutable_l2,nn_positive_train,21,0.09523809523809523,0.09523809523809523,0.0,5.8392334233572,12.0,0.0,0.0012346000012257718,0.05879047624884628,3
wine_binary,product recognition,7,3,0.0,immutable_l2,leaf_centroid,21,0.09523809523809523,0.09523809523809523,0.0,5.494041070885809,12.0,0.0,0.0019408999987717834,0.09242380946532303,3
wine_binary,product recognition,7,3,0.0,immutable_l2,raw_leaf_projection,21,0.09523809523809523,0.09523809523809523,0.0,0.9460345117684656,1.0,1.0,0.0012442999986888026,0.05925238088994298,3
wine_binary,product recognition,7,3,0.0,immutable_l2,clbr,21,0.09523809523809523,0.09523809523809523,0.0,0.9460345117684656,1.0,1.0,0.0022848999997222563,0.10880476189153601,3
wine_binary,product recognition,7,3,0.0,immutable_l2,metric_leaf_projection,21,0.0,0.0,0.0,inf,nan,nan,0.0009920000002239249,0.04723809524875833,3
wine_binary,product recognition,7,3,0.0,immutable_l2,metric_clbr,21,0.09523809523809523,0.0,0.09523809523809523,2.534163834413336,12.0,0.0,0.003380599999218248,0.16098095234372609,3
wine_binary,product recognition,7,3,0.0,immutable_l2,exact_leaf,21,0.09523809523809523,0.09523809523809523,0.0,0.9460345117684656,1.0,1.0,0.0026986999982909765,0.12850952372814173,3
wine_binary,product recognition,7,3,0.0,immutable_l2,exact_leaf_cached,21,0.09523809523809523,0.09523809523809523,0.0,0.9460345117684656,1.0,1.0,0.0017314000006081187,0.08244761907657708,3
wine_binary,product recognition,7,3,0.0,immutable_l2,native_exact_k_sparse,21,0.09523809523809523,0.09523809523809523,0.0,0.9460345117684656,1.0,1.0,0.0013880000024073524,0.06609523820987392,3
wine_binary,product recognition,7,3,0.0,immutable_l2,clbr_uncached,21,0.09523809523809523,0.09523809523809523,0.0,0.9460345117684656,1.0,1.0,0.002625899999657122,0.12504285712652963,3
wine_binary,product recognition,7,3,0.0,immutable_top3_l1,nn_positive_train,21,0.0,0.0,0.0,inf,nan,nan,0.0009034000022438704,0.04301904772589859,3
wine_binary,product recognition,7,3,0.0,immutable_top3_l1,leaf_centroid,21,0.0,0.0,0.0,inf,nan,nan,0.0016026000002966612,0.07631428572841244,3
wine_binary,product recognition,7,3,0.0,immutable_top3_l1,raw_leaf_projection,21,0.0,0.0,0.0,inf,nan,nan,0.0009485999971730052,0.045171428436809775,3
wine_binary,product recognition,7,3,0.0,immutable_top3_l1,clbr,21,0.0,0.0,0.0,inf,nan,nan,0.002181600000767503,0.10388571432226204,3
wine_binary,product recognition,7,3,0.0,immutable_top3_l1,metric_leaf_projection,21,0.0,0.0,0.0,inf,nan,nan,0.0011520999996719183,0.054861904746281824,3
wine_binary,product recognition,7,3,0.0,immutable_top3_l1,metric_clbr,21,0.0,0.0,0.0,inf,nan,nan,0.002268700000058743,0.10803333333613063,3
wine_binary,product recognition,7,3,0.0,immutable_top3_l1,exact_leaf,21,0.0,0.0,0.0,inf,nan,nan,0.0024121999986164155,0.1148666666007817,3
wine_binary,product recognition,7,3,0.0,immutable_top3_l1,exact_leaf_cached,21,0.0,0.0,0.0,inf,nan,nan,0.0013844999994034879,0.06592857140016609,3
wine_binary,product recognition,7,3,0.0,immutable_top3_l1,native_exact_k_sparse,21,0.09523809523809523,0.09523809523809523,0.0,0.9460345117684656,1.0,1.0,0.001404999999977008,0.06690476190366705,3
wine_binary,product recognition,7,3,0.0,immutable_top3_l1,clbr_uncached,21,0.0,0.0,0.0,inf,nan,nan,0.0025748999978532083,0.12261428561205753,3
wine_binary,product recognition,13,3,0.0,free_l2,nn_positive_train,22,1.0,1.0,0.0,4.377757880814875,12.818181818181818,0.0,0.0011317999978928128,0.05144545444967331,3
wine_binary,product recognition,13,3,0.0,free_l2,leaf_centroid,22,1.0,1.0,0.0,4.869581111399927,12.954545454545455,0.0,0.001813100000617851,0.0824136363917205,3
wine_binary,product recognition,13,3,0.0,free_l2,raw_leaf_projection,22,1.0,1.0,0.0,0.8698686399801784,1.0,1.0,0.0012118000004193163,0.05508181820087801,3
wine_binary,product recognition,13,3,0.0,free_l2,clbr,22,1.0,1.0,0.0,0.8698686399801784,1.0,1.0,0.0010955000016110716,0.04979545461868507,3
wine_binary,product recognition,13,3,0.0,free_l2,metric_leaf_projection,22,1.0,1.0,0.0,0.7248164702488751,1.0,1.0,0.0010841000002983492,0.04927727274083405,3
wine_binary,product recognition,13,3,0.0,free_l2,metric_clbr,22,1.0,1.0,0.0,0.7248164702488751,1.0,1.0,0.001104299999497016,0.05019545452259164,3
wine_binary,product recognition,13,3,0.0,free_l2,exact_leaf,22,1.0,1.0,0.0,0.7248164702488751,1.0,1.0,0.0037242999978843727,0.16928636354019877,3
wine_binary,product recognition,13,3,0.0,free_l2,exact_leaf_cached,22,1.0,1.0,0.0,0.7248164702488751,1.0,1.0,0.002407500001027074,0.10943181822850337,3
wine_binary,product recognition,13,3,0.0,free_l2,native_exact_k_sparse,22,1.0,1.0,0.0,0.7248164702488751,1.0,1.0,0.002230700000836805,0.10139545458349114,3
wine_binary,product recognition,13,3,0.0,free_l2,clbr_uncached,22,1.0,1.0,0.0,0.8698686399801784,1.0,1.0,0.0014627999989897944,0.06649090904499065,3
wine_binary,product recognition,13,3,0.0,immutable_l2,nn_positive_train,22,1.0,1.0,0.0,4.28482826605099,11.818181818181818,0.0,0.0011439999980211724,0.05199999991005329,3
wine_binary,product recognition,13,3,0.0,immutable_l2,leaf_centroid,22,1.0,1.0,0.0,4.769469863403269,11.954545454545455,0.0,0.0018819999995685066,0.08554545452584121,3
wine_binary,product recognition,13,3,0.0,immutable_l2,raw_leaf_projection,22,1.0,1.0,0.0,0.8698686399801784,1.0,1.0,0.0012090999998690677,0.05495909090313944,3
wine_binary,product recognition,13,3,0.0,immutable_l2,clbr,22,1.0,1.0,0.0,0.8698686399801784,1.0,1.0,0.001210099998388614,0.05500454538130064,3
wine_binary,product recognition,13,3,0.0,immutable_l2,metric_leaf_projection,22,0.5454545454545454,0.5454545454545454,0.0,0.7256666613691078,1.0,1.0,0.0011292999988654628,0.05133181813024831,3
wine_binary,product recognition,13,3,0.0,immutable_l2,metric_clbr,22,1.0,0.5454545454545454,0.45454545454545453,2.027727423417244,5.909090909090909,0.5454545454545454,0.005271700000776036,0.23962272730800163,3
wine_binary,product recognition,13,3,0.0,immutable_l2,exact_leaf,22,1.0,1.0,0.0,0.8698686399801784,1.0,1.0,0.0033659999990049982,0.15299999995477265,3
wine_binary,product recognition,13,3,0.0,immutable_l2,exact_leaf_cached,22,1.0,1.0,0.0,0.8698686399801784,1.0,1.0,0.002367499999309075,0.10761363633223069,3
wine_binary,product recognition,13,3,0.0,immutable_l2,native_exact_k_sparse,22,1.0,1.0,0.0,0.8698686399801784,1.0,1.0,0.002297799996995309,0.10444545440887767,3
wine_binary,product recognition,13,3,0.0,immutable_l2,clbr_uncached,22,1.0,1.0,0.0,0.8698686399801784,1.0,1.0,0.0012138000010963879,0.055172727322563085,3
wine_binary,product recognition,13,3,0.0,immutable_top3_l1,nn_positive_train,22,0.0,0.0,0.0,inf,nan,nan,0.0010533000013310811,0.04787727278777642,3
wine_binary,product recognition,13,3,0.0,immutable_top3_l1,leaf_centroid,22,0.0,0.0,0.0,inf,nan,nan,0.0017319999988103518,0.0787272726731978,3
wine_binary,product recognition,13,3,0.0,immutable_top3_l1,raw_leaf_projection,22,0.0,0.0,0.0,inf,nan,nan,0.0010987000005115988,0.04994090911416358,3
wine_binary,product recognition,13,3,0.0,immutable_top3_l1,clbr,22,0.0,0.0,0.0,inf,nan,nan,0.0026494000030652387,0.12042727286660176,3
wine_binary,product recognition,13,3,0.0,immutable_top3_l1,metric_leaf_projection,22,0.0,0.0,0.0,inf,nan,nan,0.0010813999997481005,0.04915454544309548,3
wine_binary,product recognition,13,3,0.0,immutable_top3_l1,metric_clbr,22,0.0,0.0,0.0,inf,nan,nan,0.002590799999779847,0.11776363635362941,3
wine_binary,product recognition,13,3,0.0,immutable_top3_l1,exact_leaf,22,0.0,0.0,0.0,inf,nan,nan,0.0025142999993477133,0.11428636360671424,3
wine_binary,product recognition,13,3,0.0,immutable_top3_l1,exact_leaf_cached,22,0.0,0.0,0.0,inf,nan,nan,0.0011965999992753495,0.054390909057970435,3
wine_binary,product recognition,13,3,0.0,immutable_top3_l1,native_exact_k_sparse,22,1.0,1.0,0.0,0.8698686399801784,1.0,1.0,0.0022835000017948914,0.10379545462704053,3
wine_binary,product recognition,13,3,0.0,immutable_top3_l1,clbr_uncached,22,0.0,0.0,0.0,inf,nan,nan,0.00281970000196452,0.1281681819074782,3
wine_binary,product recognition,19,3,0.0,free_l2,nn_positive_train,22,1.0,1.0,0.0,3.5164302127495515,12.818181818181818,0.0,0.0010764000016934006,0.04892727280424548,4
wine_binary,product recognition,19,3,0.0,free_l2,leaf_centroid,22,1.0,1.0,0.0,3.801972405074861,12.954545454545455,0.0,0.001962800000910647,0.08921818185957488,4
wine_binary,product recognition,19,3,0.0,free_l2,raw_leaf_projection,22,1.0,1.0,0.0,1.0570903802514908,1.0,1.0,0.0011421999988669995,0.051918181766681795,4
wine_binary,product recognition,19,3,0.0,free_l2,clbr,22,1.0,1.0,0.0,1.0570903802514908,1.0,1.0,0.001128999999309599,0.05131818178679995,4
wine_binary,product recognition,19,3,0.0,free_l2,metric_leaf_projection,22,1.0,1.0,0.0,0.8270896706142626,1.0,1.0,0.0011299000025246642,0.05135909102384837,4
wine_binary,product recognition,19,3,0.0,free_l2,metric_clbr,22,1.0,1.0,0.0,0.8270896706142626,1.0,1.0,0.0011224000018046354,0.0510181819002107,4
wine_binary,product recognition,19,3,0.0,free_l2,exact_leaf,22,1.0,1.0,0.0,0.8270896706142626,1.0,1.0,0.004531599998699676,0.20598181812271255,4
wine_binary,product recognition,19,3,0.0,free_l2,exact_leaf_cached,22,1.0,1.0,0.0,0.8270896706142626,1.0,1.0,0.0022790000002714805,0.10359090910324911,4
wine_binary,product recognition,19,3,0.0,free_l2,native_exact_k_sparse,22,1.0,1.0,0.0,0.8270896706142626,1.0,1.0,0.0023032000008242903,0.10469090912837684,4
wine_binary,product recognition,19,3,0.0,free_l2,clbr_uncached,22,1.0,1.0,0.0,1.0570903802514908,1.0,1.0,0.0012806999975509825,0.05821363625231739,4
wine_binary,product recognition,19,3,0.0,immutable_l2,nn_positive_train,22,0.9545454545454546,0.9545454545454546,0.0,3.3054958228230684,11.857142857142858,0.0,0.0011315000019749277,0.051431818271587625,4
wine_binary,product recognition,19,3,0.0,immutable_l2,leaf_centroid,22,0.9545454545454546,0.9545454545454546,0.0,3.5690497964266408,11.952380952380953,0.0,0.002049300000180665,0.09315000000821204,4
wine_binary,product recognition,19,3,0.0,immutable_l2,raw_leaf_projection,22,1.0,1.0,0.0,1.0570903802514908,1.0,1.0,0.0012004000000160886,0.05456363636436767,4
wine_binary,product recognition,19,3,0.0,immutable_l2,clbr,22,1.0,1.0,0.0,1.0570903802514908,1.0,1.0,0.0011339000002408284,0.05154090910185583,4
wine_binary,product recognition,19,3,0.0,immutable_l2,metric_leaf_projection,22,0.6818181818181818,0.6818181818181818,0.0,0.9418035158757011,1.0,1.0,0.0013097000019115512,0.059531818268706876,4
wine_binary,product recognition,19,3,0.0,immutable_l2,metric_clbr,22,0.9545454545454546,0.6818181818181818,0.2727272727272727,1.5243272659350529,4.095238095238095,0.7142857142857143,0.0037533000013354467,0.1706045455152476,4
wine_binary,product recognition,19,3,0.0,immutable_l2,exact_leaf,22,1.0,1.0,0.0,1.0570903802514908,1.0,1.0,0.0042649000006349524,0.1938590909379524,4
wine_binary,product recognition,19,3,0.0,immutable_l2,exact_leaf_cached,22,1.0,1.0,0.0,1.0570903802514908,1.0,1.0,0.0023430999999618507,0.10650454545281139,4
wine_binary,product recognition,19,3,0.0,immutable_l2,native_exact_k_sparse,22,1.0,1.0,0.0,1.0570903802514908,1.0,1.0,0.002275700000609504,0.10344090911861382,4
wine_binary,product recognition,19,3,0.0,immutable_l2,clbr_uncached,22,1.0,1.0,0.0,1.0570903802514908,1.0,1.0,0.0012707000023510773,0.05775909101595806,4
wine_binary,product recognition,19,3,0.0,immutable_top3_l1,nn_positive_train,22,0.36363636363636365,0.36363636363636365,0.0,2.8707050559239238,3.0,1.0,0.001152099997852929,0.05236818172058768,4
wine_binary,product recognition,19,3,0.0,immutable_top3_l1,leaf_centroid,22,0.36363636363636365,0.36363636363636365,0.0,3.7257915329231777,3.0,1.0,0.002006400000936992,0.09120000004259055,4
wine_binary,product recognition,19,3,0.0,immutable_top3_l1,raw_leaf_projection,22,0.36363636363636365,0.36363636363636365,0.0,1.0775388884598673,1.0,1.0,0.0011921999994228827,0.05419090906467649,4
wine_binary,product recognition,19,3,0.0,immutable_top3_l1,clbr,22,0.36363636363636365,0.36363636363636365,0.0,1.0775388884598673,1.0,1.0,0.0021123999968040152,0.09601818167290978,4
wine_binary,product recognition,19,3,0.0,immutable_top3_l1,metric_leaf_projection,22,0.2727272727272727,0.2727272727272727,0.0,1.0134360040115757,1.0,1.0,0.0013649999991685036,0.062045454507659255,4
wine_binary,product recognition,19,3,0.0,immutable_top3_l1,metric_clbr,22,0.36363636363636365,0.2727272727272727,0.09090909090909091,1.3083636917421917,1.5,1.0,0.003276900000855676,0.14895000003889436,4
wine_binary,product recognition,19,3,0.0,immutable_top3_l1,exact_leaf,22,0.36363636363636365,0.36363636363636365,0.0,1.0775388884598673,1.0,1.0,0.004272700000910845,0.19421363640503841,4
wine_binary,product recognition,19,3,0.0,immutable_top3_l1,exact_leaf_cached,22,0.36363636363636365,0.36363636363636365,0.0,1.0775388884598673,1.0,1.0,0.0017183000009026728,0.07810454549557604,4
wine_binary,product recognition,19,3,0.0,immutable_top3_l1,native_exact_k_sparse,22,1.0,1.0,0.0,1.0570903802514908,1.0,1.0,0.002415700002529775,0.10980454556953521,4
wine_binary,product recognition,19,3,0.0,immutable_top3_l1,clbr_uncached,22,0.36363636363636365,0.36363636363636365,0.0,1.0775388884598673,1.0,1.0,0.002438199999232893,0.11082727269240422,4
wine_binary,product recognition,29,3,0.0,free_l2,nn_positive_train,17,1.0,1.0,0.0,4.189816778959186,12.882352941176471,0.0,0.0007046000009722775,0.041447058880722205,2
wine_binary,product recognition,29,3,0.0,free_l2,leaf_centroid,17,1.0,1.0,0.0,4.220096541126823,13.0,0.0,0.0010521000021981308,0.06188823542341946,2
wine_binary,product recognition,29,3,0.0,free_l2,raw_leaf_projection,17,1.0,1.0,0.0,0.9109691715891167,1.0,1.0,0.0007311999997909879,0.04301176469358753,2
wine_binary,product recognition,29,3,0.0,free_l2,clbr,17,1.0,1.0,0.0,0.9109691715891167,1.0,1.0,0.0006812999981775647,0.040076470481033216,2
wine_binary,product recognition,29,3,0.0,free_l2,metric_leaf_projection,17,1.0,1.0,0.0,0.9109691715891167,1.0,1.0,0.0006881000008434057,0.04047647063784739,2
wine_binary,product recognition,29,3,0.0,free_l2,metric_clbr,17,1.0,1.0,0.0,0.9109691715891167,1.0,1.0,0.0006798999993407051,0.03999411760827677,2
wine_binary,product recognition,29,3,0.0,free_l2,exact_leaf,17,1.0,1.0,0.0,0.9109691715891167,1.0,1.0,0.0016052000009949552,0.09442352947029148,2
wine_binary,product recognition,29,3,0.0,free_l2,exact_leaf_cached,17,1.0,1.0,0.0,0.9109691715891167,1.0,1.0,0.0015660999988540425,0.09212352934435544,2
wine_binary,product recognition,29,3,0.0,free_l2,native_exact_k_sparse,17,1.0,1.0,0.0,0.9109691715891167,1.0,1.0,0.0013852999991286197,0.08148823524285997,2
wine_binary,product recognition,29,3,0.0,free_l2,clbr_uncached,17,1.0,1.0,0.0,0.9109691715891167,1.0,1.0,0.0006955999997444451,0.04091764704379089,2
wine_binary,product recognition,29,3,0.0,immutable_l2,nn_positive_train,17,0.058823529411764705,0.058823529411764705,0.0,4.668801538434087,12.0,0.0,0.0006192999971972313,0.03642941159983713,2
wine_binary,product recognition,29,3,0.0,immutable_l2,leaf_centroid,17,0.058823529411764705,0.058823529411764705,0.0,5.719496615674038,12.0,0.0,0.0009132000004683505,0.053717647086373554,2
wine_binary,product recognition,29,3,0.0,immutable_l2,raw_leaf_projection,17,0.058823529411764705,0.058823529411764705,0.0,0.17062208192446077,1.0,1.0,0.0006590999983018264,0.03877058813540155,2
wine_binary,product recognition,29,3,0.0,immutable_l2,clbr,17,0.058823529411764705,0.058823529411764705,0.0,0.17062208192446077,1.0,1.0,0.00145899999915855,0.08582352936226766,2
wine_binary,product recognition,29,3,0.0,immutable_l2,metric_leaf_projection,17,0.058823529411764705,0.058823529411764705,0.0,0.17062208192446077,1.0,1.0,0.0007522999994762358,0.04425294114566093,2
wine_binary,product recognition,29,3,0.0,immutable_l2,metric_clbr,17,0.058823529411764705,0.058823529411764705,0.0,0.17062208192446077,1.0,1.0,0.0015619999994669342,0.09188235290981966,2
wine_binary,product recognition,29,3,0.0,immutable_l2,exact_leaf,17,0.058823529411764705,0.058823529411764705,0.0,0.17062208192446077,1.0,1.0,0.001016799998069473,0.059811764592321945,2
wine_binary,product recognition,29,3,0.0,immutable_l2,exact_leaf_cached,17,0.058823529411764705,0.058823529411764705,0.0,0.17062208192446077,1.0,1.0,0.0007874000029914896,0.04631764723479351,2
wine_binary,product recognition,29,3,0.0,immutable_l2,native_exact_k_sparse,17,0.058823529411764705,0.058823529411764705,0.0,0.17062208192446077,1.0,1.0,0.0007500000010622898,0.044117647121311165,2
wine_binary,product recognition,29,3,0.0,immutable_l2,clbr_uncached,17,0.058823529411764705,0.058823529411764705,0.0,0.17062208192446077,1.0,1.0,0.0015403999996124185,0.09061176468308343,2
wine_binary,product recognition,29,3,0.0,immutable_top3_l1,nn_positive_train,17,0.0,0.0,0.0,inf,nan,nan,0.0007318000007217051,0.04304705886598265,2
wine_binary,product recognition,29,3,0.0,immutable_top3_l1,leaf_centroid,17,0.0,0.0,0.0,inf,nan,nan,0.0011058000009143143,0.0650470588773126,2
wine_binary,product recognition,29,3,0.0,immutable_top3_l1,raw_leaf_projection,17,0.0,0.0,0.0,inf,nan,nan,0.000693299998602015,0.04078235285894206,2
wine_binary,product recognition,29,3,0.0,immutable_top3_l1,clbr,17,0.0,0.0,0.0,inf,nan,nan,0.001580100000865059,0.09294705887441523,2
wine_binary,product recognition,29,3,0.0,immutable_top3_l1,metric_leaf_projection,17,0.0,0.0,0.0,inf,nan,nan,0.0006647999998676823,0.039105882345157786,2
wine_binary,product recognition,29,3,0.0,immutable_top3_l1,metric_clbr,17,0.0,0.0,0.0,inf,nan,nan,0.0016605999990133569,0.09768235288313865,2
wine_binary,product recognition,29,3,0.0,immutable_top3_l1,exact_leaf,17,0.0,0.0,0.0,inf,nan,nan,0.001026699998874392,0.06039411758084658,2
wine_binary,product recognition,29,3,0.0,immutable_top3_l1,exact_leaf_cached,17,0.0,0.0,0.0,inf,nan,nan,0.0007703999990553712,0.045317647003257126,2
wine_binary,product recognition,29,3,0.0,immutable_top3_l1,native_exact_k_sparse,17,0.058823529411764705,0.058823529411764705,0.0,0.17062208192446077,1.0,1.0,0.0008209999996324768,0.048294117625439816,2
wine_binary,product recognition,29,3,0.0,immutable_top3_l1,clbr_uncached,17,0.0,0.0,0.0,inf,nan,nan,0.001661900000726746,0.09775882357216152,2
wine_binary,product recognition,37,3,0.0,free_l2,nn_positive_train,25,1.0,1.0,0.0,5.33712911141149,12.8,0.0,0.0011319000013827463,0.04527600005530985,2
wine_binary,product recognition,37,3,0.0,free_l2,leaf_centroid,25,1.0,1.0,0.0,4.603231891185918,13.0,0.0,0.0016493999983140384,0.06597599993256154,2
wine_binary,product recognition,37,3,0.0,free_l2,raw_leaf_projection,25,1.0,1.0,0.0,0.8131615543257545,1.68,1.0,0.0012326999967626762,0.04930799987050705,2
wine_binary,product recognition,37,3,0.0,free_l2,clbr,25,1.0,1.0,0.0,0.8131615543257545,1.68,1.0,0.0011446999969848548,0.04578799987939419,2
wine_binary,product recognition,37,3,0.0,free_l2,metric_leaf_projection,25,1.0,1.0,0.0,0.7749911965401612,1.68,1.0,0.0011235999982091016,0.044943999928364065,2
wine_binary,product recognition,37,3,0.0,free_l2,metric_clbr,25,1.0,1.0,0.0,0.7749911965401612,1.68,1.0,0.0013235999995231396,0.05294399998092558,2
wine_binary,product recognition,37,3,0.0,free_l2,exact_leaf,25,1.0,1.0,0.0,0.7749911965401612,1.68,1.0,0.0028640999998970074,0.1145639999958803,2
wine_binary,product recognition,37,3,0.0,free_l2,exact_leaf_cached,25,1.0,1.0,0.0,0.7749911965401612,1.68,1.0,0.002533400001084374,0.10133600004337495,2
wine_binary,product recognition,37,3,0.0,free_l2,native_exact_k_sparse,25,1.0,1.0,0.0,0.7749911965401612,1.68,1.0,0.002347899999222136,0.09391599996888544,2
wine_binary,product recognition,37,3,0.0,free_l2,clbr_uncached,25,1.0,1.0,0.0,0.8131615543257545,1.68,1.0,0.0011653000010483083,0.04661200004193233,2
wine_binary,product recognition,37,3,0.0,immutable_l2,nn_positive_train,25,0.16,0.16,0.0,4.765798737907955,11.75,0.0,0.0012601000007634866,0.050404000030539464,2
wine_binary,product recognition,37,3,0.0,immutable_l2,leaf_centroid,25,0.16,0.16,0.0,4.157211166320044,12.0,0.0,0.0018327999969187658,0.07331199987675063,2
wine_binary,product recognition,37,3,0.0,immutable_l2,raw_leaf_projection,25,0.16,0.16,0.0,0.5234144305243111,1.0,1.0,0.0013003000003664056,0.05201200001465622,2
wine_binary,product recognition,37,3,0.0,immutable_l2,clbr,25,0.16,0.16,0.0,0.5234144305243111,1.0,1.0,0.002757700000074692,0.11030800000298768,2
wine_binary,product recognition,37,3,0.0,immutable_l2,metric_leaf_projection,25,0.0,0.0,0.0,inf,nan,nan,0.0013230000022304012,0.052920000089216046,2
wine_binary,product recognition,37,3,0.0,immutable_l2,metric_clbr,25,0.16,0.0,0.16,1.5830284798866414,11.75,0.0,0.004533300003458862,0.1813320001383545,2
wine_binary,product recognition,37,3,0.0,immutable_l2,exact_leaf,25,0.16,0.16,0.0,0.5234144305243111,1.0,1.0,0.0021118000013302662,0.08447200005321065,2
wine_binary,product recognition,37,3,0.0,immutable_l2,exact_leaf_cached,25,0.16,0.16,0.0,0.5234144305243111,1.0,1.0,0.0015769000010550371,0.06307600004220149,2
wine_binary,product recognition,37,3,0.0,immutable_l2,native_exact_k_sparse,25,0.16,0.16,0.0,0.5234144305243111,1.0,1.0,0.0014975000003687455,0.05990000001474982,2
wine_binary,product recognition,37,3,0.0,immutable_l2,clbr_uncached,25,0.16,0.16,0.0,0.5234144305243111,1.0,1.0,0.0027602000000115368,0.11040800000046147,2
wine_binary,product recognition,37,3,0.0,immutable_top3_l1,nn_positive_train,25,0.08,0.08,0.0,5.906905119812613,3.0,1.0,0.0012263999979040818,0.04905599991616327,2
wine_binary,product recognition,37,3,0.0,immutable_top3_l1,leaf_centroid,25,0.08,0.08,0.0,5.158433212321093,3.0,1.0,0.0017707999995764112,0.07083199998305645,2
wine_binary,product recognition,37,3,0.0,immutable_top3_l1,raw_leaf_projection,25,0.08,0.08,0.0,0.8564962974332693,1.0,1.0,0.0012734000019918312,0.05093600007967325,2
wine_binary,product recognition,37,3,0.0,immutable_top3_l1,clbr,25,0.08,0.08,0.0,0.8564962974332693,1.0,1.0,0.0028634000018428196,0.11453600007371278,2
wine_binary,product recognition,37,3,0.0,immutable_top3_l1,metric_leaf_projection,25,0.0,0.0,0.0,inf,nan,nan,0.0014429000020754756,0.057716000083019026,2
wine_binary,product recognition,37,3,0.0,immutable_top3_l1,metric_clbr,25,0.08,0.0,0.08,1.6820254571555262,3.0,1.0,0.0037569999976767576,0.1502799999070703,2
wine_binary,product recognition,37,3,0.0,immutable_top3_l1,exact_leaf,25,0.08,0.08,0.0,0.8564962974332693,1.0,1.0,0.002088299998831644,0.08353199995326577,2
wine_binary,product recognition,37,3,0.0,immutable_top3_l1,exact_leaf_cached,25,0.08,0.08,0.0,0.8564962974332693,1.0,1.0,0.0015159000004132395,0.06063600001652958,2
wine_binary,product recognition,37,3,0.0,immutable_top3_l1,native_exact_k_sparse,25,0.16,0.16,0.0,0.5234144305243111,1.0,1.0,0.0016879000004337286,0.06751600001734914,2
wine_binary,product recognition,37,3,0.0,immutable_top3_l1,clbr_uncached,25,0.08,0.08,0.0,0.8564962974332693,1.0,1.0,0.0032073000011223485,0.12829200004489394,2
wine_binary,product recognition,41,3,0.0,free_l2,nn_positive_train,19,1.0,1.0,0.0,3.8590283027929875,12.842105263157896,0.0,0.0007150000028559589,0.03763157909768205,4
wine_binary,product recognition,41,3,0.0,free_l2,leaf_centroid,19,1.0,1.0,0.0,3.5990613267018206,13.0,0.0,0.0012481999992814963,0.06569473680428928,4
wine_binary,product recognition,41,3,0.0,free_l2,raw_leaf_projection,19,1.0,1.0,0.0,0.8093802233707988,1.0,1.0,0.0007412000022668508,0.03901052643509741,4
wine_binary,product recognition,41,3,0.0,free_l2,clbr,19,1.0,1.0,0.0,0.8093802233707988,1.0,1.0,0.000713000000359898,0.03752631580841568,4
wine_binary,product recognition,41,3,0.0,free_l2,metric_leaf_projection,19,1.0,1.0,0.0,0.6201505537098916,1.0,1.0,0.0007304000009753508,0.03844210531449215,4
wine_binary,product recognition,41,3,0.0,free_l2,metric_clbr,19,1.0,1.0,0.0,0.6201505537098916,1.0,1.0,0.0007257999995999853,0.038199999978946596,4
wine_binary,product recognition,41,3,0.0,free_l2,exact_leaf,19,1.0,1.0,0.0,0.6201505537098916,1.0,1.0,0.0027022000003853464,0.14222105265186033,4
wine_binary,product recognition,41,3,0.0,free_l2,exact_leaf_cached,19,1.0,1.0,0.0,0.6201505537098916,1.0,1.0,0.001466200000322715,0.07716842106961658,4
wine_binary,product recognition,41,3,0.0,free_l2,native_exact_k_sparse,19,1.0,1.0,0.0,0.6201505537098916,1.0,1.0,0.0014796000032220036,0.07787368438010545,4
wine_binary,product recognition,41,3,0.0,free_l2,clbr_uncached,19,1.0,1.0,0.0,0.8093802233707988,1.0,1.0,0.0009029999991980731,0.047526315747267005,4
wine_binary,product recognition,41,3,0.0,immutable_l2,nn_positive_train,19,0.9473684210526315,0.9473684210526315,0.0,3.7648528246402293,11.833333333333334,0.0,0.001616299999113835,0.08506842100599131,4
wine_binary,product recognition,41,3,0.0,immutable_l2,leaf_centroid,19,1.0,1.0,0.0,3.548478103852257,12.0,0.0,0.0027365999985704548,0.1440315788721292,4
wine_binary,product recognition,41,3,0.0,immutable_l2,raw_leaf_projection,19,1.0,1.0,0.0,0.8093802233707988,1.0,1.0,0.0015324999976655818,0.08065789461397799,4
wine_binary,product recognition,41,3,0.0,immutable_l2,clbr,19,1.0,1.0,0.0,0.8093802233707988,1.0,1.0,0.001550000001770968,0.0815789474616299,4
wine_binary,product recognition,41,3,0.0,immutable_l2,metric_leaf_projection,19,0.631578947368421,0.631578947368421,0.0,0.6869998294141876,1.0,1.0,0.0015843000001041219,0.08338421053179589,4
wine_binary,product recognition,41,3,0.0,immutable_l2,metric_clbr,19,0.9473684210526315,0.631578947368421,0.3157894736842105,1.1319672550027189,4.666666666666667,0.6666666666666666,0.006518199998936325,0.34306315783875396,4
wine_binary,product recognition,41,3,0.0,immutable_l2,exact_leaf,19,1.0,1.0,0.0,0.8093802233707988,1.0,1.0,0.00505079999948066,0.26583157892003473,4
wine_binary,product recognition,41,3,0.0,immutable_l2,exact_leaf_cached,19,1.0,1.0,0.0,0.8093802233707988,1.0,1.0,0.0027477000021463027,0.1446157895866475,4
wine_binary,product recognition,41,3,0.0,immutable_l2,native_exact_k_sparse,19,1.0,1.0,0.0,0.8093802233707988,1.0,1.0,0.0026351000033173477,0.13868947385880778,4
wine_binary,product recognition,41,3,0.0,immutable_l2,clbr_uncached,19,1.0,1.0,0.0,0.8093802233707988,1.0,1.0,0.0013526000002457295,0.07118947369714365,4
wine_binary,product recognition,41,3,0.0,immutable_top3_l1,nn_positive_train,19,0.9473684210526315,0.9473684210526315,0.0,4.105968186510024,3.0,1.0,0.0011233999985051923,0.0591263157107996,4
wine_binary,product recognition,41,3,0.0,immutable_top3_l1,leaf_centroid,19,0.9473684210526315,0.9473684210526315,0.0,3.744492796754593,3.0,1.0,0.001996599999074533,0.105084210477607,4
wine_binary,product recognition,41,3,0.0,immutable_top3_l1,raw_leaf_projection,19,0.9473684210526315,0.9473684210526315,0.0,0.7942933810155188,1.0,1.0,0.001111900000978494,0.05852105268307863,4
wine_binary,product recognition,41,3,0.0,immutable_top3_l1,clbr,19,0.9473684210526315,0.9473684210526315,0.0,0.7942933810155188,1.0,1.0,0.00094609999905515,0.049794736792376317,4
wine_binary,product recognition,41,3,0.0,immutable_top3_l1,metric_leaf_projection,19,0.631578947368421,0.631578947368421,0.0,0.6869998294141876,1.0,1.0,0.0008778000001257169,0.04620000000661668,4
wine_binary,product recognition,41,3,0.0,immutable_top3_l1,metric_clbr,19,0.9473684210526315,0.631578947368421,0.3157894736842105,1.1760477388363486,1.6666666666666667,1.0,0.0030547999986083596,0.16077894729517683,4
wine_binary,product recognition,41,3,0.0,immutable_top3_l1,exact_leaf,19,0.9473684210526315,0.9473684210526315,0.0,0.7942933810155188,1.0,1.0,0.0034764999991239165,0.18297368416441664,4
wine_binary,product recognition,41,3,0.0,immutable_top3_l1,exact_leaf_cached,19,0.9473684210526315,0.9473684210526315,0.0,0.7942933810155188,1.0,1.0,0.002549299995735055,0.13417368398605553,4
wine_binary,product recognition,41,3,0.0,immutable_top3_l1,native_exact_k_sparse,19,1.0,1.0,0.0,0.8093802233707988,1.0,1.0,0.0018759999984467868,0.0987368420235151,4
wine_binary,product recognition,41,3,0.0,immutable_top3_l1,clbr_uncached,19,0.9473684210526315,0.9473684210526315,0.0,0.7942933810155188,1.0,1.0,0.0011705999986588722,0.0616105262452038,4
wine_binary,product recognition,53,3,0.0,free_l2,nn_positive_train,28,1.0,1.0,0.0,4.976351998550796,12.928571428571429,0.0,0.0011548999982551322,0.041246428509111865,3
wine_binary,product recognition,53,3,0.0,free_l2,leaf_centroid,28,1.0,1.0,0.0,3.6595015400449404,12.821428571428571,0.0,0.0019895000023097964,0.07105357151106416,3
wine_binary,product recognition,53,3,0.0,free_l2,raw_leaf_projection,28,1.0,1.0,0.0,1.0404444490265223,1.0,1.0,0.0012055999986841925,0.04305714281014973,3
wine_binary,product recognition,53,3,0.0,free_l2,clbr,28,1.0,1.0,0.0,1.0404444490265223,1.0,1.0,0.0013030999989496195,0.046539285676772124,3
wine_binary,product recognition,53,3,0.0,free_l2,metric_leaf_projection,28,1.0,1.0,0.0,1.0404444490265223,1.0,1.0,0.0012137999983679038,0.04334999994171085,3
wine_binary,product recognition,53,3,0.0,free_l2,metric_clbr,28,1.0,1.0,0.0,1.0404444490265223,1.0,1.0,0.0011814999998023268,0.04219642856436882,3
wine_binary,product recognition,53,3,0.0,free_l2,exact_leaf,28,1.0,1.0,0.0,1.0404444490265223,1.0,1.0,0.003638800004409859,0.12995714301463782,3
wine_binary,product recognition,53,3,0.0,free_l2,exact_leaf_cached,28,1.0,1.0,0.0,1.0404444490265223,1.0,1.0,0.0024391999995714286,0.0871142856989796,3
wine_binary,product recognition,53,3,0.0,free_l2,native_exact_k_sparse,28,1.0,1.0,0.0,1.0404444490265223,1.0,1.0,0.0025316000010207063,0.09041428575073951,3
wine_binary,product recognition,53,3,0.0,free_l2,clbr_uncached,28,1.0,1.0,0.0,1.0404444490265223,1.0,1.0,0.0013255000003482564,0.04733928572672345,3
wine_binary,product recognition,53,3,0.0,immutable_l2,nn_positive_train,28,0.0,0.0,0.0,inf,nan,nan,0.0014654999977210537,0.05233928563289477,3
wine_binary,product recognition,53,3,0.0,immutable_l2,leaf_centroid,28,0.0,0.0,0.0,inf,nan,nan,0.002493999999387597,0.08907142854955705,3
wine_binary,product recognition,53,3,0.0,immutable_l2,raw_leaf_projection,28,0.0,0.0,0.0,inf,nan,nan,0.0015248999970935984,0.05446071418191423,3
wine_binary,product recognition,53,3,0.0,immutable_l2,clbr,28,0.0,0.0,0.0,inf,nan,nan,0.003568000000086613,0.12742857143166475,3
wine_binary,product recognition,53,3,0.0,immutable_l2,metric_leaf_projection,28,0.0,0.0,0.0,inf,nan,nan,0.0014800000035393168,0.05285714298354703,3
wine_binary,product recognition,53,3,0.0,immutable_l2,metric_clbr,28,0.0,0.0,0.0,inf,nan,nan,0.0038548000029550167,0.13767142867696489,3
wine_binary,product recognition,53,3,0.0,immutable_l2,exact_leaf,28,0.0,0.0,0.0,inf,nan,nan,0.003390399997442728,0.12108571419438315,3
wine_binary,product recognition,53,3,0.0,immutable_l2,exact_leaf_cached,28,0.0,0.0,0.0,inf,nan,nan,0.0017580999992787838,0.062789285688528,3
wine_binary,product recognition,53,3,0.0,immutable_l2,native_exact_k_sparse,28,0.0,0.0,0.0,inf,nan,nan,0.0018271000008098781,0.06525357145749565,3
wine_binary,product recognition,53,3,0.0,immutable_l2,clbr_uncached,28,0.0,0.0,0.0,inf,nan,nan,0.003916399999980058,0.13987142857071636,3
wine_binary,product recognition,53,3,0.0,immutable_top3_l1,nn_positive_train,28,0.0,0.0,0.0,inf,nan,nan,0.0014295999972091522,0.05105714275746972,3
wine_binary,product recognition,53,3,0.0,immutable_top3_l1,leaf_centroid,28,0.0,0.0,0.0,inf,nan,nan,0.0022826999993412755,0.08152499997647412,3
wine_binary,product recognition,53,3,0.0,immutable_top3_l1,raw_leaf_projection,28,0.0,0.0,0.0,inf,nan,nan,0.0015742999994472484,0.05622499998025887,3
wine_binary,product recognition,53,3,0.0,immutable_top3_l1,clbr,28,0.0,0.0,0.0,inf,nan,nan,0.003257700001995545,0.11634642864269804,3
wine_binary,product recognition,53,3,0.0,immutable_top3_l1,metric_leaf_projection,28,0.0,0.0,0.0,inf,nan,nan,0.0013127999964126502,0.04688571415759465,3
wine_binary,product recognition,53,3,0.0,immutable_top3_l1,metric_clbr,28,0.0,0.0,0.0,inf,nan,nan,0.003599700000449957,0.12856071430178417,3
wine_binary,product recognition,53,3,0.0,immutable_top3_l1,exact_leaf,28,0.0,0.0,0.0,inf,nan,nan,0.003225599997676909,0.11519999991703246,3
wine_binary,product recognition,53,3,0.0,immutable_top3_l1,exact_leaf_cached,28,0.0,0.0,0.0,inf,nan,nan,0.0017060999998648185,0.06093214285231495,3
wine_binary,product recognition,53,3,0.0,immutable_top3_l1,native_exact_k_sparse,28,0.0,0.0,0.0,inf,nan,nan,0.0017354000028717564,0.06197857153113416,3
wine_binary,product recognition,53,3,0.0,immutable_top3_l1,clbr_uncached,28,0.0,0.0,0.0,inf,nan,nan,0.0036120999984632363,0.129003571373687,3
wine_binary,product recognition,61,3,0.0,free_l2,nn_positive_train,21,1.0,1.0,0.0,4.781131322685719,12.904761904761905,0.0,0.0011487999991004472,0.054704761861926056,3
wine_binary,product recognition,61,3,0.0,free_l2,leaf_centroid,21,1.0,1.0,0.0,4.396657251531492,13.0,0.0,0.001745599997775571,0.08312380941788433,3
wine_binary,product recognition,61,3,0.0,free_l2,raw_leaf_projection,21,1.0,1.0,0.0,0.7602238321731998,1.0,1.0,0.0011463000018920866,0.054585714375813645,3
wine_binary,product recognition,61,3,0.0,free_l2,clbr,21,1.0,1.0,0.0,0.7602238321731998,1.0,1.0,0.001110900001549453,0.052900000073783475,3
wine_binary,product recognition,61,3,0.0,free_l2,metric_leaf_projection,21,1.0,1.0,0.0,0.6899091114626134,1.0,1.0,0.0010587999986455543,0.050419047554550206,3
wine_binary,product recognition,61,3,0.0,free_l2,metric_clbr,21,1.0,1.0,0.0,0.6899091114626134,1.0,1.0,0.0010808999977598432,0.05147142846475444,3
wine_binary,product recognition,61,3,0.0,free_l2,exact_leaf,21,1.0,1.0,0.0,0.6899091114626134,1.0,1.0,0.0034347999999226886,0.16356190475822327,3
wine_binary,product recognition,61,3,0.0,free_l2,exact_leaf_cached,21,1.0,1.0,0.0,0.6899091114626134,1.0,1.0,0.0022078000019973842,0.10513333342844687,3
wine_binary,product recognition,61,3,0.0,free_l2,native_exact_k_sparse,21,1.0,1.0,0.0,0.6899091114626134,1.0,1.0,0.0021011000008002156,0.10005238099048645,3
wine_binary,product recognition,61,3,0.0,free_l2,clbr_uncached,21,1.0,1.0,0.0,0.7602238321731998,1.0,1.0,0.0012100000012651435,0.057619047679292545,3
wine_binary,product recognition,61,3,0.0,immutable_l2,nn_positive_train,21,1.0,1.0,0.0,4.758088436115497,11.904761904761905,0.0,0.001001499998892541,0.04769047613774005,3
wine_binary,product recognition,61,3,0.0,immutable_l2,leaf_centroid,21,1.0,1.0,0.0,4.295699660541315,12.0,0.0,0.0016660999999658088,0.0793380952364671,3
wine_binary,product recognition,61,3,0.0,immutable_l2,raw_leaf_projection,21,1.0,1.0,0.0,0.7602238321731998,1.0,1.0,0.0010497999992367113,0.04999047615412911,3
wine_binary,product recognition,61,3,0.0,immutable_l2,clbr,21,1.0,1.0,0.0,0.7602238321731998,1.0,1.0,0.0010606000005282112,0.05050476192991482,3
wine_binary,product recognition,61,3,0.0,immutable_l2,metric_leaf_projection,21,0.7142857142857143,0.7142857142857143,0.0,0.7158452931162297,1.0,1.0,0.0010839000024134293,0.05161428582921092,3
wine_binary,product recognition,61,3,0.0,immutable_l2,metric_clbr,21,1.0,0.7142857142857143,0.2857142857142857,1.5515328240430912,4.142857142857143,0.7142857142857143,0.0035309999984747265,0.16814285707022508,3
wine_binary,product recognition,61,3,0.0,immutable_l2,exact_leaf,21,1.0,1.0,0.0,0.7602238321731998,1.0,1.0,0.0030469000002995017,0.14509047620473817,3
wine_binary,product recognition,61,3,0.0,immutable_l2,exact_leaf_cached,21,1.0,1.0,0.0,0.7602238321731998,1.0,1.0,0.0022565999988728436,0.10745714280346874,3
wine_binary,product recognition,61,3,0.0,immutable_l2,native_exact_k_sparse,21,1.0,1.0,0.0,0.7602238321731998,1.0,1.0,0.002186600001550687,0.10412380959765176,3
wine_binary,product recognition,61,3,0.0,immutable_l2,clbr_uncached,21,1.0,1.0,0.0,0.7602238321731998,1.0,1.0,0.0011636000017460901,0.05540952389267096,3
wine_binary,product recognition,61,3,0.0,immutable_top3_l1,nn_positive_train,21,0.3333333333333333,0.3333333333333333,0.0,3.792011414186491,3.0,1.0,0.0009807999995246064,0.046704761882124114,3
wine_binary,product recognition,61,3,0.0,immutable_top3_l1,leaf_centroid,21,0.3333333333333333,0.3333333333333333,0.0,3.185594233164213,3.0,1.0,0.0015878000049269758,0.0756095240441417,3
wine_binary,product recognition,61,3,0.0,immutable_top3_l1,raw_leaf_projection,21,0.3333333333333333,0.3333333333333333,0.0,0.8755115665369152,1.0,1.0,0.0017229999994015088,0.08204761901911947,3
wine_binary,product recognition,61,3,0.0,immutable_top3_l1,clbr,21,0.3333333333333333,0.3333333333333333,0.0,0.8755115665369152,1.0,1.0,0.0019350999991729623,0.0921476190082363,3
wine_binary,product recognition,61,3,0.0,immutable_top3_l1,metric_leaf_projection,21,0.2857142857142857,0.2857142857142857,0.0,0.9066247843694342,1.0,1.0,0.000986500001999957,0.046976190571426525,3
wine_binary,product recognition,61,3,0.0,immutable_top3_l1,metric_clbr,21,0.3333333333333333,0.2857142857142857,0.047619047619047616,0.9606955130961499,1.2857142857142858,1.0,0.0023709999995844555,0.11290476188497407,3
wine_binary,product recognition,61,3,0.0,immutable_top3_l1,exact_leaf,21,0.3333333333333333,0.3333333333333333,0.0,0.8755115665369152,1.0,1.0,0.0025786000023799716,0.12279047630380817,3
wine_binary,product recognition,61,3,0.0,immutable_top3_l1,exact_leaf_cached,21,0.3333333333333333,0.3333333333333333,0.0,0.8755115665369152,1.0,1.0,0.0016180000011445372,0.07704761910212082,3
wine_binary,product recognition,61,3,0.0,immutable_top3_l1,native_exact_k_sparse,21,1.0,1.0,0.0,0.7602238321731998,1.0,1.0,0.002112000000124681,0.10057142857736576,3
wine_binary,product recognition,61,3,0.0,immutable_top3_l1,clbr_uncached,21,0.3333333333333333,0.3333333333333333,0.0,0.8755115665369152,1.0,1.0,0.0020206999961374095,0.09622380933987665,3
wine_binary,product recognition,73,3,0.0,free_l2,nn_positive_train,20,1.0,1.0,0.0,4.648788715628724,12.8,0.0,0.0007670999975744053,0.038354999878720264,3
wine_binary,product recognition,73,3,0.0,free_l2,leaf_centroid,20,1.0,1.0,0.0,4.13101691706239,13.0,0.0,0.0012232000017320388,0.06116000008660194,3
wine_binary,product recognition,73,3,0.0,free_l2,raw_leaf_projection,20,1.0,1.0,0.0,0.7486337726164418,1.0,1.0,0.0008014999975785031,0.040074999878925155,3
wine_binary,product recognition,73,3,0.0,free_l2,clbr,20,1.0,1.0,0.0,0.7486337726164418,1.0,1.0,0.0007561999982499401,0.037809999912497005,3
wine_binary,product recognition,73,3,0.0,free_l2,metric_leaf_projection,20,1.0,1.0,0.0,0.739927502120683,1.0,1.0,0.0007669999977224506,0.03834999988612253,3
wine_binary,product recognition,73,3,0.0,free_l2,metric_clbr,20,1.0,1.0,0.0,0.739927502120683,1.0,1.0,0.0007545999987996765,0.03772999993998383,3
wine_binary,product recognition,73,3,0.0,free_l2,exact_leaf,20,1.0,1.0,0.0,0.739927502120683,1.0,1.0,0.002342000000680855,0.11710000003404275,3
wine_binary,product recognition,73,3,0.0,free_l2,exact_leaf_cached,20,1.0,1.0,0.0,0.739927502120683,1.0,1.0,0.0015688999992562458,0.07844499996281229,3
wine_binary,product recognition,73,3,0.0,free_l2,native_exact_k_sparse,20,1.0,1.0,0.0,0.739927502120683,1.0,1.0,0.0015444999999090214,0.07722499999545107,3
wine_binary,product recognition,73,3,0.0,free_l2,clbr_uncached,20,1.0,1.0,0.0,0.7486337726164418,1.0,1.0,0.0008147999997163424,0.04073999998581712,3
wine_binary,product recognition,73,3,0.0,immutable_l2,nn_positive_train,20,1.0,1.0,0.0,4.624711909787341,11.8,0.0,0.0008167999994839192,0.04083999997419596,3
wine_binary,product recognition,73,3,0.0,immutable_l2,leaf_centroid,20,1.0,1.0,0.0,4.0110319872738724,12.0,0.0,0.0012836000005336246,0.06418000002668123,3
wine_binary,product recognition,73,3,0.0,immutable_l2,raw_leaf_projection,20,1.0,1.0,0.0,0.7486337726164418,1.0,1.0,0.0008417000008194009,0.042085000040970044,3
wine_binary,product recognition,73,3,0.0,immutable_l2,clbr,20,1.0,1.0,0.0,0.7486337726164418,1.0,1.0,0.0007975999997142935,0.039879999985714676,3
wine_binary,product recognition,73,3,0.0,immutable_l2,metric_leaf_projection,20,0.9,0.9,0.0,0.7562458766634755,1.0,1.0,0.0008730999970794073,0.043654999853970367,3
wine_binary,product recognition,73,3,0.0,immutable_l2,metric_clbr,20,1.0,0.9,0.1,1.0034357329393822,2.05,0.9,0.001543300000776071,0.07716500003880356,3
wine_binary,product recognition,73,3,0.0,immutable_l2,exact_leaf,20,1.0,1.0,0.0,0.7486337726164418,1.0,1.0,0.0024493000009897514,0.12246500004948757,3
wine_binary,product recognition,73,3,0.0,immutable_l2,exact_leaf_cached,20,1.0,1.0,0.0,0.7486337726164418,1.0,1.0,0.0018286999966221629,0.09143499983110814,3
wine_binary,product recognition,73,3,0.0,immutable_l2,native_exact_k_sparse,20,1.0,1.0,0.0,0.7486337726164418,1.0,1.0,0.0016994999969028868,0.08497499984514434,3
wine_binary,product recognition,73,3,0.0,immutable_l2,clbr_uncached,20,1.0,1.0,0.0,0.7486337726164418,1.0,1.0,0.0009208999999827938,0.04604499999913969,3
wine_binary,product recognition,73,3,0.0,immutable_top3_l1,nn_positive_train,20,0.2,0.2,0.0,3.7482623310272487,3.0,1.0,0.0008384999991903896,0.04192499995951948,3
wine_binary,product recognition,73,3,0.0,immutable_top3_l1,leaf_centroid,20,0.2,0.2,0.0,3.421947776936871,3.0,1.0,0.0013957000001028064,0.06978500000514032,3
wine_binary,product recognition,73,3,0.0,immutable_top3_l1,raw_leaf_projection,20,0.2,0.2,0.0,1.1368509409274894,1.0,1.0,0.0007846999997127568,0.03923499998563784,3
wine_binary,product recognition,73,3,0.0,immutable_top3_l1,clbr,20,0.2,0.2,0.0,1.1368509409274894,1.0,1.0,0.0015895000024102046,0.07947500012051023,3
wine_binary,product recognition,73,3,0.0,immutable_top3_l1,metric_leaf_projection,20,0.2,0.2,0.0,1.1368509409274894,1.0,1.0,0.0008392000017920509,0.041960000089602545,3
wine_binary,product recognition,73,3,0.0,immutable_top3_l1,metric_clbr,20,0.2,0.2,0.0,1.1368509409274894,1.0,1.0,0.0015515000004597823,0.07757500002298912,3
wine_binary,product recognition,73,3,0.0,immutable_top3_l1,exact_leaf,20,0.2,0.2,0.0,1.1368509409274894,1.0,1.0,0.001844800000981195,0.09224000004905974,3
wine_binary,product recognition,73,3,0.0,immutable_top3_l1,exact_leaf_cached,20,0.2,0.2,0.0,1.1368509409274894,1.0,1.0,0.0010159999974348466,0.05079999987174233,3
wine_binary,product recognition,73,3,0.0,immutable_top3_l1,native_exact_k_sparse,20,1.0,1.0,0.0,0.7486337726164418,1.0,1.0,0.001621200000954559,0.08106000004772795,3
wine_binary,product recognition,73,3,0.0,immutable_top3_l1,clbr_uncached,20,0.2,0.2,0.0,1.1368509409274894,1.0,1.0,0.0017568000012033735,0.08784000006016868,3
wine_binary,product recognition,89,3,0.0,free_l2,nn_positive_train,20,1.0,1.0,0.0,3.229919199158683,12.75,0.0,0.0008969999998953426,0.04484999999476713,2
wine_binary,product recognition,89,3,0.0,free_l2,leaf_centroid,20,1.0,1.0,0.0,3.9036863970397526,13.0,0.0,0.0014043000010133255,0.07021500005066628,2
wine_binary,product recognition,89,3,0.0,free_l2,raw_leaf_projection,20,1.0,1.0,0.0,0.6599096717890561,1.0,1.0,0.0009661000003688969,0.048305000018444844,2
wine_binary,product recognition,89,3,0.0,free_l2,clbr,20,1.0,1.0,0.0,0.6599096717890561,1.0,1.0,0.0008695000014995458,0.04347500007497729,2
wine_binary,product recognition,89,3,0.0,free_l2,metric_leaf_projection,20,1.0,1.0,0.0,0.57023933286931,1.0,1.0,0.000849500002914283,0.04247500014571415,2
wine_binary,product recognition,89,3,0.0,free_l2,metric_clbr,20,1.0,1.0,0.0,0.57023933286931,1.0,1.0,0.0008483000019623432,0.04241500009811716,2
wine_binary,product recognition,89,3,0.0,free_l2,exact_leaf,20,1.0,1.0,0.0,0.57023933286931,1.0,1.0,0.0019749999983105226,0.09874999991552613,2
wine_binary,product recognition,89,3,0.0,free_l2,exact_leaf_cached,20,1.0,1.0,0.0,0.57023933286931,1.0,1.0,0.0017829000007623108,0.08914500003811554,2
wine_binary,product recognition,89,3,0.0,free_l2,native_exact_k_sparse,20,1.0,1.0,0.0,0.57023933286931,1.0,1.0,0.001701699999102857,0.08508499995514285,2
wine_binary,product recognition,89,3,0.0,free_l2,clbr_uncached,20,1.0,1.0,0.0,0.6599096717890561,1.0,1.0,0.0008412999977736035,0.04206499988868018,2
wine_binary,product recognition,89,3,0.0,immutable_l2,nn_positive_train,20,1.0,1.0,0.0,3.21485507549309,11.8,0.0,0.0007685999989917036,0.03842999994958518,2
wine_binary,product recognition,89,3,0.0,immutable_l2,leaf_centroid,20,1.0,1.0,0.0,3.840518856822576,12.0,0.0,0.001172799999039853,0.05863999995199265,2
wine_binary,product recognition,89,3,0.0,immutable_l2,raw_leaf_projection,20,1.0,1.0,0.0,0.6599096717890561,1.0,1.0,0.0007877000025473535,0.039385000127367675,2
wine_binary,product recognition,89,3,0.0,immutable_l2,clbr,20,1.0,1.0,0.0,0.6599096717890561,1.0,1.0,0.0007501999989472097,0.037509999947360484,2
wine_binary,product recognition,89,3,0.0,immutable_l2,metric_leaf_projection,20,0.85,0.85,0.0,0.5708561004721667,1.0,1.0,0.0007551000016974285,0.037755000084871426,2
wine_binary,product recognition,89,3,0.0,immutable_l2,metric_clbr,20,1.0,0.85,0.15,0.8079022280316923,2.65,0.85,0.0016140999978233594,0.08070499989116797,2
wine_binary,product recognition,89,3,0.0,immutable_l2,exact_leaf,20,1.0,1.0,0.0,0.6599096717890561,1.0,1.0,0.0018554999978732667,0.09277499989366333,2
wine_binary,product recognition,89,3,0.0,immutable_l2,exact_leaf_cached,20,1.0,1.0,0.0,0.6599096717890561,1.0,1.0,0.0016136999993250356,0.08068499996625178,2
wine_binary,product recognition,89,3,0.0,immutable_l2,native_exact_k_sparse,20,1.0,1.0,0.0,0.6599096717890561,1.0,1.0,0.0015734000007796567,0.07867000003898283,2
wine_binary,product recognition,89,3,0.0,immutable_l2,clbr_uncached,20,1.0,1.0,0.0,0.6599096717890561,1.0,1.0,0.0008110000007945928,0.04055000003972964,2
wine_binary,product recognition,89,3,0.0,immutable_top3_l1,nn_positive_train,20,0.15,0.15,0.0,6.690953986212224,3.0,1.0,0.0008758999983911053,0.043794999919555266,2
wine_binary,product recognition,89,3,0.0,immutable_top3_l1,leaf_centroid,20,0.15,0.15,0.0,5.824216871415043,3.0,1.0,0.0014507000014418736,0.07253500007209368,2
wine_binary,product recognition,89,3,0.0,immutable_top3_l1,raw_leaf_projection,20,0.15,0.15,0.0,0.9004770769852716,1.0,1.0,0.0009507000022495049,0.047535000112475245,2
wine_binary,product recognition,89,3,0.0,immutable_top3_l1,clbr,20,0.15,0.15,0.0,0.9004770769852716,1.0,1.0,0.0019064999996771803,0.09532499998385902,2
wine_binary,product recognition,89,3,0.0,immutable_top3_l1,metric_leaf_projection,20,0.1,0.1,0.0,0.5545459855343753,1.0,1.0,0.0008867999968060758,0.04433999984030379,2
wine_binary,product recognition,89,3,0.0,immutable_top3_l1,metric_clbr,20,0.15,0.1,0.05,1.203988967486696,1.6666666666666667,1.0,0.0022613000001001637,0.11306500000500819,2
wine_binary,product recognition,89,3,0.0,immutable_top3_l1,exact_leaf,20,0.15,0.15,0.0,0.9004770769852716,1.0,1.0,0.0014970000011089724,0.07485000005544862,2
wine_binary,product recognition,89,3,0.0,immutable_top3_l1,exact_leaf_cached,20,0.15,0.15,0.0,0.9004770769852716,1.0,1.0,0.0011451000009401469,0.05725500004700734,2
wine_binary,product recognition,89,3,0.0,immutable_top3_l1,native_exact_k_sparse,20,1.0,1.0,0.0,0.6599096717890561,1.0,1.0,0.0018981000011990545,0.09490500005995273,2
wine_binary,product recognition,89,3,0.0,immutable_top3_l1,clbr_uncached,20,0.15,0.15,0.0,0.9004770769852716,1.0,1.0,0.0019799000010607415,0.09899500005303707,2
credit_default,credit risk,7,3,0.0,free_l2,nn_positive_train,200,1.0,1.0,0.0,4.625820668780265,17.62,0.0,0.02405600001111452,0.1202800000555726,4
credit_default,credit risk,7,3,0.0,free_l2,leaf_centroid,200,1.0,1.0,0.0,4.704294871815468,22.985,0.0,0.04424449999896751,0.22122249999483756,4
credit_default,credit risk,7,3,0.0,free_l2,raw_leaf_projection,200,1.0,1.0,0.0,0.8175672201883231,1.31,1.0,0.011078799999268085,0.055393999996340426,4
credit_default,credit risk,7,3,0.0,free_l2,clbr,200,1.0,1.0,0.0,0.8175672201883231,1.31,1.0,0.010477599992555042,0.05238799996277521,4
credit_default,credit risk,7,3,0.0,free_l2,metric_leaf_projection,200,1.0,1.0,0.0,0.5276402380241257,1.46,1.0,0.010301500004061381,0.05150750002030691,4
credit_default,credit risk,7,3,0.0,free_l2,metric_clbr,200,1.0,1.0,0.0,0.5276402380241257,1.46,1.0,0.01038499999413034,0.0519249999706517,4
credit_default,credit risk,7,3,0.0,free_l2,exact_leaf,200,1.0,1.0,0.0,0.5276402380241257,1.46,1.0,0.04039169999850856,0.20195849999254278,4
credit_default,credit risk,7,3,0.0,free_l2,exact_leaf_cached,200,1.0,1.0,0.0,0.5276402380241257,1.46,1.0,0.022238899993681116,0.11119449996840558,4
credit_default,credit risk,7,3,0.0,free_l2,native_exact_k_sparse,200,1.0,1.0,0.0,0.5276402380241257,1.46,1.0,0.021065600001747953,0.10532800000873976,4
credit_default,credit risk,7,3,0.0,free_l2,clbr_uncached,200,1.0,1.0,0.0,0.8175672201883231,1.31,1.0,0.011799299998529023,0.05899649999264511,4
credit_default,credit risk,7,3,0.0,immutable_l2,nn_positive_train,200,1.0,1.0,0.0,3.596242815278423,15.075,0.0,0.024272900001960807,0.12136450000980403,4
credit_default,credit risk,7,3,0.0,immutable_l2,leaf_centroid,200,1.0,1.0,0.0,4.147789349975727,18.985,0.0,0.043713900000511785,0.21856950000255893,4
credit_default,credit risk,7,3,0.0,immutable_l2,raw_leaf_projection,200,1.0,1.0,0.0,0.8175672201883231,1.31,1.0,0.011460000001534354,0.05730000000767177,4
credit_default,credit risk,7,3,0.0,immutable_l2,clbr,200,1.0,1.0,0.0,0.8175672201883231,1.31,1.0,0.010653899999852001,0.053269499999260006,4
credit_default,credit risk,7,3,0.0,immutable_l2,metric_leaf_projection,200,1.0,1.0,0.0,0.5276402380241257,1.46,1.0,0.010410100011540635,0.052050500057703175,4
credit_default,credit risk,7,3,0.0,immutable_l2,metric_clbr,200,1.0,1.0,0.0,0.5276402380241257,1.46,1.0,0.010576299991043925,0.052881499955219624,4
credit_default,credit risk,7,3,0.0,immutable_l2,exact_leaf,200,1.0,1.0,0.0,0.5276402380241257,1.46,1.0,0.04122529999767721,0.20612649998838606,4
credit_default,credit risk,7,3,0.0,immutable_l2,exact_leaf_cached,200,1.0,1.0,0.0,0.5276402380241257,1.46,1.0,0.02199890000247251,0.10999450001236255,4
credit_default,credit risk,7,3,0.0,immutable_l2,native_exact_k_sparse,200,1.0,1.0,0.0,0.5276402380241257,1.46,1.0,0.021061799999188224,0.10530899999594112,4
credit_default,credit risk,7,3,0.0,immutable_l2,clbr_uncached,200,1.0,1.0,0.0,0.8175672201883231,1.31,1.0,0.011585199999899487,0.057925999999497435,4
credit_default,credit risk,7,3,0.0,immutable_top3_l1,nn_positive_train,200,0.015,0.015,0.0,0.19538941380320093,3.0,1.0,0.022168699999383534,0.11084349999691767,4
credit_default,credit risk,7,3,0.0,immutable_top3_l1,leaf_centroid,200,0.085,0.085,0.0,0.9179169433733078,3.0,1.0,0.04143740000017715,0.20718700000088575,4
credit_default,credit risk,7,3,0.0,immutable_top3_l1,raw_leaf_projection,200,0.0,0.0,0.0,inf,nan,nan,0.00998689999596536,0.049934499979826796,4
credit_default,credit risk,7,3,0.0,immutable_top3_l1,clbr,200,0.015,0.0,0.015,0.15167939907194314,3.0,1.0,0.022127900000668888,0.11063950000334444,4
credit_default,credit risk,7,3,0.0,immutable_top3_l1,metric_leaf_projection,200,0.055,0.055,0.0,0.1432471898020094,1.3636363636363635,1.0,0.00905989999864687,0.04529949999323435,4
credit_default,credit risk,7,3,0.0,immutable_top3_l1,metric_clbr,200,0.055,0.055,0.0,0.1432471898020094,1.3636363636363635,1.0,0.020536099991659285,0.10268049995829642,4
credit_default,credit risk,7,3,0.0,immutable_top3_l1,exact_leaf,200,0.165,0.165,0.0,2.7215635741009927,1.7878787878787878,1.0,0.028821699997934047,0.14410849998967024,4
credit_default,credit risk,7,3,0.0,immutable_top3_l1,exact_leaf_cached,200,0.165,0.165,0.0,2.7215635741009927,1.7878787878787878,1.0,0.01292269999430573,0.06461349997152865,4
credit_default,credit risk,7,3,0.0,immutable_top3_l1,native_exact_k_sparse,200,1.0,1.0,0.0,0.6259848050878776,1.4,1.0,0.020339099993179843,0.10169549996589922,4
credit_default,credit risk,7,3,0.0,immutable_top3_l1,clbr_uncached,200,0.015,0.0,0.015,0.15167939907194314,3.0,1.0,0.024874999997337,0.124374999986685,4
credit_default,credit risk,13,3,0.0,free_l2,nn_positive_train,200,1.0,1.0,0.0,4.894993329148765,17.89,0.0,0.02282329999979993,0.11411649999899964,4
credit_default,credit risk,13,3,0.0,free_l2,leaf_centroid,200,1.0,1.0,0.0,5.021429550475709,22.995,0.0,0.04254139999193285,0.21270699995966424,4
credit_default,credit risk,13,3,0.0,free_l2,raw_leaf_projection,200,1.0,1.0,0.0,0.7192053390376517,1.305,1.0,0.010450799995851412,0.05225399997925706,4
credit_default,credit risk,13,3,0.0,free_l2,clbr,200,1.0,1.0,0.0,0.7192053390376517,1.305,1.0,0.009831899999880989,0.04915949999940494,4
credit_default,credit risk,13,3,0.0,free_l2,metric_leaf_projection,200,1.0,1.0,0.0,0.4113063942011296,1.115,1.0,0.010125199997673917,0.050625999988369585,4
credit_default,credit risk,13,3,0.0,free_l2,metric_clbr,200,1.0,1.0,0.0,0.4113063942011296,1.115,1.0,0.009759200002008583,0.04879600001004292,4
credit_default,credit risk,13,3,0.0,free_l2,exact_leaf,200,1.0,1.0,0.0,0.4113063942011296,1.115,1.0,0.037869400000090536,0.18934700000045268,4
credit_default,credit risk,13,3,0.0,free_l2,exact_leaf_cached,200,1.0,1.0,0.0,0.4113063942011296,1.115,1.0,0.02092000000175176,0.1046000000087588,4
credit_default,credit risk,13,3,0.0,free_l2,native_exact_k_sparse,200,1.0,1.0,0.0,0.4113063942011296,1.115,1.0,0.020616199990399764,0.10308099995199882,4
credit_default,credit risk,13,3,0.0,free_l2,clbr_uncached,200,1.0,1.0,0.0,0.7192053390376517,1.305,1.0,0.01124629999503668,0.0562314999751834,4
credit_default,credit risk,13,3,0.0,immutable_l2,nn_positive_train,200,1.0,1.0,0.0,3.911594502073425,15.295,0.005,0.023337799997534603,0.11668899998767301,4
credit_default,credit risk,13,3,0.0,immutable_l2,leaf_centroid,200,1.0,1.0,0.0,4.575168498629727,19.0,0.0,0.04209519999949407,0.21047599999747035,4
credit_default,credit risk,13,3,0.0,immutable_l2,raw_leaf_projection,200,1.0,1.0,0.0,0.7192053390376517,1.305,1.0,0.010900100000071689,0.05450050000035844,4
credit_default,credit risk,13,3,0.0,immutable_l2,clbr,200,1.0,1.0,0.0,0.7192053390376517,1.305,1.0,0.010514599995076424,0.05257299997538212,4
credit_default,credit risk,13,3,0.0,immutable_l2,metric_leaf_projection,200,1.0,1.0,0.0,0.4113063942011296,1.115,1.0,0.010483299993211403,0.05241649996605702,4
credit_default,credit risk,13,3,0.0,immutable_l2,metric_clbr,200,1.0,1.0,0.0,0.4113063942011296,1.115,1.0,0.010269999998854473,0.051349999994272366,4
credit_default,credit risk,13,3,0.0,immutable_l2,exact_leaf,200,1.0,1.0,0.0,0.4113063942011296,1.115,1.0,0.04041050000432733,0.20205250002163666,4
credit_default,credit risk,13,3,0.0,immutable_l2,exact_leaf_cached,200,1.0,1.0,0.0,0.4113063942011296,1.115,1.0,0.021548899992922088,0.10774449996461044,4
credit_default,credit risk,13,3,0.0,immutable_l2,native_exact_k_sparse,200,1.0,1.0,0.0,0.4113063942011296,1.115,1.0,0.021212800002103904,0.10606400001051952,4
credit_default,credit risk,13,3,0.0,immutable_l2,clbr_uncached,200,1.0,1.0,0.0,0.7192053390376517,1.305,1.0,0.011555400005818228,0.05777700002909114,4
credit_default,credit risk,13,3,0.0,immutable_top3_l1,nn_positive_train,200,0.005,0.005,0.0,5.31814103539996,3.0,1.0,0.022304199996142415,0.11152099998071208,4
credit_default,credit risk,13,3,0.0,immutable_top3_l1,leaf_centroid,200,0.005,0.005,0.0,0.671653046558806,3.0,1.0,0.0400820000022577,0.2004100000112885,4
credit_default,credit risk,13,3,0.0,immutable_top3_l1,raw_leaf_projection,200,0.005,0.005,0.0,0.45631652578033544,1.0,1.0,0.009794400000828318,0.04897200000414159,4
credit_default,credit risk,13,3,0.0,immutable_top3_l1,clbr,200,0.005,0.005,0.0,0.45631652578033544,1.0,1.0,0.02176600000620965,0.10883000003104826,4
credit_default,credit risk,13,3,0.0,immutable_top3_l1,metric_leaf_projection,200,0.17,0.17,0.0,0.2796826396368128,1.0,1.0,0.009385799996380229,0.04692899998190114,4
credit_default,credit risk,13,3,0.0,immutable_top3_l1,metric_clbr,200,0.175,0.17,0.005,0.2972140357054706,1.0571428571428572,1.0,0.02064720000817033,0.10323600004085165,4
credit_default,credit risk,13,3,0.0,immutable_top3_l1,exact_leaf,200,0.31,0.31,0.0,0.7945630105354663,1.0,1.0,0.02959309999459947,0.14796549997299735,4
credit_default,credit risk,13,3,0.0,immutable_top3_l1,exact_leaf_cached,200,0.31,0.31,0.0,0.7945630105354663,1.0,1.0,0.01400250000278902,0.0700125000139451,4
credit_default,credit risk,13,3,0.0,immutable_top3_l1,native_exact_k_sparse,200,1.0,1.0,0.0,0.42989317285200473,1.09,1.0,0.02003810000132944,0.1001905000066472,4
credit_default,credit risk,13,3,0.0,immutable_top3_l1,clbr_uncached,200,0.005,0.005,0.0,0.45631652578033544,1.0,1.0,0.025031799998942006,0.12515899999471003,4
credit_default,credit risk,19,3,0.0,free_l2,nn_positive_train,200,1.0,1.0,0.0,4.686792200310732,17.55,0.0,0.023264600004040403,0.11632300002020202,5
credit_default,credit risk,19,3,0.0,free_l2,leaf_centroid,200,1.0,1.0,0.0,4.543045401321148,22.535,0.0,0.04460579999977199,0.22302899999885994,5
credit_default,credit risk,19,3,0.0,free_l2,raw_leaf_projection,200,1.0,1.0,0.0,0.6891330846548175,1.0,1.0,0.010714600004575914,0.05357300002287957,5
credit_default,credit risk,19,3,0.0,free_l2,clbr,200,1.0,1.0,0.0,0.6891330846548175,1.0,1.0,0.010254600001644576,0.05127300000822288,5
credit_default,credit risk,19,3,0.0,free_l2,metric_leaf_projection,200,1.0,1.0,0.0,0.37908669141597656,1.06,1.0,0.01009470000917645,0.05047350004588225,5
credit_default,credit risk,19,3,0.0,free_l2,metric_clbr,200,1.0,1.0,0.0,0.37908669141597656,1.06,1.0,0.010007500004576286,0.05003750002288143,5
credit_default,credit risk,19,3,0.0,free_l2,exact_leaf,200,1.0,1.0,0.0,0.37908669141597656,1.06,1.0,0.04663429999800428,0.2331714999900214,5
credit_default,credit risk,19,3,0.0,free_l2,exact_leaf_cached,200,1.0,1.0,0.0,0.37908669141597656,1.06,1.0,0.02093789999071305,0.10468949995356525,5
credit_default,credit risk,19,3,0.0,free_l2,native_exact_k_sparse,200,1.0,1.0,0.0,0.37908669141597656,1.06,1.0,0.02016060001369624,0.1008030000684812,5
credit_default,credit risk,19,3,0.0,free_l2,clbr_uncached,200,1.0,1.0,0.0,0.6891330846548175,1.0,1.0,0.012233399999786343,0.061166999998931715,5
credit_default,credit risk,19,3,0.0,immutable_l2,nn_positive_train,200,1.0,1.0,0.0,3.7289061985431955,15.045,0.005,0.023872200000369048,0.11936100000184524,5
credit_default,credit risk,19,3,0.0,immutable_l2,leaf_centroid,200,1.0,1.0,0.0,4.022765648725766,18.995,0.0,0.045864700003221515,0.22932350001610757,5
credit_default,credit risk,19,3,0.0,immutable_l2,raw_leaf_projection,200,1.0,1.0,0.0,0.6891330846548175,1.0,1.0,0.010966799998641363,0.05483399999320682,5
credit_default,credit risk,19,3,0.0,immutable_l2,clbr,200,1.0,1.0,0.0,0.6891330846548175,1.0,1.0,0.010223000004771166,0.05111500002385583,5
credit_default,credit risk,19,3,0.0,immutable_l2,metric_leaf_projection,200,1.0,1.0,0.0,0.37908669141597656,1.06,1.0,0.010403599992969248,0.05201799996484624,5
credit_default,credit risk,19,3,0.0,immutable_l2,metric_clbr,200,1.0,1.0,0.0,0.37908669141597656,1.06,1.0,0.010391599996182777,0.05195799998091388,5
credit_default,credit risk,19,3,0.0,immutable_l2,exact_leaf,200,1.0,1.0,0.0,0.37908669141597656,1.06,1.0,0.04899109999587381,0.24495549997936905,5
credit_default,credit risk,19,3,0.0,immutable_l2,exact_leaf_cached,200,1.0,1.0,0.0,0.37908669141597656,1.06,1.0,0.021669999993719102,0.10834999996859551,5
credit_default,credit risk,19,3,0.0,immutable_l2,native_exact_k_sparse,200,1.0,1.0,0.0,0.37908669141597656,1.06,1.0,0.02120270000068558,0.10601350000342791,5
credit_default,credit risk,19,3,0.0,immutable_l2,clbr_uncached,200,1.0,1.0,0.0,0.6891330846548175,1.0,1.0,0.012440300007256155,0.06220150003628078,5
credit_default,credit risk,19,3,0.0,immutable_top3_l1,nn_positive_train,200,0.015,0.015,0.0,1.757447852406699,3.0,1.0,0.023199500002192508,0.11599750001096254,5
credit_default,credit risk,19,3,0.0,immutable_top3_l1,leaf_centroid,200,0.015,0.015,0.0,1.713802072576492,3.0,1.0,0.04419050000979041,0.22095250004895206,5
credit_default,credit risk,19,3,0.0,immutable_top3_l1,raw_leaf_projection,200,0.005,0.005,0.0,0.4446019900998822,1.0,1.0,0.010590100002445979,0.052950500012229895,5
credit_default,credit risk,19,3,0.0,immutable_top3_l1,clbr,200,0.015,0.005,0.01,0.17002886610502801,2.3333333333333335,1.0,0.024390600002334395,0.12195300001167197,5
credit_default,credit risk,19,3,0.0,immutable_top3_l1,metric_leaf_projection,200,0.18,0.18,0.0,0.3148257709746723,1.0,1.0,0.009827999991102843,0.04913999995551421,5
credit_default,credit risk,19,3,0.0,immutable_top3_l1,metric_clbr,200,0.185,0.18,0.005,0.3304752388405478,1.054054054054054,1.0,0.021633399991515034,0.10816699995757517,5
credit_default,credit risk,19,3,0.0,immutable_top3_l1,exact_leaf,200,0.345,0.345,0.0,0.8534792107471074,1.0,1.0,0.039017000011881464,0.19508500005940732,5
credit_default,credit risk,19,3,0.0,immutable_top3_l1,exact_leaf_cached,200,0.345,0.345,0.0,0.8534792107471074,1.0,1.0,0.014923900004760071,0.07461950002380036,5
credit_default,credit risk,19,3,0.0,immutable_top3_l1,native_exact_k_sparse,200,1.0,1.0,0.0,0.3794271505594227,1.06,1.0,0.021595700006400875,0.10797850003200438,5
credit_default,credit risk,19,3,0.0,immutable_top3_l1,clbr_uncached,200,0.015,0.005,0.01,0.17002886610502801,2.3333333333333335,1.0,0.028226599995832657,0.1411329999791633,5
credit_default,credit risk,29,3,0.0,free_l2,nn_positive_train,200,1.0,1.0,0.0,4.713894358479058,18.005,0.0,0.022938699996302603,0.11469349998151301,6
credit_default,credit risk,29,3,0.0,free_l2,leaf_centroid,200,1.0,1.0,0.0,5.132552655206493,23.0,0.0,0.051304300007359416,0.2565215000367971,6
credit_default,credit risk,29,3,0.0,free_l2,raw_leaf_projection,200,1.0,1.0,0.0,1.0412698364710773,1.0,1.0,0.011591599998610036,0.05795799999305018,6
credit_default,credit risk,29,3,0.0,free_l2,clbr,200,1.0,1.0,0.0,1.0412698364710773,1.0,1.0,0.010140600003069267,0.05070300001534633,6
credit_default,credit risk,29,3,0.0,free_l2,metric_leaf_projection,200,1.0,1.0,0.0,1.0412698364710773,1.0,1.0,0.010535299999901326,0.05267649999950663,6
credit_default,credit risk,29,3,0.0,free_l2,metric_clbr,200,1.0,1.0,0.0,1.0412698364710773,1.0,1.0,0.01072770000428136,0.0536385000214068,6
credit_default,credit risk,29,3,0.0,free_l2,exact_leaf,200,1.0,1.0,0.0,1.0412698364710773,1.0,1.0,0.05690469999353809,0.28452349996769044,6
credit_default,credit risk,29,3,0.0,free_l2,exact_leaf_cached,200,1.0,1.0,0.0,1.0412698364710773,1.0,1.0,0.022530900001584087,0.11265450000792043,6
credit_default,credit risk,29,3,0.0,free_l2,native_exact_k_sparse,200,1.0,1.0,0.0,1.0412698364710773,1.0,1.0,0.021292500005074544,0.10646250002537272,6
credit_default,credit risk,29,3,0.0,free_l2,clbr_uncached,200,1.0,1.0,0.0,1.0412698364710773,1.0,1.0,0.013845099992977339,0.0692254999648867,6
credit_default,credit risk,29,3,0.0,immutable_l2,nn_positive_train,200,1.0,1.0,0.0,3.7279158562179293,15.415,0.005,0.022238700004891143,0.11119350002445572,6
credit_default,credit risk,29,3,0.0,immutable_l2,leaf_centroid,200,1.0,1.0,0.0,4.653575156721679,19.0,0.0,0.04886579999947571,0.24432899999737856,6
credit_default,credit risk,29,3,0.0,immutable_l2,raw_leaf_projection,200,1.0,1.0,0.0,1.0412698364710773,1.0,1.0,0.010685799990824307,0.05342899995412154,6
credit_default,credit risk,29,3,0.0,immutable_l2,clbr,200,1.0,1.0,0.0,1.0412698364710773,1.0,1.0,0.01020720000997244,0.051036000049862196,6
credit_default,credit risk,29,3,0.0,immutable_l2,metric_leaf_projection,200,1.0,1.0,0.0,1.0412698364710773,1.0,1.0,0.010080799995193956,0.05040399997596978,6
credit_default,credit risk,29,3,0.0,immutable_l2,metric_clbr,200,1.0,1.0,0.0,1.0412698364710773,1.0,1.0,0.010039199994935188,0.05019599997467594,6
credit_default,credit risk,29,3,0.0,immutable_l2,exact_leaf,200,1.0,1.0,0.0,1.0412698364710773,1.0,1.0,0.05422090000138269,0.27110450000691344,6
credit_default,credit risk,29,3,0.0,immutable_l2,exact_leaf_cached,200,1.0,1.0,0.0,1.0412698364710773,1.0,1.0,0.020782999998118612,0.10391499999059306,6
credit_default,credit risk,29,3,0.0,immutable_l2,native_exact_k_sparse,200,1.0,1.0,0.0,1.0412698364710773,1.0,1.0,0.020218399999066605,0.10109199999533303,6
credit_default,credit risk,29,3,0.0,immutable_l2,clbr_uncached,200,1.0,1.0,0.0,1.0412698364710773,1.0,1.0,0.01267520000328659,0.06337600001643295,6
credit_default,credit risk,29,3,0.0,immutable_top3_l1,nn_positive_train,200,0.005,0.005,0.0,7.021333729345938,3.0,1.0,0.022242700004426297,0.11121350002213148,6
credit_default,credit risk,29,3,0.0,immutable_top3_l1,leaf_centroid,200,0.005,0.005,0.0,3.7440149175397504,3.0,1.0,0.04993120000472118,0.24965600002360588,6
credit_default,credit risk,29,3,0.0,immutable_top3_l1,raw_leaf_projection,200,0.005,0.005,0.0,1.3572022474853682,1.0,1.0,0.010646799995811307,0.053233999979056534,6
credit_default,credit risk,29,3,0.0,immutable_top3_l1,clbr,200,0.005,0.005,0.0,1.3572022474853682,1.0,1.0,0.023496399997384287,0.11748199998692144,6
credit_default,credit risk,29,3,0.0,immutable_top3_l1,metric_leaf_projection,200,0.005,0.005,0.0,1.3572022474853682,1.0,1.0,0.009955600001376297,0.049778000006881484,6
credit_default,credit risk,29,3,0.0,immutable_top3_l1,metric_clbr,200,0.005,0.005,0.0,1.3572022474853682,1.0,1.0,0.023579100005918008,0.11789550002959004,6
credit_default,credit risk,29,3,0.0,immutable_top3_l1,exact_leaf,200,0.005,0.005,0.0,1.3572022474853682,1.0,1.0,0.0423610999914672,0.211805499957336,6
credit_default,credit risk,29,3,0.0,immutable_top3_l1,exact_leaf_cached,200,0.005,0.005,0.0,1.3572022474853682,1.0,1.0,0.012056200006554718,0.06028100003277359,6
credit_default,credit risk,29,3,0.0,immutable_top3_l1,native_exact_k_sparse,200,1.0,1.0,0.0,1.0412698364710773,1.0,1.0,0.02157610000722343,0.10788050003611716,6
credit_default,credit risk,29,3,0.0,immutable_top3_l1,clbr_uncached,200,0.005,0.005,0.0,1.3572022474853682,1.0,1.0,0.02703819998896506,0.1351909999448253,6
credit_default,credit risk,37,3,0.0,free_l2,nn_positive_train,200,1.0,1.0,0.0,4.758652374410356,17.64,0.0,0.022740899993550556,0.11370449996775278,6
credit_default,credit risk,37,3,0.0,free_l2,leaf_centroid,200,1.0,1.0,0.0,4.127107316722145,22.935,0.0,0.04756030000316969,0.23780150001584843,6
credit_default,credit risk,37,3,0.0,free_l2,raw_leaf_projection,200,1.0,1.0,0.0,0.5769444359426086,1.0,1.0,0.009916099990732619,0.04958049995366309,6
credit_default,credit risk,37,3,0.0,free_l2,clbr,200,1.0,1.0,0.0,0.5769444359426086,1.0,1.0,0.009099800006879377,0.045499000034396886,6
credit_default,credit risk,37,3,0.0,free_l2,metric_leaf_projection,200,1.0,1.0,0.0,0.41063053122528376,1.0,1.0,0.009218600002895982,0.04609300001447991,6
credit_default,credit risk,37,3,0.0,free_l2,metric_clbr,200,1.0,1.0,0.0,0.41063053122528376,1.0,1.0,0.009223300005942292,0.04611650002971146,6
credit_default,credit risk,37,3,0.0,free_l2,exact_leaf,200,1.0,1.0,0.0,0.41063053122528376,1.0,1.0,0.049473500002022774,0.24736750001011387,6
credit_default,credit risk,37,3,0.0,free_l2,exact_leaf_cached,200,1.0,1.0,0.0,0.41063053122528376,1.0,1.0,0.01980299999468116,0.09901499997340579,6
credit_default,credit risk,37,3,0.0,free_l2,native_exact_k_sparse,200,1.0,1.0,0.0,0.41063053122528376,1.0,1.0,0.018720699993536982,0.09360349996768491,6
credit_default,credit risk,37,3,0.0,free_l2,clbr_uncached,200,1.0,1.0,0.0,0.5769444359426086,1.0,1.0,0.011739300000954245,0.058696500004771224,6
credit_default,credit risk,37,3,0.0,immutable_l2,nn_positive_train,200,1.0,1.0,0.0,3.7572880337306924,15.08,0.01,0.022118399999271787,0.11059199999635894,6
credit_default,credit risk,37,3,0.0,immutable_l2,leaf_centroid,200,1.0,1.0,0.0,3.503242840649686,18.935,0.0,0.0478240999927948,0.239120499963974,6
credit_default,credit risk,37,3,0.0,immutable_l2,raw_leaf_projection,200,1.0,1.0,0.0,0.5769444359426086,1.0,1.0,0.010452699983943603,0.052263499919718015,6
credit_default,credit risk,37,3,0.0,immutable_l2,clbr,200,1.0,1.0,0.0,0.5769444359426086,1.0,1.0,0.009448099998735415,0.047240499993677076,6
credit_default,credit risk,37,3,0.0,immutable_l2,metric_leaf_projection,200,1.0,1.0,0.0,0.41063053122528376,1.0,1.0,0.009492099990893621,0.047460499954468105,6
credit_default,credit risk,37,3,0.0,immutable_l2,metric_clbr,200,1.0,1.0,0.0,0.41063053122528376,1.0,1.0,0.00916450000477198,0.0458225000238599,6
credit_default,credit risk,37,3,0.0,immutable_l2,exact_leaf,200,1.0,1.0,0.0,0.41063053122528376,1.0,1.0,0.04837329999918438,0.2418664999959219,6
credit_default,credit risk,37,3,0.0,immutable_l2,exact_leaf_cached,200,1.0,1.0,0.0,0.41063053122528376,1.0,1.0,0.018992899999830115,0.09496449999915058,6
credit_default,credit risk,37,3,0.0,immutable_l2,native_exact_k_sparse,200,1.0,1.0,0.0,0.41063053122528376,1.0,1.0,0.01797750000423548,0.0898875000211774,6
credit_default,credit risk,37,3,0.0,immutable_l2,clbr_uncached,200,1.0,1.0,0.0,0.5769444359426086,1.0,1.0,0.011528399997587258,0.05764199998793629,6
credit_default,credit risk,37,3,0.0,immutable_top3_l1,nn_positive_train,200,0.015,0.015,0.0,3.6270728395299305,3.0,1.0,0.024286899991238897,0.12143449995619449,6
credit_default,credit risk,37,3,0.0,immutable_top3_l1,leaf_centroid,200,0.01,0.01,0.0,3.920613006332518,3.0,1.0,0.04846919999545207,0.24234599997726036,6
credit_default,credit risk,37,3,0.0,immutable_top3_l1,raw_leaf_projection,200,0.01,0.01,0.0,0.43879032448975996,1.0,1.0,0.009778500001630164,0.04889250000815082,6
credit_default,credit risk,37,3,0.0,immutable_top3_l1,clbr,200,0.015,0.01,0.005,0.7831810130543442,1.6666666666666667,1.0,0.02144069999758358,0.1072034999879179,6
credit_default,credit risk,37,3,0.0,immutable_top3_l1,metric_leaf_projection,200,0.045,0.045,0.0,0.3012156338243638,1.0,1.0,0.008883900010005163,0.04441950005002582,6
credit_default,credit risk,37,3,0.0,immutable_top3_l1,metric_clbr,200,0.05,0.045,0.005,0.4182903094602787,1.2,1.0,0.02035139999952662,0.1017569999976331,6
credit_default,credit risk,37,3,0.0,immutable_top3_l1,exact_leaf,200,0.1,0.1,0.0,0.46053885682612583,1.0,1.0,0.037670399997296045,0.18835199998648022,6
credit_default,credit risk,37,3,0.0,immutable_top3_l1,exact_leaf_cached,200,0.1,0.1,0.0,0.46053885682612583,1.0,1.0,0.011767700003474602,0.05883850001737301,6
credit_default,credit risk,37,3,0.0,immutable_top3_l1,native_exact_k_sparse,200,1.0,1.0,0.0,0.41063053122528376,1.0,1.0,0.019817900006273703,0.09908950003136852,6
credit_default,credit risk,37,3,0.0,immutable_top3_l1,clbr_uncached,200,0.015,0.01,0.005,0.7831810130543442,1.6666666666666667,1.0,0.02526719999514171,0.12633599997570855,6
credit_default,credit risk,41,3,0.0,free_l2,nn_positive_train,200,1.0,1.0,0.0,4.57484528290704,17.39,0.0,0.02419609999469685,0.12098049997348426,5
credit_default,credit risk,41,3,0.0,free_l2,leaf_centroid,200,1.0,1.0,0.0,4.684676565425306,23.0,0.0,0.04600430000391498,0.2300215000195749,5
credit_default,credit risk,41,3,0.0,free_l2,raw_leaf_projection,200,1.0,1.0,0.0,0.6691568770070704,1.305,1.0,0.011021899998013396,0.05510949999006698,5
credit_default,credit risk,41,3,0.0,free_l2,clbr,200,1.0,1.0,0.0,0.6691568770070704,1.305,1.0,0.01038010000684153,0.05190050003420765,5
credit_default,credit risk,41,3,0.0,free_l2,metric_leaf_projection,200,1.0,1.0,0.0,0.4207880445121678,1.125,1.0,0.010473499999534397,0.052367499997671985,5
credit_default,credit risk,41,3,0.0,free_l2,metric_clbr,200,1.0,1.0,0.0,0.4207880445121678,1.125,1.0,0.010329899991120328,0.05164949995560164,5
credit_default,credit risk,41,3,0.0,free_l2,exact_leaf,200,1.0,1.0,0.0,0.4207880445121678,1.125,1.0,0.04813300000660092,0.24066500003300462,5
credit_default,credit risk,41,3,0.0,free_l2,exact_leaf_cached,200,1.0,1.0,0.0,0.4207880445121678,1.125,1.0,0.0221999000013966,0.110999500006983,5
credit_default,credit risk,41,3,0.0,free_l2,native_exact_k_sparse,200,1.0,1.0,0.0,0.4207880445121678,1.125,1.0,0.020762800007105398,0.10381400003552699,5
credit_default,credit risk,41,3,0.0,free_l2,clbr_uncached,200,1.0,1.0,0.0,0.6691568770070704,1.305,1.0,0.012096500000552624,0.06048250000276312,5
credit_default,credit risk,41,3,0.0,immutable_l2,nn_positive_train,200,1.0,1.0,0.0,3.625754153758164,14.885,0.015,0.02217110000219691,0.11085550001098454,5
credit_default,credit risk,41,3,0.0,immutable_l2,leaf_centroid,200,1.0,1.0,0.0,4.131564870661456,19.0,0.0,0.04473400000097172,0.2236700000048586,5
credit_default,credit risk,41,3,0.0,immutable_l2,raw_leaf_projection,200,1.0,1.0,0.0,0.6691568770070704,1.305,1.0,0.010793799996463349,0.053968999982316745,5
credit_default,credit risk,41,3,0.0,immutable_l2,clbr,200,1.0,1.0,0.0,0.6691568770070704,1.305,1.0,0.00982640000347601,0.04913200001738005,5
credit_default,credit risk,41,3,0.0,immutable_l2,metric_leaf_projection,200,1.0,1.0,0.0,0.4207880445121678,1.125,1.0,0.009906600005706423,0.049533000028532115,5
credit_default,credit risk,41,3,0.0,immutable_l2,metric_clbr,200,1.0,1.0,0.0,0.4207880445121678,1.125,1.0,0.009811100003389583,0.04905550001694792,5
credit_default,credit risk,41,3,0.0,immutable_l2,exact_leaf,200,1.0,1.0,0.0,0.4207880445121678,1.125,1.0,0.04577190000236442,0.2288595000118221,5
credit_default,credit risk,41,3,0.0,immutable_l2,exact_leaf_cached,200,1.0,1.0,0.0,0.4207880445121678,1.125,1.0,0.02120990000457823,0.10604950002289115,5
credit_default,credit risk,41,3,0.0,immutable_l2,native_exact_k_sparse,200,1.0,1.0,0.0,0.4207880445121678,1.125,1.0,0.020041199994921044,0.10020599997460522,5
credit_default,credit risk,41,3,0.0,immutable_l2,clbr_uncached,200,1.0,1.0,0.0,0.6691568770070704,1.305,1.0,0.01201239999045356,0.0600619999522678,5
credit_default,credit risk,41,3,0.0,immutable_top3_l1,nn_positive_train,200,0.02,0.02,0.0,4.747209937510043,3.0,1.0,0.021536900005230564,0.10768450002615282,5
credit_default,credit risk,41,3,0.0,immutable_top3_l1,leaf_centroid,200,0.135,0.135,0.0,1.077912343605373,3.0,1.0,0.04178559999218123,0.20892799996090616,5
credit_default,credit risk,41,3,0.0,immutable_top3_l1,raw_leaf_projection,200,0.015,0.015,0.0,0.4493930326104891,1.0,1.0,0.009574300005624536,0.04787150002812268,5
credit_default,credit risk,41,3,0.0,immutable_top3_l1,clbr,200,0.02,0.015,0.005,0.3424932420888791,1.5,1.0,0.02156260000083421,0.10781300000417104,5
credit_default,credit risk,41,3,0.0,immutable_top3_l1,metric_leaf_projection,200,0.19,0.19,0.0,0.336250791299227,1.0,1.0,0.009088099997825339,0.04544049998912669,5
credit_default,credit risk,41,3,0.0,immutable_top3_l1,metric_clbr,200,0.19,0.19,0.0,0.336250791299227,1.0,1.0,0.018577199999526783,0.09288599999763392,5
credit_default,credit risk,41,3,0.0,immutable_top3_l1,exact_leaf,200,0.305,0.305,0.0,0.6922466571268161,1.0,1.0,0.0345288000007713,0.1726440000038565,5
credit_default,credit risk,41,3,0.0,immutable_top3_l1,exact_leaf_cached,200,0.305,0.305,0.0,0.6922466571268161,1.0,1.0,0.013536999994357757,0.06768499997178878,5
credit_default,credit risk,41,3,0.0,immutable_top3_l1,native_exact_k_sparse,200,1.0,1.0,0.0,0.44685800199891984,1.095,1.0,0.019147900001371454,0.09573950000685727,5
credit_default,credit risk,41,3,0.0,immutable_top3_l1,clbr_uncached,200,0.02,0.015,0.005,0.3424932420888791,1.5,1.0,0.024750200006565137,0.12375100003282569,5
credit_default,credit risk,53,3,0.0,free_l2,nn_positive_train,200,1.0,1.0,0.0,4.818486046907849,18.06,0.0,0.024756700004218146,0.12378350002109073,5
credit_default,credit risk,53,3,0.0,free_l2,leaf_centroid,200,1.0,1.0,0.0,4.76118670191391,22.4,0.0,0.04716080000889633,0.23580400004448165,5
credit_default,credit risk,53,3,0.0,free_l2,raw_leaf_projection,200,1.0,1.0,0.0,0.6747585622567525,1.23,1.0,0.011606199997004296,0.05803099998502148,5
credit_default,credit risk,53,3,0.0,free_l2,clbr,200,1.0,1.0,0.0,0.6747585622567525,1.23,1.0,0.01058679999641754,0.0529339999820877,5
credit_default,credit risk,53,3,0.0,free_l2,metric_leaf_projection,200,1.0,1.0,0.0,0.5914731858828207,1.225,1.0,0.010214899994934967,0.051074499974674836,5
credit_default,credit risk,53,3,0.0,free_l2,metric_clbr,200,1.0,1.0,0.0,0.5914731858828207,1.225,1.0,0.010564000000158558,0.05282000000079279,5
credit_default,credit risk,53,3,0.0,free_l2,exact_leaf,200,1.0,1.0,0.0,0.5914731858828207,1.225,1.0,0.04577509999398899,0.22887549996994494,5
credit_default,credit risk,53,3,0.0,free_l2,exact_leaf_cached,200,1.0,1.0,0.0,0.5914731858828207,1.225,1.0,0.022322400001030474,0.11161200000515237,5
credit_default,credit risk,53,3,0.0,free_l2,native_exact_k_sparse,200,1.0,1.0,0.0,0.5914731858828207,1.225,1.0,0.020284899995203887,0.10142449997601943,5
credit_default,credit risk,53,3,0.0,free_l2,clbr_uncached,200,1.0,1.0,0.0,0.6747585622567525,1.23,1.0,0.011754300008760765,0.058771500043803826,5
credit_default,credit risk,53,3,0.0,immutable_l2,nn_positive_train,200,1.0,1.0,0.0,3.7900694036745874,15.47,0.005,0.02445320000333595,0.12226600001667975,5
credit_default,credit risk,53,3,0.0,immutable_l2,leaf_centroid,200,0.935,0.935,0.0,4.303028945484472,18.56149732620321,0.0,0.051232499997240666,0.25616249998620333,5
credit_default,credit risk,53,3,0.0,immutable_l2,raw_leaf_projection,200,0.965,0.965,0.0,0.6832439082027886,1.2279792746113989,1.0,0.011333099996591045,0.056665499982955225,5
credit_default,credit risk,53,3,0.0,immutable_l2,clbr,200,1.0,0.965,0.035,0.7388887255883457,1.7,0.965,0.013641499989716976,0.06820749994858488,5
credit_default,credit risk,53,3,0.0,immutable_l2,metric_leaf_projection,200,0.84,0.84,0.0,0.567529559315171,1.2142857142857142,1.0,0.010821199995916686,0.05410599997958343,5
credit_default,credit risk,53,3,0.0,immutable_l2,metric_clbr,200,1.0,0.84,0.16,0.8801573215828142,3.445,0.84,0.022803900010330835,0.11401950005165418,5
credit_default,credit risk,53,3,0.0,immutable_l2,exact_leaf,200,1.0,1.0,0.0,0.7054709502734029,1.235,1.0,0.04872059999797784,0.2436029999898892,5
credit_default,credit risk,53,3,0.0,immutable_l2,exact_leaf_cached,200,1.0,1.0,0.0,0.7054709502734029,1.235,1.0,0.023641699996915122,0.11820849998457561,5
credit_default,credit risk,53,3,0.0,immutable_l2,native_exact_k_sparse,200,1.0,1.0,0.0,0.7054709502734029,1.235,1.0,0.022925499999473686,0.11462749999736843,5
credit_default,credit risk,53,3,0.0,immutable_l2,clbr_uncached,200,1.0,0.965,0.035,0.7388887255883457,1.7,0.965,0.015421000000969798,0.07710500000484899,5
credit_default,credit risk,53,3,0.0,immutable_top3_l1,nn_positive_train,200,0.005,0.005,0.0,3.5395408164362023,3.0,1.0,0.022257599997828947,0.11128799998914474,5
credit_default,credit risk,53,3,0.0,immutable_top3_l1,leaf_centroid,200,0.0,0.0,0.0,inf,nan,nan,0.046890200002962956,0.23445100001481478,5
credit_default,credit risk,53,3,0.0,immutable_top3_l1,raw_leaf_projection,200,0.005,0.005,0.0,0.4507564706821243,1.0,1.0,0.010181799993915774,0.05090899996957887,5
credit_default,credit risk,53,3,0.0,immutable_top3_l1,clbr,200,0.005,0.005,0.0,0.4507564706821243,1.0,1.0,0.023003300002528704,0.11501650001264352,5
credit_default,credit risk,53,3,0.0,immutable_top3_l1,metric_leaf_projection,200,0.005,0.005,0.0,0.4507564706821243,1.0,1.0,0.01027799999974377,0.05138999999871885,5
credit_default,credit risk,53,3,0.0,immutable_top3_l1,metric_clbr,200,0.005,0.005,0.0,0.4507564706821243,1.0,1.0,0.02223960000628722,0.1111980000314361,5
credit_default,credit risk,53,3,0.0,immutable_top3_l1,exact_leaf,200,0.005,0.005,0.0,0.4507564706821243,1.0,1.0,0.03446629999689321,0.17233149998446606,5
credit_default,credit risk,53,3,0.0,immutable_top3_l1,exact_leaf_cached,200,0.005,0.005,0.0,0.4507564706821243,1.0,1.0,0.011487899994790496,0.05743949997395248,5
credit_default,credit risk,53,3,0.0,immutable_top3_l1,native_exact_k_sparse,200,1.0,1.0,0.0,0.7626462128740293,1.045,1.0,0.020857399995293235,0.10428699997646618,5
credit_default,credit risk,53,3,0.0,immutable_top3_l1,clbr_uncached,200,0.005,0.005,0.0,0.4507564706821243,1.0,1.0,0.025166799998260103,0.12583399999130052,5
credit_default,credit risk,61,3,0.0,free_l2,nn_positive_train,200,1.0,1.0,0.0,4.771957225367206,17.275,0.0,0.024149899993062718,0.12074949996531359,5
credit_default,credit risk,61,3,0.0,free_l2,leaf_centroid,200,1.0,1.0,0.0,4.6498200354023576,23.0,0.0,0.04927580000003218,0.24637900000016089,5
credit_default,credit risk,61,3,0.0,free_l2,raw_leaf_projection,200,1.0,1.0,0.0,0.6423627103898746,1.0,1.0,0.011803400002463604,0.05901700001231802,5
credit_default,credit risk,61,3,0.0,free_l2,clbr,200,1.0,1.0,0.0,0.6423627103898746,1.0,1.0,0.010642500003086752,0.05321250001543376,5
credit_default,credit risk,61,3,0.0,free_l2,metric_leaf_projection,200,1.0,1.0,0.0,0.2608298689923242,1.11,1.0,0.011013099997398967,0.05506549998699484,5
credit_default,credit risk,61,3,0.0,free_l2,metric_clbr,200,1.0,1.0,0.0,0.2608298689923242,1.11,1.0,0.010265400009302539,0.051327000046512694,5
credit_default,credit risk,61,3,0.0,free_l2,exact_leaf,200,1.0,1.0,0.0,0.2608298689923242,1.11,1.0,0.049037900002986134,0.24518950001493067,5
credit_default,credit risk,61,3,0.0,free_l2,exact_leaf_cached,200,1.0,1.0,0.0,0.2608298689923242,1.11,1.0,0.022966000002270448,0.11483000001135224,5
credit_default,credit risk,61,3,0.0,free_l2,native_exact_k_sparse,200,1.0,1.0,0.0,0.2608298689923242,1.11,1.0,0.022717399998327892,0.11358699999163946,5
credit_default,credit risk,61,3,0.0,free_l2,clbr_uncached,200,1.0,1.0,0.0,0.6423627103898746,1.0,1.0,0.012570100001539686,0.06285050000769843,5
credit_default,credit risk,61,3,0.0,immutable_l2,nn_positive_train,200,1.0,1.0,0.0,3.7796560306926428,14.76,0.005,0.024551899998186855,0.12275949999093427,5
credit_default,credit risk,61,3,0.0,immutable_l2,leaf_centroid,200,1.0,1.0,0.0,4.0664066065220075,19.0,0.0,0.05261640000571788,0.2630820000285894,5
credit_default,credit risk,61,3,0.0,immutable_l2,raw_leaf_projection,200,1.0,1.0,0.0,0.6423627103898746,1.0,1.0,0.012073799997779133,0.060368999988895666,5
credit_default,credit risk,61,3,0.0,immutable_l2,clbr,200,1.0,1.0,0.0,0.6423627103898746,1.0,1.0,0.010538899989114725,0.052694499945573625,5
credit_default,credit risk,61,3,0.0,immutable_l2,metric_leaf_projection,200,1.0,1.0,0.0,0.2608298689923242,1.11,1.0,0.010570399999778601,0.05285199999889301,5
credit_default,credit risk,61,3,0.0,immutable_l2,metric_clbr,200,1.0,1.0,0.0,0.2608298689923242,1.11,1.0,0.010777399996186432,0.05388699998093216,5
credit_default,credit risk,61,3,0.0,immutable_l2,exact_leaf,200,1.0,1.0,0.0,0.2608298689923242,1.11,1.0,0.04876110000623157,0.24380550003115786,5
credit_default,credit risk,61,3,0.0,immutable_l2,exact_leaf_cached,200,1.0,1.0,0.0,0.2608298689923242,1.11,1.0,0.022578400004022114,0.11289200002011057,5
credit_default,credit risk,61,3,0.0,immutable_l2,native_exact_k_sparse,200,1.0,1.0,0.0,0.2608298689923242,1.11,1.0,0.021498600002814783,0.10749300001407391,5
credit_default,credit risk,61,3,0.0,immutable_l2,clbr_uncached,200,1.0,1.0,0.0,0.6423627103898746,1.0,1.0,0.013101199999255186,0.06550599999627593,5
credit_default,credit risk,61,3,0.0,immutable_top3_l1,nn_positive_train,200,0.04,0.04,0.0,1.188507901962469,3.0,1.0,0.023784999993949896,0.11892499996974948,5
credit_default,credit risk,61,3,0.0,immutable_top3_l1,leaf_centroid,200,0.045,0.045,0.0,0.8435939950611211,3.0,1.0,0.047520499987513176,0.23760249993756588,5
credit_default,credit risk,61,3,0.0,immutable_top3_l1,raw_leaf_projection,200,0.005,0.005,0.0,0.4555763903474287,1.0,1.0,0.011037899989787547,0.05518949994893774,5
credit_default,credit risk,61,3,0.0,immutable_top3_l1,clbr,200,0.04,0.005,0.035,0.16395982893129057,2.75,1.0,0.02700699999513745,0.13503499997568724,5
credit_default,credit risk,61,3,0.0,immutable_top3_l1,metric_leaf_projection,200,0.12,0.12,0.0,0.17148510943016473,1.0,1.0,0.010537600001043756,0.05268800000521878,5
credit_default,credit risk,61,3,0.0,immutable_top3_l1,metric_clbr,200,0.125,0.12,0.005,0.20007919607416558,1.08,1.0,0.021453399999700196,0.10726699999850098,5
credit_default,credit risk,61,3,0.0,immutable_top3_l1,exact_leaf,200,0.235,0.235,0.0,0.7554305094618136,1.0,1.0,0.03835909999634168,0.19179549998170842,5
credit_default,credit risk,61,3,0.0,immutable_top3_l1,exact_leaf_cached,200,0.235,0.235,0.0,0.7554305094618136,1.0,1.0,0.014472300003035343,0.07236150001517672,5
credit_default,credit risk,61,3,0.0,immutable_top3_l1,native_exact_k_sparse,200,1.0,1.0,0.0,0.26376331245587037,1.105,1.0,0.022125999994386802,0.11062999997193401,5
credit_default,credit risk,61,3,0.0,immutable_top3_l1,clbr_uncached,200,0.04,0.005,0.035,0.16395982893129057,2.75,1.0,0.028634300003432145,0.14317150001716072,5
credit_default,credit risk,73,3,0.0,free_l2,nn_positive_train,200,1.0,1.0,0.0,4.7663526033588655,17.615,0.0,0.023746799992295564,0.11873399996147782,6
credit_default,credit risk,73,3,0.0,free_l2,leaf_centroid,200,1.0,1.0,0.0,4.000871044485364,22.865,0.0,0.05058780000308616,0.2529390000154308,6
credit_default,credit risk,73,3,0.0,free_l2,raw_leaf_projection,200,1.0,1.0,0.0,0.5969035647984594,1.0,1.0,0.010772999986329523,0.05386499993164762,6
credit_default,credit risk,73,3,0.0,free_l2,clbr,200,1.0,1.0,0.0,0.5969035647984594,1.0,1.0,0.010384299998804636,0.05192149999402318,6
credit_default,credit risk,73,3,0.0,free_l2,metric_leaf_projection,200,1.0,1.0,0.0,0.44149225921988217,1.12,1.0,0.010114099999555037,0.05057049999777519,6
credit_default,credit risk,73,3,0.0,free_l2,metric_clbr,200,1.0,1.0,0.0,0.44149225921988217,1.12,1.0,0.009882600005767017,0.049413000028835086,6
credit_default,credit risk,73,3,0.0,free_l2,exact_leaf,200,1.0,1.0,0.0,0.44149225921988217,1.12,1.0,0.05227770000510645,0.26138850002553227,6
credit_default,credit risk,73,3,0.0,free_l2,exact_leaf_cached,200,1.0,1.0,0.0,0.44149225921988217,1.12,1.0,0.02053850000811508,0.1026925000405754,6
credit_default,credit risk,73,3,0.0,free_l2,native_exact_k_sparse,200,1.0,1.0,0.0,0.44149225921988217,1.12,1.0,0.019128299994918052,0.09564149997459026,6
credit_default,credit risk,73,3,0.0,free_l2,clbr_uncached,200,1.0,1.0,0.0,0.5969035647984594,1.0,1.0,0.012344599997049954,0.06172299998524977,6
credit_default,credit risk,73,3,0.0,immutable_l2,nn_positive_train,200,1.0,1.0,0.0,3.728170659424718,15.04,0.015,0.021981500005495036,0.10990750002747518,6
credit_default,credit risk,73,3,0.0,immutable_l2,leaf_centroid,200,1.0,1.0,0.0,3.3844610575735588,18.865,0.0,0.04660510000485374,0.2330255000242687,6
credit_default,credit risk,73,3,0.0,immutable_l2,raw_leaf_projection,200,1.0,1.0,0.0,0.5969035647984594,1.0,1.0,0.010023499999078922,0.05011749999539461,6
credit_default,credit risk,73,3,0.0,immutable_l2,clbr,200,1.0,1.0,0.0,0.5969035647984594,1.0,1.0,0.009516400000393332,0.04758200000196666,6
credit_default,credit risk,73,3,0.0,immutable_l2,metric_leaf_projection,200,1.0,1.0,0.0,0.44149225921988217,1.12,1.0,0.009362699999655888,0.04681349999827944,6
credit_default,credit risk,73,3,0.0,immutable_l2,metric_clbr,200,1.0,1.0,0.0,0.44149225921988217,1.12,1.0,0.009735799999361916,0.04867899999680958,6
credit_default,credit risk,73,3,0.0,immutable_l2,exact_leaf,200,1.0,1.0,0.0,0.44149225921988217,1.12,1.0,0.04978799999571493,0.24893999997857463,6
credit_default,credit risk,73,3,0.0,immutable_l2,exact_leaf_cached,200,1.0,1.0,0.0,0.44149225921988217,1.12,1.0,0.019350399999893853,0.09675199999946926,6
credit_default,credit risk,73,3,0.0,immutable_l2,native_exact_k_sparse,200,1.0,1.0,0.0,0.44149225921988217,1.12,1.0,0.018679599996175966,0.09339799998087983,6
credit_default,credit risk,73,3,0.0,immutable_l2,clbr_uncached,200,1.0,1.0,0.0,0.5969035647984594,1.0,1.0,0.011444799999480892,0.05722399999740446,6
credit_default,credit risk,73,3,0.0,immutable_top3_l1,nn_positive_train,200,0.02,0.02,0.0,4.154226497973973,3.0,1.0,0.02095999999983178,0.1047999999991589,6
credit_default,credit risk,73,3,0.0,immutable_top3_l1,leaf_centroid,200,0.015,0.015,0.0,3.396478570414434,3.0,1.0,0.04459519999454642,0.2229759999727321,6
credit_default,credit risk,73,3,0.0,immutable_top3_l1,raw_leaf_projection,200,0.015,0.015,0.0,0.44462117463081446,1.0,1.0,0.008973899998636625,0.044869499993183126,6
credit_default,credit risk,73,3,0.0,immutable_top3_l1,clbr,200,0.02,0.015,0.005,0.34109380749400386,1.5,1.0,0.01949680000234366,0.09748400001171831,6
credit_default,credit risk,73,3,0.0,immutable_top3_l1,metric_leaf_projection,200,0.03,0.03,0.0,0.5875665090777912,1.0,1.0,0.008350799989784718,0.04175399994892359,6
credit_default,credit risk,73,3,0.0,immutable_top3_l1,metric_clbr,200,0.045,0.03,0.015,0.8188118624538172,1.6666666666666667,1.0,0.01997990000381833,0.09989950001909165,6
credit_default,credit risk,73,3,0.0,immutable_top3_l1,exact_leaf,200,0.12,0.12,0.0,0.6790374306114292,1.0,1.0,0.03645779999442311,0.18228899997211556,6
credit_default,credit risk,73,3,0.0,immutable_top3_l1,exact_leaf_cached,200,0.12,0.12,0.0,0.6790374306114292,1.0,1.0,0.010902200002419704,0.05451100001209852,6
credit_default,credit risk,73,3,0.0,immutable_top3_l1,native_exact_k_sparse,200,1.0,1.0,0.0,0.4424658424831431,1.12,1.0,0.017851699990387715,0.08925849995193857,6
credit_default,credit risk,73,3,0.0,immutable_top3_l1,clbr_uncached,200,0.02,0.015,0.005,0.34109380749400386,1.5,1.0,0.022602600002755935,0.11301300001377967,6
credit_default,credit risk,89,3,0.0,free_l2,nn_positive_train,200,1.0,1.0,0.0,4.903922434859712,18.13,0.0,0.023825999991458957,0.11912999995729479,4
credit_default,credit risk,89,3,0.0,free_l2,leaf_centroid,200,1.0,1.0,0.0,4.947690696503674,22.88,0.0,0.0440225999973336,0.220112999986668,4
credit_default,credit risk,89,3,0.0,free_l2,raw_leaf_projection,200,1.0,1.0,0.0,0.7080119208257368,1.315,1.0,0.011030999998183688,0.05515499999091844,4
credit_default,credit risk,89,3,0.0,free_l2,clbr,200,1.0,1.0,0.0,0.7080119208257368,1.315,1.0,0.010482600003342668,0.05241300001671334,4
credit_default,credit risk,89,3,0.0,free_l2,metric_leaf_projection,200,1.0,1.0,0.0,0.5555257237073196,1.315,1.0,0.010885299991969077,0.05442649995984539,4
credit_default,credit risk,89,3,0.0,free_l2,metric_clbr,200,1.0,1.0,0.0,0.5555257237073196,1.315,1.0,0.010103199999321077,0.05051599999660539,4
credit_default,credit risk,89,3,0.0,free_l2,exact_leaf,200,1.0,1.0,0.0,0.5555257237073196,1.315,1.0,0.038824299999760115,0.19412149999880057,4
credit_default,credit risk,89,3,0.0,free_l2,exact_leaf_cached,200,1.0,1.0,0.0,0.5555257237073196,1.315,1.0,0.0222572999955446,0.111286499977723,4
credit_default,credit risk,89,3,0.0,free_l2,native_exact_k_sparse,200,1.0,1.0,0.0,0.5555257237073196,1.315,1.0,0.020498100003351283,0.10249050001675641,4
credit_default,credit risk,89,3,0.0,free_l2,clbr_uncached,200,1.0,1.0,0.0,0.7080119208257368,1.315,1.0,0.011506600000757317,0.05753300000378658,4
credit_default,credit risk,89,3,0.0,immutable_l2,nn_positive_train,200,1.0,1.0,0.0,3.986901589681205,15.625,0.005,0.022694399997817527,0.11347199998908764,4
credit_default,credit risk,89,3,0.0,immutable_l2,leaf_centroid,200,1.0,1.0,0.0,4.46463609947217,18.895,0.0,0.0423172999990129,0.21158649999506451,4
credit_default,credit risk,89,3,0.0,immutable_l2,raw_leaf_projection,200,1.0,1.0,0.0,0.7080119208257368,1.315,1.0,0.011061100008191715,0.05530550004095858,4
credit_default,credit risk,89,3,0.0,immutable_l2,clbr,200,1.0,1.0,0.0,0.7080119208257368,1.315,1.0,0.010095500002535118,0.05047750001267559,4
credit_default,credit risk,89,3,0.0,immutable_l2,metric_leaf_projection,200,1.0,1.0,0.0,0.5555257237073196,1.315,1.0,0.010360299995227251,0.051801499976136256,4
credit_default,credit risk,89,3,0.0,immutable_l2,metric_clbr,200,1.0,1.0,0.0,0.5555257237073196,1.315,1.0,0.010044299996479822,0.05022149998239911,4
credit_default,credit risk,89,3,0.0,immutable_l2,exact_leaf,200,1.0,1.0,0.0,0.5555257237073196,1.315,1.0,0.03900520000479446,0.1950260000239723,4
credit_default,credit risk,89,3,0.0,immutable_l2,exact_leaf_cached,200,1.0,1.0,0.0,0.5555257237073196,1.315,1.0,0.021419499998046376,0.10709749999023188,4
credit_default,credit risk,89,3,0.0,immutable_l2,native_exact_k_sparse,200,1.0,1.0,0.0,0.5555257237073196,1.315,1.0,0.02023959999678482,0.10119799998392409,4
credit_default,credit risk,89,3,0.0,immutable_l2,clbr_uncached,200,1.0,1.0,0.0,0.7080119208257368,1.315,1.0,0.011505200007377425,0.057526000036887126,4
credit_default,credit risk,89,3,0.0,immutable_top3_l1,nn_positive_train,200,0.005,0.005,0.0,5.250097994644898,3.0,1.0,0.022109300005467958,0.11054650002733979,4
credit_default,credit risk,89,3,0.0,immutable_top3_l1,leaf_centroid,200,0.01,0.01,0.0,1.5447861155879374,2.5,1.0,0.04169479999836767,0.20847399999183835,4
credit_default,credit risk,89,3,0.0,immutable_top3_l1,raw_leaf_projection,200,0.005,0.005,0.0,0.4492021176147588,1.0,1.0,0.010206099999777507,0.051030499998887535,4
credit_default,credit risk,89,3,0.0,immutable_top3_l1,clbr,200,0.005,0.005,0.0,0.4492021176147588,1.0,1.0,0.02218420000281185,0.11092100001405925,4
credit_default,credit risk,89,3,0.0,immutable_top3_l1,metric_leaf_projection,200,0.08,0.08,0.0,0.26742442363412666,1.0,1.0,0.009719400007270451,0.048597000036352256,4
credit_default,credit risk,89,3,0.0,immutable_top3_l1,metric_clbr,200,0.08,0.08,0.0,0.26742442363412666,1.0,1.0,0.021544499997617095,0.10772249998808547,4
credit_default,credit risk,89,3,0.0,immutable_top3_l1,exact_leaf,200,0.12,0.12,0.0,0.7796658683449763,1.0,1.0,0.029799999999340798,0.148999999996704,4
credit_default,credit risk,89,3,0.0,immutable_top3_l1,exact_leaf_cached,200,0.12,0.12,0.0,0.7796658683449763,1.0,1.0,0.012839800002439006,0.06419900001219503,4
credit_default,credit risk,89,3,0.0,immutable_top3_l1,native_exact_k_sparse,200,1.0,1.0,0.0,0.6442702639268133,1.315,1.0,0.021019099996010482,0.10509549998005241,4
credit_default,credit risk,89,3,0.0,immutable_top3_l1,clbr_uncached,200,0.005,0.005,0.0,0.4492021176147588,1.0,1.0,0.02520529999765131,0.12602649998825655,4
adult_income,income and employment,7,3,0.0,free_l2,nn_positive_train,200,1.0,1.0,0.0,2.5040914892052157,3.765,0.3,0.012425799995980924,0.06212899997990462,4
adult_income,income and employment,7,3,0.0,free_l2,leaf_centroid,200,1.0,1.0,0.0,3.6408741163475353,5.185,0.0,0.029745500007265946,0.14872750003632973,4
adult_income,income and employment,7,3,0.0,free_l2,raw_leaf_projection,200,1.0,1.0,0.0,1.241602200147791,1.37,1.0,0.011881599996740988,0.05940799998370494,4
adult_income,income and employment,7,3,0.0,free_l2,clbr,200,1.0,1.0,0.0,1.241602200147791,1.37,1.0,0.012545999998110346,0.06272999999055173,4
adult_income,income and employment,7,3,0.0,free_l2,metric_leaf_projection,200,1.0,1.0,0.0,0.6962456283731875,1.04,1.0,0.010425800004668417,0.05212900002334209,4
adult_income,income and employment,7,3,0.0,free_l2,metric_clbr,200,1.0,1.0,0.0,0.6962456283731875,1.04,1.0,0.010498199992980517,0.052490999964902585,4
adult_income,income and employment,7,3,0.0,free_l2,exact_leaf,200,1.0,1.0,0.0,0.6962456283731875,1.04,1.0,0.04350040000190347,0.21750200000951736,4
adult_income,income and employment,7,3,0.0,free_l2,exact_leaf_cached,200,1.0,1.0,0.0,0.6962456283731875,1.04,1.0,0.023495199996432348,0.11747599998216174,4
adult_income,income and employment,7,3,0.0,free_l2,native_exact_k_sparse,200,1.0,1.0,0.0,0.6962456283731875,1.04,1.0,0.02144529999623046,0.1072264999811523,4
adult_income,income and employment,7,3,0.0,free_l2,clbr_uncached,200,1.0,1.0,0.0,1.241602200147791,1.37,1.0,0.011671200009004679,0.05835600004502339,4
adult_income,income and employment,7,3,0.0,immutable_l2,nn_positive_train,200,0.55,0.55,0.0,2.1924703217695334,1.8454545454545455,1.0,0.01108009999825299,0.05540049999126495,4
adult_income,income and employment,7,3,0.0,immutable_l2,leaf_centroid,200,0.92,0.92,0.0,3.359953550870651,3.114130434782609,0.8858695652173914,0.026913300002888718,0.1345665000144436,4
adult_income,income and employment,7,3,0.0,immutable_l2,raw_leaf_projection,200,0.55,0.55,0.0,1.2897637166394171,1.0,1.0,0.010400400004073163,0.05200200002036581,4
adult_income,income and employment,7,3,0.0,immutable_l2,clbr,200,0.55,0.55,0.0,1.2897637166394171,1.0,1.0,0.01489500000479893,0.07447500002399465,4
adult_income,income and employment,7,3,0.0,immutable_l2,metric_leaf_projection,200,0.88,0.88,0.0,0.7414342062211022,1.0,1.0,0.00947300000643736,0.0473650000321868,4
adult_income,income and employment,7,3,0.0,immutable_l2,metric_clbr,200,0.88,0.88,0.0,0.7414342062211022,1.0,1.0,0.010953299992252141,0.054766499961260706,4
adult_income,income and employment,7,3,0.0,immutable_l2,exact_leaf,200,1.0,1.0,0.0,0.7485586358932784,1.0,1.0,0.03809219999584457,0.19046099997922283,4
adult_income,income and employment,7,3,0.0,immutable_l2,exact_leaf_cached,200,1.0,1.0,0.0,0.7485586358932784,1.0,1.0,0.019776399997681438,0.09888199998840719,4
adult_income,income and employment,7,3,0.0,immutable_l2,native_exact_k_sparse,200,1.0,1.0,0.0,0.7485586358932784,1.0,1.0,0.020578900001055445,0.10289450000527722,4
adult_income,income and employment,7,3,0.0,immutable_l2,clbr_uncached,200,0.55,0.55,0.0,1.2897637166394171,1.0,1.0,0.017357299998366216,0.08678649999183108,4
adult_income,income and employment,7,3,0.0,immutable_top3_l1,nn_positive_train,200,0.55,0.55,0.0,2.766909675120877,1.8454545454545455,1.0,0.012882599996373756,0.06441299998186878,4
adult_income,income and employment,7,3,0.0,immutable_top3_l1,leaf_centroid,200,0.895,0.895,0.0,4.610129434757048,2.787709497206704,1.0,0.02631469999869296,0.1315734999934648,4
adult_income,income and employment,7,3,0.0,immutable_top3_l1,raw_leaf_projection,200,0.55,0.55,0.0,1.2897637166394171,1.0,1.0,0.010924600002908846,0.05462300001454423,4
adult_income,income and employment,7,3,0.0,immutable_top3_l1,clbr,200,0.55,0.55,0.0,1.2897637166394171,1.0,1.0,0.015756399996462278,0.07878199998231139,4
adult_income,income and employment,7,3,0.0,immutable_top3_l1,metric_leaf_projection,200,0.88,0.88,0.0,0.7409036639879036,1.0,1.0,0.009439900009056146,0.04719950004528073,4
adult_income,income and employment,7,3,0.0,immutable_top3_l1,metric_clbr,200,0.9,0.88,0.02,0.8012605315174796,1.0444444444444445,1.0,0.012641199998142838,0.06320599999071419,4
adult_income,income and employment,7,3,0.0,immutable_top3_l1,exact_leaf,200,1.0,1.0,0.0,0.7576210855500523,1.0,1.0,0.04105319999780477,0.20526599998902384,4
adult_income,income and employment,7,3,0.0,immutable_top3_l1,exact_leaf_cached,200,1.0,1.0,0.0,0.7576210855500523,1.0,1.0,0.020682100001067738,0.10341050000533869,4
adult_income,income and employment,7,3,0.0,immutable_top3_l1,native_exact_k_sparse,200,1.0,1.0,0.0,0.7485586358932784,1.0,1.0,0.02134019999721204,0.1067009999860602,4
adult_income,income and employment,7,3,0.0,immutable_top3_l1,clbr_uncached,200,0.55,0.55,0.0,1.2897637166394171,1.0,1.0,0.017952700003661448,0.08976350001830724,4
adult_income,income and employment,13,3,0.0,free_l2,nn_positive_train,200,1.0,1.0,0.0,2.6221929480581103,3.82,0.235,0.011376800004654797,0.056884000023273984,4
adult_income,income and employment,13,3,0.0,free_l2,leaf_centroid,200,1.0,1.0,0.0,2.502171336477444,5.635,0.0,0.027696299996932794,0.13848149998466397,4
adult_income,income and employment,13,3,0.0,free_l2,raw_leaf_projection,200,1.0,1.0,0.0,1.3638609966714048,1.42,1.0,0.010423299997455615,0.052116499987278075,4
adult_income,income and employment,13,3,0.0,free_l2,clbr,200,1.0,1.0,0.0,1.3638609966714048,1.42,1.0,0.009994999993068632,0.04997499996534316,4
adult_income,income and employment,13,3,0.0,free_l2,metric_leaf_projection,200,1.0,1.0,0.0,0.650691391149501,1.035,1.0,0.010221500005172857,0.05110750002586428,4
adult_income,income and employment,13,3,0.0,free_l2,metric_clbr,200,1.0,1.0,0.0,0.650691391149501,1.035,1.0,0.009862799998700211,0.049313999993501056,4
adult_income,income and employment,13,3,0.0,free_l2,exact_leaf,200,1.0,1.0,0.0,0.650691391149501,1.035,1.0,0.03827960000580788,0.1913980000290394,4
adult_income,income and employment,13,3,0.0,free_l2,exact_leaf_cached,200,1.0,1.0,0.0,0.650691391149501,1.035,1.0,0.02147730000069714,0.10738650000348571,4
adult_income,income and employment,13,3,0.0,free_l2,native_exact_k_sparse,200,1.0,1.0,0.0,0.650691391149501,1.035,1.0,0.019499699992593378,0.09749849996296689,4
adult_income,income and employment,13,3,0.0,free_l2,clbr_uncached,200,1.0,1.0,0.0,1.3638609966714048,1.42,1.0,0.011146599997118756,0.05573299998559378,4
adult_income,income and employment,13,3,0.0,immutable_l2,nn_positive_train,200,0.54,0.54,0.0,2.2962051853357366,1.9074074074074074,1.0,0.011568000002625922,0.05784000001312961,4
adult_income,income and employment,13,3,0.0,immutable_l2,leaf_centroid,200,0.725,0.725,0.0,1.8611089583753333,3.496551724137931,0.503448275862069,0.028236499993909092,0.14118249996954546,4
adult_income,income and employment,13,3,0.0,immutable_l2,raw_leaf_projection,200,0.54,0.54,0.0,1.4036592604297327,1.0,1.0,0.011241699999118282,0.05620849999559141,4
adult_income,income and employment,13,3,0.0,immutable_l2,clbr,200,0.54,0.54,0.0,1.4036592604297327,1.0,1.0,0.01662829999349924,0.0831414999674962,4
adult_income,income and employment,13,3,0.0,immutable_l2,metric_leaf_projection,200,0.935,0.935,0.0,0.6664057531745841,1.0,1.0,0.009931199996572104,0.04965599998286052,4
adult_income,income and employment,13,3,0.0,immutable_l2,metric_clbr,200,0.935,0.935,0.0,0.6664057531745841,1.0,1.0,0.010801700008414628,0.05400850004207314,4
adult_income,income and employment,13,3,0.0,immutable_l2,exact_leaf,200,1.0,1.0,0.0,0.6692863903028023,1.0,1.0,0.03990729999895848,0.1995364999947924,4
adult_income,income and employment,13,3,0.0,immutable_l2,exact_leaf_cached,200,1.0,1.0,0.0,0.6692863903028023,1.0,1.0,0.021818400000483962,0.10909200000241981,4
adult_income,income and employment,13,3,0.0,immutable_l2,native_exact_k_sparse,200,1.0,1.0,0.0,0.6692863903028023,1.0,1.0,0.020457399988117686,0.10228699994058843,4
adult_income,income and employment,13,3,0.0,immutable_l2,clbr_uncached,200,0.54,0.54,0.0,1.4036592604297327,1.0,1.0,0.017278600002100575,0.08639300001050287,4
adult_income,income and employment,13,3,0.0,immutable_top3_l1,nn_positive_train,200,0.54,0.54,0.0,2.910133958900247,1.9074074074074074,1.0,0.011744600002202787,0.05872300001101394,4
adult_income,income and employment,13,3,0.0,immutable_top3_l1,leaf_centroid,200,0.71,0.71,0.0,2.351874553766056,2.8732394366197185,1.0,0.027597299999797542,0.1379864999989877,4
adult_income,income and employment,13,3,0.0,immutable_top3_l1,raw_leaf_projection,200,0.54,0.54,0.0,1.4036592604297327,1.0,1.0,0.010304400001587055,0.051522000007935276,4
adult_income,income and employment,13,3,0.0,immutable_top3_l1,clbr,200,0.54,0.54,0.0,1.4036592604297327,1.0,1.0,0.016509199991560308,0.08254599995780154,4
adult_income,income and employment,13,3,0.0,immutable_top3_l1,metric_leaf_projection,200,0.915,0.915,0.0,0.6654370647750152,1.0,1.0,0.009977899994737527,0.049889499973687634,4
adult_income,income and employment,13,3,0.0,immutable_top3_l1,metric_clbr,200,0.935,0.915,0.02,0.734550379610146,1.0427807486631016,1.0,0.013090999999803898,0.06545499999901949,4
adult_income,income and employment,13,3,0.0,immutable_top3_l1,exact_leaf,200,0.98,0.98,0.0,0.6760346115124013,1.0,1.0,0.040845500002433255,0.20422750001216627,4
adult_income,income and employment,13,3,0.0,immutable_top3_l1,exact_leaf_cached,200,0.98,0.98,0.0,0.6760346115124013,1.0,1.0,0.020539799997095542,0.10269899998547771,4
adult_income,income and employment,13,3,0.0,immutable_top3_l1,native_exact_k_sparse,200,1.0,1.0,0.0,0.6692863903028023,1.0,1.0,0.02094390000911517,0.10471950004557584,4
adult_income,income and employment,13,3,0.0,immutable_top3_l1,clbr_uncached,200,0.54,0.54,0.0,1.4036592604297327,1.0,1.0,0.01840800000809395,0.09204000004046975,4
adult_income,income and employment,19,3,0.0,free_l2,nn_positive_train,200,1.0,1.0,0.0,2.7296226211028793,3.85,0.22,0.011988600001132,0.05994300000566,4
adult_income,income and employment,19,3,0.0,free_l2,leaf_centroid,200,1.0,1.0,0.0,2.760821056715958,5.28,0.0,0.027937400006521784,0.13968700003260892,4
adult_income,income and employment,19,3,0.0,free_l2,raw_leaf_projection,200,1.0,1.0,0.0,1.407509368442842,1.285,1.0,0.010847399998056062,0.05423699999028031,4
adult_income,income and employment,19,3,0.0,free_l2,clbr,200,1.0,1.0,0.0,1.407509368442842,1.285,1.0,0.009843899993938976,0.04921949996969488,4
adult_income,income and employment,19,3,0.0,free_l2,metric_leaf_projection,200,1.0,1.0,0.0,0.5701581247243778,1.0,1.0,0.010354899995945743,0.051774499979728716,4
adult_income,income and employment,19,3,0.0,free_l2,metric_clbr,200,1.0,1.0,0.0,0.5701581247243778,1.0,1.0,0.010058399988338351,0.050291999941691756,4
adult_income,income and employment,19,3,0.0,free_l2,exact_leaf,200,1.0,1.0,0.0,0.5701581247243778,1.0,1.0,0.03939820000960026,0.1969910000480013,4
adult_income,income and employment,19,3,0.0,free_l2,exact_leaf_cached,200,1.0,1.0,0.0,0.5701581247243778,1.0,1.0,0.02175170000646176,0.1087585000323088,4
adult_income,income and employment,19,3,0.0,free_l2,native_exact_k_sparse,200,1.0,1.0,0.0,0.5701581247243778,1.0,1.0,0.022165799996400892,0.11082899998200446,4
adult_income,income and employment,19,3,0.0,free_l2,clbr_uncached,200,1.0,1.0,0.0,1.407509368442842,1.285,1.0,0.012401699990732595,0.06200849995366298,4
adult_income,income and employment,19,3,0.0,immutable_l2,nn_positive_train,200,0.675,0.675,0.0,2.415783758693163,1.9407407407407407,1.0,0.011586399999032437,0.05793199999516219,4
adult_income,income and employment,19,3,0.0,immutable_l2,leaf_centroid,200,0.895,0.895,0.0,2.4594800166126367,3.195530726256983,0.8044692737430168,0.029170200001317426,0.14585100000658713,4
adult_income,income and employment,19,3,0.0,immutable_l2,raw_leaf_projection,200,0.675,0.675,0.0,1.414246432423056,1.0,1.0,0.010610800003632903,0.053054000018164515,4
adult_income,income and employment,19,3,0.0,immutable_l2,clbr,200,0.675,0.675,0.0,1.414246432423056,1.0,1.0,0.014550400003827235,0.07275200001913618,4
adult_income,income and employment,19,3,0.0,immutable_l2,metric_leaf_projection,200,0.965,0.965,0.0,0.5766441465123144,1.0,1.0,0.010379400003330375,0.05189700001665187,4
adult_income,income and employment,19,3,0.0,immutable_l2,metric_clbr,200,0.965,0.965,0.0,0.5766441465123144,1.0,1.0,0.011279600005764223,0.056398000028821116,4
adult_income,income and employment,19,3,0.0,immutable_l2,exact_leaf,200,1.0,1.0,0.0,0.5764279562058051,1.0,1.0,0.03851449999092438,0.1925724999546219,4
adult_income,income and employment,19,3,0.0,immutable_l2,exact_leaf_cached,200,1.0,1.0,0.0,0.5764279562058051,1.0,1.0,0.021658700000443787,0.10829350000221893,4
adult_income,income and employment,19,3,0.0,immutable_l2,native_exact_k_sparse,200,1.0,1.0,0.0,0.5764279562058051,1.0,1.0,0.02024789998995402,0.1012394999497701,4
adult_income,income and employment,19,3,0.0,immutable_l2,clbr_uncached,200,0.675,0.675,0.0,1.414246432423056,1.0,1.0,0.015366399993581581,0.0768319999679079,4
adult_income,income and employment,19,3,0.0,immutable_top3_l1,nn_positive_train,200,0.675,0.675,0.0,3.099021364803562,1.9407407407407407,1.0,0.010689300000194635,0.053446500000973174,4
adult_income,income and employment,19,3,0.0,immutable_top3_l1,leaf_centroid,200,0.86,0.86,0.0,3.327482157317784,2.866279069767442,1.0,0.027635100008410518,0.1381755000420526,4
adult_income,income and employment,19,3,0.0,immutable_top3_l1,raw_leaf_projection,200,0.675,0.675,0.0,1.414246432423056,1.0,1.0,0.009675600001173734,0.04837800000586867,4
adult_income,income and employment,19,3,0.0,immutable_top3_l1,clbr,200,0.675,0.675,0.0,1.414246432423056,1.0,1.0,0.01347340000756958,0.0673670000378479,4
adult_income,income and employment,19,3,0.0,immutable_top3_l1,metric_leaf_projection,200,0.935,0.935,0.0,0.5754913558891379,1.0,1.0,0.008656399999381392,0.04328199999690696,4
adult_income,income and employment,19,3,0.0,immutable_top3_l1,metric_clbr,200,0.965,0.935,0.03,0.7060263127406498,1.0621761658031088,1.0,0.011085800014370761,0.05542900007185381,4
adult_income,income and employment,19,3,0.0,immutable_top3_l1,exact_leaf,200,0.995,0.995,0.0,0.5910286359474787,1.0,1.0,0.03656029999729071,0.18280149998645356,4
adult_income,income and employment,19,3,0.0,immutable_top3_l1,exact_leaf_cached,200,0.995,0.995,0.0,0.5910286359474787,1.0,1.0,0.018363600002885505,0.09181800001442753,4
adult_income,income and employment,19,3,0.0,immutable_top3_l1,native_exact_k_sparse,200,1.0,1.0,0.0,0.5764279562058051,1.0,1.0,0.01959439999973256,0.0979719999986628,4
adult_income,income and employment,19,3,0.0,immutable_top3_l1,clbr_uncached,200,0.675,0.675,0.0,1.414246432423056,1.0,1.0,0.014589399996111752,0.07294699998055876,4
adult_income,income and employment,29,3,0.0,free_l2,nn_positive_train,200,1.0,1.0,0.0,2.514092072783774,4.695,0.04,0.010580499993920967,0.05290249996960483,3
adult_income,income and employment,29,3,0.0,free_l2,leaf_centroid,200,1.0,1.0,0.0,3.0296371348005096,5.055,0.0,0.023207399995044398,0.11603699997522199,3
adult_income,income and employment,29,3,0.0,free_l2,raw_leaf_projection,200,1.0,1.0,0.0,0.6757406987718971,1.0,1.0,0.01142130000062025,0.057106500003101246,3
adult_income,income and employment,29,3,0.0,free_l2,clbr,200,1.0,1.0,0.0,0.6757406987718971,1.0,1.0,0.01017759999831469,0.05088799999157345,3
adult_income,income and employment,29,3,0.0,free_l2,metric_leaf_projection,200,1.0,1.0,0.0,0.6757406987718971,1.0,1.0,0.010293100002854771,0.05146550001427386,3
adult_income,income and employment,29,3,0.0,free_l2,metric_clbr,200,1.0,1.0,0.0,0.6757406987718971,1.0,1.0,0.010809600003995001,0.05404800001997501,3
adult_income,income and employment,29,3,0.0,free_l2,exact_leaf,200,1.0,1.0,0.0,0.6757406987718971,1.0,1.0,0.03176410000560281,0.15882050002801407,3
adult_income,income and employment,29,3,0.0,free_l2,exact_leaf_cached,200,1.0,1.0,0.0,0.6757406987718971,1.0,1.0,0.02252320001298358,0.1126160000649179,3
adult_income,income and employment,29,3,0.0,free_l2,native_exact_k_sparse,200,1.0,1.0,0.0,0.6757406987718971,1.0,1.0,0.020443700002942933,0.10221850001471466,3
adult_income,income and employment,29,3,0.0,free_l2,clbr_uncached,200,1.0,1.0,0.0,0.6757406987718971,1.0,1.0,0.011019699999451404,0.05509849999725702,3
adult_income,income and employment,29,3,0.0,immutable_l2,nn_positive_train,200,1.0,1.0,0.0,2.065408041846694,2.705,0.96,0.010237599996798963,0.051187999983994814,3
adult_income,income and employment,29,3,0.0,immutable_l2,leaf_centroid,200,1.0,1.0,0.0,2.6301611696272107,3.055,0.945,0.023166400001173315,0.11583200000586658,3
adult_income,income and employment,29,3,0.0,immutable_l2,raw_leaf_projection,200,1.0,1.0,0.0,0.6757406987718971,1.0,1.0,0.011401200004911516,0.05700600002455758,3
adult_income,income and employment,29,3,0.0,immutable_l2,clbr,200,1.0,1.0,0.0,0.6757406987718971,1.0,1.0,0.010177099993597949,0.050885499967989745,3
adult_income,income and employment,29,3,0.0,immutable_l2,metric_leaf_projection,200,1.0,1.0,0.0,0.6757406987718971,1.0,1.0,0.010221799997452763,0.051108999987263815,3
adult_income,income and employment,29,3,0.0,immutable_l2,metric_clbr,200,1.0,1.0,0.0,0.6757406987718971,1.0,1.0,0.010094199999912234,0.05047099999956117,3
adult_income,income and employment,29,3,0.0,immutable_l2,exact_leaf,200,1.0,1.0,0.0,0.6757406987718971,1.0,1.0,0.033059599995795,0.16529799997897499,3
adult_income,income and employment,29,3,0.0,immutable_l2,exact_leaf_cached,200,1.0,1.0,0.0,0.6757406987718971,1.0,1.0,0.02180659999976342,0.1090329999988171,3
adult_income,income and employment,29,3,0.0,immutable_l2,native_exact_k_sparse,200,1.0,1.0,0.0,0.6757406987718971,1.0,1.0,0.0206553999978496,0.103276999989248,3
adult_income,income and employment,29,3,0.0,immutable_l2,clbr_uncached,200,1.0,1.0,0.0,0.6757406987718971,1.0,1.0,0.011052200004087354,0.05526100002043677,3
adult_income,income and employment,29,3,0.0,immutable_top3_l1,nn_positive_train,200,1.0,1.0,0.0,3.0289586877689247,2.665,1.0,0.010516699998333934,0.05258349999166967,3
adult_income,income and employment,29,3,0.0,immutable_top3_l1,leaf_centroid,200,1.0,1.0,0.0,3.7926692253241097,2.79,1.0,0.022009700001035526,0.11004850000517763,3
adult_income,income and employment,29,3,0.0,immutable_top3_l1,raw_leaf_projection,200,1.0,1.0,0.0,0.6757406987718971,1.0,1.0,0.010899800008701277,0.054499000043506385,3
adult_income,income and employment,29,3,0.0,immutable_top3_l1,clbr,200,1.0,1.0,0.0,0.6757406987718971,1.0,1.0,0.009301800012508465,0.04650900006254233,3
adult_income,income and employment,29,3,0.0,immutable_top3_l1,metric_leaf_projection,200,1.0,1.0,0.0,0.6757406987718971,1.0,1.0,0.009298400001171103,0.046492000005855516,3
adult_income,income and employment,29,3,0.0,immutable_top3_l1,metric_clbr,200,1.0,1.0,0.0,0.6757406987718971,1.0,1.0,0.009155599999758124,0.04577799999879062,3
adult_income,income and employment,29,3,0.0,immutable_top3_l1,exact_leaf,200,1.0,1.0,0.0,0.6757406987718971,1.0,1.0,0.030952699992667476,0.15476349996333738,3
adult_income,income and employment,29,3,0.0,immutable_top3_l1,exact_leaf_cached,200,1.0,1.0,0.0,0.6757406987718971,1.0,1.0,0.02037739999832411,0.10188699999162054,3
adult_income,income and employment,29,3,0.0,immutable_top3_l1,native_exact_k_sparse,200,1.0,1.0,0.0,0.6757406987718971,1.0,1.0,0.02082550000068295,0.10412750000341475,3
adult_income,income and employment,29,3,0.0,immutable_top3_l1,clbr_uncached,200,1.0,1.0,0.0,0.6757406987718971,1.0,1.0,0.01278139999612904,0.0639069999806452,3
adult_income,income and employment,37,3,0.0,free_l2,nn_positive_train,200,1.0,1.0,0.0,2.5284399647223896,4.595,0.035,0.009963100005734304,0.04981550002867152,2
adult_income,income and employment,37,3,0.0,free_l2,leaf_centroid,200,1.0,1.0,0.0,3.00685892091607,5.06,0.0,0.017811700000493147,0.08905850000246573,2
adult_income,income and employment,37,3,0.0,free_l2,raw_leaf_projection,200,1.0,1.0,0.0,0.6416174566178328,1.0,1.0,0.010433000004013593,0.052165000020067964,2
adult_income,income and employment,37,3,0.0,free_l2,clbr,200,1.0,1.0,0.0,0.6416174566178328,1.0,1.0,0.011015100000804523,0.055075500004022615,2
adult_income,income and employment,37,3,0.0,free_l2,metric_leaf_projection,200,1.0,1.0,0.0,0.6416174566178328,1.0,1.0,0.010015200003181235,0.050076000015906175,2
adult_income,income and employment,37,3,0.0,free_l2,metric_clbr,200,1.0,1.0,0.0,0.6416174566178328,1.0,1.0,0.009966800008442078,0.04983400004221039,2
adult_income,income and employment,37,3,0.0,free_l2,exact_leaf,200,1.0,1.0,0.0,0.6416174566178328,1.0,1.0,0.025290099994890625,0.12645049997445312,2
adult_income,income and employment,37,3,0.0,free_l2,exact_leaf_cached,200,1.0,1.0,0.0,0.6416174566178328,1.0,1.0,0.021477399997820612,0.10738699998910306,2
adult_income,income and employment,37,3,0.0,free_l2,native_exact_k_sparse,200,1.0,1.0,0.0,0.6416174566178328,1.0,1.0,0.020829300000514195,0.10414650000257097,2
adult_income,income and employment,37,3,0.0,free_l2,clbr_uncached,200,1.0,1.0,0.0,0.6416174566178328,1.0,1.0,0.010793700007525331,0.053968500037626654,2
adult_income,income and employment,37,3,0.0,immutable_l2,nn_positive_train,200,1.0,1.0,0.0,2.118065590572347,2.61,0.95,0.011561099994651158,0.05780549997325579,2
adult_income,income and employment,37,3,0.0,immutable_l2,leaf_centroid,200,1.0,1.0,0.0,2.590546254938656,3.06,0.94,0.019259599999713828,0.09629799999856914,2
adult_income,income and employment,37,3,0.0,immutable_l2,raw_leaf_projection,200,1.0,1.0,0.0,0.6416174566178328,1.0,1.0,0.011397299997042865,0.05698649998521432,2
adult_income,income and employment,37,3,0.0,immutable_l2,clbr,200,1.0,1.0,0.0,0.6416174566178328,1.0,1.0,0.01195240000015474,0.059762000000773696,2
adult_income,income and employment,37,3,0.0,immutable_l2,metric_leaf_projection,200,1.0,1.0,0.0,0.6416174566178328,1.0,1.0,0.011291599993455748,0.05645799996727874,2
adult_income,income and employment,37,3,0.0,immutable_l2,metric_clbr,200,1.0,1.0,0.0,0.6416174566178328,1.0,1.0,0.011178400006429001,0.055892000032145006,2
adult_income,income and employment,37,3,0.0,immutable_l2,exact_leaf,200,1.0,1.0,0.0,0.6416174566178328,1.0,1.0,0.026645799991456443,0.1332289999572822,2
adult_income,income and employment,37,3,0.0,immutable_l2,exact_leaf_cached,200,1.0,1.0,0.0,0.6416174566178328,1.0,1.0,0.023403100002724386,0.11701550001362193,2
adult_income,income and employment,37,3,0.0,immutable_l2,native_exact_k_sparse,200,1.0,1.0,0.0,0.6416174566178328,1.0,1.0,0.021897499995247927,0.10948749997623963,2
adult_income,income and employment,37,3,0.0,immutable_l2,clbr_uncached,200,1.0,1.0,0.0,0.6416174566178328,1.0,1.0,0.01077549999445182,0.0538774999722591,2
adult_income,income and employment,37,3,0.0,immutable_top3_l1,nn_positive_train,200,1.0,1.0,0.0,3.0952655008689205,2.56,1.0,0.009479200004534505,0.047396000022672524,2
adult_income,income and employment,37,3,0.0,immutable_top3_l1,leaf_centroid,200,1.0,1.0,0.0,3.655282101019584,2.73,1.0,0.01743790000637091,0.08718950003185455,2
adult_income,income and employment,37,3,0.0,immutable_top3_l1,raw_leaf_projection,200,1.0,1.0,0.0,0.6416174566178328,1.0,1.0,0.010003099998357357,0.05001549999178678,2
adult_income,income and employment,37,3,0.0,immutable_top3_l1,clbr,200,1.0,1.0,0.0,0.6416174566178328,1.0,1.0,0.009677299999566458,0.04838649999783229,2
adult_income,income and employment,37,3,0.0,immutable_top3_l1,metric_leaf_projection,200,1.0,1.0,0.0,0.6416174566178328,1.0,1.0,0.010124800001904077,0.05062400000952039,2
adult_income,income and employment,37,3,0.0,immutable_top3_l1,metric_clbr,200,1.0,1.0,0.0,0.6416174566178328,1.0,1.0,0.009483000003456254,0.04741500001728127,2
adult_income,income and employment,37,3,0.0,immutable_top3_l1,exact_leaf,200,1.0,1.0,0.0,0.6416174566178328,1.0,1.0,0.024195100001634273,0.12097550000817137,2
adult_income,income and employment,37,3,0.0,immutable_top3_l1,exact_leaf_cached,200,1.0,1.0,0.0,0.6416174566178328,1.0,1.0,0.020230300007824553,0.10115150003912277,2
adult_income,income and employment,37,3,0.0,immutable_top3_l1,native_exact_k_sparse,200,1.0,1.0,0.0,0.6416174566178328,1.0,1.0,0.021621399999276036,0.10810699999638018,2
adult_income,income and employment,37,3,0.0,immutable_top3_l1,clbr_uncached,200,1.0,1.0,0.0,0.6416174566178328,1.0,1.0,0.01027620000513707,0.05138100002568535,2
adult_income,income and employment,41,3,0.0,free_l2,nn_positive_train,200,1.0,1.0,0.0,2.559735899514649,3.83,0.205,0.011315199998534808,0.05657599999267404,5
adult_income,income and employment,41,3,0.0,free_l2,leaf_centroid,200,1.0,1.0,0.0,2.896881673075595,5.375,0.0,0.029348200004278624,0.14674100002139312,5
adult_income,income and employment,41,3,0.0,free_l2,raw_leaf_projection,200,1.0,1.0,0.0,1.3227283485086259,1.385,1.0,0.01018719999865425,0.05093599999327125,5
adult_income,income and employment,41,3,0.0,free_l2,clbr,200,1.0,1.0,0.0,1.3227283485086259,1.385,1.0,0.009889599997222831,0.049447999986114155,5
adult_income,income and employment,41,3,0.0,free_l2,metric_leaf_projection,200,1.0,1.0,0.0,0.5751673476337341,1.015,1.0,0.009804800005440484,0.04902400002720242,5
adult_income,income and employment,41,3,0.0,free_l2,metric_clbr,200,1.0,1.0,0.0,0.5751673476337341,1.015,1.0,0.010377900001913076,0.05188950000956538,5
adult_income,income and employment,41,3,0.0,free_l2,exact_leaf,200,1.0,1.0,0.0,0.5751673476337341,1.015,1.0,0.04437649999454152,0.2218824999727076,5
adult_income,income and employment,41,3,0.0,free_l2,exact_leaf_cached,200,1.0,1.0,0.0,0.5751673476337341,1.015,1.0,0.020319199994446535,0.10159599997223268,5
adult_income,income and employment,41,3,0.0,free_l2,native_exact_k_sparse,200,1.0,1.0,0.0,0.5751673476337341,1.015,1.0,0.020330399987869896,0.10165199993934948,5
adult_income,income and employment,41,3,0.0,free_l2,clbr_uncached,200,1.0,1.0,0.0,1.3227283485086259,1.385,1.0,0.011615099994742195,0.058075499973710976,5
adult_income,income and employment,41,3,0.0,immutable_l2,nn_positive_train,200,0.555,0.555,0.0,2.1103994773684573,1.882882882882883,1.0,0.011144099994453427,0.055720499972267135,5
adult_income,income and employment,41,3,0.0,immutable_l2,leaf_centroid,200,0.84,0.84,0.0,2.5759320078893944,3.255952380952381,0.7440476190476191,0.03224490000229707,0.16122450001148536,5
adult_income,income and employment,41,3,0.0,immutable_l2,raw_leaf_projection,200,0.555,0.555,0.0,1.3190921852028847,1.0,1.0,0.009992300004341814,0.04996150002170907,5
adult_income,income and employment,41,3,0.0,immutable_l2,clbr,200,0.555,0.555,0.0,1.3190921852028847,1.0,1.0,0.015151500001593377,0.07575750000796688,5
adult_income,income and employment,41,3,0.0,immutable_l2,metric_leaf_projection,200,0.925,0.925,0.0,0.5948208233875573,1.0,1.0,0.009194499997647654,0.04597249998823827,5
adult_income,income and employment,41,3,0.0,immutable_l2,metric_clbr,200,0.925,0.925,0.0,0.5948208233875573,1.0,1.0,0.010713800005760277,0.05356900002880138,5
adult_income,income and employment,41,3,0.0,immutable_l2,exact_leaf,200,1.0,1.0,0.0,0.5974875743789184,1.0,1.0,0.042909899992991996,0.21454949996495998,5
adult_income,income and employment,41,3,0.0,immutable_l2,exact_leaf_cached,200,1.0,1.0,0.0,0.5974875743789184,1.0,1.0,0.02192790000299283,0.10963950001496414,5
adult_income,income and employment,41,3,0.0,immutable_l2,native_exact_k_sparse,200,1.0,1.0,0.0,0.5974875743789184,1.0,1.0,0.019425899993620988,0.09712949996810494,5
adult_income,income and employment,41,3,0.0,immutable_l2,clbr_uncached,200,0.555,0.555,0.0,1.3190921852028847,1.0,1.0,0.01797599999645172,0.0898799999822586,5
adult_income,income and employment,41,3,0.0,immutable_top3_l1,nn_positive_train,200,0.555,0.555,0.0,2.6971085929594967,1.882882882882883,1.0,0.01047330000983493,0.05236650004917465,5
adult_income,income and employment,41,3,0.0,immutable_top3_l1,leaf_centroid,200,0.82,0.82,0.0,3.6177399285024223,2.8658536585365852,1.0,0.027831700003844162,0.1391585000192208,5
adult_income,income and employment,41,3,0.0,immutable_top3_l1,raw_leaf_projection,200,0.555,0.555,0.0,1.3190921852028847,1.0,1.0,0.009358900001643633,0.046794500008218165,5
adult_income,income and employment,41,3,0.0,immutable_top3_l1,clbr,200,0.555,0.555,0.0,1.3190921852028847,1.0,1.0,0.013643400002365524,0.06821700001182762,5
adult_income,income and employment,41,3,0.0,immutable_top3_l1,metric_leaf_projection,200,0.91,0.91,0.0,0.5942347242685767,1.0,1.0,0.009200499997859879,0.046002499989299395,5
adult_income,income and employment,41,3,0.0,immutable_top3_l1,metric_clbr,200,0.925,0.91,0.015,0.6708468513530543,1.0324324324324323,1.0,0.010338999997657083,0.05169499998828542,5
adult_income,income and employment,41,3,0.0,immutable_top3_l1,exact_leaf,200,0.99,0.99,0.0,0.6139101833881084,1.0,1.0,0.04031330001089373,0.20156650005446863,5
adult_income,income and employment,41,3,0.0,immutable_top3_l1,exact_leaf_cached,200,0.99,0.99,0.0,0.6139101833881084,1.0,1.0,0.019144400002005568,0.09572200001002784,5
adult_income,income and employment,41,3,0.0,immutable_top3_l1,native_exact_k_sparse,200,1.0,1.0,0.0,0.5974875743789184,1.0,1.0,0.019326299994645524,0.09663149997322762,5
adult_income,income and employment,41,3,0.0,immutable_top3_l1,clbr_uncached,200,0.555,0.555,0.0,1.3190921852028847,1.0,1.0,0.016890600004444423,0.08445300002222211,5
adult_income,income and employment,53,3,0.0,free_l2,nn_positive_train,200,1.0,1.0,0.0,2.552303040027865,4.61,0.06,0.01000389999080653,0.050019499954032653,3
adult_income,income and employment,53,3,0.0,free_l2,leaf_centroid,200,1.0,1.0,0.0,3.0228002233436255,5.035,0.0,0.019434499998169485,0.09717249999084743,3
adult_income,income and employment,53,3,0.0,free_l2,raw_leaf_projection,200,1.0,1.0,0.0,0.5983464594887082,1.0,1.0,0.009801100009099173,0.049005500045495864,3
adult_income,income and employment,53,3,0.0,free_l2,clbr,200,1.0,1.0,0.0,0.5983464594887082,1.0,1.0,0.009765300010258215,0.04882650005129108,3
adult_income,income and employment,53,3,0.0,free_l2,metric_leaf_projection,200,1.0,1.0,0.0,0.5983464594887082,1.0,1.0,0.008931800001846568,0.04465900000923284,3
adult_income,income and employment,53,3,0.0,free_l2,metric_clbr,200,1.0,1.0,0.0,0.5983464594887082,1.0,1.0,0.008873599997968995,0.044367999989844975,3
adult_income,income and employment,53,3,0.0,free_l2,exact_leaf,200,1.0,1.0,0.0,0.5983464594887082,1.0,1.0,0.02746570000272186,0.1373285000136093,3
adult_income,income and employment,53,3,0.0,free_l2,exact_leaf_cached,200,1.0,1.0,0.0,0.5983464594887082,1.0,1.0,0.018535799997152935,0.09267899998576468,3
adult_income,income and employment,53,3,0.0,free_l2,native_exact_k_sparse,200,1.0,1.0,0.0,0.5983464594887082,1.0,1.0,0.018036599996776204,0.09018299998388102,3
adult_income,income and employment,53,3,0.0,free_l2,clbr_uncached,200,1.0,1.0,0.0,0.5983464594887082,1.0,1.0,0.009462100003474916,0.04731050001737458,3
adult_income,income and employment,53,3,0.0,immutable_l2,nn_positive_train,200,1.0,1.0,0.0,2.2130410094043738,2.64,0.98,0.010482200006663334,0.05241100003331667,3
adult_income,income and employment,53,3,0.0,immutable_l2,leaf_centroid,200,1.0,1.0,0.0,2.5714652227447266,3.035,0.965,0.020859400009612727,0.10429700004806364,3
adult_income,income and employment,53,3,0.0,immutable_l2,raw_leaf_projection,200,1.0,1.0,0.0,0.5983464594887082,1.0,1.0,0.010463799999342882,0.05231899999671441,3
adult_income,income and employment,53,3,0.0,immutable_l2,clbr,200,1.0,1.0,0.0,0.5983464594887082,1.0,1.0,0.009996599999794853,0.049982999998974265,3
adult_income,income and employment,53,3,0.0,immutable_l2,metric_leaf_projection,200,1.0,1.0,0.0,0.5983464594887082,1.0,1.0,0.009912100003020896,0.04956050001510448,3
adult_income,income and employment,53,3,0.0,immutable_l2,metric_clbr,200,1.0,1.0,0.0,0.5983464594887082,1.0,1.0,0.009592600003998086,0.04796300001999043,3
adult_income,income and employment,53,3,0.0,immutable_l2,exact_leaf,200,1.0,1.0,0.0,0.5983464594887082,1.0,1.0,0.03019269999640528,0.1509634999820264,3
adult_income,income and employment,53,3,0.0,immutable_l2,exact_leaf_cached,200,1.0,1.0,0.0,0.5983464594887082,1.0,1.0,0.02132299999720999,0.10661499998604995,3
adult_income,income and employment,53,3,0.0,immutable_l2,native_exact_k_sparse,200,1.0,1.0,0.0,0.5983464594887082,1.0,1.0,0.020697199999631266,0.10348599999815633,3
adult_income,income and employment,53,3,0.0,immutable_l2,clbr_uncached,200,1.0,1.0,0.0,0.5983464594887082,1.0,1.0,0.010337499993511301,0.051687499967556505,3
adult_income,income and employment,53,3,0.0,immutable_top3_l1,nn_positive_train,200,1.0,1.0,0.0,3.2603048694340293,2.62,1.0,0.00991450000765326,0.0495725000382663,3
adult_income,income and employment,53,3,0.0,immutable_top3_l1,leaf_centroid,200,1.0,1.0,0.0,3.7542618158834853,2.77,1.0,0.020529999995233084,0.10264999997616542,3
adult_income,income and employment,53,3,0.0,immutable_top3_l1,raw_leaf_projection,200,1.0,1.0,0.0,0.5983464594887082,1.0,1.0,0.009898899991640064,0.04949449995820032,3
adult_income,income and employment,53,3,0.0,immutable_top3_l1,clbr,200,1.0,1.0,0.0,0.5983464594887082,1.0,1.0,0.009453499997107428,0.04726749998553714,3
adult_income,income and employment,53,3,0.0,immutable_top3_l1,metric_leaf_projection,200,1.0,1.0,0.0,0.5983464594887082,1.0,1.0,0.009867800007668848,0.04933900003834424,3
adult_income,income and employment,53,3,0.0,immutable_top3_l1,metric_clbr,200,1.0,1.0,0.0,0.5983464594887082,1.0,1.0,0.009048600001733575,0.04524300000866788,3
adult_income,income and employment,53,3,0.0,immutable_top3_l1,exact_leaf,200,1.0,1.0,0.0,0.5983464594887082,1.0,1.0,0.031119000005674025,0.15559500002837012,3
adult_income,income and employment,53,3,0.0,immutable_top3_l1,exact_leaf_cached,200,1.0,1.0,0.0,0.5983464594887082,1.0,1.0,0.020845500000177708,0.10422750000088854,3
adult_income,income and employment,53,3,0.0,immutable_top3_l1,native_exact_k_sparse,200,1.0,1.0,0.0,0.5983464594887082,1.0,1.0,0.01967719999174733,0.09838599995873665,3
adult_income,income and employment,53,3,0.0,immutable_top3_l1,clbr_uncached,200,1.0,1.0,0.0,0.5983464594887082,1.0,1.0,0.01062079999155685,0.053103999957784254,3
adult_income,income and employment,61,3,0.0,free_l2,nn_positive_train,200,1.0,1.0,0.0,2.568573635791756,3.79,0.265,0.010665900001185946,0.05332950000592973,4
adult_income,income and employment,61,3,0.0,free_l2,leaf_centroid,200,1.0,1.0,0.0,3.19330418010441,5.48,0.0,0.023884299998826464,0.11942149999413232,4
adult_income,income and employment,61,3,0.0,free_l2,raw_leaf_projection,200,1.0,1.0,0.0,1.297459756458499,1.365,1.0,0.0090137000033792,0.045068500016895996,4
adult_income,income and employment,61,3,0.0,free_l2,clbr,200,1.0,1.0,0.0,1.297459756458499,1.365,1.0,0.008637900006760901,0.043189500033804507,4
adult_income,income and employment,61,3,0.0,free_l2,metric_leaf_projection,200,1.0,1.0,0.0,0.69821717443822,1.05,1.0,0.008952599998337973,0.04476299999168987,4
adult_income,income and employment,61,3,0.0,free_l2,metric_clbr,200,1.0,1.0,0.0,0.69821717443822,1.05,1.0,0.008638900002551964,0.04319450001275982,4
adult_income,income and employment,61,3,0.0,free_l2,exact_leaf,200,1.0,1.0,0.0,0.69821717443822,1.05,1.0,0.032836500006851566,0.16418250003425783,4
adult_income,income and employment,61,3,0.0,free_l2,exact_leaf_cached,200,1.0,1.0,0.0,0.69821717443822,1.05,1.0,0.01817849999315513,0.09089249996577564,4
adult_income,income and employment,61,3,0.0,free_l2,native_exact_k_sparse,200,1.0,1.0,0.0,0.69821717443822,1.05,1.0,0.017334199994365918,0.08667099997182959,4
adult_income,income and employment,61,3,0.0,free_l2,clbr_uncached,200,1.0,1.0,0.0,1.297459756458499,1.365,1.0,0.009711700003208534,0.04855850001604267,4
adult_income,income and employment,61,3,0.0,immutable_l2,nn_positive_train,200,0.575,0.575,0.0,2.2817226138885576,1.8695652173913044,1.0,0.011665399996672932,0.05832699998336466,4
adult_income,income and employment,61,3,0.0,immutable_l2,leaf_centroid,200,0.775,0.775,0.0,2.706732804724232,3.335483870967742,0.6580645161290323,0.027751700005865132,0.13875850002932566,4
adult_income,income and employment,61,3,0.0,immutable_l2,raw_leaf_projection,200,0.565,0.565,0.0,1.3265215457857424,1.0,1.0,0.01003539999419445,0.05017699997097225,4
adult_income,income and employment,61,3,0.0,immutable_l2,clbr,200,0.575,0.565,0.01,1.340173957115825,1.0260869565217392,1.0,0.016576499991970195,0.08288249995985097,4
adult_income,income and employment,61,3,0.0,immutable_l2,metric_leaf_projection,200,0.88,0.88,0.0,0.7250199251275479,1.0,1.0,0.009454400000322494,0.04727200000161247,4
adult_income,income and employment,61,3,0.0,immutable_l2,metric_clbr,200,0.915,0.88,0.035,0.7841396582131589,1.0765027322404372,0.994535519125683,0.01277509999636095,0.06387549998180475,4
adult_income,income and employment,61,3,0.0,immutable_l2,exact_leaf,200,1.0,1.0,0.0,0.7476279470778543,1.0,1.0,0.03667130000030738,0.18335650000153692,4
adult_income,income and employment,61,3,0.0,immutable_l2,exact_leaf_cached,200,1.0,1.0,0.0,0.7476279470778543,1.0,1.0,0.021105200004967628,0.10552600002483814,4
adult_income,income and employment,61,3,0.0,immutable_l2,native_exact_k_sparse,200,1.0,1.0,0.0,0.7476279470778543,1.0,1.0,0.019349799994415662,0.09674899997207831,4
adult_income,income and employment,61,3,0.0,immutable_l2,clbr_uncached,200,0.575,0.565,0.01,1.340173957115825,1.0260869565217392,1.0,0.017852899995887128,0.08926449997943564,4
adult_income,income and employment,61,3,0.0,immutable_top3_l1,nn_positive_train,200,0.575,0.575,0.0,2.8422305410378463,1.8695652173913044,1.0,0.011316000001897919,0.056580000009489595,4
adult_income,income and employment,61,3,0.0,immutable_top3_l1,leaf_centroid,200,0.745,0.745,0.0,3.530354599500845,2.8053691275167787,1.0,0.0255252000024484,0.127626000012242,4
adult_income,income and employment,61,3,0.0,immutable_top3_l1,raw_leaf_projection,200,0.565,0.565,0.0,1.3265215457857424,1.0,1.0,0.009663600001658779,0.04831800000829389,4
adult_income,income and employment,61,3,0.0,immutable_top3_l1,clbr,200,0.575,0.565,0.01,1.351676429186334,1.0260869565217392,1.0,0.015499499987527088,0.07749749993763544,4
adult_income,income and employment,61,3,0.0,immutable_top3_l1,metric_leaf_projection,200,0.855,0.855,0.0,0.7265462167265004,1.0,1.0,0.009485700002187514,0.04742850001093757,4
adult_income,income and employment,61,3,0.0,immutable_top3_l1,metric_clbr,200,0.905,0.855,0.05,0.8430148117295297,1.1049723756906078,1.0,0.014339000010295422,0.07169500005147711,4
adult_income,income and employment,61,3,0.0,immutable_top3_l1,exact_leaf,200,0.99,0.99,0.0,0.7511555413310305,1.0,1.0,0.03687749999608059,0.18438749998040294,4
adult_income,income and employment,61,3,0.0,immutable_top3_l1,exact_leaf_cached,200,0.99,0.99,0.0,0.7511555413310305,1.0,1.0,0.019365900000593683,0.09682950000296842,4
adult_income,income and employment,61,3,0.0,immutable_top3_l1,native_exact_k_sparse,200,1.0,1.0,0.0,0.7476279470778543,1.0,1.0,0.02035650000198075,0.10178250000990374,4
adult_income,income and employment,61,3,0.0,immutable_top3_l1,clbr_uncached,200,0.575,0.565,0.01,1.351676429186334,1.0260869565217392,1.0,0.01750950000678131,0.08754750003390654,4
adult_income,income and employment,73,3,0.0,free_l2,nn_positive_train,200,1.0,1.0,0.0,2.7910250872749294,3.865,0.195,0.01233150000552996,0.0616575000276498,4
adult_income,income and employment,73,3,0.0,free_l2,leaf_centroid,200,1.0,1.0,0.0,2.9727467553337283,5.165,0.0,0.026976399998602574,0.13488199999301287,4
adult_income,income and employment,73,3,0.0,free_l2,raw_leaf_projection,200,1.0,1.0,0.0,1.4444115839354998,1.34,1.0,0.0100103000031595,0.0500515000157975,4
adult_income,income and employment,73,3,0.0,free_l2,clbr,200,1.0,1.0,0.0,1.4444115839354998,1.34,1.0,0.00928920000387734,0.0464460000193867,4
adult_income,income and employment,73,3,0.0,free_l2,metric_leaf_projection,200,1.0,1.0,0.0,0.604462484089509,1.005,1.0,0.010805900002196722,0.05402950001098361,4
adult_income,income and employment,73,3,0.0,free_l2,metric_clbr,200,1.0,1.0,0.0,0.604462484089509,1.005,1.0,0.009486700001616555,0.047433500008082774,4
adult_income,income and employment,73,3,0.0,free_l2,exact_leaf,200,1.0,1.0,0.0,0.604462484089509,1.005,1.0,0.03673790000084409,0.18368950000422046,4
adult_income,income and employment,73,3,0.0,free_l2,exact_leaf_cached,200,1.0,1.0,0.0,0.604462484089509,1.005,1.0,0.020555699997203192,0.10277849998601596,4
adult_income,income and employment,73,3,0.0,free_l2,native_exact_k_sparse,200,1.0,1.0,0.0,0.604462484089509,1.005,1.0,0.019066100005147746,0.09533050002573873,4
adult_income,income and employment,73,3,0.0,free_l2,clbr_uncached,200,1.0,1.0,0.0,1.4444115839354998,1.34,1.0,0.010655699999915669,0.053278499999578344,4
adult_income,income and employment,73,3,0.0,immutable_l2,nn_positive_train,200,0.625,0.625,0.0,2.4021840340586005,1.928,1.0,0.00969999999870197,0.048499999993509846,4
adult_income,income and employment,73,3,0.0,immutable_l2,leaf_centroid,200,0.94,0.94,0.0,1.9853007239279024,3.1117021276595747,0.8882978723404256,0.025036399996679393,0.12518199998339696,4
adult_income,income and employment,73,3,0.0,immutable_l2,raw_leaf_projection,200,0.615,0.615,0.0,1.5125056555586793,1.0,1.0,0.009538899990729988,0.04769449995364994,4
adult_income,income and employment,73,3,0.0,immutable_l2,clbr,200,0.625,0.615,0.01,1.5151045520586466,1.032,1.0,0.013740399998823705,0.06870199999411852,4
adult_income,income and employment,73,3,0.0,immutable_l2,metric_leaf_projection,200,0.95,0.95,0.0,0.6249310406706544,1.0,1.0,0.008566099999370635,0.04283049999685318,4
adult_income,income and employment,73,3,0.0,immutable_l2,metric_clbr,200,0.955,0.95,0.005,0.6286241766111486,1.0104712041884816,1.0,0.009760899996763328,0.04880449998381664,4
adult_income,income and employment,73,3,0.0,immutable_l2,exact_leaf,200,1.0,1.0,0.0,0.624575518888732,1.0,1.0,0.0327980000001844,0.163990000000922,4
adult_income,income and employment,73,3,0.0,immutable_l2,exact_leaf_cached,200,1.0,1.0,0.0,0.624575518888732,1.0,1.0,0.017876399991109793,0.08938199995554896,4
adult_income,income and employment,73,3,0.0,immutable_l2,native_exact_k_sparse,200,1.0,1.0,0.0,0.624575518888732,1.0,1.0,0.017871500000183005,0.08935750000091502,4
adult_income,income and employment,73,3,0.0,immutable_l2,clbr_uncached,200,0.625,0.615,0.01,1.5151045520586466,1.032,1.0,0.014526800002386153,0.07263400001193077,4
adult_income,income and employment,73,3,0.0,immutable_top3_l1,nn_positive_train,200,0.625,0.625,0.0,3.0617103899057168,1.928,1.0,0.010928699983196566,0.05464349991598283,4
adult_income,income and employment,73,3,0.0,immutable_top3_l1,leaf_centroid,200,0.895,0.895,0.0,2.733859255646828,2.815642458100559,1.0,0.02627019998999458,0.1313509999499729,4
adult_income,income and employment,73,3,0.0,immutable_top3_l1,raw_leaf_projection,200,0.615,0.615,0.0,1.5125056555586793,1.0,1.0,0.009799299999031064,0.04899649999515532,4
adult_income,income and employment,73,3,0.0,immutable_top3_l1,clbr,200,0.625,0.615,0.01,1.5273671050973292,1.032,1.0,0.01471679999758635,0.07358399998793175,4
adult_income,income and employment,73,3,0.0,immutable_top3_l1,metric_leaf_projection,200,0.91,0.91,0.0,0.6240170043702942,1.0,1.0,0.008699100007106608,0.04349550003553304,4
adult_income,income and employment,73,3,0.0,immutable_top3_l1,metric_clbr,200,0.94,0.91,0.03,0.6924797548123627,1.0638297872340425,1.0,0.010962299992570479,0.054811499962852395,4
adult_income,income and employment,73,3,0.0,immutable_top3_l1,exact_leaf,200,0.98,0.98,0.0,0.6379122186251656,1.0,1.0,0.03508209999836254,0.17541049999181269,4
adult_income,income and employment,73,3,0.0,immutable_top3_l1,exact_leaf_cached,200,0.98,0.98,0.0,0.6379122186251656,1.0,1.0,0.018705399998907524,0.09352699999453762,4
adult_income,income and employment,73,3,0.0,immutable_top3_l1,native_exact_k_sparse,200,1.0,1.0,0.0,0.624575518888732,1.0,1.0,0.01837450000220997,0.09187250001104985,4
adult_income,income and employment,73,3,0.0,immutable_top3_l1,clbr_uncached,200,0.625,0.615,0.01,1.5273671050973292,1.032,1.0,0.01585999999952037,0.07929999999760184,4
adult_income,income and employment,89,3,0.0,free_l2,nn_positive_train,200,1.0,1.0,0.0,2.357200080355305,4.625,0.04,0.009550499993565609,0.047752499967828044,3
adult_income,income and employment,89,3,0.0,free_l2,leaf_centroid,200,1.0,1.0,0.0,3.318241804110106,5.05,0.0,0.020910400004140683,0.10455200002070342,3
adult_income,income and employment,89,3,0.0,free_l2,raw_leaf_projection,200,1.0,1.0,0.0,0.5933616420840383,1.0,1.0,0.010384699992755486,0.05192349996377743,3
adult_income,income and employment,89,3,0.0,free_l2,clbr,200,1.0,1.0,0.0,0.5933616420840383,1.0,1.0,0.010363399998823297,0.051816999994116486,3
adult_income,income and employment,89,3,0.0,free_l2,metric_leaf_projection,200,1.0,1.0,0.0,0.5933616420840383,1.0,1.0,0.00964850000673323,0.04824250003366615,3
adult_income,income and employment,89,3,0.0,free_l2,metric_clbr,200,1.0,1.0,0.0,0.5933616420840383,1.0,1.0,0.009760499996446015,0.048802499982230074,3
adult_income,income and employment,89,3,0.0,free_l2,exact_leaf,200,1.0,1.0,0.0,0.5933616420840383,1.0,1.0,0.029948000005788344,0.14974000002894172,3
adult_income,income and employment,89,3,0.0,free_l2,exact_leaf_cached,200,1.0,1.0,0.0,0.5933616420840383,1.0,1.0,0.020316299994192377,0.10158149997096189,3
adult_income,income and employment,89,3,0.0,free_l2,native_exact_k_sparse,200,1.0,1.0,0.0,0.5933616420840383,1.0,1.0,0.019088199995167088,0.09544099997583544,3
adult_income,income and employment,89,3,0.0,free_l2,clbr_uncached,200,1.0,1.0,0.0,0.5933616420840383,1.0,1.0,0.010014899999077898,0.05007449999538949,3
adult_income,income and employment,89,3,0.0,immutable_l2,nn_positive_train,200,1.0,1.0,0.0,2.014924600697975,2.64,0.98,0.009582899999259098,0.04791449999629549,3
adult_income,income and employment,89,3,0.0,immutable_l2,leaf_centroid,200,1.0,1.0,0.0,3.014350487606616,3.05,0.95,0.020013300004393386,0.10006650002196693,3
adult_income,income and employment,89,3,0.0,immutable_l2,raw_leaf_projection,200,1.0,1.0,0.0,0.5933616420840383,1.0,1.0,0.009634400002141774,0.04817200001070887,3
adult_income,income and employment,89,3,0.0,immutable_l2,clbr,200,1.0,1.0,0.0,0.5933616420840383,1.0,1.0,0.008923200004574028,0.04461600002287014,3
adult_income,income and employment,89,3,0.0,immutable_l2,metric_leaf_projection,200,1.0,1.0,0.0,0.5933616420840383,1.0,1.0,0.00943029999598366,0.0471514999799183,3
adult_income,income and employment,89,3,0.0,immutable_l2,metric_clbr,200,1.0,1.0,0.0,0.5933616420840383,1.0,1.0,0.009882600003948028,0.04941300001974014,3
adult_income,income and employment,89,3,0.0,immutable_l2,exact_leaf,200,1.0,1.0,0.0,0.5933616420840383,1.0,1.0,0.030448599993178505,0.15224299996589252,3
adult_income,income and employment,89,3,0.0,immutable_l2,exact_leaf_cached,200,1.0,1.0,0.0,0.5933616420840383,1.0,1.0,0.020492099989496637,0.10246049994748319,3
adult_income,income and employment,89,3,0.0,immutable_l2,native_exact_k_sparse,200,1.0,1.0,0.0,0.5933616420840383,1.0,1.0,0.020022599988806178,0.10011299994403089,3
adult_income,income and employment,89,3,0.0,immutable_l2,clbr_uncached,200,1.0,1.0,0.0,0.5933616420840383,1.0,1.0,0.011179500000253029,0.055897500001265144,3
adult_income,income and employment,89,3,0.0,immutable_top3_l1,nn_positive_train,200,1.0,1.0,0.0,2.974829913820821,2.62,1.0,0.00998319999416708,0.0499159999708354,3
adult_income,income and employment,89,3,0.0,immutable_top3_l1,leaf_centroid,200,1.0,1.0,0.0,4.286682839325714,2.795,1.0,0.020550600010210474,0.10275300005105237,3
adult_income,income and employment,89,3,0.0,immutable_top3_l1,raw_leaf_projection,200,1.0,1.0,0.0,0.5933616420840383,1.0,1.0,0.010417999991659599,0.052089999958297994,3
adult_income,income and employment,89,3,0.0,immutable_top3_l1,clbr,200,1.0,1.0,0.0,0.5933616420840383,1.0,1.0,0.009535600000162958,0.04767800000081479,3
adult_income,income and employment,89,3,0.0,immutable_top3_l1,metric_leaf_projection,200,1.0,1.0,0.0,0.5933616420840383,1.0,1.0,0.009461999998165993,0.047309999990829965,3
adult_income,income and employment,89,3,0.0,immutable_top3_l1,metric_clbr,200,1.0,1.0,0.0,0.5933616420840383,1.0,1.0,0.010069800002384,0.05034900001192,3
adult_income,income and employment,89,3,0.0,immutable_top3_l1,exact_leaf,200,1.0,1.0,0.0,0.5933616420840383,1.0,1.0,0.03354130000116129,0.16770650000580645,3
adult_income,income and employment,89,3,0.0,immutable_top3_l1,exact_leaf_cached,200,1.0,1.0,0.0,0.5933616420840383,1.0,1.0,0.020409600004313688,0.10204800002156844,3
adult_income,income and employment,89,3,0.0,immutable_top3_l1,native_exact_k_sparse,200,1.0,1.0,0.0,0.5933616420840383,1.0,1.0,0.020404700004291954,0.10202350002145977,3
adult_income,income and employment,89,3,0.0,immutable_top3_l1,clbr_uncached,200,1.0,1.0,0.0,0.5933616420840383,1.0,1.0,0.011299999996481347,0.056499999982406734,3
german_credit,credit approval,7,3,0.0,free_l2,nn_positive_train,46,1.0,1.0,0.0,3.211417805184066,5.043478260869565,0.08695652173913043,0.0020709000000351807,0.0450195652181561,5
german_credit,credit approval,7,3,0.0,free_l2,leaf_centroid,46,1.0,1.0,0.0,2.8551757810389917,6.760869565217392,0.0,0.00415150000299036,0.09025000006500783,5
german_credit,credit approval,7,3,0.0,free_l2,raw_leaf_projection,46,1.0,1.0,0.0,0.8133795239184599,1.1304347826086956,1.0,0.0018860999989556149,0.04100217389033945,5
german_credit,credit approval,7,3,0.0,free_l2,clbr,46,1.0,1.0,0.0,0.8133795239184599,1.1304347826086956,1.0,0.0017904000014823396,0.038921739162659556,5
german_credit,credit approval,7,3,0.0,free_l2,metric_leaf_projection,46,1.0,1.0,0.0,0.44389064123868927,1.0869565217391304,1.0,0.0017774999987523188,0.038641304320702584,5
german_credit,credit approval,7,3,0.0,free_l2,metric_clbr,46,1.0,1.0,0.0,0.44389064123868927,1.0869565217391304,1.0,0.001748700001371617,0.038015217421122106,5
german_credit,credit approval,7,3,0.0,free_l2,exact_leaf,46,1.0,1.0,0.0,0.44389064123868927,1.0869565217391304,1.0,0.008094799997707014,0.17597391299363074,5
german_credit,credit approval,7,3,0.0,free_l2,exact_leaf_cached,46,1.0,1.0,0.0,0.44389064123868927,1.0869565217391304,1.0,0.0036590000036085257,0.07954347833931577,5
german_credit,credit approval,7,3,0.0,free_l2,native_exact_k_sparse,46,1.0,1.0,0.0,0.44389064123868927,1.0869565217391304,1.0,0.003513999998176587,0.07639130430818666,5
german_credit,credit approval,7,3,0.0,free_l2,clbr_uncached,46,1.0,1.0,0.0,0.8133795239184599,1.1304347826086956,1.0,0.0022258000008150702,0.04838695653945805,5
german_credit,credit approval,7,3,0.0,immutable_l2,nn_positive_train,46,0.9130434782608695,0.9130434782608695,0.0,2.4563416194894963,3.1904761904761907,0.6428571428571429,0.002356599996346631,0.05123043470318763,5
german_credit,credit approval,7,3,0.0,immutable_l2,leaf_centroid,46,0.782608695652174,0.782608695652174,0.0,2.384722466881747,4.0,0.0,0.005623199996080075,0.1222434781756538,5
german_credit,credit approval,7,3,0.0,immutable_l2,raw_leaf_projection,46,0.717391304347826,0.717391304347826,0.0,0.8696939056463946,1.0,1.0,0.0023990999989109696,0.05215434780241238,5
german_credit,credit approval,7,3,0.0,immutable_l2,clbr,46,0.9565217391304348,0.717391304347826,0.2391304347826087,0.97896949868002,1.6136363636363635,0.8863636363636364,0.008206000002246583,0.17839130439666484,5
german_credit,credit approval,7,3,0.0,immutable_l2,metric_leaf_projection,46,0.7608695652173914,0.7608695652173914,0.0,0.41866091279121326,1.0,1.0,0.003038400000150432,0.06605217391631374,5
german_credit,credit approval,7,3,0.0,immutable_l2,metric_clbr,46,0.9565217391304348,0.7608695652173914,0.1956521739130435,0.5718042432488369,1.5,0.9090909090909091,0.005652599999848462,0.12288260869235787,5
german_credit,credit approval,7,3,0.0,immutable_l2,exact_leaf,46,1.0,1.0,0.0,0.5418865722134786,1.0,1.0,0.010641300003044307,0.23133260876183276,5
german_credit,credit approval,7,3,0.0,immutable_l2,exact_leaf_cached,46,1.0,1.0,0.0,0.5418865722134786,1.0,1.0,0.004562100001749059,0.09917608699454475,5
german_credit,credit approval,7,3,0.0,immutable_l2,native_exact_k_sparse,46,1.0,1.0,0.0,0.5418865722134786,1.0,1.0,0.005235399996308843,0.11381304339801832,5
german_credit,credit approval,7,3,0.0,immutable_l2,clbr_uncached,46,0.9565217391304348,0.717391304347826,0.2391304347826087,0.97896949868002,1.6136363636363635,0.8863636363636364,0.007082600002831896,0.15396956527895425,5
german_credit,credit approval,7,3,0.0,immutable_top3_l1,nn_positive_train,46,0.9130434782608695,0.9130434782608695,0.0,2.955379746056732,2.8333333333333335,1.0,0.0024821000024530804,0.05395869570550175,5
german_credit,credit approval,7,3,0.0,immutable_top3_l1,leaf_centroid,46,0.782608695652174,0.782608695652174,0.0,3.115192330267358,3.0,1.0,0.005484000000251399,0.11921739130981301,5
german_credit,credit approval,7,3,0.0,immutable_top3_l1,raw_leaf_projection,46,0.6956521739130435,0.6956521739130435,0.0,0.8549924838662037,1.0,1.0,0.0022736999999324325,0.04942826086809636,5
german_credit,credit approval,7,3,0.0,immutable_top3_l1,clbr,46,0.9565217391304348,0.6956521739130435,0.2608695652173913,1.0798097774544377,1.5454545454545454,1.0,0.006261800000174844,0.1361260869603227,5
german_credit,credit approval,7,3,0.0,immutable_top3_l1,metric_leaf_projection,46,0.782608695652174,0.782608695652174,0.0,0.42381845340669844,1.0,1.0,0.002202299995587964,0.047876086860607917,5
german_credit,credit approval,7,3,0.0,immutable_top3_l1,metric_clbr,46,0.9565217391304348,0.782608695652174,0.17391304347826086,0.5996837256359439,1.3636363636363635,1.0,0.004975799998646835,0.10816956518797467,5
german_credit,credit approval,7,3,0.0,immutable_top3_l1,exact_leaf,46,1.0,1.0,0.0,0.5418865722134786,1.0,1.0,0.010262099997817131,0.22308913038732894,5
german_credit,credit approval,7,3,0.0,immutable_top3_l1,exact_leaf_cached,46,1.0,1.0,0.0,0.5418865722134786,1.0,1.0,0.004665199997361924,0.10141739124699835,5
german_credit,credit approval,7,3,0.0,immutable_top3_l1,native_exact_k_sparse,46,1.0,1.0,0.0,0.5418865722134786,1.0,1.0,0.004833999997572391,0.10508695646896503,5
german_credit,credit approval,7,3,0.0,immutable_top3_l1,clbr_uncached,46,0.9565217391304348,0.6956521739130435,0.2608695652173913,1.0798097774544377,1.5454545454545454,1.0,0.0073562999968999065,0.15991956514999797,5
german_credit,credit approval,13,3,0.0,free_l2,nn_positive_train,38,1.0,1.0,0.0,3.3855931114020676,4.921052631578948,0.02631578947368421,0.0018435000010867952,0.048513157923336714,6
german_credit,credit approval,13,3,0.0,free_l2,leaf_centroid,38,1.0,1.0,0.0,3.3532059948839135,6.868421052631579,0.0,0.0038555000000997097,0.10146052631841342,6
german_credit,credit approval,13,3,0.0,free_l2,raw_leaf_projection,38,1.0,1.0,0.0,0.77959757992828,1.0,1.0,0.0016421999962403788,0.043215789374746814,6
german_credit,credit approval,13,3,0.0,free_l2,clbr,38,1.0,1.0,0.0,0.77959757992828,1.0,1.0,0.001552600002469262,0.04085789480182269,6
german_credit,credit approval,13,3,0.0,free_l2,metric_leaf_projection,38,1.0,1.0,0.0,0.5242749945779357,1.0,1.0,0.0016888000018298044,0.04444210531131064,6
german_credit,credit approval,13,3,0.0,free_l2,metric_clbr,38,1.0,1.0,0.0,0.5242749945779357,1.0,1.0,0.0015907999986666255,0.04186315785964804,6
german_credit,credit approval,13,3,0.0,free_l2,exact_leaf,38,1.0,1.0,0.0,0.5242749945779357,1.0,1.0,0.00830210000549414,0.2184763159340563,6
german_credit,credit approval,13,3,0.0,free_l2,exact_leaf_cached,38,1.0,1.0,0.0,0.5242749945779357,1.0,1.0,0.003351599998495658,0.08819999996041206,6
german_credit,credit approval,13,3,0.0,free_l2,native_exact_k_sparse,38,1.0,1.0,0.0,0.5242749945779357,1.0,1.0,0.003241499998694053,0.08530263154458034,6
german_credit,credit approval,13,3,0.0,free_l2,clbr_uncached,38,1.0,1.0,0.0,0.77959757992828,1.0,1.0,0.002082400001199858,0.0548000000315752,6
german_credit,credit approval,13,3,0.0,immutable_l2,nn_positive_train,38,0.21052631578947367,0.21052631578947367,0.0,2.5027857764976567,3.375,0.625,0.0018706999981077388,0.049228947318624705,6
german_credit,credit approval,13,3,0.0,immutable_l2,leaf_centroid,38,0.3157894736842105,0.3157894736842105,0.0,2.3413771348684986,4.0,0.0,0.004465500002879708,0.11751315797051862,6
german_credit,credit approval,13,3,0.0,immutable_l2,raw_leaf_projection,38,0.02631578947368421,0.02631578947368421,0.0,0.25221651800919775,1.0,1.0,0.0019084999976257677,0.05022368414804652,6
german_credit,credit approval,13,3,0.0,immutable_l2,clbr,38,0.23684210526315788,0.02631578947368421,0.21052631578947367,1.2095786556595962,3.111111111111111,0.6666666666666666,0.006031400001120346,0.15872105266106173,6
german_credit,credit approval,13,3,0.0,immutable_l2,metric_leaf_projection,38,0.3684210526315789,0.3684210526315789,0.0,0.47077602899964166,1.0,1.0,0.001744700000017474,0.045913157895196684,6
german_credit,credit approval,13,3,0.0,immutable_l2,metric_clbr,38,0.5263157894736842,0.3684210526315789,0.15789473684210525,0.7271866264992293,1.7,0.9,0.004652699998587195,0.12243947364703145,6
german_credit,credit approval,13,3,0.0,immutable_l2,exact_leaf,38,1.0,1.0,0.0,1.14042410978908,1.0,1.0,0.008842200002618483,0.232689473753118,6
german_credit,credit approval,13,3,0.0,immutable_l2,exact_leaf_cached,38,1.0,1.0,0.0,1.14042410978908,1.0,1.0,0.0036532000012812205,0.09613684213897948,6
german_credit,credit approval,13,3,0.0,immutable_l2,native_exact_k_sparse,38,1.0,1.0,0.0,1.14042410978908,1.0,1.0,0.0034595999959492474,0.09104210515655914,6
german_credit,credit approval,13,3,0.0,immutable_l2,clbr_uncached,38,0.23684210526315788,0.02631578947368421,0.21052631578947367,1.2095786556595962,3.111111111111111,0.6666666666666666,0.0066964000043299166,0.17622105274552413,6
german_credit,credit approval,13,3,0.0,immutable_top3_l1,nn_positive_train,38,0.21052631578947367,0.21052631578947367,0.0,2.967269455005814,3.0,1.0,0.0018147000037060934,0.04775526325542351,6
german_credit,credit approval,13,3,0.0,immutable_top3_l1,leaf_centroid,38,0.3157894736842105,0.3157894736842105,0.0,2.943673488484597,3.0,1.0,0.004157999999733875,0.10942105262457565,6
german_credit,credit approval,13,3,0.0,immutable_top3_l1,raw_leaf_projection,38,0.02631578947368421,0.02631578947368421,0.0,0.25221651800919775,1.0,1.0,0.001619499998014362,0.04261842100037795,6
german_credit,credit approval,13,3,0.0,immutable_top3_l1,clbr,38,0.23684210526315788,0.02631578947368421,0.21052631578947367,1.3861664720670512,2.7777777777777777,1.0,0.005745699995713949,0.15120263146615653,6
german_credit,credit approval,13,3,0.0,immutable_top3_l1,metric_leaf_projection,38,0.3684210526315789,0.3684210526315789,0.0,0.47077602899964166,1.0,1.0,0.0016095000000859727,0.042355263160157176,6
german_credit,credit approval,13,3,0.0,immutable_top3_l1,metric_clbr,38,0.5263157894736842,0.3684210526315789,0.15789473684210525,0.7983960123581678,1.6,1.0,0.004282300000340911,0.11269210527212922,6
german_credit,credit approval,13,3,0.0,immutable_top3_l1,exact_leaf,38,1.0,1.0,0.0,1.14042410978908,1.0,1.0,0.008294200001728314,0.2182684210981135,6
german_credit,credit approval,13,3,0.0,immutable_top3_l1,exact_leaf_cached,38,1.0,1.0,0.0,1.14042410978908,1.0,1.0,0.00330889999622741,0.087076315690195,6
german_credit,credit approval,13,3,0.0,immutable_top3_l1,native_exact_k_sparse,38,1.0,1.0,0.0,1.14042410978908,1.0,1.0,0.003382100000635546,0.08900263159567227,6
german_credit,credit approval,13,3,0.0,immutable_top3_l1,clbr_uncached,38,0.23684210526315788,0.02631578947368421,0.21052631578947367,1.3861664720670512,2.7777777777777777,1.0,0.006394599999111961,0.16827894734505158,6
german_credit,credit approval,19,3,0.0,free_l2,nn_positive_train,28,1.0,1.0,0.0,3.423347340818632,5.214285714285714,0.03571428571428571,0.0013062999987596413,0.0466535713842729,4
german_credit,credit approval,19,3,0.0,free_l2,leaf_centroid,28,1.0,1.0,0.0,3.226315473681725,7.0,0.0,0.002384200002779835,0.08515000009927982,4
german_credit,credit approval,19,3,0.0,free_l2,raw_leaf_projection,28,1.0,1.0,0.0,0.6773886032372303,1.2142857142857142,1.0,0.0011604999981500441,0.04144642850535872,4
german_credit,credit approval,19,3,0.0,free_l2,clbr,28,1.0,1.0,0.0,0.6773886032372303,1.2142857142857142,1.0,0.0010997999997925945,0.03927857142116409,4
german_credit,credit approval,19,3,0.0,free_l2,metric_leaf_projection,28,1.0,1.0,0.0,0.408118766845285,1.0714285714285714,1.0,0.0010952000002362183,0.03911428572272208,4
german_credit,credit approval,19,3,0.0,free_l2,metric_clbr,28,1.0,1.0,0.0,0.408118766845285,1.0714285714285714,1.0,0.0011346999990564655,0.040524999966302336,4
german_credit,credit approval,19,3,0.0,free_l2,exact_leaf,28,1.0,1.0,0.0,0.408118766845285,1.0714285714285714,1.0,0.00417979999747331,0.1492785713383325,4
german_credit,credit approval,19,3,0.0,free_l2,exact_leaf_cached,28,1.0,1.0,0.0,0.408118766845285,1.0714285714285714,1.0,0.0022314999987429474,0.07969642852653383,4
german_credit,credit approval,19,3,0.0,free_l2,native_exact_k_sparse,28,1.0,1.0,0.0,0.408118766845285,1.0714285714285714,1.0,0.002140499999768508,0.076446428563161,4
german_credit,credit approval,19,3,0.0,free_l2,clbr_uncached,28,1.0,1.0,0.0,0.6773886032372303,1.2142857142857142,1.0,0.0012270999986867537,0.04382499995309835,4
german_credit,credit approval,19,3,0.0,immutable_l2,nn_positive_train,28,0.7142857142857143,0.7142857142857143,0.0,2.3039991223243854,3.15,0.65,0.0012607000026036985,0.04502500009298923,4
german_credit,credit approval,19,3,0.0,immutable_l2,leaf_centroid,28,0.5357142857142857,0.5357142857142857,0.0,3.130335319224819,4.0,0.0,0.002668799998900795,0.09531428567502839,4
german_credit,credit approval,19,3,0.0,immutable_l2,raw_leaf_projection,28,0.21428571428571427,0.21428571428571427,0.0,0.5888906850443255,1.0,1.0,0.0011379999978089472,0.040642857064605256,4
german_credit,credit approval,19,3,0.0,immutable_l2,clbr,28,0.7857142857142857,0.21428571428571427,0.5714285714285714,1.5485075019768386,2.5,0.7727272727272727,0.006349900000714115,0.22678214288264695,4
german_credit,credit approval,19,3,0.0,immutable_l2,metric_leaf_projection,28,0.42857142857142855,0.42857142857142855,0.0,0.4815597876763819,1.0,1.0,0.0012207999989186646,0.04359999996138088,4
german_credit,credit approval,19,3,0.0,immutable_l2,metric_clbr,28,0.75,0.42857142857142855,0.32142857142857145,1.0332625863758909,1.8095238095238095,0.9047619047619048,0.004210100001728279,0.15036071434743853,4
german_credit,credit approval,19,3,0.0,immutable_l2,exact_leaf,28,1.0,1.0,0.0,0.842928779480385,1.0,1.0,0.004537099999652128,0.1620392857018617,4
german_credit,credit approval,19,3,0.0,immutable_l2,exact_leaf_cached,28,1.0,1.0,0.0,0.842928779480385,1.0,1.0,0.0024341999987882446,0.0869357142424373,4
german_credit,credit approval,19,3,0.0,immutable_l2,native_exact_k_sparse,28,1.0,1.0,0.0,0.842928779480385,1.0,1.0,0.002937400001428614,0.10490714290816479,4
german_credit,credit approval,19,3,0.0,immutable_l2,clbr_uncached,28,0.7857142857142857,0.21428571428571427,0.5714285714285714,1.5485075019768386,2.5,0.7727272727272727,0.006566500002008979,0.2345178572146064,4
german_credit,credit approval,19,3,0.0,immutable_top3_l1,nn_positive_train,28,0.7142857142857143,0.7142857142857143,0.0,2.834285211035288,2.8,1.0,0.0013799000007566065,0.04928214288416451,4
german_credit,credit approval,19,3,0.0,immutable_top3_l1,leaf_centroid,28,0.5357142857142857,0.5357142857142857,0.0,4.578013008013825,3.0,1.0,0.0026347999983045156,0.09409999993944698,4
german_credit,credit approval,19,3,0.0,immutable_top3_l1,raw_leaf_projection,28,0.21428571428571427,0.21428571428571427,0.0,0.5888906850443255,1.0,1.0,0.0012255999990884447,0.043771428538873024,4
german_credit,credit approval,19,3,0.0,immutable_top3_l1,clbr,28,0.7857142857142857,0.21428571428571427,0.5714285714285714,1.9374166947668063,2.272727272727273,1.0,0.007386800003587268,0.26381428584240246,4
german_credit,credit approval,19,3,0.0,immutable_top3_l1,metric_leaf_projection,28,0.4642857142857143,0.4642857142857143,0.0,0.5867353761897344,1.0,1.0,0.0012001000004602247,0.04286071430215088,4
german_credit,credit approval,19,3,0.0,immutable_top3_l1,metric_clbr,28,0.7857142857142857,0.4642857142857143,0.32142857142857145,1.1836982775781142,1.6818181818181819,1.0,0.0048281999997925595,0.1724357142783057,4
german_credit,credit approval,19,3,0.0,immutable_top3_l1,exact_leaf,28,0.9285714285714286,0.9285714285714286,0.0,0.8414007519099033,1.0,1.0,0.004519499998423271,0.16141071422940254,4
german_credit,credit approval,19,3,0.0,immutable_top3_l1,exact_leaf_cached,28,0.9285714285714286,0.9285714285714286,0.0,0.8414007519099033,1.0,1.0,0.00272040000436391,0.09715714301299679,4
german_credit,credit approval,19,3,0.0,immutable_top3_l1,native_exact_k_sparse,28,1.0,1.0,0.0,0.842928779480385,1.0,1.0,0.002648999998200452,0.09460714279287329,4
german_credit,credit approval,19,3,0.0,immutable_top3_l1,clbr_uncached,28,0.7857142857142857,0.21428571428571427,0.5714285714285714,1.9374166947668063,2.272727272727273,1.0,0.0071906999983184505,0.25681071422565893,4
german_credit,credit approval,29,3,0.0,free_l2,nn_positive_train,60,1.0,1.0,0.0,3.2583862455207884,4.916666666666667,0.06666666666666667,0.0027869999985341565,0.04644999997556928,4
german_credit,credit approval,29,3,0.0,free_l2,leaf_centroid,60,1.0,1.0,0.0,3.1515144385839227,6.35,0.0,0.0056212999998024316,0.09368833333004052,4
german_credit,credit approval,29,3,0.0,free_l2,raw_leaf_projection,60,1.0,1.0,0.0,1.0178978548197268,1.0666666666666667,1.0,0.002811100003782485,0.046851666729708086,4
german_credit,credit approval,29,3,0.0,free_l2,clbr,60,1.0,1.0,0.0,1.0178978548197268,1.0666666666666667,1.0,0.0026683999967644922,0.0444733332794082,4
german_credit,credit approval,29,3,0.0,free_l2,metric_leaf_projection,60,1.0,1.0,0.0,0.40638534900698603,1.1,1.0,0.0026651000007404946,0.04441833334567491,4
german_credit,credit approval,29,3,0.0,free_l2,metric_clbr,60,1.0,1.0,0.0,0.40638534900698603,1.1,1.0,0.0025432000038563274,0.04238666673093879,4
german_credit,credit approval,29,3,0.0,free_l2,exact_leaf,60,1.0,1.0,0.0,0.40638534900698603,1.1,1.0,0.009707199996228155,0.1617866666038026,4
german_credit,credit approval,29,3,0.0,free_l2,exact_leaf_cached,60,1.0,1.0,0.0,0.40638534900698603,1.1,1.0,0.005498699999407108,0.09164499999011848,4
german_credit,credit approval,29,3,0.0,free_l2,native_exact_k_sparse,60,1.0,1.0,0.0,0.40638534900698603,1.1,1.0,0.005185400005757401,0.08642333342929003,4
german_credit,credit approval,29,3,0.0,free_l2,clbr_uncached,60,1.0,1.0,0.0,1.0178978548197268,1.0666666666666667,1.0,0.0028320999999777996,0.04720166666629666,4
german_credit,credit approval,29,3,0.0,immutable_l2,nn_positive_train,60,0.8666666666666667,0.8666666666666667,0.0,2.4030162402600728,3.1346153846153846,0.6346153846153846,0.0033967999997912557,0.056613333329854264,4
german_credit,credit approval,29,3,0.0,immutable_l2,leaf_centroid,60,0.5333333333333333,0.5333333333333333,0.0,2.107021465962341,4.0,0.0,0.006561900000633614,0.10936500001056022,4
german_credit,credit approval,29,3,0.0,immutable_l2,raw_leaf_projection,60,0.48333333333333334,0.48333333333333334,0.0,0.2489891303786104,1.0,1.0,0.0031984999986889306,0.05330833331148218,4
german_credit,credit approval,29,3,0.0,immutable_l2,clbr,60,0.8666666666666667,0.48333333333333334,0.38333333333333336,0.6037100810060011,1.9038461538461537,0.8269230769230769,0.010898100001213606,0.18163500002022678,4
german_credit,credit approval,29,3,0.0,immutable_l2,metric_leaf_projection,60,0.9166666666666666,0.9166666666666666,0.0,0.4019954727057498,1.1090909090909091,1.0,0.00297259999661037,0.0495433332768395,4
german_credit,credit approval,29,3,0.0,immutable_l2,metric_clbr,60,0.95,0.9166666666666666,0.03333333333333333,0.4570677348920539,1.1403508771929824,1.0,0.003674200002933503,0.061236666715558385,4
german_credit,credit approval,29,3,0.0,immutable_l2,exact_leaf,60,1.0,1.0,0.0,0.512179907883554,1.15,1.0,0.011591799992856977,0.19319666654761627,4
german_credit,credit approval,29,3,0.0,immutable_l2,exact_leaf_cached,60,1.0,1.0,0.0,0.512179907883554,1.15,1.0,0.006104200002482685,0.10173666670804475,4
german_credit,credit approval,29,3,0.0,immutable_l2,native_exact_k_sparse,60,1.0,1.0,0.0,0.512179907883554,1.15,1.0,0.00571470000068075,0.09524500001134584,4
german_credit,credit approval,29,3,0.0,immutable_l2,clbr_uncached,60,0.8666666666666667,0.48333333333333334,0.38333333333333336,0.6037100810060011,1.9038461538461537,0.8269230769230769,0.011712000000443368,0.19520000000738946,4
german_credit,credit approval,29,3,0.0,immutable_top3_l1,nn_positive_train,60,0.8666666666666667,0.8666666666666667,0.0,2.685696759927762,2.769230769230769,1.0,0.002874199995858362,0.047903333264306035,4
german_credit,credit approval,29,3,0.0,immutable_top3_l1,leaf_centroid,60,0.5333333333333333,0.5333333333333333,0.0,2.3505010963203716,3.0,1.0,0.006175500000608736,0.1029250000101456,4
german_credit,credit approval,29,3,0.0,immutable_top3_l1,raw_leaf_projection,60,0.48333333333333334,0.48333333333333334,0.0,0.2489891303786104,1.0,1.0,0.0026343999998061918,0.04390666666343653,4
german_credit,credit approval,29,3,0.0,immutable_top3_l1,clbr,60,0.8666666666666667,0.48333333333333334,0.38333333333333336,0.6803735500127691,1.7307692307692308,1.0,0.010908099999141996,0.1818016666523666,4
german_credit,credit approval,29,3,0.0,immutable_top3_l1,metric_leaf_projection,60,0.8833333333333333,0.8833333333333333,0.0,0.3673720194801883,1.0754716981132075,1.0,0.002428400003736897,0.04047333339561495,4
german_credit,credit approval,29,3,0.0,immutable_top3_l1,metric_clbr,60,0.9166666666666666,0.8833333333333333,0.03333333333333333,0.4267483424678242,1.1090909090909091,1.0,0.0032639999972161604,0.054399999953602673,4
german_credit,credit approval,29,3,0.0,immutable_top3_l1,exact_leaf,60,1.0,1.0,0.0,0.5862491569059838,1.15,1.0,0.009786499998881482,0.16310833331469135,4
german_credit,credit approval,29,3,0.0,immutable_top3_l1,exact_leaf_cached,60,1.0,1.0,0.0,0.5862491569059838,1.15,1.0,0.005306300000484043,0.08843833334140072,4
german_credit,credit approval,29,3,0.0,immutable_top3_l1,native_exact_k_sparse,60,1.0,1.0,0.0,0.5862491569059838,1.15,1.0,0.0053073999979460496,0.08845666663243416,4
german_credit,credit approval,29,3,0.0,immutable_top3_l1,clbr_uncached,60,0.8666666666666667,0.48333333333333334,0.38333333333333336,0.6803735500127691,1.7307692307692308,1.0,0.010895800000980671,0.1815966666830112,4
german_credit,credit approval,37,3,0.0,free_l2,nn_positive_train,42,1.0,1.0,0.0,2.7061704381966742,4.642857142857143,0.07142857142857142,0.002157400000214693,0.05136666667177841,5
german_credit,credit approval,37,3,0.0,free_l2,leaf_centroid,42,1.0,1.0,0.0,2.923747876775728,6.833333333333333,0.0,0.004342100000940263,0.10338333335572056,5
german_credit,credit approval,37,3,0.0,free_l2,raw_leaf_projection,42,1.0,1.0,0.0,1.1515151085522628,1.1904761904761905,1.0,0.0020376000002215733,0.04851428571956127,5
german_credit,credit approval,37,3,0.0,free_l2,clbr,42,1.0,1.0,0.0,1.1515151085522628,1.1904761904761905,1.0,0.0018846999982997659,0.04487380948332776,5
german_credit,credit approval,37,3,0.0,free_l2,metric_leaf_projection,42,1.0,1.0,0.0,0.26625938780006353,1.0238095238095237,1.0,0.0018376000007265247,0.043752380969679164,5
german_credit,credit approval,37,3,0.0,free_l2,metric_clbr,42,1.0,1.0,0.0,0.26625938780006353,1.0238095238095237,1.0,0.0018126000004485832,0.043157142867823406,5
german_credit,credit approval,37,3,0.0,free_l2,exact_leaf,42,1.0,1.0,0.0,0.26625938780006353,1.0238095238095237,1.0,0.008674399996380089,0.20653333324714498,5
german_credit,credit approval,37,3,0.0,free_l2,exact_leaf_cached,42,1.0,1.0,0.0,0.26625938780006353,1.0238095238095237,1.0,0.0037643000014213612,0.08962619051003241,5
german_credit,credit approval,37,3,0.0,free_l2,native_exact_k_sparse,42,1.0,1.0,0.0,0.26625938780006353,1.0238095238095237,1.0,0.0035934999978053384,0.08555952375726997,5
german_credit,credit approval,37,3,0.0,free_l2,clbr_uncached,42,1.0,1.0,0.0,1.1515151085522628,1.1904761904761905,1.0,0.002141500000107044,0.050988095240643905,5
german_credit,credit approval,37,3,0.0,immutable_l2,nn_positive_train,42,0.42857142857142855,0.42857142857142855,0.0,1.769642691880029,2.7777777777777777,0.8333333333333334,0.0019612000023698783,0.04669523815166377,5
german_credit,credit approval,37,3,0.0,immutable_l2,leaf_centroid,42,0.6666666666666666,0.6666666666666666,0.0,2.523682548871534,4.0,0.0,0.004665800000111631,0.11109047619313406,5
german_credit,credit approval,37,3,0.0,immutable_l2,raw_leaf_projection,42,0.11904761904761904,0.11904761904761904,0.0,1.3096386911516646,1.6,1.0,0.0020213000007061055,0.04812619049300251,5
german_credit,credit approval,37,3,0.0,immutable_l2,clbr,42,0.42857142857142855,0.11904761904761904,0.30952380952380953,1.0813270151430112,2.4444444444444446,0.8888888888888888,0.007205799999610463,0.17156666665739198,5
german_credit,credit approval,37,3,0.0,immutable_l2,metric_leaf_projection,42,0.40476190476190477,0.40476190476190477,0.0,0.37622378628320474,1.0588235294117647,1.0,0.0019424000001890818,0.04624761905212099,5
german_credit,credit approval,37,3,0.0,immutable_l2,metric_clbr,42,0.5,0.40476190476190477,0.09523809523809523,0.4242348998112525,1.380952380952381,1.0,0.004323100003603031,0.10293095246673883,5
german_credit,credit approval,37,3,0.0,immutable_l2,exact_leaf,42,1.0,1.0,0.0,0.8331951727271868,1.0952380952380953,1.0,0.008361900000636524,0.19909285715801248,5
german_credit,credit approval,37,3,0.0,immutable_l2,exact_leaf_cached,42,1.0,1.0,0.0,0.8331951727271868,1.0952380952380953,1.0,0.003862900000058289,0.09197380952519736,5
german_credit,credit approval,37,3,0.0,immutable_l2,native_exact_k_sparse,42,1.0,1.0,0.0,0.8331951727271868,1.0952380952380953,1.0,0.003588099999433325,0.08543095236746012,5
german_credit,credit approval,37,3,0.0,immutable_l2,clbr_uncached,42,0.42857142857142855,0.11904761904761904,0.30952380952380953,1.0813270151430112,2.4444444444444446,0.8888888888888888,0.007256499999130028,0.1727738095030959,5
german_credit,credit approval,37,3,0.0,immutable_top3_l1,nn_positive_train,42,0.42857142857142855,0.42857142857142855,0.0,2.2983852058682444,2.611111111111111,1.0,0.0022592000032091164,0.05379047626688373,5
german_credit,credit approval,37,3,0.0,immutable_top3_l1,leaf_centroid,42,0.6666666666666666,0.6666666666666666,0.0,3.567301508250707,3.0,1.0,0.0043634000030579045,0.10389047626328345,5
german_credit,credit approval,37,3,0.0,immutable_top3_l1,raw_leaf_projection,42,0.11904761904761904,0.11904761904761904,0.0,1.6221643966881385,1.6,1.0,0.0020540000032269745,0.04890476198159463,5
german_credit,credit approval,37,3,0.0,immutable_top3_l1,clbr,42,0.42857142857142855,0.11904761904761904,0.30952380952380953,1.3710744961009964,2.3333333333333335,1.0,0.008189699999093136,0.19499285712126516,5
german_credit,credit approval,37,3,0.0,immutable_top3_l1,metric_leaf_projection,42,0.38095238095238093,0.38095238095238093,0.0,0.3948126771163123,1.0,1.0,0.0019117999972877442,0.0455190475544701,5
german_credit,credit approval,37,3,0.0,immutable_top3_l1,metric_clbr,42,0.47619047619047616,0.38095238095238093,0.09523809523809523,0.4783744401716693,1.35,1.0,0.004487600000175007,0.10684761905178589,5
german_credit,credit approval,37,3,0.0,immutable_top3_l1,exact_leaf,42,0.9523809523809523,0.9523809523809523,0.0,0.9100019516673736,1.075,1.0,0.008208500004002417,0.19544047628577182,5
german_credit,credit approval,37,3,0.0,immutable_top3_l1,exact_leaf_cached,42,0.9523809523809523,0.9523809523809523,0.0,0.9100019516673736,1.075,1.0,0.004520300002695876,0.107626190540378,5
german_credit,credit approval,37,3,0.0,immutable_top3_l1,native_exact_k_sparse,42,1.0,1.0,0.0,0.8881944341276292,1.0714285714285714,1.0,0.004118099998777325,0.09804999997088869,5
german_credit,credit approval,37,3,0.0,immutable_top3_l1,clbr_uncached,42,0.42857142857142855,0.11904761904761904,0.30952380952380953,1.3710744961009964,2.3333333333333335,1.0,0.00917219999973895,0.21838571427949882,5
german_credit,credit approval,41,3,0.0,free_l2,nn_positive_train,38,1.0,1.0,0.0,3.9028550331833856,5.526315789473684,0.0,0.0018744999997579725,0.04932894736205191,5
german_credit,credit approval,41,3,0.0,free_l2,leaf_centroid,38,1.0,1.0,0.0,3.3527116010757005,7.0,0.0,0.003905099999428785,0.10276578945865224,5
german_credit,credit approval,41,3,0.0,free_l2,raw_leaf_projection,38,1.0,1.0,0.0,0.587708732233641,1.105263157894737,1.0,0.0017965999986699899,0.047278947333420786,5
german_credit,credit approval,41,3,0.0,free_l2,clbr,38,1.0,1.0,0.0,0.587708732233641,1.105263157894737,1.0,0.0016053000008469098,0.04224473686439236,5
german_credit,credit approval,41,3,0.0,free_l2,metric_leaf_projection,38,1.0,1.0,0.0,0.5188851706787713,1.105263157894737,1.0,0.0016476999981023255,0.04336052626585067,5
german_credit,credit approval,41,3,0.0,free_l2,metric_clbr,38,1.0,1.0,0.0,0.5188851706787713,1.105263157894737,1.0,0.0015979000008883304,0.04205000002337712,5
german_credit,credit approval,41,3,0.0,free_l2,exact_leaf,38,1.0,1.0,0.0,0.5188851706787713,1.105263157894737,1.0,0.007271199998285738,0.19134736837594046,5
german_credit,credit approval,41,3,0.0,free_l2,exact_leaf_cached,38,1.0,1.0,0.0,0.5188851706787713,1.105263157894737,1.0,0.003345299997818074,0.08803421046889669,5
german_credit,credit approval,41,3,0.0,free_l2,native_exact_k_sparse,38,1.0,1.0,0.0,0.5188851706787713,1.105263157894737,1.0,0.0033027000008587493,0.0869131579173355,5
german_credit,credit approval,41,3,0.0,free_l2,clbr_uncached,38,1.0,1.0,0.0,0.587708732233641,1.105263157894737,1.0,0.0019233000066378736,0.05061315806941773,5
german_credit,credit approval,41,3,0.0,immutable_l2,nn_positive_train,38,1.0,1.0,0.0,2.776027149195892,3.263157894736842,0.631578947368421,0.0021348000009311363,0.05617894739292464,5
german_credit,credit approval,41,3,0.0,immutable_l2,leaf_centroid,38,1.0,1.0,0.0,2.83087070763682,4.0,0.0,0.004202399999485351,0.11058947367066714,5
german_credit,credit approval,41,3,0.0,immutable_l2,raw_leaf_projection,38,1.0,1.0,0.0,0.587708732233641,1.105263157894737,1.0,0.001828899999964051,0.04812894736747503,5
german_credit,credit approval,41,3,0.0,immutable_l2,clbr,38,1.0,1.0,0.0,0.587708732233641,1.105263157894737,1.0,0.001702400002614013,0.044800000068789814,5
german_credit,credit approval,41,3,0.0,immutable_l2,metric_leaf_projection,38,1.0,1.0,0.0,0.5188851706787713,1.105263157894737,1.0,0.0016952000032688375,0.04461052640181151,5
german_credit,credit approval,41,3,0.0,immutable_l2,metric_clbr,38,1.0,1.0,0.0,0.5188851706787713,1.105263157894737,1.0,0.0016570999996474711,0.04360789472756503,5
german_credit,credit approval,41,3,0.0,immutable_l2,exact_leaf,38,1.0,1.0,0.0,0.5188851706787713,1.105263157894737,1.0,0.008302000000185217,0.21847368421540045,5
german_credit,credit approval,41,3,0.0,immutable_l2,exact_leaf_cached,38,1.0,1.0,0.0,0.5188851706787713,1.105263157894737,1.0,0.003970599998865509,0.10448947365435551,5
german_credit,credit approval,41,3,0.0,immutable_l2,native_exact_k_sparse,38,1.0,1.0,0.0,0.5188851706787713,1.105263157894737,1.0,0.003476399998362467,0.09148421048322282,5
german_credit,credit approval,41,3,0.0,immutable_l2,clbr_uncached,38,1.0,1.0,0.0,0.587708732233641,1.105263157894737,1.0,0.0022682999979224405,0.05969210520848528,5
german_credit,credit approval,41,3,0.0,immutable_top3_l1,nn_positive_train,38,1.0,1.0,0.0,3.4065503373402035,2.8947368421052633,1.0,0.002801800002089294,0.07373157900234985,5
german_credit,credit approval,41,3,0.0,immutable_top3_l1,leaf_centroid,38,1.0,1.0,0.0,3.8477921653513834,3.0,1.0,0.004348800000116171,0.11444210526621502,5
german_credit,credit approval,41,3,0.0,immutable_top3_l1,raw_leaf_projection,38,1.0,1.0,0.0,0.6213919225063762,1.105263157894737,1.0,0.0018913999965661787,0.0497736841201626,5
german_credit,credit approval,41,3,0.0,immutable_top3_l1,clbr,38,1.0,1.0,0.0,0.6213919225063762,1.105263157894737,1.0,0.0016226000025199028,0.04270000006631323,5
german_credit,credit approval,41,3,0.0,immutable_top3_l1,metric_leaf_projection,38,1.0,1.0,0.0,0.5525683609515065,1.105263157894737,1.0,0.0017687999988993397,0.04654736839208789,5
german_credit,credit approval,41,3,0.0,immutable_top3_l1,metric_clbr,38,1.0,1.0,0.0,0.5525683609515065,1.105263157894737,1.0,0.0019051999970542965,0.05013684202774465,5
german_credit,credit approval,41,3,0.0,immutable_top3_l1,exact_leaf,38,1.0,1.0,0.0,0.5525683609515065,1.105263157894737,1.0,0.008571500000471133,0.22556578948608244,5
german_credit,credit approval,41,3,0.0,immutable_top3_l1,exact_leaf_cached,38,1.0,1.0,0.0,0.5525683609515065,1.105263157894737,1.0,0.0038802000008217874,0.10211052633741546,5
german_credit,credit approval,41,3,0.0,immutable_top3_l1,native_exact_k_sparse,38,1.0,1.0,0.0,0.5525683609515065,1.105263157894737,1.0,0.0035776999984591384,0.09414999995945102,5
german_credit,credit approval,41,3,0.0,immutable_top3_l1,clbr_uncached,38,1.0,1.0,0.0,0.6213919225063762,1.105263157894737,1.0,0.0021334000002752873,0.056142105270402295,5
german_credit,credit approval,53,3,0.0,free_l2,nn_positive_train,30,1.0,1.0,0.0,3.395405682241135,5.133333333333334,0.0,0.0013963000010335236,0.04654333336778412,3
german_credit,credit approval,53,3,0.0,free_l2,leaf_centroid,30,1.0,1.0,0.0,2.8691203316219878,7.0,0.0,0.00229849999959697,0.07661666665323234,3
german_credit,credit approval,53,3,0.0,free_l2,raw_leaf_projection,30,1.0,1.0,0.0,0.48162727718118764,1.1,1.0,0.0012403000000631437,0.041343333335438125,3
german_credit,credit approval,53,3,0.0,free_l2,clbr,30,1.0,1.0,0.0,0.48162727718118764,1.1,1.0,0.0012339000040810788,0.04113000013603596,3
german_credit,credit approval,53,3,0.0,free_l2,metric_leaf_projection,30,1.0,1.0,0.0,0.4579812926723547,1.0666666666666667,1.0,0.001222200001393503,0.0407400000464501,3
german_credit,credit approval,53,3,0.0,free_l2,metric_clbr,30,1.0,1.0,0.0,0.4579812926723547,1.0666666666666667,1.0,0.0012501000010161079,0.04167000003387026,3
german_credit,credit approval,53,3,0.0,free_l2,exact_leaf,30,1.0,1.0,0.0,0.4579812926723547,1.0666666666666667,1.0,0.0036334000005808775,0.12111333335269592,3
german_credit,credit approval,53,3,0.0,free_l2,exact_leaf_cached,30,1.0,1.0,0.0,0.4579812926723547,1.0666666666666667,1.0,0.0024026000010053394,0.08008666670017799,3
german_credit,credit approval,53,3,0.0,free_l2,native_exact_k_sparse,30,1.0,1.0,0.0,0.4579812926723547,1.0666666666666667,1.0,0.0022915000008651987,0.07638333336217329,3
german_credit,credit approval,53,3,0.0,free_l2,clbr_uncached,30,1.0,1.0,0.0,0.48162727718118764,1.1,1.0,0.0013204000015321071,0.04401333338440357,3
german_credit,credit approval,53,3,0.0,immutable_l2,nn_positive_train,30,0.43333333333333335,0.43333333333333335,0.0,2.4157556730551843,2.923076923076923,0.9230769230769231,0.0014063999988138676,0.04687999996046225,3
german_credit,credit approval,53,3,0.0,immutable_l2,leaf_centroid,30,0.3333333333333333,0.3333333333333333,0.0,2.2436031717096894,4.0,0.0,0.002535200002057536,0.0845066667352512,3
german_credit,credit approval,53,3,0.0,immutable_l2,raw_leaf_projection,30,0.26666666666666666,0.26666666666666666,0.0,0.5012835814550118,1.0,1.0,0.0013002999976379215,0.04334333325459738,3
german_credit,credit approval,53,3,0.0,immutable_l2,clbr,30,0.5333333333333333,0.26666666666666666,0.26666666666666666,0.9188603914492562,1.9375,0.9375,0.005216500001552049,0.1738833333850683,3
german_credit,credit approval,53,3,0.0,immutable_l2,metric_leaf_projection,30,0.3,0.3,0.0,0.6508319944852704,1.0,1.0,0.001297300000260293,0.04324333334200977,3
german_credit,credit approval,53,3,0.0,immutable_l2,metric_clbr,30,0.5666666666666667,0.3,0.26666666666666666,0.9734697389362024,1.8823529411764706,0.9411764705882353,0.004649400003472692,0.1549800001157564,3
german_credit,credit approval,53,3,0.0,immutable_l2,exact_leaf,30,1.0,1.0,0.0,1.1164477364474727,1.2666666666666666,1.0,0.003877699999975448,0.12925666666584826,3
german_credit,credit approval,53,3,0.0,immutable_l2,exact_leaf_cached,30,1.0,1.0,0.0,1.1164477364474727,1.2666666666666666,1.0,0.002658500003235531,0.0886166667745177,3
german_credit,credit approval,53,3,0.0,immutable_l2,native_exact_k_sparse,30,1.0,1.0,0.0,1.1164477364474727,1.2666666666666666,1.0,0.002599299999019422,0.0866433333006474,3
german_credit,credit approval,53,3,0.0,immutable_l2,clbr_uncached,30,0.5333333333333333,0.26666666666666666,0.26666666666666666,0.9188603914492562,1.9375,0.9375,0.00512449999951059,0.170816666650353,3
german_credit,credit approval,53,3,0.0,immutable_top3_l1,nn_positive_train,30,0.43333333333333335,0.43333333333333335,0.0,3.2661412809552384,2.8461538461538463,1.0,0.0014520999993692385,0.04840333331230795,3
german_credit,credit approval,53,3,0.0,immutable_top3_l1,leaf_centroid,30,0.3333333333333333,0.3333333333333333,0.0,3.0958416481360786,3.0,1.0,0.0025391999988642056,0.08463999996214018,3
german_credit,credit approval,53,3,0.0,immutable_top3_l1,raw_leaf_projection,30,0.26666666666666666,0.26666666666666666,0.0,0.5012835814550118,1.0,1.0,0.0013902000000598491,0.04634000000199497,3
german_credit,credit approval,53,3,0.0,immutable_top3_l1,clbr,30,0.5333333333333333,0.26666666666666666,0.26666666666666666,1.1372959069098805,1.875,1.0,0.00459930000215536,0.15331000007184534,3
german_credit,credit approval,53,3,0.0,immutable_top3_l1,metric_leaf_projection,30,0.3333333333333333,0.3333333333333333,0.0,0.6905964089170348,1.0,1.0,0.0012180000012449455,0.040600000041498184,3
german_credit,credit approval,53,3,0.0,immutable_top3_l1,metric_clbr,30,0.6,0.3333333333333333,0.26666666666666666,1.1718016637826856,1.7777777777777777,1.0,0.0044626999988395255,0.14875666662798417,3
german_credit,credit approval,53,3,0.0,immutable_top3_l1,exact_leaf,30,0.9666666666666667,0.9666666666666667,0.0,1.3280195391839453,1.2758620689655173,1.0,0.0037888000024395296,0.126293333414651,3
german_credit,credit approval,53,3,0.0,immutable_top3_l1,exact_leaf_cached,30,0.9666666666666667,0.9666666666666667,0.0,1.3280195391839453,1.2758620689655173,1.0,0.0029520999978558393,0.0984033332618613,3
german_credit,credit approval,53,3,0.0,immutable_top3_l1,native_exact_k_sparse,30,1.0,1.0,0.0,1.2962843097515615,1.2666666666666666,1.0,0.0028914000004078844,0.09638000001359615,3
german_credit,credit approval,53,3,0.0,immutable_top3_l1,clbr_uncached,30,0.5333333333333333,0.26666666666666666,0.26666666666666666,1.1372959069098805,1.875,1.0,0.0053666000021621585,0.17888666673873863,3
german_credit,credit approval,61,3,0.0,free_l2,nn_positive_train,50,1.0,1.0,0.0,3.0809605838282215,4.58,0.12,0.002420300002086151,0.04840600004172302,3
german_credit,credit approval,61,3,0.0,free_l2,leaf_centroid,50,1.0,1.0,0.0,3.2837118924322333,7.0,0.0,0.004334000000199012,0.08668000000398024,3
german_credit,credit approval,61,3,0.0,free_l2,raw_leaf_projection,50,1.0,1.0,0.0,0.9483780681379532,1.08,1.0,0.002530800003114564,0.05061600006229128,3
german_credit,credit approval,61,3,0.0,free_l2,clbr,50,1.0,1.0,0.0,0.9483780681379532,1.08,1.0,0.0022091999990152544,0.04418399998030509,3
german_credit,credit approval,61,3,0.0,free_l2,metric_leaf_projection,50,1.0,1.0,0.0,0.5801486867947031,1.14,1.0,0.002130000001670851,0.04260000003341702,3
german_credit,credit approval,61,3,0.0,free_l2,metric_clbr,50,1.0,1.0,0.0,0.5801486867947031,1.14,1.0,0.0022202000009201583,0.04440400001840317,3
german_credit,credit approval,61,3,0.0,free_l2,exact_leaf,50,1.0,1.0,0.0,0.5801486867947031,1.14,1.0,0.0067635000004884205,0.1352700000097684,3
german_credit,credit approval,61,3,0.0,free_l2,exact_leaf_cached,50,1.0,1.0,0.0,0.5801486867947031,1.14,1.0,0.004379799996968359,0.08759599993936718,3
german_credit,credit approval,61,3,0.0,free_l2,native_exact_k_sparse,50,1.0,1.0,0.0,0.5801486867947031,1.14,1.0,0.004137700002502243,0.08275400005004485,3
german_credit,credit approval,61,3,0.0,free_l2,clbr_uncached,50,1.0,1.0,0.0,0.9483780681379532,1.08,1.0,0.002253800003018114,0.045076000060362276,3
german_credit,credit approval,61,3,0.0,immutable_l2,nn_positive_train,50,0.72,0.72,0.0,2.0654474821633935,2.75,0.8888888888888888,0.0028339999971649377,0.05667999994329875,3
german_credit,credit approval,61,3,0.0,immutable_l2,leaf_centroid,50,1.0,1.0,0.0,2.474331972241612,4.0,0.0,0.005238300000200979,0.10476600000401959,3
german_credit,credit approval,61,3,0.0,immutable_l2,raw_leaf_projection,50,0.78,0.78,0.0,0.7854977730523787,1.0,1.0,0.00267830000120739,0.0535660000241478,3
german_credit,credit approval,61,3,0.0,immutable_l2,clbr,50,0.94,0.78,0.16,0.959658402012094,1.3404255319148937,0.9787234042553191,0.006508199992822483,0.13016399985644966,3
german_credit,credit approval,61,3,0.0,immutable_l2,metric_leaf_projection,50,1.0,1.0,0.0,0.5801486867947031,1.14,1.0,0.0027423999963502865,0.05484799992700573,3
german_credit,credit approval,61,3,0.0,immutable_l2,metric_clbr,50,1.0,1.0,0.0,0.5801486867947031,1.14,1.0,0.0032518000007257797,0.0650360000145156,3
german_credit,credit approval,61,3,0.0,immutable_l2,exact_leaf,50,1.0,1.0,0.0,0.5801486867947031,1.14,1.0,0.008701900002961338,0.17403800005922676,3
german_credit,credit approval,61,3,0.0,immutable_l2,exact_leaf_cached,50,1.0,1.0,0.0,0.5801486867947031,1.14,1.0,0.005518900001334259,0.11037800002668519,3
german_credit,credit approval,61,3,0.0,immutable_l2,native_exact_k_sparse,50,1.0,1.0,0.0,0.5801486867947031,1.14,1.0,0.005375800000365416,0.10751600000730832,3
german_credit,credit approval,61,3,0.0,immutable_l2,clbr_uncached,50,0.94,0.78,0.16,0.959658402012094,1.3404255319148937,0.9787234042553191,0.006406399996194523,0.12812799992389046,3
german_credit,credit approval,61,3,0.0,immutable_top3_l1,nn_positive_train,50,0.72,0.72,0.0,2.761683551765651,2.638888888888889,1.0,0.0026279000003341935,0.05255800000668387,3
german_credit,credit approval,61,3,0.0,immutable_top3_l1,leaf_centroid,50,1.0,1.0,0.0,3.4230727534466614,3.0,1.0,0.004903799996100133,0.09807599992200267,3
german_credit,credit approval,61,3,0.0,immutable_top3_l1,raw_leaf_projection,50,0.76,0.76,0.0,0.7986943529922113,1.0,1.0,0.0027268999974694452,0.054537999949388904,3
german_credit,credit approval,61,3,0.0,immutable_top3_l1,clbr,50,0.92,0.76,0.16,1.1430610009648368,1.326086956521739,1.0,0.005409700001109741,0.10819400002219481,3
german_credit,credit approval,61,3,0.0,immutable_top3_l1,metric_leaf_projection,50,1.0,1.0,0.0,0.641285231831125,1.14,1.0,0.00365959999817278,0.0731919999634556,3
german_credit,credit approval,61,3,0.0,immutable_top3_l1,metric_clbr,50,1.0,1.0,0.0,0.641285231831125,1.14,1.0,0.002427000003081048,0.04854000006162096,3
german_credit,credit approval,61,3,0.0,immutable_top3_l1,exact_leaf,50,1.0,1.0,0.0,0.641285231831125,1.14,1.0,0.007279900000867201,0.14559800001734402,3
german_credit,credit approval,61,3,0.0,immutable_top3_l1,exact_leaf_cached,50,1.0,1.0,0.0,0.641285231831125,1.14,1.0,0.00509530000272207,0.10190600005444139,3
german_credit,credit approval,61,3,0.0,immutable_top3_l1,native_exact_k_sparse,50,1.0,1.0,0.0,0.641285231831125,1.14,1.0,0.0052582000053007505,0.10516400010601501,3
german_credit,credit approval,61,3,0.0,immutable_top3_l1,clbr_uncached,50,0.92,0.76,0.16,1.1430610009648368,1.326086956521739,1.0,0.005574900000283378,0.11149800000566756,3
german_credit,credit approval,73,3,0.0,free_l2,nn_positive_train,21,1.0,1.0,0.0,3.3053371765455353,4.857142857142857,0.09523809523809523,0.0009376999969390454,0.044652380806621206,3
german_credit,credit approval,73,3,0.0,free_l2,leaf_centroid,21,1.0,1.0,0.0,3.286516103478335,6.809523809523809,0.0,0.0016690000020389562,0.07947619057328363,3
german_credit,credit approval,73,3,0.0,free_l2,raw_leaf_projection,21,1.0,1.0,0.0,0.35409479929414905,1.0476190476190477,1.0,0.0008777999983067275,0.041799999919367975,3
german_credit,credit approval,73,3,0.0,free_l2,clbr,21,1.0,1.0,0.0,0.35409479929414905,1.0476190476190477,1.0,0.0008024000007935683,0.03820952384731278,3
german_credit,credit approval,73,3,0.0,free_l2,metric_leaf_projection,21,1.0,1.0,0.0,0.30658368603001346,1.0,1.0,0.0008062000006248127,0.038390476220229175,3
german_credit,credit approval,73,3,0.0,free_l2,metric_clbr,21,1.0,1.0,0.0,0.30658368603001346,1.0,1.0,0.0008140000018102,0.03876190484810477,3
german_credit,credit approval,73,3,0.0,free_l2,exact_leaf,21,1.0,1.0,0.0,0.30658368603001346,1.0,1.0,0.0025042999996003346,0.11925238093334926,3
german_credit,credit approval,73,3,0.0,free_l2,exact_leaf_cached,21,1.0,1.0,0.0,0.30658368603001346,1.0,1.0,0.0016761999977461528,0.07981904751172156,3
german_credit,credit approval,73,3,0.0,free_l2,native_exact_k_sparse,21,1.0,1.0,0.0,0.30658368603001346,1.0,1.0,0.0016161999983523856,0.07696190468344694,3
german_credit,credit approval,73,3,0.0,free_l2,clbr_uncached,21,1.0,1.0,0.0,0.35409479929414905,1.0476190476190477,1.0,0.0008643999999549123,0.04116190475975773,3
german_credit,credit approval,73,3,0.0,immutable_l2,nn_positive_train,21,0.5238095238095238,0.5238095238095238,0.0,2.2074134071488127,3.1818181818181817,0.6363636363636364,0.0016264000005321577,0.0774476190729599,3
german_credit,credit approval,73,3,0.0,immutable_l2,leaf_centroid,21,0.38095238095238093,0.38095238095238093,0.0,2.6145634557811337,3.875,0.125,0.002114899999469344,0.10070952378425448,3
german_credit,credit approval,73,3,0.0,immutable_l2,raw_leaf_projection,21,0.14285714285714285,0.14285714285714285,0.0,0.28529106105678465,1.0,1.0,0.0011153000004924252,0.05310952383297263,3
german_credit,credit approval,73,3,0.0,immutable_l2,clbr,21,0.5238095238095238,0.14285714285714285,0.38095238095238093,0.7721443735906309,2.3636363636363638,0.9090909090909091,0.004717700000583136,0.22465238098014934,3
german_credit,credit approval,73,3,0.0,immutable_l2,metric_leaf_projection,21,0.19047619047619047,0.19047619047619047,0.0,0.5424966431794569,1.0,1.0,0.0009861999978966196,0.04696190466174379,3
german_credit,credit approval,73,3,0.0,immutable_l2,metric_clbr,21,0.5714285714285714,0.19047619047619047,0.38095238095238093,0.8173084582537012,2.25,0.9166666666666666,0.004356999997071398,0.20747619033673323,3
german_credit,credit approval,73,3,0.0,immutable_l2,exact_leaf,21,1.0,1.0,0.0,1.0877088814007727,1.2380952380952381,1.0,0.0029003000008742674,0.1381095238511556,3
german_credit,credit approval,73,3,0.0,immutable_l2,exact_leaf_cached,21,1.0,1.0,0.0,1.0877088814007727,1.2380952380952381,1.0,0.0019816000003629597,0.09436190477918856,3
german_credit,credit approval,73,3,0.0,immutable_l2,native_exact_k_sparse,21,1.0,1.0,0.0,1.0877088814007727,1.2380952380952381,1.0,0.002090199999656761,0.09953333331698862,3
german_credit,credit approval,73,3,0.0,immutable_l2,clbr_uncached,21,0.5238095238095238,0.14285714285714285,0.38095238095238093,0.7721443735906309,2.3636363636363638,0.9090909090909091,0.004253099999004917,0.20252857138118652,3
german_credit,credit approval,73,3,0.0,immutable_top3_l1,nn_positive_train,21,0.5238095238095238,0.5238095238095238,0.0,2.5283042725483296,2.8181818181818183,1.0,0.0010787000001073466,0.05136666667177841,3
german_credit,credit approval,73,3,0.0,immutable_top3_l1,leaf_centroid,21,0.38095238095238093,0.38095238095238093,0.0,3.425721433313893,2.875,1.0,0.001986999998734973,0.09461904755880823,3
german_credit,credit approval,73,3,0.0,immutable_top3_l1,raw_leaf_projection,21,0.14285714285714285,0.14285714285714285,0.0,0.28529106105678465,1.0,1.0,0.0010020999998232583,0.047719047610631345,3
german_credit,credit approval,73,3,0.0,immutable_top3_l1,clbr,21,0.5238095238095238,0.14285714285714285,0.38095238095238093,0.9825572365503192,2.272727272727273,1.0,0.004405299999234558,0.20977619043974083,3
german_credit,credit approval,73,3,0.0,immutable_top3_l1,metric_leaf_projection,21,0.19047619047619047,0.19047619047619047,0.0,0.5424966431794569,1.0,1.0,0.0009161000007225084,0.04362380955821469,3
german_credit,credit approval,73,3,0.0,immutable_top3_l1,metric_clbr,21,0.5714285714285714,0.19047619047619047,0.38095238095238093,1.010186915966749,2.1666666666666665,1.0,0.003832999999758613,0.1825238095123149,3
german_credit,credit approval,73,3,0.0,immutable_top3_l1,exact_leaf,21,1.0,1.0,0.0,1.2947286830935145,1.2380952380952381,1.0,0.0027712000028259354,0.1319619048964731,3
german_credit,credit approval,73,3,0.0,immutable_top3_l1,exact_leaf_cached,21,1.0,1.0,0.0,1.2947286830935145,1.2380952380952381,1.0,0.0018974000004163827,0.0903523809722087,3
german_credit,credit approval,73,3,0.0,immutable_top3_l1,native_exact_k_sparse,21,1.0,1.0,0.0,1.2947286830935145,1.2380952380952381,1.0,0.0018208000001322944,0.08670476191106163,3
german_credit,credit approval,73,3,0.0,immutable_top3_l1,clbr_uncached,21,0.5238095238095238,0.14285714285714285,0.38095238095238093,0.9825572365503192,2.272727272727273,1.0,0.0038410999995903694,0.1829095237900176,3
german_credit,credit approval,89,3,0.0,free_l2,nn_positive_train,52,1.0,1.0,0.0,3.507624779071586,5.038461538461538,0.09615384615384616,0.002629400001751492,0.05056538464906715,4
german_credit,credit approval,89,3,0.0,free_l2,leaf_centroid,52,1.0,1.0,0.0,3.6574339039185038,7.0,0.0,0.004955200000949844,0.09529230771057393,4
german_credit,credit approval,89,3,0.0,free_l2,raw_leaf_projection,52,1.0,1.0,0.0,0.6422129679835297,1.0,1.0,0.0025329000018246006,0.04870961541970386,4
german_credit,credit approval,89,3,0.0,free_l2,clbr,52,1.0,1.0,0.0,0.6422129679835297,1.0,1.0,0.0023478999974031467,0.04515192302698359,4
german_credit,credit approval,89,3,0.0,free_l2,metric_leaf_projection,52,1.0,1.0,0.0,0.3624913785034644,1.0961538461538463,1.0,0.0023204999979498098,0.044624999960573265,4
german_credit,credit approval,89,3,0.0,free_l2,metric_clbr,52,1.0,1.0,0.0,0.3624913785034644,1.0961538461538463,1.0,0.0024044000001595123,0.04623846154152908,4
german_credit,credit approval,89,3,0.0,free_l2,exact_leaf,52,1.0,1.0,0.0,0.3624913785034644,1.0961538461538463,1.0,0.008841000000757049,0.1700192307837894,4
german_credit,credit approval,89,3,0.0,free_l2,exact_leaf_cached,52,1.0,1.0,0.0,0.3624913785034644,1.0961538461538463,1.0,0.004794099999344326,0.09219423075662164,4
german_credit,credit approval,89,3,0.0,free_l2,native_exact_k_sparse,52,1.0,1.0,0.0,0.3624913785034644,1.0961538461538463,1.0,0.004607699998814496,0.08860961536181723,4
german_credit,credit approval,89,3,0.0,free_l2,clbr_uncached,52,1.0,1.0,0.0,0.6422129679835297,1.0,1.0,0.0025707999948281213,0.04943846143900233,4
german_credit,credit approval,89,3,0.0,immutable_l2,nn_positive_train,52,1.0,1.0,0.0,2.547627466927195,3.076923076923077,0.7115384615384616,0.0034558000006654765,0.06645769232048994,4
german_credit,credit approval,89,3,0.0,immutable_l2,leaf_centroid,52,1.0,1.0,0.0,2.9924420325093077,4.0,0.0,0.00571369999943272,0.10987884614293691,4
german_credit,credit approval,89,3,0.0,immutable_l2,raw_leaf_projection,52,1.0,1.0,0.0,0.6422129679835297,1.0,1.0,0.0027692000039678533,0.053253846230151024,4
german_credit,credit approval,89,3,0.0,immutable_l2,clbr,52,1.0,1.0,0.0,0.6422129679835297,1.0,1.0,0.002387600002293766,0.0459153846594955,4
german_credit,credit approval,89,3,0.0,immutable_l2,metric_leaf_projection,52,1.0,1.0,0.0,0.3624913785034644,1.0961538461538463,1.0,0.002380900004027353,0.04578653853898756,4
german_credit,credit approval,89,3,0.0,immutable_l2,metric_clbr,52,1.0,1.0,0.0,0.3624913785034644,1.0961538461538463,1.0,0.0029136000011931174,0.056030769253713794,4
german_credit,credit approval,89,3,0.0,immutable_l2,exact_leaf,52,1.0,1.0,0.0,0.3624913785034644,1.0961538461538463,1.0,0.009384700002556201,0.1804750000491577,4
german_credit,credit approval,89,3,0.0,immutable_l2,exact_leaf_cached,52,1.0,1.0,0.0,0.3624913785034644,1.0961538461538463,1.0,0.00529000000187807,0.10173076926688597,4
german_credit,credit approval,89,3,0.0,immutable_l2,native_exact_k_sparse,52,1.0,1.0,0.0,0.3624913785034644,1.0961538461538463,1.0,0.005025399996156921,0.09664230761840233,4
german_credit,credit approval,89,3,0.0,immutable_l2,clbr_uncached,52,1.0,1.0,0.0,0.6422129679835297,1.0,1.0,0.0030109000008451403,0.057901923093175774,4
german_credit,credit approval,89,3,0.0,immutable_top3_l1,nn_positive_train,52,1.0,1.0,0.0,3.118707392390722,2.7884615384615383,1.0,0.003018700001121033,0.0580519230984814,4
german_credit,credit approval,89,3,0.0,immutable_top3_l1,leaf_centroid,52,1.0,1.0,0.0,4.245580746222536,3.0,1.0,0.005260500000986212,0.10116346155742716,4
german_credit,credit approval,89,3,0.0,immutable_top3_l1,raw_leaf_projection,52,1.0,1.0,0.0,0.6422129679835297,1.0,1.0,0.002799600002617808,0.053838461588804,4
german_credit,credit approval,89,3,0.0,immutable_top3_l1,clbr,52,1.0,1.0,0.0,0.6422129679835297,1.0,1.0,0.0023968999967109994,0.04609423070598076,4
german_credit,credit approval,89,3,0.0,immutable_top3_l1,metric_leaf_projection,52,1.0,1.0,0.0,0.4036165229887253,1.0961538461538463,1.0,0.002355300000999705,0.04529423078845586,4
german_credit,credit approval,89,3,0.0,immutable_top3_l1,metric_clbr,52,1.0,1.0,0.0,0.4036165229887253,1.0961538461538463,1.0,0.0023761999973430648,0.04569615379505894,4
german_credit,credit approval,89,3,0.0,immutable_top3_l1,exact_leaf,52,1.0,1.0,0.0,0.4036165229887253,1.0961538461538463,1.0,0.01009649999832618,0.1941634615062727,4
german_credit,credit approval,89,3,0.0,immutable_top3_l1,exact_leaf_cached,52,1.0,1.0,0.0,0.4036165229887253,1.0961538461538463,1.0,0.00521899999876041,0.10036538459154634,4
german_credit,credit approval,89,3,0.0,immutable_top3_l1,native_exact_k_sparse,52,1.0,1.0,0.0,0.4036165229887253,1.0961538461538463,1.0,0.005276500008221774,0.10147115400426489,4
german_credit,credit approval,89,3,0.0,immutable_top3_l1,clbr_uncached,52,1.0,1.0,0.0,0.6422129679835297,1.0,1.0,0.0028012000057060504,0.05386923087896251,4
bank_marketing,marketing intervention,7,3,0.0,free_l2,nn_positive_train,200,1.0,1.0,0.0,3.5222188526331943,5.005,0.03,0.010047699996903248,0.05023849998451624,4
bank_marketing,marketing intervention,7,3,0.0,free_l2,leaf_centroid,200,1.0,1.0,0.0,3.159708394608359,7.0,0.0,0.024178100004974112,0.12089050002487056,4
bank_marketing,marketing intervention,7,3,0.0,free_l2,raw_leaf_projection,200,1.0,1.0,0.0,1.995570661972793,1.325,1.0,0.010544499996285595,0.05272249998142797,4
bank_marketing,marketing intervention,7,3,0.0,free_l2,clbr,200,1.0,1.0,0.0,1.995570661972793,1.325,1.0,0.009880799999336887,0.04940399999668443,4
bank_marketing,marketing intervention,7,3,0.0,free_l2,metric_leaf_projection,200,1.0,1.0,0.0,1.3280893258009163,1.625,1.0,0.01001310000083322,0.0500655000041661,4
bank_marketing,marketing intervention,7,3,0.0,free_l2,metric_clbr,200,1.0,1.0,0.0,1.3280893258009163,1.625,1.0,0.009821399999054847,0.049106999995274236,4
bank_marketing,marketing intervention,7,3,0.0,free_l2,exact_leaf,200,1.0,1.0,0.0,1.3280893258009163,1.625,1.0,0.03787589999865304,0.1893794999932652,4
bank_marketing,marketing intervention,7,3,0.0,free_l2,exact_leaf_cached,200,1.0,1.0,0.0,1.3280893258009163,1.625,1.0,0.021375400003307732,0.10687700001653866,4
bank_marketing,marketing intervention,7,3,0.0,free_l2,native_exact_k_sparse,200,1.0,1.0,0.0,1.3280893258009163,1.625,1.0,0.020564999997077393,0.10282499998538697,4
bank_marketing,marketing intervention,7,3,0.0,free_l2,clbr_uncached,200,1.0,1.0,0.0,1.995570661972793,1.325,1.0,0.013028499998654297,0.06514249999327149,4
bank_marketing,marketing intervention,7,3,0.0,immutable_l2,nn_positive_train,200,0.05,0.05,0.0,2.2603087041883296,3.2,0.6,0.008712599993486947,0.043562999967434735,4
bank_marketing,marketing intervention,7,3,0.0,immutable_l2,leaf_centroid,200,0.135,0.135,0.0,2.2924058578526023,4.0,0.0,0.02322619999995368,0.11613099999976839,4
bank_marketing,marketing intervention,7,3,0.0,immutable_l2,raw_leaf_projection,200,0.01,0.01,0.0,0.09939322418394393,1.0,1.0,0.00912179999613727,0.04560899998068635,4
bank_marketing,marketing intervention,7,3,0.0,immutable_l2,clbr,200,0.05,0.01,0.04,1.1892939566011367,2.9,0.6,0.022088199999416247,0.11044099999708124,4
bank_marketing,marketing intervention,7,3,0.0,immutable_l2,metric_leaf_projection,200,0.16,0.16,0.0,1.1713454449986065,1.0,1.0,0.008465999998406915,0.04232999999203457,4
bank_marketing,marketing intervention,7,3,0.0,immutable_l2,metric_clbr,200,0.18,0.16,0.02,1.3107780608801671,1.2222222222222223,0.9722222222222222,0.019454800002677075,0.09727400001338538,4
bank_marketing,marketing intervention,7,3,0.0,immutable_l2,exact_leaf,200,1.0,1.0,0.0,2.131963658732803,1.0,1.0,0.032235700000455836,0.16117850000227918,4
bank_marketing,marketing intervention,7,3,0.0,immutable_l2,exact_leaf_cached,200,1.0,1.0,0.0,2.131963658732803,1.0,1.0,0.018305300006431935,0.09152650003215967,4
bank_marketing,marketing intervention,7,3,0.0,immutable_l2,native_exact_k_sparse,200,1.0,1.0,0.0,2.131963658732803,1.0,1.0,0.017435599994314543,0.08717799997157272,4
bank_marketing,marketing intervention,7,3,0.0,immutable_l2,clbr_uncached,200,0.05,0.01,0.04,1.1892939566011367,2.9,0.6,0.02347009999812144,0.1173504999906072,4
bank_marketing,marketing intervention,7,3,0.0,immutable_top3_l1,nn_positive_train,200,0.05,0.05,0.0,2.761441426287048,2.8,1.0,0.008745200006160303,0.043726000030801515,4
bank_marketing,marketing intervention,7,3,0.0,immutable_top3_l1,leaf_centroid,200,0.135,0.135,0.0,2.6524498201957725,3.0,1.0,0.022941899992474646,0.11470949996237323,4
bank_marketing,marketing intervention,7,3,0.0,immutable_top3_l1,raw_leaf_projection,200,0.01,0.01,0.0,0.09939322418394393,1.0,1.0,0.009558599998854334,0.04779299999427167,4
bank_marketing,marketing intervention,7,3,0.0,immutable_top3_l1,clbr,200,0.05,0.01,0.04,1.4564075813338397,2.5,1.0,0.022733899998456764,0.11366949999228382,4
bank_marketing,marketing intervention,7,3,0.0,immutable_top3_l1,metric_leaf_projection,200,0.18,0.18,0.0,1.2237712452142349,1.0,1.0,0.008310799998071161,0.041553999990355805,4
bank_marketing,marketing intervention,7,3,0.0,immutable_top3_l1,metric_clbr,200,0.2,0.18,0.02,1.3924354347643861,1.175,1.0,0.019028000004254864,0.09514000002127432,4
bank_marketing,marketing intervention,7,3,0.0,immutable_top3_l1,exact_leaf,200,1.0,1.0,0.0,2.131963658732803,1.0,1.0,0.032234300005256955,0.16117150002628478,4
bank_marketing,marketing intervention,7,3,0.0,immutable_top3_l1,exact_leaf_cached,200,1.0,1.0,0.0,2.131963658732803,1.0,1.0,0.017998299988903455,0.08999149994451727,4
bank_marketing,marketing intervention,7,3,0.0,immutable_top3_l1,native_exact_k_sparse,200,1.0,1.0,0.0,2.131963658732803,1.0,1.0,0.01856590000261349,0.09282950001306745,4
bank_marketing,marketing intervention,7,3,0.0,immutable_top3_l1,clbr_uncached,200,0.05,0.01,0.04,1.4564075813338397,2.5,1.0,0.025805899997067172,0.12902949998533586,4
bank_marketing,marketing intervention,13,3,0.0,free_l2,nn_positive_train,200,1.0,1.0,0.0,3.229734734597735,5.085,0.015,0.00912460000381543,0.04562300001907715,3
bank_marketing,marketing intervention,13,3,0.0,free_l2,leaf_centroid,200,1.0,1.0,0.0,4.101929922894353,7.0,0.0,0.020358499995381862,0.10179249997690931,3
bank_marketing,marketing intervention,13,3,0.0,free_l2,raw_leaf_projection,200,1.0,1.0,0.0,1.8591913155237267,1.65,1.0,0.010468500008755655,0.05234250004377827,3
bank_marketing,marketing intervention,13,3,0.0,free_l2,clbr,200,1.0,1.0,0.0,1.8591913155237267,1.65,1.0,0.00971899999967718,0.0485949999983859,3
bank_marketing,marketing intervention,13,3,0.0,free_l2,metric_leaf_projection,200,1.0,1.0,0.0,1.0980418505200644,1.765,1.0,0.009903399994982465,0.049516999974912324,3
bank_marketing,marketing intervention,13,3,0.0,free_l2,metric_clbr,200,1.0,1.0,0.0,1.0980418505200644,1.765,1.0,0.009240600002158317,0.046203000010791584,3
bank_marketing,marketing intervention,13,3,0.0,free_l2,exact_leaf,200,1.0,1.0,0.0,1.0980418505200644,1.765,1.0,0.029139100000975304,0.14569550000487652,3
bank_marketing,marketing intervention,13,3,0.0,free_l2,exact_leaf_cached,200,1.0,1.0,0.0,1.0980418505200644,1.765,1.0,0.020116199999392848,0.10058099999696424,3
bank_marketing,marketing intervention,13,3,0.0,free_l2,native_exact_k_sparse,200,1.0,1.0,0.0,1.0980418505200644,1.765,1.0,0.01847160000943404,0.09235800004717021,3
bank_marketing,marketing intervention,13,3,0.0,free_l2,clbr_uncached,200,1.0,1.0,0.0,1.8591913155237267,1.65,1.0,0.010127399997145403,0.050636999985727016,3
bank_marketing,marketing intervention,13,3,0.0,immutable_l2,nn_positive_train,200,0.085,0.085,0.0,1.800758464326811,3.5294117647058822,0.4117647058823529,0.008772499994847749,0.043862499974238744,3
bank_marketing,marketing intervention,13,3,0.0,immutable_l2,leaf_centroid,200,0.535,0.535,0.0,3.857565424540669,4.0,0.0,0.019831299991892593,0.09915649995946296,3
bank_marketing,marketing intervention,13,3,0.0,immutable_l2,raw_leaf_projection,200,0.095,0.095,0.0,0.18902024323396954,1.0526315789473684,1.0,0.009599199998774566,0.04799599999387283,3
bank_marketing,marketing intervention,13,3,0.0,immutable_l2,clbr,200,0.135,0.095,0.04,0.6788984883817484,1.8148148148148149,0.8148148148148148,0.021197199995185656,0.10598599997592828,3
bank_marketing,marketing intervention,13,3,0.0,immutable_l2,metric_leaf_projection,200,0.75,0.75,0.0,1.1015224532269206,1.72,1.0,0.008581599994613498,0.04290799997306749,3
bank_marketing,marketing intervention,13,3,0.0,immutable_l2,metric_clbr,200,0.755,0.75,0.005,1.113879775168833,1.728476821192053,1.0,0.012432100003934465,0.06216050001967233,3
bank_marketing,marketing intervention,13,3,0.0,immutable_l2,exact_leaf,200,1.0,1.0,0.0,1.2259919485953577,1.775,1.0,0.02734920001057617,0.13674600005288085,3
bank_marketing,marketing intervention,13,3,0.0,immutable_l2,exact_leaf_cached,200,1.0,1.0,0.0,1.2259919485953577,1.775,1.0,0.019289800001388357,0.09644900000694179,3
bank_marketing,marketing intervention,13,3,0.0,immutable_l2,native_exact_k_sparse,200,1.0,1.0,0.0,1.2259919485953577,1.775,1.0,0.018338300002142205,0.09169150001071102,3
bank_marketing,marketing intervention,13,3,0.0,immutable_l2,clbr_uncached,200,0.135,0.095,0.04,0.6788984883817484,1.8148148148148149,0.8148148148148148,0.023359400000117603,0.11679700000058801,3
bank_marketing,marketing intervention,13,3,0.0,immutable_top3_l1,nn_positive_train,200,0.085,0.085,0.0,2.252084904131674,2.9411764705882355,1.0,0.009933499999533524,0.04966749999766762,3
bank_marketing,marketing intervention,13,3,0.0,immutable_top3_l1,leaf_centroid,200,0.47,0.47,0.0,4.874624728217021,3.0,1.0,0.02084510000258888,0.1042255000129444,3
bank_marketing,marketing intervention,13,3,0.0,immutable_top3_l1,raw_leaf_projection,200,0.05,0.05,0.0,0.21163118007378717,1.0,1.0,0.010280900001816917,0.051404500009084586,3
bank_marketing,marketing intervention,13,3,0.0,immutable_top3_l1,clbr,200,0.09,0.05,0.04,1.1890116434292168,1.8888888888888888,1.0,0.023020599994197255,0.11510299997098628,3
bank_marketing,marketing intervention,13,3,0.0,immutable_top3_l1,metric_leaf_projection,200,0.23,0.23,0.0,1.0221268021599004,1.2173913043478262,1.0,0.00928100000237464,0.0464050000118732,3
bank_marketing,marketing intervention,13,3,0.0,immutable_top3_l1,metric_clbr,200,0.235,0.23,0.005,1.0848021035759472,1.2553191489361701,1.0,0.02013359999818931,0.10066799999094656,3
bank_marketing,marketing intervention,13,3,0.0,immutable_top3_l1,exact_leaf,200,0.675,0.675,0.0,1.9720026098393908,1.0814814814814815,1.0,0.025508600004286563,0.12754300002143282,3
bank_marketing,marketing intervention,13,3,0.0,immutable_top3_l1,exact_leaf_cached,200,0.675,0.675,0.0,1.9720026098393908,1.0814814814814815,1.0,0.016626899999209854,0.08313449999604927,3
bank_marketing,marketing intervention,13,3,0.0,immutable_top3_l1,native_exact_k_sparse,200,1.0,1.0,0.0,1.3513032580489623,1.775,1.0,0.0208366000042588,0.10418300002129399,3
bank_marketing,marketing intervention,13,3,0.0,immutable_top3_l1,clbr_uncached,200,0.09,0.05,0.04,1.1890116434292168,1.8888888888888888,1.0,0.02752059999602352,0.1376029999801176,3
bank_marketing,marketing intervention,19,3,0.0,free_l2,nn_positive_train,200,1.0,1.0,0.0,3.609248423940286,6.455,0.0,0.00929099999666505,0.04645499998332525,3
bank_marketing,marketing intervention,19,3,0.0,free_l2,leaf_centroid,200,1.0,1.0,0.0,4.394085495270349,6.98,0.0,0.01988569999775791,0.09942849998878955,3
bank_marketing,marketing intervention,19,3,0.0,free_l2,raw_leaf_projection,200,1.0,1.0,0.0,1.483958954991384,1.775,1.0,0.009518800006844685,0.04759400003422343,3
bank_marketing,marketing intervention,19,3,0.0,free_l2,clbr,200,1.0,1.0,0.0,1.483958954991384,1.775,1.0,0.008881999994628131,0.04440999997314066,3
bank_marketing,marketing intervention,19,3,0.0,free_l2,metric_leaf_projection,200,1.0,1.0,0.0,1.4820444453262167,1.775,1.0,0.00878370000373252,0.0439185000186626,3
bank_marketing,marketing intervention,19,3,0.0,free_l2,metric_clbr,200,1.0,1.0,0.0,1.4820444453262167,1.775,1.0,0.00861339999755728,0.0430669999877864,3
bank_marketing,marketing intervention,19,3,0.0,free_l2,exact_leaf,200,1.0,1.0,0.0,1.4820444453262167,1.775,1.0,0.02776400000493595,0.13882000002467976,3
bank_marketing,marketing intervention,19,3,0.0,free_l2,exact_leaf_cached,200,1.0,1.0,0.0,1.4820444453262167,1.775,1.0,0.01904029999332124,0.0952014999666062,3
bank_marketing,marketing intervention,19,3,0.0,free_l2,native_exact_k_sparse,200,1.0,1.0,0.0,1.4820444453262167,1.775,1.0,0.018873499999244814,0.09436749999622407,3
bank_marketing,marketing intervention,19,3,0.0,free_l2,clbr_uncached,200,1.0,1.0,0.0,1.483958954991384,1.775,1.0,0.009461099991312949,0.047305499956564745,3
bank_marketing,marketing intervention,19,3,0.0,immutable_l2,nn_positive_train,200,1.0,1.0,0.0,2.4766192804891283,3.605,0.37,0.008743599999434082,0.04371799999717041,3
bank_marketing,marketing intervention,19,3,0.0,immutable_l2,leaf_centroid,200,1.0,1.0,0.0,3.8544248819716778,3.98,0.02,0.018603300009999657,0.09301650004999829,3
bank_marketing,marketing intervention,19,3,0.0,immutable_l2,raw_leaf_projection,200,1.0,1.0,0.0,1.483958954991384,1.775,1.0,0.009588299998540606,0.04794149999270303,3
bank_marketing,marketing intervention,19,3,0.0,immutable_l2,clbr,200,1.0,1.0,0.0,1.483958954991384,1.775,1.0,0.008298599991576339,0.04149299995788169,3
bank_marketing,marketing intervention,19,3,0.0,immutable_l2,metric_leaf_projection,200,1.0,1.0,0.0,1.4820444453262167,1.775,1.0,0.008709799996722722,0.04354899998361361,3
bank_marketing,marketing intervention,19,3,0.0,immutable_l2,metric_clbr,200,1.0,1.0,0.0,1.4820444453262167,1.775,1.0,0.008257800006504112,0.04128900003252056,3
bank_marketing,marketing intervention,19,3,0.0,immutable_l2,exact_leaf,200,1.0,1.0,0.0,1.4820444453262167,1.775,1.0,0.026250399989294237,0.1312519999464712,3
bank_marketing,marketing intervention,19,3,0.0,immutable_l2,exact_leaf_cached,200,1.0,1.0,0.0,1.4820444453262167,1.775,1.0,0.017851500002507237,0.08925750001253618,3
bank_marketing,marketing intervention,19,3,0.0,immutable_l2,native_exact_k_sparse,200,1.0,1.0,0.0,1.4820444453262167,1.775,1.0,0.01709279999795399,0.08546399998976995,3
bank_marketing,marketing intervention,19,3,0.0,immutable_l2,clbr_uncached,200,1.0,1.0,0.0,1.483958954991384,1.775,1.0,0.009567299995069334,0.04783649997534667,3
bank_marketing,marketing intervention,19,3,0.0,immutable_top3_l1,nn_positive_train,200,1.0,1.0,0.0,3.1326146133582307,2.975,1.0,0.009824300012041931,0.049121500060209655,3
bank_marketing,marketing intervention,19,3,0.0,immutable_top3_l1,leaf_centroid,200,0.985,0.985,0.0,4.566411416392677,2.984771573604061,1.0,0.020970000003217137,0.10485000001608569,3
bank_marketing,marketing intervention,19,3,0.0,immutable_top3_l1,raw_leaf_projection,200,0.95,0.95,0.0,1.9062809698638004,1.768421052631579,1.0,0.011088199998994241,0.05544099999497121,3
bank_marketing,marketing intervention,19,3,0.0,immutable_top3_l1,clbr,200,1.0,0.95,0.05,1.9707044827287674,1.825,1.0,0.01383730000907235,0.06918650004536175,3
bank_marketing,marketing intervention,19,3,0.0,immutable_top3_l1,metric_leaf_projection,200,0.95,0.95,0.0,1.904265696532045,1.768421052631579,1.0,0.00927709999086801,0.04638549995434005,3
bank_marketing,marketing intervention,19,3,0.0,immutable_top3_l1,metric_clbr,200,1.0,0.95,0.05,1.9687899730635998,1.825,1.0,0.012483200009228312,0.06241600004614156,3
bank_marketing,marketing intervention,19,3,0.0,immutable_top3_l1,exact_leaf,200,1.0,1.0,0.0,1.9253117640525892,1.73,1.0,0.030399399995076237,0.1519969999753812,3
bank_marketing,marketing intervention,19,3,0.0,immutable_top3_l1,exact_leaf_cached,200,1.0,1.0,0.0,1.9253117640525892,1.73,1.0,0.019910900002287235,0.09955450001143618,3
bank_marketing,marketing intervention,19,3,0.0,immutable_top3_l1,native_exact_k_sparse,200,1.0,1.0,0.0,1.9087761241805583,1.775,1.0,0.020712899990030564,0.10356449995015282,3
bank_marketing,marketing intervention,19,3,0.0,immutable_top3_l1,clbr_uncached,200,1.0,0.95,0.05,1.9707044827287674,1.825,1.0,0.014756099996702687,0.07378049998351344,3
bank_marketing,marketing intervention,29,3,0.0,free_l2,nn_positive_train,200,1.0,1.0,0.0,3.5139332325004977,5.0,0.045,0.01016989998788631,0.05084949993943155,2
bank_marketing,marketing intervention,29,3,0.0,free_l2,leaf_centroid,200,1.0,1.0,0.0,4.382883629094762,7.0,0.0,0.017334499989374308,0.08667249994687154,2
bank_marketing,marketing intervention,29,3,0.0,free_l2,raw_leaf_projection,200,1.0,1.0,0.0,1.8295687836530437,1.48,1.0,0.010339600001316285,0.051698000006581424,2
bank_marketing,marketing intervention,29,3,0.0,free_l2,clbr,200,1.0,1.0,0.0,1.8295687836530437,1.48,1.0,0.009762499996213592,0.04881249998106796,2
bank_marketing,marketing intervention,29,3,0.0,free_l2,metric_leaf_projection,200,1.0,1.0,0.0,1.7282818045711885,1.44,1.0,0.00987720000466652,0.0493860000233326,2
bank_marketing,marketing intervention,29,3,0.0,free_l2,metric_clbr,200,1.0,1.0,0.0,1.7282818045711885,1.44,1.0,0.009660200002144848,0.04830100001072424,2
bank_marketing,marketing intervention,29,3,0.0,free_l2,exact_leaf,200,1.0,1.0,0.0,1.7282818045711885,1.44,1.0,0.022941700011870125,0.11470850005935063,2
bank_marketing,marketing intervention,29,3,0.0,free_l2,exact_leaf_cached,200,1.0,1.0,0.0,1.7282818045711885,1.44,1.0,0.019873599998391,0.099367999991955,2
bank_marketing,marketing intervention,29,3,0.0,free_l2,native_exact_k_sparse,200,1.0,1.0,0.0,1.7282818045711885,1.44,1.0,0.020321799996054324,0.10160899998027162,2
bank_marketing,marketing intervention,29,3,0.0,free_l2,clbr_uncached,200,1.0,1.0,0.0,1.8295687836530437,1.48,1.0,0.009812199999942095,0.049060999999710475,2
bank_marketing,marketing intervention,29,3,0.0,immutable_l2,nn_positive_train,200,0.07,0.07,0.0,2.361355970928897,3.0714285714285716,0.8571428571428571,0.008560600004784646,0.04280300002392323,2
bank_marketing,marketing intervention,29,3,0.0,immutable_l2,leaf_centroid,200,0.84,0.84,0.0,4.311775771809353,4.0,0.0,0.016256399999292626,0.08128199999646313,2
bank_marketing,marketing intervention,29,3,0.0,immutable_l2,raw_leaf_projection,200,0.035,0.035,0.0,0.24277217227240944,1.0,1.0,0.009344400003101327,0.04672200001550664,2
bank_marketing,marketing intervention,29,3,0.0,immutable_l2,clbr,200,0.075,0.035,0.04,1.6841509356671978,2.066666666666667,0.9333333333333333,0.022790899998653913,0.11395449999326956,2
bank_marketing,marketing intervention,29,3,0.0,immutable_l2,metric_leaf_projection,200,0.2,0.2,0.0,1.8092662557377714,1.075,1.0,0.00866339999356569,0.04331699996782845,2
bank_marketing,marketing intervention,29,3,0.0,immutable_l2,metric_clbr,200,0.23,0.2,0.03,1.9845239035455884,1.3043478260869565,1.0,0.019651200003863778,0.09825600001931889,2
bank_marketing,marketing intervention,29,3,0.0,immutable_l2,exact_leaf,200,1.0,1.0,0.0,2.813351830083808,1.095,1.0,0.02017349999096041,0.10086749995480204,2
bank_marketing,marketing intervention,29,3,0.0,immutable_l2,exact_leaf_cached,200,1.0,1.0,0.0,2.813351830083808,1.095,1.0,0.018561600000793987,0.09280800000396994,2
bank_marketing,marketing intervention,29,3,0.0,immutable_l2,native_exact_k_sparse,200,1.0,1.0,0.0,2.813351830083808,1.095,1.0,0.01858299999275914,0.09291499996379571,2
bank_marketing,marketing intervention,29,3,0.0,immutable_l2,clbr_uncached,200,0.075,0.035,0.04,1.6841509356671978,2.066666666666667,0.9333333333333333,0.02291799999511568,0.1145899999755784,2
bank_marketing,marketing intervention,29,3,0.0,immutable_top3_l1,nn_positive_train,200,0.07,0.07,0.0,2.870717343107233,2.9285714285714284,1.0,0.010265999992043362,0.05132999996021681,2
bank_marketing,marketing intervention,29,3,0.0,immutable_top3_l1,leaf_centroid,200,0.84,0.84,0.0,5.175140634538995,3.0,1.0,0.017093799991926062,0.08546899995963031,2
bank_marketing,marketing intervention,29,3,0.0,immutable_top3_l1,raw_leaf_projection,200,0.035,0.035,0.0,0.24277217227240944,1.0,1.0,0.010418600002594758,0.05209300001297379,2
bank_marketing,marketing intervention,29,3,0.0,immutable_top3_l1,clbr,200,0.075,0.035,0.04,2.04160040525265,2.0,1.0,0.023784199994224764,0.11892099997112382,2
bank_marketing,marketing intervention,29,3,0.0,immutable_top3_l1,metric_leaf_projection,200,0.19,0.19,0.0,1.7919983405194901,1.0263157894736843,1.0,0.009602300004189601,0.048011500020948006,2
bank_marketing,marketing intervention,29,3,0.0,immutable_top3_l1,metric_clbr,200,0.22,0.19,0.03,2.0649185475644765,1.2727272727272727,1.0,0.021137500001714216,0.10568750000857108,2
bank_marketing,marketing intervention,29,3,0.0,immutable_top3_l1,exact_leaf,200,1.0,1.0,0.0,2.910751661329422,1.095,1.0,0.021640699998897617,0.10820349999448808,2
bank_marketing,marketing intervention,29,3,0.0,immutable_top3_l1,exact_leaf_cached,200,1.0,1.0,0.0,2.910751661329422,1.095,1.0,0.01962870000352268,0.0981435000176134,2
bank_marketing,marketing intervention,29,3,0.0,immutable_top3_l1,native_exact_k_sparse,200,1.0,1.0,0.0,2.910751661329422,1.095,1.0,0.021197900011429738,0.10598950005714869,2
bank_marketing,marketing intervention,29,3,0.0,immutable_top3_l1,clbr_uncached,200,0.075,0.035,0.04,2.04160040525265,2.0,1.0,0.025503700005174323,0.12751850002587162,2
bank_marketing,marketing intervention,37,3,0.0,free_l2,nn_positive_train,200,1.0,1.0,0.0,3.4538809361454628,5.42,0.005,0.00965310000538011,0.048265500026900554,3
bank_marketing,marketing intervention,37,3,0.0,free_l2,leaf_centroid,200,1.0,1.0,0.0,3.8205617438587534,7.0,0.0,0.02063489999727608,0.1031744999863804,3
bank_marketing,marketing intervention,37,3,0.0,free_l2,raw_leaf_projection,200,1.0,1.0,0.0,2.4543899185651705,1.935,1.0,0.01025149999986752,0.0512574999993376,3
bank_marketing,marketing intervention,37,3,0.0,free_l2,clbr,200,1.0,1.0,0.0,2.4543899185651705,1.935,1.0,0.009702699999252218,0.04851349999626109,3
bank_marketing,marketing intervention,37,3,0.0,free_l2,metric_leaf_projection,200,1.0,1.0,0.0,1.7777329567823308,1.25,1.0,0.010061100005259505,0.05030550002629752,3
bank_marketing,marketing intervention,37,3,0.0,free_l2,metric_clbr,200,1.0,1.0,0.0,1.7777329567823308,1.25,1.0,0.010372100002314255,0.051860500011571276,3
bank_marketing,marketing intervention,37,3,0.0,free_l2,exact_leaf,200,1.0,1.0,0.0,1.7777329567823308,1.25,1.0,0.030063500006690447,0.15031750003345223,3
bank_marketing,marketing intervention,37,3,0.0,free_l2,exact_leaf_cached,200,1.0,1.0,0.0,1.7777329567823308,1.25,1.0,0.020437799997125694,0.10218899998562847,3
bank_marketing,marketing intervention,37,3,0.0,free_l2,native_exact_k_sparse,200,1.0,1.0,0.0,1.7777329567823308,1.25,1.0,0.019383000002562767,0.09691500001281383,3
bank_marketing,marketing intervention,37,3,0.0,free_l2,clbr_uncached,200,1.0,1.0,0.0,2.4543899185651705,1.935,1.0,0.010428400001728733,0.05214200000864366,3
bank_marketing,marketing intervention,37,3,0.0,immutable_l2,nn_positive_train,200,0.3,0.3,0.0,2.280979879837611,3.033333333333333,0.7666666666666667,0.009160199992948037,0.045800999964740186,3
bank_marketing,marketing intervention,37,3,0.0,immutable_l2,leaf_centroid,200,0.715,0.715,0.0,3.512994330857091,4.0,0.0,0.020574600001964427,0.10287300000982214,3
bank_marketing,marketing intervention,37,3,0.0,immutable_l2,raw_leaf_projection,200,0.035,0.035,0.0,1.2237425007873655,1.0,1.0,0.009868299997833674,0.04934149998916837,3
bank_marketing,marketing intervention,37,3,0.0,immutable_l2,clbr,200,0.3,0.035,0.265,1.873060674679425,2.7666666666666666,0.8,0.03848670000115817,0.19243350000579085,3
bank_marketing,marketing intervention,37,3,0.0,immutable_l2,metric_leaf_projection,200,0.745,0.745,0.0,1.7805035231114488,1.0,1.0,0.009230799998476868,0.04615399999238434,3
bank_marketing,marketing intervention,37,3,0.0,immutable_l2,metric_clbr,200,0.815,0.745,0.07,1.8124169263073806,1.1595092024539877,0.9877300613496932,0.01588560000709549,0.07942800003547745,3
bank_marketing,marketing intervention,37,3,0.0,immutable_l2,exact_leaf,200,1.0,1.0,0.0,1.8324083337909232,1.0,1.0,0.02831979999973555,0.14159899999867775,3
bank_marketing,marketing intervention,37,3,0.0,immutable_l2,exact_leaf_cached,200,1.0,1.0,0.0,1.8324083337909232,1.0,1.0,0.019698000005519134,0.09849000002759567,3
bank_marketing,marketing intervention,37,3,0.0,immutable_l2,native_exact_k_sparse,200,1.0,1.0,0.0,1.8324083337909232,1.0,1.0,0.019321599998875172,0.09660799999437586,3
bank_marketing,marketing intervention,37,3,0.0,immutable_l2,clbr_uncached,200,0.3,0.035,0.265,1.873060674679425,2.7666666666666666,0.8,0.038403499998821644,0.19201749999410822,3
bank_marketing,marketing intervention,37,3,0.0,immutable_top3_l1,nn_positive_train,200,0.3,0.3,0.0,2.864376342988022,2.8,1.0,0.009067500002856832,0.04533750001428416,3
bank_marketing,marketing intervention,37,3,0.0,immutable_top3_l1,leaf_centroid,200,0.715,0.715,0.0,4.467309073882178,3.0,1.0,0.020029100001920597,0.10014550000960298,3
bank_marketing,marketing intervention,37,3,0.0,immutable_top3_l1,raw_leaf_projection,200,0.035,0.035,0.0,1.2237425007873655,1.0,1.0,0.00931049999780953,0.046552499989047647,3
bank_marketing,marketing intervention,37,3,0.0,immutable_top3_l1,clbr,200,0.3,0.035,0.265,2.2603268560024623,2.566666666666667,1.0,0.03480590001345263,0.17402950006726314,3
bank_marketing,marketing intervention,37,3,0.0,immutable_top3_l1,metric_leaf_projection,200,0.925,0.925,0.0,1.8290143665961114,1.0,1.0,0.00868599998557329,0.04342999992786645,3
bank_marketing,marketing intervention,37,3,0.0,immutable_top3_l1,metric_clbr,200,0.95,0.925,0.025,1.8549814476565614,1.0473684210526315,1.0,0.011137700003018836,0.05568850001509418,3
bank_marketing,marketing intervention,37,3,0.0,immutable_top3_l1,exact_leaf,200,1.0,1.0,0.0,1.8324083337909232,1.0,1.0,0.027126800000587536,0.13563400000293768,3
bank_marketing,marketing intervention,37,3,0.0,immutable_top3_l1,exact_leaf_cached,200,1.0,1.0,0.0,1.8324083337909232,1.0,1.0,0.018087399996147724,0.09043699998073862,3
bank_marketing,marketing intervention,37,3,0.0,immutable_top3_l1,native_exact_k_sparse,200,1.0,1.0,0.0,1.8324083337909232,1.0,1.0,0.01928589999806718,0.0964294999903359,3
bank_marketing,marketing intervention,37,3,0.0,immutable_top3_l1,clbr_uncached,200,0.3,0.035,0.265,2.2603268560024623,2.566666666666667,1.0,0.036934099992322444,0.18467049996161222,3
bank_marketing,marketing intervention,41,3,0.0,free_l2,nn_positive_train,200,1.0,1.0,0.0,3.609973677871967,5.11,0.05,0.009511300005215162,0.04755650002607581,4
bank_marketing,marketing intervention,41,3,0.0,free_l2,leaf_centroid,200,1.0,1.0,0.0,2.6678095363391843,6.795,0.0,0.022016700001586287,0.11008350000793143,4
bank_marketing,marketing intervention,41,3,0.0,free_l2,raw_leaf_projection,200,1.0,1.0,0.0,1.7413713514286067,1.565,1.0,0.009499699992375099,0.047498499961875496,4
bank_marketing,marketing intervention,41,3,0.0,free_l2,clbr,200,1.0,1.0,0.0,1.7413713514286067,1.565,1.0,0.009635500002332265,0.04817750001166132,4
bank_marketing,marketing intervention,41,3,0.0,free_l2,metric_leaf_projection,200,1.0,1.0,0.0,1.042384149002135,1.175,1.0,0.00917089998620213,0.04585449993101065,4
bank_marketing,marketing intervention,41,3,0.0,free_l2,metric_clbr,200,1.0,1.0,0.0,1.042384149002135,1.175,1.0,0.008862999996381404,0.04431499998190702,4
bank_marketing,marketing intervention,41,3,0.0,free_l2,exact_leaf,200,1.0,1.0,0.0,1.042384149002135,1.175,1.0,0.03453890000037063,0.17269450000185316,4
bank_marketing,marketing intervention,41,3,0.0,free_l2,exact_leaf_cached,200,1.0,1.0,0.0,1.042384149002135,1.175,1.0,0.018443600002683525,0.09221800001341762,4
bank_marketing,marketing intervention,41,3,0.0,free_l2,native_exact_k_sparse,200,1.0,1.0,0.0,1.042384149002135,1.175,1.0,0.01817009999831498,0.0908504999915749,4
bank_marketing,marketing intervention,41,3,0.0,free_l2,clbr_uncached,200,1.0,1.0,0.0,1.7413713514286067,1.565,1.0,0.010089500002322893,0.050447500011614466,4
bank_marketing,marketing intervention,41,3,0.0,immutable_l2,nn_positive_train,200,0.13,0.13,0.0,1.0127594500264598,2.923076923076923,0.8846153846153846,0.008738700000321842,0.04369350000160921,4
bank_marketing,marketing intervention,41,3,0.0,immutable_l2,leaf_centroid,200,0.83,0.83,0.0,1.9164550944249077,3.7590361445783134,0.24096385542168675,0.022428100010984053,0.11214050005492027,4
bank_marketing,marketing intervention,41,3,0.0,immutable_l2,raw_leaf_projection,200,0.15,0.15,0.0,0.4191144135063397,1.0,1.0,0.009743700004037237,0.048718500020186184,4
bank_marketing,marketing intervention,41,3,0.0,immutable_l2,clbr,200,0.15,0.15,0.0,0.4191144135063397,1.0,1.0,0.019233700008953747,0.09616850004476873,4
bank_marketing,marketing intervention,41,3,0.0,immutable_l2,metric_leaf_projection,200,0.78,0.78,0.0,1.0772509627490165,1.0,1.0,0.008947399998760375,0.044736999993801874,4
bank_marketing,marketing intervention,41,3,0.0,immutable_l2,metric_clbr,200,0.78,0.78,0.0,1.0772509627490165,1.0,1.0,0.011962399998992623,0.059811999994963116,4
bank_marketing,marketing intervention,41,3,0.0,immutable_l2,exact_leaf,200,1.0,1.0,0.0,1.1628482069189165,1.0,1.0,0.035420100002738764,0.17710050001369382,4
bank_marketing,marketing intervention,41,3,0.0,immutable_l2,exact_leaf_cached,200,1.0,1.0,0.0,1.1628482069189165,1.0,1.0,0.019610999992437428,0.09805499996218714,4
bank_marketing,marketing intervention,41,3,0.0,immutable_l2,native_exact_k_sparse,200,1.0,1.0,0.0,1.1628482069189165,1.0,1.0,0.018628300002092146,0.09314150001046073,4
bank_marketing,marketing intervention,41,3,0.0,immutable_l2,clbr_uncached,200,0.15,0.15,0.0,0.4191144135063397,1.0,1.0,0.020832500005781185,0.10416250002890592,4
bank_marketing,marketing intervention,41,3,0.0,immutable_top3_l1,nn_positive_train,200,0.13,0.13,0.0,1.2682835952143756,2.8076923076923075,1.0,0.008353600002919848,0.04176800001459924,4
bank_marketing,marketing intervention,41,3,0.0,immutable_top3_l1,leaf_centroid,200,0.83,0.83,0.0,2.4823299377480486,2.8072289156626504,1.0,0.02152219999152294,0.1076109999576147,4
bank_marketing,marketing intervention,41,3,0.0,immutable_top3_l1,raw_leaf_projection,200,0.15,0.15,0.0,0.4191144135063397,1.0,1.0,0.008830699998725322,0.04415349999362661,4
bank_marketing,marketing intervention,41,3,0.0,immutable_top3_l1,clbr,200,0.15,0.15,0.0,0.4191144135063397,1.0,1.0,0.017651999999543477,0.08825999999771739,4
bank_marketing,marketing intervention,41,3,0.0,immutable_top3_l1,metric_leaf_projection,200,0.835,0.835,0.0,1.114715650017246,1.0,1.0,0.008127700001750782,0.04063850000875391,4
bank_marketing,marketing intervention,41,3,0.0,immutable_top3_l1,metric_clbr,200,0.835,0.835,0.0,1.114715650017246,1.0,1.0,0.009992600005716668,0.04996300002858334,4
bank_marketing,marketing intervention,41,3,0.0,immutable_top3_l1,exact_leaf,200,1.0,1.0,0.0,1.1628482069189165,1.0,1.0,0.03402579999419686,0.1701289999709843,4
bank_marketing,marketing intervention,41,3,0.0,immutable_top3_l1,exact_leaf_cached,200,1.0,1.0,0.0,1.1628482069189165,1.0,1.0,0.018128600000636652,0.09064300000318326,4
bank_marketing,marketing intervention,41,3,0.0,immutable_top3_l1,native_exact_k_sparse,200,1.0,1.0,0.0,1.1628482069189165,1.0,1.0,0.020104800003537093,0.10052400001768547,4
bank_marketing,marketing intervention,41,3,0.0,immutable_top3_l1,clbr_uncached,200,0.15,0.15,0.0,0.4191144135063397,1.0,1.0,0.020664699991357338,0.10332349995678669,4
bank_marketing,marketing intervention,53,3,0.0,free_l2,nn_positive_train,200,1.0,1.0,0.0,3.8187480908779023,6.2,0.005,0.00905710000461113,0.04528550002305565,3
bank_marketing,marketing intervention,53,3,0.0,free_l2,leaf_centroid,200,1.0,1.0,0.0,4.224830516844022,5.74,0.0,0.019646999996439263,0.09823499998219631,3
bank_marketing,marketing intervention,53,3,0.0,free_l2,raw_leaf_projection,200,1.0,1.0,0.0,1.9709732433754592,1.705,1.0,0.01001650000216614,0.0500825000108307,3
bank_marketing,marketing intervention,53,3,0.0,free_l2,clbr,200,1.0,1.0,0.0,1.9709732433754592,1.705,1.0,0.009678100007477042,0.04839050003738521,3
bank_marketing,marketing intervention,53,3,0.0,free_l2,metric_leaf_projection,200,1.0,1.0,0.0,1.5843712955186129,1.805,1.0,0.009636199993110495,0.04818099996555247,3
bank_marketing,marketing intervention,53,3,0.0,free_l2,metric_clbr,200,1.0,1.0,0.0,1.5843712955186129,1.805,1.0,0.009206900005665375,0.046034500028326875,3
bank_marketing,marketing intervention,53,3,0.0,free_l2,exact_leaf,200,1.0,1.0,0.0,1.5843712955186129,1.805,1.0,0.030277299997578666,0.15138649998789333,3
bank_marketing,marketing intervention,53,3,0.0,free_l2,exact_leaf_cached,200,1.0,1.0,0.0,1.5843712955186129,1.805,1.0,0.02025709999816172,0.1012854999908086,3
bank_marketing,marketing intervention,53,3,0.0,free_l2,native_exact_k_sparse,200,1.0,1.0,0.0,1.5843712955186129,1.805,1.0,0.019488600003569445,0.09744300001784723,3
bank_marketing,marketing intervention,53,3,0.0,free_l2,clbr_uncached,200,1.0,1.0,0.0,1.9709732433754592,1.705,1.0,0.010308899998562993,0.05154449999281496,3
bank_marketing,marketing intervention,53,3,0.0,immutable_l2,nn_positive_train,200,0.185,0.185,0.0,3.4135662737915524,3.054054054054054,0.9459459459459459,0.008252100003119267,0.041260500015596335,3
bank_marketing,marketing intervention,53,3,0.0,immutable_l2,leaf_centroid,200,0.73,0.73,0.0,4.0565091721764395,3.136986301369863,0.863013698630137,0.01800630000525416,0.0900315000262708,3
bank_marketing,marketing intervention,53,3,0.0,immutable_l2,raw_leaf_projection,200,0.135,0.135,0.0,1.9972018990730203,1.0740740740740742,1.0,0.009054899996044696,0.04527449998022348,3
bank_marketing,marketing intervention,53,3,0.0,immutable_l2,clbr,200,0.2,0.135,0.065,2.0239365009556636,1.725,0.975,0.0229137999986051,0.1145689999930255,3
bank_marketing,marketing intervention,53,3,0.0,immutable_l2,metric_leaf_projection,200,0.26,0.26,0.0,1.761710942610821,1.5192307692307692,1.0,0.009048300000358722,0.04524150000179361,3
bank_marketing,marketing intervention,53,3,0.0,immutable_l2,metric_clbr,200,0.395,0.26,0.135,1.901552296362431,2.037974683544304,0.9873417721518988,0.02543949999653705,0.12719749998268526,3
bank_marketing,marketing intervention,53,3,0.0,immutable_l2,exact_leaf,200,1.0,1.0,0.0,2.2630497250470425,1.785,1.0,0.026769000000967935,0.13384500000483968,3
bank_marketing,marketing intervention,53,3,0.0,immutable_l2,exact_leaf_cached,200,1.0,1.0,0.0,2.2630497250470425,1.785,1.0,0.018583700005365245,0.09291850002682622,3
bank_marketing,marketing intervention,53,3,0.0,immutable_l2,native_exact_k_sparse,200,1.0,1.0,0.0,2.2630497250470425,1.785,1.0,0.01847140000336367,0.09235700001681835,3
bank_marketing,marketing intervention,53,3,0.0,immutable_l2,clbr_uncached,200,0.2,0.135,0.065,2.0239365009556636,1.725,0.975,0.022764900005313393,0.11382450002656697,3
bank_marketing,marketing intervention,53,3,0.0,immutable_top3_l1,nn_positive_train,200,0.18,0.18,0.0,3.9180031220518408,3.0,1.0,0.00778090000312659,0.03890450001563295,3
bank_marketing,marketing intervention,53,3,0.0,immutable_top3_l1,leaf_centroid,200,0.175,0.175,0.0,4.348087372220847,2.857142857142857,1.0,0.01749950000339595,0.08749750001697976,3
bank_marketing,marketing intervention,53,3,0.0,immutable_top3_l1,raw_leaf_projection,200,0.12,0.12,0.0,1.9999727214765877,1.0833333333333333,1.0,0.008420300015131943,0.042101500075659715,3
bank_marketing,marketing intervention,53,3,0.0,immutable_top3_l1,clbr,200,0.18,0.12,0.06,2.1868868751091934,1.7222222222222223,1.0,0.021765999995295715,0.10882999997647858,3
bank_marketing,marketing intervention,53,3,0.0,immutable_top3_l1,metric_leaf_projection,200,0.18,0.18,0.0,1.7111061006645514,1.0833333333333333,1.0,0.008179799998288217,0.04089899999144109,3
bank_marketing,marketing intervention,53,3,0.0,immutable_top3_l1,metric_clbr,200,0.28,0.18,0.1,2.0471733534846637,1.7678571428571428,1.0,0.02273449999938748,0.1136724999969374,3
bank_marketing,marketing intervention,53,3,0.0,immutable_top3_l1,exact_leaf,200,0.305,0.305,0.0,2.1768754347761954,1.2459016393442623,1.0,0.020271700006560422,0.10135850003280211,3
bank_marketing,marketing intervention,53,3,0.0,immutable_top3_l1,exact_leaf_cached,200,0.305,0.305,0.0,2.1768754347761954,1.2459016393442623,1.0,0.011769799997637165,0.058848999988185824,3
bank_marketing,marketing intervention,53,3,0.0,immutable_top3_l1,native_exact_k_sparse,200,1.0,1.0,0.0,2.880282714875297,1.76,1.0,0.018079899997246685,0.09039949998623342,3
bank_marketing,marketing intervention,53,3,0.0,immutable_top3_l1,clbr_uncached,200,0.18,0.12,0.06,2.1868868751091934,1.7222222222222223,1.0,0.023099099990758987,0.11549549995379493,3
bank_marketing,marketing intervention,61,3,0.0,free_l2,nn_positive_train,200,1.0,1.0,0.0,3.3637804935621203,6.535,0.0,0.009494999991147779,0.047474999955738895,3
bank_marketing,marketing intervention,61,3,0.0,free_l2,leaf_centroid,200,1.0,1.0,0.0,4.058354179758587,7.0,0.0,0.0189133000021684,0.09456650001084199,3
bank_marketing,marketing intervention,61,3,0.0,free_l2,raw_leaf_projection,200,1.0,1.0,0.0,0.44540767421169014,1.0,1.0,0.009421600000678154,0.04710800000339077,3
bank_marketing,marketing intervention,61,3,0.0,free_l2,clbr,200,1.0,1.0,0.0,0.44540767421169014,1.0,1.0,0.008943799997723545,0.044718999988617725,3
bank_marketing,marketing intervention,61,3,0.0,free_l2,metric_leaf_projection,200,1.0,1.0,0.0,0.40461194278121865,1.045,1.0,0.009204800002407865,0.04602400001203932,3
bank_marketing,marketing intervention,61,3,0.0,free_l2,metric_clbr,200,1.0,1.0,0.0,0.40461194278121865,1.045,1.0,0.008793099998911202,0.04396549999455601,3
bank_marketing,marketing intervention,61,3,0.0,free_l2,exact_leaf,200,1.0,1.0,0.0,0.40461194278121865,1.045,1.0,0.02867300000798423,0.14336500003992114,3
bank_marketing,marketing intervention,61,3,0.0,free_l2,exact_leaf_cached,200,1.0,1.0,0.0,0.40461194278121865,1.045,1.0,0.018602200001623714,0.09301100000811857,3
bank_marketing,marketing intervention,61,3,0.0,free_l2,native_exact_k_sparse,200,1.0,1.0,0.0,0.40461194278121865,1.045,1.0,0.017869000006612623,0.08934500003306312,3
bank_marketing,marketing intervention,61,3,0.0,free_l2,clbr_uncached,200,1.0,1.0,0.0,0.44540767421169014,1.0,1.0,0.009354899997561006,0.04677449998780503,3
bank_marketing,marketing intervention,61,3,0.0,immutable_l2,nn_positive_train,200,0.96,0.96,0.0,1.2756428874337453,3.6458333333333335,0.34375,0.009474899999077024,0.04737449999538512,3
bank_marketing,marketing intervention,61,3,0.0,immutable_l2,leaf_centroid,200,0.255,0.255,0.0,2.298011035331064,4.0,0.0,0.019904099995983415,0.09952049997991708,3
bank_marketing,marketing intervention,61,3,0.0,immutable_l2,raw_leaf_projection,200,0.95,0.95,0.0,0.4274678088799772,1.0,1.0,0.009593400010089681,0.047967000050448405,3
bank_marketing,marketing intervention,61,3,0.0,immutable_l2,clbr,200,0.965,0.95,0.015,0.4287424691596057,1.0414507772020725,0.9896373056994818,0.010578000003079069,0.052890000015395344,3
bank_marketing,marketing intervention,61,3,0.0,immutable_l2,metric_leaf_projection,200,0.965,0.965,0.0,0.37799212532448406,1.0259067357512954,1.0,0.009215099988068687,0.046075499940343434,3
bank_marketing,marketing intervention,61,3,0.0,immutable_l2,metric_clbr,200,0.985,0.965,0.02,0.4186293066399439,1.0761421319796953,0.9898477157360406,0.010307799995644018,0.05153899997822009,3
bank_marketing,marketing intervention,61,3,0.0,immutable_l2,exact_leaf,200,1.0,1.0,0.0,0.4261663492245404,1.04,1.0,0.02770920000875776,0.1385460000437888,3
bank_marketing,marketing intervention,61,3,0.0,immutable_l2,exact_leaf_cached,200,1.0,1.0,0.0,0.4261663492245404,1.04,1.0,0.01883819999602565,0.09419099998012825,3
bank_marketing,marketing intervention,61,3,0.0,immutable_l2,native_exact_k_sparse,200,1.0,1.0,0.0,0.4261663492245404,1.04,1.0,0.018357900000410154,0.09178950000205077,3
bank_marketing,marketing intervention,61,3,0.0,immutable_l2,clbr_uncached,200,0.965,0.95,0.015,0.4287424691596057,1.0414507772020725,0.9896373056994818,0.011593800000810006,0.05796900000405003,3
bank_marketing,marketing intervention,61,3,0.0,immutable_top3_l1,nn_positive_train,200,0.96,0.96,0.0,1.2574970103406524,2.9895833333333335,1.0,0.010247799995340756,0.05123899997670378,3
bank_marketing,marketing intervention,61,3,0.0,immutable_top3_l1,leaf_centroid,200,0.25,0.25,0.0,2.924937994407789,3.0,1.0,0.019333299999743758,0.09666649999871879,3
bank_marketing,marketing intervention,61,3,0.0,immutable_top3_l1,raw_leaf_projection,200,0.945,0.945,0.0,0.4282425891458239,1.0,1.0,0.009295799993196852,0.04647899996598426,3
bank_marketing,marketing intervention,61,3,0.0,immutable_top3_l1,clbr,200,0.965,0.945,0.02,0.4601159041718785,1.0414507772020725,1.0,0.010593999999400694,0.05296999999700347,3
bank_marketing,marketing intervention,61,3,0.0,immutable_top3_l1,metric_leaf_projection,200,0.96,0.96,0.0,0.3892516022143811,1.0208333333333333,1.0,0.008473399991089536,0.04236699995544768,3
bank_marketing,marketing intervention,61,3,0.0,immutable_top3_l1,metric_clbr,200,0.98,0.96,0.02,0.4499465080713387,1.0612244897959184,1.0,0.010032999987743096,0.05016499993871548,3
bank_marketing,marketing intervention,61,3,0.0,immutable_top3_l1,exact_leaf,200,1.0,1.0,0.0,0.45403109116616813,1.04,1.0,0.027098099991235358,0.1354904999561768,3
bank_marketing,marketing intervention,61,3,0.0,immutable_top3_l1,exact_leaf_cached,200,1.0,1.0,0.0,0.45403109116616813,1.04,1.0,0.01863829999729205,0.09319149998646026,3
bank_marketing,marketing intervention,61,3,0.0,immutable_top3_l1,native_exact_k_sparse,200,1.0,1.0,0.0,0.4333072234941268,1.04,1.0,0.018323000002965273,0.09161500001482636,3
bank_marketing,marketing intervention,61,3,0.0,immutable_top3_l1,clbr_uncached,200,0.965,0.945,0.02,0.4601159041718785,1.0414507772020725,1.0,0.012064600005032844,0.06032300002516422,3
bank_marketing,marketing intervention,73,3,0.0,free_l2,nn_positive_train,200,1.0,1.0,0.0,3.9626349370139646,5.485,0.01,0.009225800004969642,0.04612900002484821,1
bank_marketing,marketing intervention,73,3,0.0,free_l2,leaf_centroid,200,1.0,1.0,0.0,4.510036903970405,7.0,0.0,0.01326700000481651,0.06633500002408255,1
bank_marketing,marketing intervention,73,3,0.0,free_l2,raw_leaf_projection,200,1.0,1.0,0.0,2.6784627579291076,1.29,1.0,0.010416500000246742,0.05208250000123371,1
bank_marketing,marketing intervention,73,3,0.0,free_l2,clbr,200,1.0,1.0,0.0,2.6784627579291076,1.29,1.0,0.009221499999512162,0.04610749999756081,1
bank_marketing,marketing intervention,73,3,0.0,free_l2,metric_leaf_projection,200,1.0,1.0,0.0,2.6784627579291076,1.29,1.0,0.009388499994201993,0.046942499971009966,1
bank_marketing,marketing intervention,73,3,0.0,free_l2,metric_clbr,200,1.0,1.0,0.0,2.6784627579291076,1.29,1.0,0.00951849999910337,0.047592499995516846,1
bank_marketing,marketing intervention,73,3,0.0,free_l2,exact_leaf,200,1.0,1.0,0.0,2.6784627579291076,1.29,1.0,0.015182599991931056,0.07591299995965528,1
bank_marketing,marketing intervention,73,3,0.0,free_l2,exact_leaf_cached,200,1.0,1.0,0.0,2.6784627579291076,1.29,1.0,0.019967299997006194,0.09983649998503097,1
bank_marketing,marketing intervention,73,3,0.0,free_l2,native_exact_k_sparse,200,1.0,1.0,0.0,2.6784627579291076,1.29,1.0,0.019011700012015353,0.09505850006007677,1
bank_marketing,marketing intervention,73,3,0.0,free_l2,clbr_uncached,200,1.0,1.0,0.0,2.6784627579291076,1.29,1.0,0.009070100003555126,0.04535050001777563,1
bank_marketing,marketing intervention,73,3,0.0,immutable_l2,nn_positive_train,200,1.0,1.0,0.0,3.357955076479407,3.145,0.705,0.008999300003779354,0.04499650001889677,1
bank_marketing,marketing intervention,73,3,0.0,immutable_l2,leaf_centroid,200,1.0,1.0,0.0,4.206215067348925,4.0,0.0,0.012605999989318661,0.06302999994659331,1
bank_marketing,marketing intervention,73,3,0.0,immutable_l2,raw_leaf_projection,200,1.0,1.0,0.0,2.6784627579291076,1.29,1.0,0.009556599997267767,0.04778299998633884,1
bank_marketing,marketing intervention,73,3,0.0,immutable_l2,clbr,200,1.0,1.0,0.0,2.6784627579291076,1.29,1.0,0.009361200004605053,0.04680600002302526,1
bank_marketing,marketing intervention,73,3,0.0,immutable_l2,metric_leaf_projection,200,1.0,1.0,0.0,2.6784627579291076,1.29,1.0,0.009173199996439507,0.045865999982197536,1
bank_marketing,marketing intervention,73,3,0.0,immutable_l2,metric_clbr,200,1.0,1.0,0.0,2.6784627579291076,1.29,1.0,0.009188000003632624,0.04594000001816312,1
bank_marketing,marketing intervention,73,3,0.0,immutable_l2,exact_leaf,200,1.0,1.0,0.0,2.6784627579291076,1.29,1.0,0.014669099998172896,0.07334549999086448,1
bank_marketing,marketing intervention,73,3,0.0,immutable_l2,exact_leaf_cached,200,1.0,1.0,0.0,2.6784627579291076,1.29,1.0,0.01831529999981285,0.09157649999906425,1
bank_marketing,marketing intervention,73,3,0.0,immutable_l2,native_exact_k_sparse,200,1.0,1.0,0.0,2.6784627579291076,1.29,1.0,0.01792099999693164,0.0896049999846582,1
bank_marketing,marketing intervention,73,3,0.0,immutable_l2,clbr_uncached,200,1.0,1.0,0.0,2.6784627579291076,1.29,1.0,0.008547399997041794,0.04273699998520897,1
bank_marketing,marketing intervention,73,3,0.0,immutable_top3_l1,nn_positive_train,200,1.0,1.0,0.0,4.400118067159307,2.85,1.0,0.008683500001097855,0.04341750000548927,1
bank_marketing,marketing intervention,73,3,0.0,immutable_top3_l1,leaf_centroid,200,1.0,1.0,0.0,5.133127006607569,3.0,1.0,0.012572400004501105,0.06286200002250553,1
bank_marketing,marketing intervention,73,3,0.0,immutable_top3_l1,raw_leaf_projection,200,1.0,1.0,0.0,2.848545035594605,1.29,1.0,0.008546499997464707,0.042732499987323536,1
bank_marketing,marketing intervention,73,3,0.0,immutable_top3_l1,clbr,200,1.0,1.0,0.0,2.848545035594605,1.29,1.0,0.007992099997863988,0.03996049998931994,1
bank_marketing,marketing intervention,73,3,0.0,immutable_top3_l1,metric_leaf_projection,200,1.0,1.0,0.0,2.848545035594605,1.29,1.0,0.007981099997778074,0.03990549998889037,1
bank_marketing,marketing intervention,73,3,0.0,immutable_top3_l1,metric_clbr,200,1.0,1.0,0.0,2.848545035594605,1.29,1.0,0.008100500004729838,0.04050250002364919,1
bank_marketing,marketing intervention,73,3,0.0,immutable_top3_l1,exact_leaf,200,1.0,1.0,0.0,2.848545035594605,1.29,1.0,0.01345229999969888,0.0672614999984944,1
bank_marketing,marketing intervention,73,3,0.0,immutable_top3_l1,exact_leaf_cached,200,1.0,1.0,0.0,2.848545035594605,1.29,1.0,0.01716029999715829,0.08580149998579145,1
bank_marketing,marketing intervention,73,3,0.0,immutable_top3_l1,native_exact_k_sparse,200,1.0,1.0,0.0,2.848545035594605,1.29,1.0,0.017459000001508684,0.08729500000754342,1
bank_marketing,marketing intervention,73,3,0.0,immutable_top3_l1,clbr_uncached,200,1.0,1.0,0.0,2.848545035594605,1.29,1.0,0.008165100006408466,0.04082550003204233,1
bank_marketing,marketing intervention,89,3,0.0,free_l2,nn_positive_train,200,1.0,1.0,0.0,3.2265558492100634,4.935,0.06,0.009045700008755375,0.045228500043776876,3
bank_marketing,marketing intervention,89,3,0.0,free_l2,leaf_centroid,200,1.0,1.0,0.0,3.3767651908309255,7.0,0.0,0.0199146999984805,0.0995734999924025,3
bank_marketing,marketing intervention,89,3,0.0,free_l2,raw_leaf_projection,200,1.0,1.0,0.0,2.311810464453342,1.95,1.0,0.009308399995461514,0.04654199997730757,3
bank_marketing,marketing intervention,89,3,0.0,free_l2,clbr,200,1.0,1.0,0.0,2.311810464453342,1.95,1.0,0.008828000004541536,0.04414000002270768,3
bank_marketing,marketing intervention,89,3,0.0,free_l2,metric_leaf_projection,200,1.0,1.0,0.0,1.7625740858152918,1.22,1.0,0.009257700002308411,0.046288500011542055,3
bank_marketing,marketing intervention,89,3,0.0,free_l2,metric_clbr,200,1.0,1.0,0.0,1.7625740858152918,1.22,1.0,0.008778300006270001,0.043891500031350006,3
bank_marketing,marketing intervention,89,3,0.0,free_l2,exact_leaf,200,1.0,1.0,0.0,1.7625740858152918,1.22,1.0,0.027310199999192264,0.13655099999596132,3
bank_marketing,marketing intervention,89,3,0.0,free_l2,exact_leaf_cached,200,1.0,1.0,0.0,1.7625740858152918,1.22,1.0,0.02047980000043026,0.1023990000021513,3
bank_marketing,marketing intervention,89,3,0.0,free_l2,native_exact_k_sparse,200,1.0,1.0,0.0,1.7625740858152918,1.22,1.0,0.017706500000713277,0.08853250000356638,3
bank_marketing,marketing intervention,89,3,0.0,free_l2,clbr_uncached,200,1.0,1.0,0.0,2.311810464453342,1.95,1.0,0.010074700005134218,0.05037350002567109,3
bank_marketing,marketing intervention,89,3,0.0,immutable_l2,nn_positive_train,200,0.775,0.775,0.0,2.2134850526367993,2.761290322580645,0.8387096774193549,0.00855649999812158,0.0427824999906079,3
bank_marketing,marketing intervention,89,3,0.0,immutable_l2,leaf_centroid,200,1.0,1.0,0.0,2.668429310397528,4.0,0.0,0.018992200001775927,0.09496100000887964,3
bank_marketing,marketing intervention,89,3,0.0,immutable_l2,raw_leaf_projection,200,0.045,0.045,0.0,1.0845427932212282,1.0,1.0,0.008875599992279604,0.04437799996139802,3
bank_marketing,marketing intervention,89,3,0.0,immutable_l2,clbr,200,0.775,0.045,0.73,1.8973837620045768,2.6451612903225805,0.8580645161290322,0.05626909999864438,0.2813454999932219,3
bank_marketing,marketing intervention,89,3,0.0,immutable_l2,metric_leaf_projection,200,0.78,0.78,0.0,1.7085132014574644,1.0,1.0,0.009200199995575531,0.046000999977877655,3
bank_marketing,marketing intervention,89,3,0.0,immutable_l2,metric_clbr,200,0.935,0.78,0.155,1.785740175723429,1.2620320855614973,0.9732620320855615,0.01891059998979472,0.09455299994897359,3
bank_marketing,marketing intervention,89,3,0.0,immutable_l2,exact_leaf,200,1.0,1.0,0.0,1.7780701515839439,1.0,1.0,0.025938600004337786,0.12969300002168893,3
bank_marketing,marketing intervention,89,3,0.0,immutable_l2,exact_leaf_cached,200,1.0,1.0,0.0,1.7780701515839439,1.0,1.0,0.018169899999520567,0.09084949999760283,3
bank_marketing,marketing intervention,89,3,0.0,immutable_l2,native_exact_k_sparse,200,1.0,1.0,0.0,1.7780701515839439,1.0,1.0,0.016887999995560676,0.08443999997780338,3
bank_marketing,marketing intervention,89,3,0.0,immutable_l2,clbr_uncached,200,0.775,0.045,0.73,1.8973837620045768,2.6451612903225805,0.8580645161290322,0.058671499997217325,0.2933574999860866,3
bank_marketing,marketing intervention,89,3,0.0,immutable_top3_l1,nn_positive_train,200,0.775,0.775,0.0,2.7062862239023007,2.6,1.0,0.009644399994613195,0.048221999973065977,3
bank_marketing,marketing intervention,89,3,0.0,immutable_top3_l1,leaf_centroid,200,1.0,1.0,0.0,3.4910666994777433,3.0,1.0,0.023465199996280717,0.11732599998140358,3
bank_marketing,marketing intervention,89,3,0.0,immutable_top3_l1,raw_leaf_projection,200,0.045,0.045,0.0,1.0845427932212282,1.0,1.0,0.010174699993513059,0.050873499967565294,3
bank_marketing,marketing intervention,89,3,0.0,immutable_top3_l1,clbr,200,0.775,0.045,0.73,2.2318734606982993,2.503225806451613,1.0,0.06524060000265308,0.3262030000132654,3
bank_marketing,marketing intervention,89,3,0.0,immutable_top3_l1,metric_leaf_projection,200,0.98,0.98,0.0,1.773916345817532,1.0,1.0,0.009603000006791262,0.04801500003395631,3
bank_marketing,marketing intervention,89,3,0.0,immutable_top3_l1,metric_clbr,200,0.995,0.98,0.015,1.7777165631321996,1.020100502512563,1.0,0.010534000000916421,0.05267000000458211,3
bank_marketing,marketing intervention,89,3,0.0,immutable_top3_l1,exact_leaf,200,1.0,1.0,0.0,1.7780701515839439,1.0,1.0,0.02986750000036409,0.14933750000182044,3
bank_marketing,marketing intervention,89,3,0.0,immutable_top3_l1,exact_leaf_cached,200,1.0,1.0,0.0,1.7780701515839439,1.0,1.0,0.01983080000263726,0.0991540000131863,3
bank_marketing,marketing intervention,89,3,0.0,immutable_top3_l1,native_exact_k_sparse,200,1.0,1.0,0.0,1.7780701515839439,1.0,1.0,0.020497999991675897,0.10248999995837949,3
bank_marketing,marketing intervention,89,3,0.0,immutable_top3_l1,clbr_uncached,200,0.775,0.045,0.73,2.2318734606982993,2.503225806451613,1.0,0.06638489999477315,0.33192449997386575,3
compas,recidivism-risk audit,7,3,0.0,free_l2,nn_positive_train,200,1.0,1.0,0.0,2.6058756706282464,4.01,0.295,0.013188899997658154,0.06594449998829077,2
compas,recidivism-risk audit,7,3,0.0,free_l2,leaf_centroid,200,1.0,1.0,0.0,3.0616499760327742,8.0,0.0,0.023400900005981384,0.11700450002990692,2
compas,recidivism-risk audit,7,3,0.0,free_l2,raw_leaf_projection,200,1.0,1.0,0.0,1.2985981080603863,1.0,1.0,0.009824799997659284,0.04912399998829642,2
compas,recidivism-risk audit,7,3,0.0,free_l2,clbr,200,1.0,1.0,0.0,1.2985981080603863,1.0,1.0,0.009388000013132114,0.04694000006566057,2
compas,recidivism-risk audit,7,3,0.0,free_l2,metric_leaf_projection,200,1.0,1.0,0.0,1.2985981080603863,1.0,1.0,0.009133299991844979,0.04566649995922489,2
compas,recidivism-risk audit,7,3,0.0,free_l2,metric_clbr,200,1.0,1.0,0.0,1.2985981080603863,1.0,1.0,0.00932500001272274,0.0466250000636137,2
compas,recidivism-risk audit,7,3,0.0,free_l2,exact_leaf,200,1.0,1.0,0.0,1.2985981080603863,1.0,1.0,0.022085999992668803,0.11042999996334402,2
compas,recidivism-risk audit,7,3,0.0,free_l2,exact_leaf_cached,200,1.0,1.0,0.0,1.2985981080603863,1.0,1.0,0.0192725000106293,0.0963625000531465,2
compas,recidivism-risk audit,7,3,0.0,free_l2,native_exact_k_sparse,200,1.0,1.0,0.0,1.2985981080603863,1.0,1.0,0.01869749999968917,0.09348749999844586,2
compas,recidivism-risk audit,7,3,0.0,free_l2,clbr_uncached,200,1.0,1.0,0.0,1.2985981080603863,1.0,1.0,0.0093218999909368,0.046609499954684,2
compas,recidivism-risk audit,7,3,0.0,immutable_l2,nn_positive_train,200,1.0,1.0,0.0,1.4465253882830904,2.015,1.0,0.012745899995934451,0.06372949997967225,2
compas,recidivism-risk audit,7,3,0.0,immutable_l2,leaf_centroid,200,1.0,1.0,0.0,2.0511023714909213,3.0,1.0,0.023162400004366646,0.11581200002183323,2
compas,recidivism-risk audit,7,3,0.0,immutable_l2,raw_leaf_projection,200,1.0,1.0,0.0,1.2985981080603863,1.0,1.0,0.009634900004130031,0.04817450002065016,2
compas,recidivism-risk audit,7,3,0.0,immutable_l2,clbr,200,1.0,1.0,0.0,1.2985981080603863,1.0,1.0,0.008665400002428214,0.04332700001214107,2
compas,recidivism-risk audit,7,3,0.0,immutable_l2,metric_leaf_projection,200,1.0,1.0,0.0,1.2985981080603863,1.0,1.0,0.009719100005895598,0.04859550002947799,2
compas,recidivism-risk audit,7,3,0.0,immutable_l2,metric_clbr,200,1.0,1.0,0.0,1.2985981080603863,1.0,1.0,0.008774800001447147,0.043874000007235736,2
compas,recidivism-risk audit,7,3,0.0,immutable_l2,exact_leaf,200,1.0,1.0,0.0,1.2985981080603863,1.0,1.0,0.020631199998206284,0.10315599999103142,2
compas,recidivism-risk audit,7,3,0.0,immutable_l2,exact_leaf_cached,200,1.0,1.0,0.0,1.2985981080603863,1.0,1.0,0.01843950000420591,0.09219750002102955,2
compas,recidivism-risk audit,7,3,0.0,immutable_l2,native_exact_k_sparse,200,1.0,1.0,0.0,1.2985981080603863,1.0,1.0,0.01776160001008975,0.08880800005044875,2
compas,recidivism-risk audit,7,3,0.0,immutable_l2,clbr_uncached,200,1.0,1.0,0.0,1.2985981080603863,1.0,1.0,0.008928299997933209,0.044641499989666045,2
compas,recidivism-risk audit,7,3,0.0,immutable_top3_l1,nn_positive_train,200,1.0,1.0,0.0,1.6361641880253064,2.015,1.0,0.011650299994471425,0.058251499972357124,2
compas,recidivism-risk audit,7,3,0.0,immutable_top3_l1,leaf_centroid,200,1.0,1.0,0.0,2.3777182067284675,3.0,1.0,0.022340200002872734,0.11170100001436367,2
compas,recidivism-risk audit,7,3,0.0,immutable_top3_l1,raw_leaf_projection,200,1.0,1.0,0.0,1.2985981080603863,1.0,1.0,0.00913139999829582,0.0456569999914791,2
compas,recidivism-risk audit,7,3,0.0,immutable_top3_l1,clbr,200,1.0,1.0,0.0,1.2985981080603863,1.0,1.0,0.008511999999427644,0.04255999999713822,2
compas,recidivism-risk audit,7,3,0.0,immutable_top3_l1,metric_leaf_projection,200,1.0,1.0,0.0,1.2985981080603863,1.0,1.0,0.008341000007931143,0.041705000039655715,2
compas,recidivism-risk audit,7,3,0.0,immutable_top3_l1,metric_clbr,200,1.0,1.0,0.0,1.2985981080603863,1.0,1.0,0.008257399997091852,0.04128699998545926,2
compas,recidivism-risk audit,7,3,0.0,immutable_top3_l1,exact_leaf,200,1.0,1.0,0.0,1.2985981080603863,1.0,1.0,0.020603299999493174,0.10301649999746587,2
compas,recidivism-risk audit,7,3,0.0,immutable_top3_l1,exact_leaf_cached,200,1.0,1.0,0.0,1.2985981080603863,1.0,1.0,0.017344799997772498,0.08672399998886249,2
compas,recidivism-risk audit,7,3,0.0,immutable_top3_l1,native_exact_k_sparse,200,1.0,1.0,0.0,1.2985981080603863,1.0,1.0,0.018425300004309975,0.09212650002154987,2
compas,recidivism-risk audit,7,3,0.0,immutable_top3_l1,clbr_uncached,200,1.0,1.0,0.0,1.2985981080603863,1.0,1.0,0.00900300000103016,0.045015000005150796,2
compas,recidivism-risk audit,13,3,0.0,free_l2,nn_positive_train,200,1.0,1.0,0.0,2.6006131231665846,3.97,0.285,0.012633499989533448,0.06316749994766724,3
compas,recidivism-risk audit,13,3,0.0,free_l2,leaf_centroid,200,1.0,1.0,0.0,4.718339881987414,7.475,0.0,0.025683499990009295,0.12841749995004648,3
compas,recidivism-risk audit,13,3,0.0,free_l2,raw_leaf_projection,200,1.0,1.0,0.0,1.4082347340855714,1.04,1.0,0.0096477999986746,0.048238999993373,3
compas,recidivism-risk audit,13,3,0.0,free_l2,clbr,200,1.0,1.0,0.0,1.4082347340855714,1.04,1.0,0.00874460000977706,0.0437230000488853,3
compas,recidivism-risk audit,13,3,0.0,free_l2,metric_leaf_projection,200,1.0,1.0,0.0,1.2710072471443685,1.0,1.0,0.00916999999935797,0.04584999999678985,3
compas,recidivism-risk audit,13,3,0.0,free_l2,metric_clbr,200,1.0,1.0,0.0,1.2710072471443685,1.0,1.0,0.008746799998334609,0.043733999991673045,3
compas,recidivism-risk audit,13,3,0.0,free_l2,exact_leaf,200,1.0,1.0,0.0,1.2710072471443685,1.0,1.0,0.026882500003011955,0.13441250001505978,3
compas,recidivism-risk audit,13,3,0.0,free_l2,exact_leaf_cached,200,1.0,1.0,0.0,1.2710072471443685,1.0,1.0,0.018171300003814395,0.09085650001907197,3
compas,recidivism-risk audit,13,3,0.0,free_l2,native_exact_k_sparse,200,1.0,1.0,0.0,1.2710072471443685,1.0,1.0,0.01762949999738339,0.08814749998691696,3
compas,recidivism-risk audit,13,3,0.0,free_l2,clbr_uncached,200,1.0,1.0,0.0,1.4082347340855714,1.04,1.0,0.009360400007608405,0.046802000038042024,3
compas,recidivism-risk audit,13,3,0.0,immutable_l2,nn_positive_train,200,1.0,1.0,0.0,1.4576030894216065,1.91,1.0,0.013331299996025336,0.06665649998012668,3
compas,recidivism-risk audit,13,3,0.0,immutable_l2,leaf_centroid,200,1.0,1.0,0.0,3.919336244419441,2.79,1.0,0.026708000007602095,0.13354000003801048,3
compas,recidivism-risk audit,13,3,0.0,immutable_l2,raw_leaf_projection,200,1.0,1.0,0.0,1.4082347340855714,1.04,1.0,0.009622800001125142,0.04811400000562571,3
compas,recidivism-risk audit,13,3,0.0,immutable_l2,clbr,200,1.0,1.0,0.0,1.4082347340855714,1.04,1.0,0.00908819999131083,0.04544099995655415,3
compas,recidivism-risk audit,13,3,0.0,immutable_l2,metric_leaf_projection,200,1.0,1.0,0.0,1.2710072471443685,1.0,1.0,0.009007000003293797,0.045035000016468985,3
compas,recidivism-risk audit,13,3,0.0,immutable_l2,metric_clbr,200,1.0,1.0,0.0,1.2710072471443685,1.0,1.0,0.008934299999054929,0.044671499995274644,3
compas,recidivism-risk audit,13,3,0.0,immutable_l2,exact_leaf,200,1.0,1.0,0.0,1.2710072471443685,1.0,1.0,0.02879929999653541,0.14399649998267705,3
compas,recidivism-risk audit,13,3,0.0,immutable_l2,exact_leaf_cached,200,1.0,1.0,0.0,1.2710072471443685,1.0,1.0,0.020104700004594633,0.10052350002297317,3
compas,recidivism-risk audit,13,3,0.0,immutable_l2,native_exact_k_sparse,200,1.0,1.0,0.0,1.2710072471443685,1.0,1.0,0.01865599999746337,0.09327999998731684,3
compas,recidivism-risk audit,13,3,0.0,immutable_l2,clbr_uncached,200,1.0,1.0,0.0,1.4082347340855714,1.04,1.0,0.009526100004222826,0.04763050002111413,3
compas,recidivism-risk audit,13,3,0.0,immutable_top3_l1,nn_positive_train,200,1.0,1.0,0.0,1.6459503601326646,1.91,1.0,0.012870800005657657,0.06435400002828828,3
compas,recidivism-risk audit,13,3,0.0,immutable_top3_l1,leaf_centroid,200,1.0,1.0,0.0,4.574387314928836,2.79,1.0,0.026549300007900456,0.13274650003950228,3
compas,recidivism-risk audit,13,3,0.0,immutable_top3_l1,raw_leaf_projection,200,1.0,1.0,0.0,1.4339542701040304,1.04,1.0,0.009294600004977838,0.04647300002488919,3
compas,recidivism-risk audit,13,3,0.0,immutable_top3_l1,clbr,200,1.0,1.0,0.0,1.4339542701040304,1.04,1.0,0.008627800003523589,0.043139000017617946,3
compas,recidivism-risk audit,13,3,0.0,immutable_top3_l1,metric_leaf_projection,200,1.0,1.0,0.0,1.2710072471443685,1.0,1.0,0.008763799997723254,0.04381899998861627,3
compas,recidivism-risk audit,13,3,0.0,immutable_top3_l1,metric_clbr,200,1.0,1.0,0.0,1.2710072471443685,1.0,1.0,0.00844789999882778,0.042239499994138896,3
compas,recidivism-risk audit,13,3,0.0,immutable_top3_l1,exact_leaf,200,1.0,1.0,0.0,1.2710072471443685,1.0,1.0,0.027202300004319113,0.13601150002159557,3
compas,recidivism-risk audit,13,3,0.0,immutable_top3_l1,exact_leaf_cached,200,1.0,1.0,0.0,1.2710072471443685,1.0,1.0,0.0175398999990648,0.087699499995324,3
compas,recidivism-risk audit,13,3,0.0,immutable_top3_l1,native_exact_k_sparse,200,1.0,1.0,0.0,1.2710072471443685,1.0,1.0,0.01809599999069178,0.0904799999534589,3
compas,recidivism-risk audit,13,3,0.0,immutable_top3_l1,clbr_uncached,200,1.0,1.0,0.0,1.4339542701040304,1.04,1.0,0.009931700001288846,0.04965850000644423,3
compas,recidivism-risk audit,19,3,0.0,free_l2,nn_positive_train,200,1.0,1.0,0.0,2.698411601825557,3.845,0.32,0.01216819998990104,0.0608409999495052,2
compas,recidivism-risk audit,19,3,0.0,free_l2,leaf_centroid,200,1.0,1.0,0.0,3.11465036740273,8.0,0.0,0.02232429999821761,0.11162149999108806,2
compas,recidivism-risk audit,19,3,0.0,free_l2,raw_leaf_projection,200,1.0,1.0,0.0,1.322316356918586,1.0,1.0,0.009233000000676839,0.04616500000338419,2
compas,recidivism-risk audit,19,3,0.0,free_l2,clbr,200,1.0,1.0,0.0,1.322316356918586,1.0,1.0,0.010434500000883418,0.05217250000441709,2
compas,recidivism-risk audit,19,3,0.0,free_l2,metric_leaf_projection,200,1.0,1.0,0.0,1.322316356918586,1.0,1.0,0.009694400002445036,0.04847200001222518,2
compas,recidivism-risk audit,19,3,0.0,free_l2,metric_clbr,200,1.0,1.0,0.0,1.322316356918586,1.0,1.0,0.009114399998907174,0.04557199999453587,2
compas,recidivism-risk audit,19,3,0.0,free_l2,exact_leaf,200,1.0,1.0,0.0,1.322316356918586,1.0,1.0,0.02099100000123144,0.1049550000061572,2
compas,recidivism-risk audit,19,3,0.0,free_l2,exact_leaf_cached,200,1.0,1.0,0.0,1.322316356918586,1.0,1.0,0.0181221000102596,0.090610500051298,2
compas,recidivism-risk audit,19,3,0.0,free_l2,native_exact_k_sparse,200,1.0,1.0,0.0,1.322316356918586,1.0,1.0,0.016988900007163465,0.08494450003581733,2
compas,recidivism-risk audit,19,3,0.0,free_l2,clbr_uncached,200,1.0,1.0,0.0,1.322316356918586,1.0,1.0,0.00866439999663271,0.04332199998316355,2
compas,recidivism-risk audit,19,3,0.0,immutable_l2,nn_positive_train,200,1.0,1.0,0.0,1.4723860097524724,1.82,1.0,0.01422000000547996,0.0711000000273998,2
compas,recidivism-risk audit,19,3,0.0,immutable_l2,leaf_centroid,200,1.0,1.0,0.0,2.111463320075586,3.0,1.0,0.02486179999414162,0.1243089999707081,2
compas,recidivism-risk audit,19,3,0.0,immutable_l2,raw_leaf_projection,200,1.0,1.0,0.0,1.322316356918586,1.0,1.0,0.010674999999537249,0.053374999997686245,2
compas,recidivism-risk audit,19,3,0.0,immutable_l2,clbr,200,1.0,1.0,0.0,1.322316356918586,1.0,1.0,0.009942200003024482,0.04971100001512241,2
compas,recidivism-risk audit,19,3,0.0,immutable_l2,metric_leaf_projection,200,1.0,1.0,0.0,1.322316356918586,1.0,1.0,0.01031549999697745,0.051577499984887254,2
compas,recidivism-risk audit,19,3,0.0,immutable_l2,metric_clbr,200,1.0,1.0,0.0,1.322316356918586,1.0,1.0,0.010119499998836545,0.050597499994182726,2
compas,recidivism-risk audit,19,3,0.0,immutable_l2,exact_leaf,200,1.0,1.0,0.0,1.322316356918586,1.0,1.0,0.024321100005181506,0.12160550002590753,2
compas,recidivism-risk audit,19,3,0.0,immutable_l2,exact_leaf_cached,200,1.0,1.0,0.0,1.322316356918586,1.0,1.0,0.02116159999059164,0.1058079999529582,2
compas,recidivism-risk audit,19,3,0.0,immutable_l2,native_exact_k_sparse,200,1.0,1.0,0.0,1.322316356918586,1.0,1.0,0.02015559999654215,0.10077799998271075,2
compas,recidivism-risk audit,19,3,0.0,immutable_l2,clbr_uncached,200,1.0,1.0,0.0,1.322316356918586,1.0,1.0,0.010135700003957027,0.05067850001978513,2
compas,recidivism-risk audit,19,3,0.0,immutable_top3_l1,nn_positive_train,200,1.0,1.0,0.0,1.6450014494858158,1.82,1.0,0.014766900001632166,0.07383450000816083,2
compas,recidivism-risk audit,19,3,0.0,immutable_top3_l1,leaf_centroid,200,1.0,1.0,0.0,2.4080362071720836,3.0,1.0,0.026829199997337128,0.13414599998668564,2
compas,recidivism-risk audit,19,3,0.0,immutable_top3_l1,raw_leaf_projection,200,1.0,1.0,0.0,1.322316356918586,1.0,1.0,0.011140599997816025,0.055702999989080126,2
compas,recidivism-risk audit,19,3,0.0,immutable_top3_l1,clbr,200,1.0,1.0,0.0,1.322316356918586,1.0,1.0,0.010917299988250306,0.05458649994125153,2
compas,recidivism-risk audit,19,3,0.0,immutable_top3_l1,metric_leaf_projection,200,1.0,1.0,0.0,1.322316356918586,1.0,1.0,0.010609800004203862,0.05304900002101931,2
compas,recidivism-risk audit,19,3,0.0,immutable_top3_l1,metric_clbr,200,1.0,1.0,0.0,1.322316356918586,1.0,1.0,0.010438100004648732,0.05219050002324366,2
compas,recidivism-risk audit,19,3,0.0,immutable_top3_l1,exact_leaf,200,1.0,1.0,0.0,1.322316356918586,1.0,1.0,0.02569669999593316,0.1284834999796658,2
compas,recidivism-risk audit,19,3,0.0,immutable_top3_l1,exact_leaf_cached,200,1.0,1.0,0.0,1.322316356918586,1.0,1.0,0.021433799999613257,0.10716899999806628,2
compas,recidivism-risk audit,19,3,0.0,immutable_top3_l1,native_exact_k_sparse,200,1.0,1.0,0.0,1.322316356918586,1.0,1.0,0.02194910000071104,0.10974550000355521,2
compas,recidivism-risk audit,19,3,0.0,immutable_top3_l1,clbr_uncached,200,1.0,1.0,0.0,1.322316356918586,1.0,1.0,0.011553099993761862,0.05776549996880931,2
compas,recidivism-risk audit,29,3,0.0,free_l2,nn_positive_train,200,1.0,1.0,0.0,2.538348314950081,3.985,0.305,0.012115399998947396,0.06057699999473698,3
compas,recidivism-risk audit,29,3,0.0,free_l2,leaf_centroid,200,1.0,1.0,0.0,4.890886140133843,7.795,0.0,0.02452289999837376,0.1226144999918688,3
compas,recidivism-risk audit,29,3,0.0,free_l2,raw_leaf_projection,200,1.0,1.0,0.0,3.1337642766648885,1.29,1.0,0.009874799999124662,0.04937399999562331,3
compas,recidivism-risk audit,29,3,0.0,free_l2,clbr,200,1.0,1.0,0.0,3.1337642766648885,1.29,1.0,0.00864850001380546,0.0432425000690273,3
compas,recidivism-risk audit,29,3,0.0,free_l2,metric_leaf_projection,200,1.0,1.0,0.0,1.2697251239744076,1.0,1.0,0.008570999993025907,0.04285499996512954,3
compas,recidivism-risk audit,29,3,0.0,free_l2,metric_clbr,200,1.0,1.0,0.0,1.2697251239744076,1.0,1.0,0.00839770000311546,0.0419885000155773,3
compas,recidivism-risk audit,29,3,0.0,free_l2,exact_leaf,200,1.0,1.0,0.0,1.2697251239744076,1.0,1.0,0.0269923999949242,0.134961999974621,3
compas,recidivism-risk audit,29,3,0.0,free_l2,exact_leaf_cached,200,1.0,1.0,0.0,1.2697251239744076,1.0,1.0,0.01880980000623822,0.0940490000311911,3
compas,recidivism-risk audit,29,3,0.0,free_l2,native_exact_k_sparse,200,1.0,1.0,0.0,1.2697251239744076,1.0,1.0,0.017171600002257037,0.08585800001128518,3
compas,recidivism-risk audit,29,3,0.0,free_l2,clbr_uncached,200,1.0,1.0,0.0,3.1337642766648885,1.29,1.0,0.009580299999470299,0.04790149999735149,3
compas,recidivism-risk audit,29,3,0.0,immutable_l2,nn_positive_train,200,1.0,1.0,0.0,1.5559141069222813,2.01,1.0,0.015275000005203765,0.07637500002601882,3
compas,recidivism-risk audit,29,3,0.0,immutable_l2,leaf_centroid,200,1.0,1.0,0.0,4.22242467040759,2.81,1.0,0.02921219998916058,0.1460609999458029,3
compas,recidivism-risk audit,29,3,0.0,immutable_l2,raw_leaf_projection,200,1.0,1.0,0.0,3.1337642766648885,1.29,1.0,0.010641200006830331,0.05320600003415166,3
compas,recidivism-risk audit,29,3,0.0,immutable_l2,clbr,200,1.0,1.0,0.0,3.1337642766648885,1.29,1.0,0.010099899992383143,0.05049949996191572,3
compas,recidivism-risk audit,29,3,0.0,immutable_l2,metric_leaf_projection,200,1.0,1.0,0.0,1.2697251239744076,1.0,1.0,0.010197699994932918,0.05098849997466459,3
compas,recidivism-risk audit,29,3,0.0,immutable_l2,metric_clbr,200,1.0,1.0,0.0,1.2697251239744076,1.0,1.0,0.010058699999717646,0.05029349999858823,3
compas,recidivism-risk audit,29,3,0.0,immutable_l2,exact_leaf,200,1.0,1.0,0.0,1.2697251239744076,1.0,1.0,0.032000900004277355,0.16000450002138678,3
compas,recidivism-risk audit,29,3,0.0,immutable_l2,exact_leaf_cached,200,1.0,1.0,0.0,1.2697251239744076,1.0,1.0,0.02127709998694627,0.10638549993473134,3
compas,recidivism-risk audit,29,3,0.0,immutable_l2,native_exact_k_sparse,200,1.0,1.0,0.0,1.2697251239744076,1.0,1.0,0.02017150000665424,0.10085750003327121,3
compas,recidivism-risk audit,29,3,0.0,immutable_l2,clbr_uncached,200,1.0,1.0,0.0,3.1337642766648885,1.29,1.0,0.011145199995553412,0.05572599997776706,3
compas,recidivism-risk audit,29,3,0.0,immutable_top3_l1,nn_positive_train,200,1.0,1.0,0.0,1.8261719665749536,2.01,1.0,0.016298000001370383,0.08149000000685191,3
compas,recidivism-risk audit,29,3,0.0,immutable_top3_l1,leaf_centroid,200,1.0,1.0,0.0,4.970487115227844,2.81,1.0,0.03298229999290925,0.16491149996454624,3
compas,recidivism-risk audit,29,3,0.0,immutable_top3_l1,raw_leaf_projection,200,1.0,1.0,0.0,3.3160060713648916,1.29,1.0,0.012531200003650156,0.06265600001825078,3
compas,recidivism-risk audit,29,3,0.0,immutable_top3_l1,clbr,200,1.0,1.0,0.0,3.3160060713648916,1.29,1.0,0.011537700001099438,0.05768850000549719,3
compas,recidivism-risk audit,29,3,0.0,immutable_top3_l1,metric_leaf_projection,200,1.0,1.0,0.0,1.2697251239744076,1.0,1.0,0.011683899988383928,0.05841949994191964,3
compas,recidivism-risk audit,29,3,0.0,immutable_top3_l1,metric_clbr,200,1.0,1.0,0.0,1.2697251239744076,1.0,1.0,0.011020900003131828,0.05510450001565914,3
compas,recidivism-risk audit,29,3,0.0,immutable_top3_l1,exact_leaf,200,1.0,1.0,0.0,1.2697251239744076,1.0,1.0,0.03690110000388813,0.18450550001944066,3
compas,recidivism-risk audit,29,3,0.0,immutable_top3_l1,exact_leaf_cached,200,1.0,1.0,0.0,1.2697251239744076,1.0,1.0,0.024145199999111355,0.12072599999555678,3
compas,recidivism-risk audit,29,3,0.0,immutable_top3_l1,native_exact_k_sparse,200,1.0,1.0,0.0,1.2697251239744076,1.0,1.0,0.02455149999786954,0.12275749998934771,3
compas,recidivism-risk audit,29,3,0.0,immutable_top3_l1,clbr_uncached,200,1.0,1.0,0.0,3.3160060713648916,1.29,1.0,0.013197699995544099,0.0659884999777205,3
compas,recidivism-risk audit,37,3,0.0,free_l2,nn_positive_train,200,1.0,1.0,0.0,2.532286943790902,3.88,0.3,0.01407209999706538,0.0703604999853269,2
compas,recidivism-risk audit,37,3,0.0,free_l2,leaf_centroid,200,1.0,1.0,0.0,3.009771447614599,7.985,0.0,0.02497169999514881,0.12485849997574405,2
compas,recidivism-risk audit,37,3,0.0,free_l2,raw_leaf_projection,200,1.0,1.0,0.0,1.3392800585293043,1.005,1.0,0.01091480001105083,0.054574000055254146,2
compas,recidivism-risk audit,37,3,0.0,free_l2,clbr,200,1.0,1.0,0.0,1.3392800585293043,1.005,1.0,0.009933199994520692,0.04966599997260346,2
compas,recidivism-risk audit,37,3,0.0,free_l2,metric_leaf_projection,200,1.0,1.0,0.0,1.3392800585293043,1.005,1.0,0.009804199994505325,0.049020999972526624,2
compas,recidivism-risk audit,37,3,0.0,free_l2,metric_clbr,200,1.0,1.0,0.0,1.3392800585293043,1.005,1.0,0.010014999998929852,0.05007499999464926,2
compas,recidivism-risk audit,37,3,0.0,free_l2,exact_leaf,200,1.0,1.0,0.0,1.3392800585293043,1.005,1.0,0.023786799994923058,0.11893399997461529,2
compas,recidivism-risk audit,37,3,0.0,free_l2,exact_leaf_cached,200,1.0,1.0,0.0,1.3392800585293043,1.005,1.0,0.02007760000287817,0.10038800001439085,2
compas,recidivism-risk audit,37,3,0.0,free_l2,native_exact_k_sparse,200,1.0,1.0,0.0,1.3392800585293043,1.005,1.0,0.02035129999876517,0.10175649999382586,2
compas,recidivism-risk audit,37,3,0.0,free_l2,clbr_uncached,200,1.0,1.0,0.0,1.3392800585293043,1.005,1.0,0.00990699999692879,0.049534999984643946,2
compas,recidivism-risk audit,37,3,0.0,immutable_l2,nn_positive_train,200,1.0,1.0,0.0,1.5605659137939318,1.895,1.0,0.015409799995723006,0.07704899997861503,2
compas,recidivism-risk audit,37,3,0.0,immutable_l2,leaf_centroid,200,1.0,1.0,0.0,2.204512036208613,3.0,1.0,0.026725299997451657,0.13362649998725828,2
compas,recidivism-risk audit,37,3,0.0,immutable_l2,raw_leaf_projection,200,1.0,1.0,0.0,1.3392800585293043,1.005,1.0,0.011508400004458963,0.057542000022294815,2
compas,recidivism-risk audit,37,3,0.0,immutable_l2,clbr,200,1.0,1.0,0.0,1.3392800585293043,1.005,1.0,0.010691200000110257,0.053456000000551285,2
compas,recidivism-risk audit,37,3,0.0,immutable_l2,metric_leaf_projection,200,1.0,1.0,0.0,1.3392800585293043,1.005,1.0,0.010889599993788579,0.054447999968942895,2
compas,recidivism-risk audit,37,3,0.0,immutable_l2,metric_clbr,200,1.0,1.0,0.0,1.3392800585293043,1.005,1.0,0.010720700001002115,0.053603500005010574,2
compas,recidivism-risk audit,37,3,0.0,immutable_l2,exact_leaf,200,1.0,1.0,0.0,1.3392800585293043,1.005,1.0,0.026134399999136804,0.13067199999568402,2
compas,recidivism-risk audit,37,3,0.0,immutable_l2,exact_leaf_cached,200,1.0,1.0,0.0,1.3392800585293043,1.005,1.0,0.022602300000471587,0.11301150000235793,2
compas,recidivism-risk audit,37,3,0.0,immutable_l2,native_exact_k_sparse,200,1.0,1.0,0.0,1.3392800585293043,1.005,1.0,0.021948499991594872,0.10974249995797436,2
compas,recidivism-risk audit,37,3,0.0,immutable_l2,clbr_uncached,200,1.0,1.0,0.0,1.3392800585293043,1.005,1.0,0.0107666000003519,0.0538330000017595,2
compas,recidivism-risk audit,37,3,0.0,immutable_top3_l1,nn_positive_train,200,1.0,1.0,0.0,1.765269144453087,1.895,1.0,0.0157528000036109,0.0787640000180545,2
compas,recidivism-risk audit,37,3,0.0,immutable_top3_l1,leaf_centroid,200,1.0,1.0,0.0,2.5450091202671117,3.0,1.0,0.02781879999474768,0.1390939999737384,2
compas,recidivism-risk audit,37,3,0.0,immutable_top3_l1,raw_leaf_projection,200,1.0,1.0,0.0,1.3435795919221698,1.005,1.0,0.011399900006836106,0.05699950003418053,2
compas,recidivism-risk audit,37,3,0.0,immutable_top3_l1,clbr,200,1.0,1.0,0.0,1.3435795919221698,1.005,1.0,0.01122750000013184,0.0561375000006592,2
compas,recidivism-risk audit,37,3,0.0,immutable_top3_l1,metric_leaf_projection,200,1.0,1.0,0.0,1.3435795919221698,1.005,1.0,0.010722400001213828,0.05361200000606914,2
compas,recidivism-risk audit,37,3,0.0,immutable_top3_l1,metric_clbr,200,1.0,1.0,0.0,1.3435795919221698,1.005,1.0,0.010767099999611673,0.05383549999805837,2
compas,recidivism-risk audit,37,3,0.0,immutable_top3_l1,exact_leaf,200,1.0,1.0,0.0,1.3435795919221698,1.005,1.0,0.026456700005837774,0.13228350002918887,2
compas,recidivism-risk audit,37,3,0.0,immutable_top3_l1,exact_leaf_cached,200,1.0,1.0,0.0,1.3435795919221698,1.005,1.0,0.02217160000145668,0.11085800000728341,2
compas,recidivism-risk audit,37,3,0.0,immutable_top3_l1,native_exact_k_sparse,200,1.0,1.0,0.0,1.3435795919221698,1.005,1.0,0.023313300004701887,0.11656650002350943,2
compas,recidivism-risk audit,37,3,0.0,immutable_top3_l1,clbr_uncached,200,1.0,1.0,0.0,1.3435795919221698,1.005,1.0,0.011676400003125309,0.058382000015626545,2
compas,recidivism-risk audit,41,3,0.0,free_l2,nn_positive_train,200,1.0,1.0,0.0,2.6386288186834723,3.91,0.335,0.01496180000140157,0.07480900000700785,2
compas,recidivism-risk audit,41,3,0.0,free_l2,leaf_centroid,200,1.0,1.0,0.0,3.2283342106303157,8.0,0.0,0.02584769999339187,0.12923849996695935,2
compas,recidivism-risk audit,41,3,0.0,free_l2,raw_leaf_projection,200,1.0,1.0,0.0,1.3181261830347555,1.01,1.0,0.011095200003182981,0.055476000015914906,2
compas,recidivism-risk audit,41,3,0.0,free_l2,clbr,200,1.0,1.0,0.0,1.3181261830347555,1.01,1.0,0.010541200000261597,0.052706000001307984,2
compas,recidivism-risk audit,41,3,0.0,free_l2,metric_leaf_projection,200,1.0,1.0,0.0,1.3181261830347555,1.01,1.0,0.010370999988481344,0.05185499994240672,2
compas,recidivism-risk audit,41,3,0.0,free_l2,metric_clbr,200,1.0,1.0,0.0,1.3181261830347555,1.01,1.0,0.010448799996083835,0.052243999980419176,2
compas,recidivism-risk audit,41,3,0.0,free_l2,exact_leaf,200,1.0,1.0,0.0,1.3181261830347555,1.01,1.0,0.025343299997985014,0.12671649998992507,2
compas,recidivism-risk audit,41,3,0.0,free_l2,exact_leaf_cached,200,1.0,1.0,0.0,1.3181261830347555,1.01,1.0,0.021561799999290088,0.10780899999645044,2
compas,recidivism-risk audit,41,3,0.0,free_l2,native_exact_k_sparse,200,1.0,1.0,0.0,1.3181261830347555,1.01,1.0,0.021289400003297487,0.10644700001648744,2
compas,recidivism-risk audit,41,3,0.0,free_l2,clbr_uncached,200,1.0,1.0,0.0,1.3181261830347555,1.01,1.0,0.010849799995412468,0.05424899997706234,2
compas,recidivism-risk audit,41,3,0.0,immutable_l2,nn_positive_train,200,1.0,1.0,0.0,1.6492743873986495,1.92,1.0,0.014667399997961184,0.07333699998980592,2
compas,recidivism-risk audit,41,3,0.0,immutable_l2,leaf_centroid,200,1.0,1.0,0.0,2.3598834591310998,3.0,1.0,0.026570499997433217,0.13285249998716608,2
compas,recidivism-risk audit,41,3,0.0,immutable_l2,raw_leaf_projection,200,1.0,1.0,0.0,1.3181261830347555,1.01,1.0,0.011727499990229262,0.05863749995114631,2
compas,recidivism-risk audit,41,3,0.0,immutable_l2,clbr,200,1.0,1.0,0.0,1.3181261830347555,1.01,1.0,0.010912100005043612,0.05456050002521806,2
compas,recidivism-risk audit,41,3,0.0,immutable_l2,metric_leaf_projection,200,1.0,1.0,0.0,1.3181261830347555,1.01,1.0,0.010802200001307938,0.05401100000653969,2
compas,recidivism-risk audit,41,3,0.0,immutable_l2,metric_clbr,200,1.0,1.0,0.0,1.3181261830347555,1.01,1.0,0.011121799999273208,0.05560899999636604,2
compas,recidivism-risk audit,41,3,0.0,immutable_l2,exact_leaf,200,1.0,1.0,0.0,1.3181261830347555,1.01,1.0,0.025638700005401915,0.12819350002700958,2
compas,recidivism-risk audit,41,3,0.0,immutable_l2,exact_leaf_cached,200,1.0,1.0,0.0,1.3181261830347555,1.01,1.0,0.022312300005978614,0.11156150002989307,2
compas,recidivism-risk audit,41,3,0.0,immutable_l2,native_exact_k_sparse,200,1.0,1.0,0.0,1.3181261830347555,1.01,1.0,0.021458100003656,0.10729050001828,2
compas,recidivism-risk audit,41,3,0.0,immutable_l2,clbr_uncached,200,1.0,1.0,0.0,1.3181261830347555,1.01,1.0,0.01072430000294844,0.053621500014742196,2
compas,recidivism-risk audit,41,3,0.0,immutable_top3_l1,nn_positive_train,200,1.0,1.0,0.0,1.888155889403863,1.92,1.0,0.015679300002375385,0.07839650001187692,2
compas,recidivism-risk audit,41,3,0.0,immutable_top3_l1,leaf_centroid,200,1.0,1.0,0.0,2.750057505485064,3.0,1.0,0.028683900001851725,0.14341950000925863,2
compas,recidivism-risk audit,41,3,0.0,immutable_top3_l1,raw_leaf_projection,200,1.0,1.0,0.0,1.3216696601158133,1.01,1.0,0.012031300001581258,0.06015650000790629,2
compas,recidivism-risk audit,41,3,0.0,immutable_top3_l1,clbr,200,1.0,1.0,0.0,1.3216696601158133,1.01,1.0,0.01140679999753047,0.05703399998765235,2
compas,recidivism-risk audit,41,3,0.0,immutable_top3_l1,metric_leaf_projection,200,1.0,1.0,0.0,1.3216696601158133,1.01,1.0,0.011855700006890402,0.05927850003445201,2
compas,recidivism-risk audit,41,3,0.0,immutable_top3_l1,metric_clbr,200,1.0,1.0,0.0,1.3216696601158133,1.01,1.0,0.011144199998852855,0.055720999994264275,2
compas,recidivism-risk audit,41,3,0.0,immutable_top3_l1,exact_leaf,200,1.0,1.0,0.0,1.3216696601158133,1.01,1.0,0.028202399998008332,0.14101199999004166,2
compas,recidivism-risk audit,41,3,0.0,immutable_top3_l1,exact_leaf_cached,200,1.0,1.0,0.0,1.3216696601158133,1.01,1.0,0.022863300000608433,0.11431650000304217,2
compas,recidivism-risk audit,41,3,0.0,immutable_top3_l1,native_exact_k_sparse,200,1.0,1.0,0.0,1.3216696601158133,1.01,1.0,0.023426900002959883,0.11713450001479941,2
compas,recidivism-risk audit,41,3,0.0,immutable_top3_l1,clbr_uncached,200,1.0,1.0,0.0,1.3216696601158133,1.01,1.0,0.011902000002010027,0.059510000010050135,2
compas,recidivism-risk audit,53,3,0.0,free_l2,nn_positive_train,200,1.0,1.0,0.0,3.357534259429176,4.09,0.285,0.016809799999464303,0.08404899999732152,3
compas,recidivism-risk audit,53,3,0.0,free_l2,leaf_centroid,200,1.0,1.0,0.0,6.1238079133869405,7.655,0.0,0.03303149999737798,0.1651574999868899,3
compas,recidivism-risk audit,53,3,0.0,free_l2,raw_leaf_projection,200,1.0,1.0,0.0,3.0258008693844056,1.87,1.0,0.012557100004414679,0.06278550002207339,3
compas,recidivism-risk audit,53,3,0.0,free_l2,clbr,200,1.0,1.0,0.0,3.0258008693844056,1.87,1.0,0.01169079999999667,0.05845399999998335,3
compas,recidivism-risk audit,53,3,0.0,free_l2,metric_leaf_projection,200,1.0,1.0,0.0,1.2960366760277515,1.03,1.0,0.011473400002614653,0.057367000013073266,3
compas,recidivism-risk audit,53,3,0.0,free_l2,metric_clbr,200,1.0,1.0,0.0,1.2960366760277515,1.03,1.0,0.011331100000461447,0.056655500002307235,3
compas,recidivism-risk audit,53,3,0.0,free_l2,exact_leaf,200,1.0,1.0,0.0,1.2960366760277515,1.03,1.0,0.03583500000422646,0.1791750000211323,3
compas,recidivism-risk audit,53,3,0.0,free_l2,exact_leaf_cached,200,1.0,1.0,0.0,1.2960366760277515,1.03,1.0,0.023835000007238705,0.11917500003619352,3
compas,recidivism-risk audit,53,3,0.0,free_l2,native_exact_k_sparse,200,1.0,1.0,0.0,1.2960366760277515,1.03,1.0,0.023548800002572534,0.11774400001286267,3
compas,recidivism-risk audit,53,3,0.0,free_l2,clbr_uncached,200,1.0,1.0,0.0,3.0258008693844056,1.87,1.0,0.012759699998241558,0.06379849999120779,3
compas,recidivism-risk audit,53,3,0.0,immutable_l2,nn_positive_train,200,1.0,1.0,0.0,2.24346430071528,1.94,1.0,0.015329099999689788,0.07664549999844894,3
compas,recidivism-risk audit,53,3,0.0,immutable_l2,leaf_centroid,200,1.0,1.0,0.0,5.42255438674852,2.66,1.0,0.030900499998097075,0.15450249999048538,3
compas,recidivism-risk audit,53,3,0.0,immutable_l2,raw_leaf_projection,200,1.0,1.0,0.0,3.0258008693844056,1.87,1.0,0.011429900002440263,0.057149500012201315,3
compas,recidivism-risk audit,53,3,0.0,immutable_l2,clbr,200,1.0,1.0,0.0,3.0258008693844056,1.87,1.0,0.011148699998557277,0.05574349999278638,3
compas,recidivism-risk audit,53,3,0.0,immutable_l2,metric_leaf_projection,200,1.0,1.0,0.0,1.2960366760277515,1.03,1.0,0.011095600001681305,0.055478000008406525,3
compas,recidivism-risk audit,53,3,0.0,immutable_l2,metric_clbr,200,1.0,1.0,0.0,1.2960366760277515,1.03,1.0,0.011102199989181827,0.055510999945909134,3
compas,recidivism-risk audit,53,3,0.0,immutable_l2,exact_leaf,200,1.0,1.0,0.0,1.2960366760277515,1.03,1.0,0.03457269999489654,0.1728634999744827,3
compas,recidivism-risk audit,53,3,0.0,immutable_l2,exact_leaf_cached,200,1.0,1.0,0.0,1.2960366760277515,1.03,1.0,0.02360920000319311,0.11804600001596555,3
compas,recidivism-risk audit,53,3,0.0,immutable_l2,native_exact_k_sparse,200,1.0,1.0,0.0,1.2960366760277515,1.03,1.0,0.02203329999701964,0.1101664999850982,3
compas,recidivism-risk audit,53,3,0.0,immutable_l2,clbr_uncached,200,1.0,1.0,0.0,3.0258008693844056,1.87,1.0,0.011857600009534508,0.05928800004767254,3
compas,recidivism-risk audit,53,3,0.0,immutable_top3_l1,nn_positive_train,200,1.0,1.0,0.0,2.572652077958058,1.94,1.0,0.016281500007607974,0.08140750003803987,3
compas,recidivism-risk audit,53,3,0.0,immutable_top3_l1,leaf_centroid,200,1.0,1.0,0.0,6.349594408787445,2.66,1.0,0.03244579999773123,0.16222899998865614,3
compas,recidivism-risk audit,53,3,0.0,immutable_top3_l1,raw_leaf_projection,200,1.0,1.0,0.0,3.6437131630549118,1.87,1.0,0.012076199996045034,0.06038099998022517,3
compas,recidivism-risk audit,53,3,0.0,immutable_top3_l1,clbr,200,1.0,1.0,0.0,3.6437131630549118,1.87,1.0,0.011635199993179413,0.05817599996589706,3
compas,recidivism-risk audit,53,3,0.0,immutable_top3_l1,metric_leaf_projection,200,1.0,1.0,0.0,1.3035267525429368,1.015,1.0,0.01147149999269459,0.05735749996347295,3
compas,recidivism-risk audit,53,3,0.0,immutable_top3_l1,metric_clbr,200,1.0,1.0,0.0,1.3035267525429368,1.015,1.0,0.011204800011910265,0.05602400005955133,3
compas,recidivism-risk audit,53,3,0.0,immutable_top3_l1,exact_leaf,200,1.0,1.0,0.0,1.3035267525429368,1.015,1.0,0.036152699990452675,0.18076349995226337,3
compas,recidivism-risk audit,53,3,0.0,immutable_top3_l1,exact_leaf_cached,200,1.0,1.0,0.0,1.3035267525429368,1.015,1.0,0.023672800003623706,0.11836400001811853,3
compas,recidivism-risk audit,53,3,0.0,immutable_top3_l1,native_exact_k_sparse,200,1.0,1.0,0.0,1.3035267525429368,1.015,1.0,0.02400930000385415,0.12004650001927075,3
compas,recidivism-risk audit,53,3,0.0,immutable_top3_l1,clbr_uncached,200,1.0,1.0,0.0,3.6437131630549118,1.87,1.0,0.013091399997392728,0.06545699998696364,3
compas,recidivism-risk audit,61,3,0.0,free_l2,nn_positive_train,200,1.0,1.0,0.0,2.687855358411046,3.925,0.315,0.01629380000213132,0.0814690000106566,2
compas,recidivism-risk audit,61,3,0.0,free_l2,leaf_centroid,200,1.0,1.0,0.0,3.1500595288882938,8.0,0.0,0.029246600003716594,0.14623300001858297,2
compas,recidivism-risk audit,61,3,0.0,free_l2,raw_leaf_projection,200,1.0,1.0,0.0,1.2666297294711666,1.0,1.0,0.013249900009213889,0.06624950004606944,2
compas,recidivism-risk audit,61,3,0.0,free_l2,clbr,200,1.0,1.0,0.0,1.2666297294711666,1.0,1.0,0.012208499998450861,0.06104249999225431,2
compas,recidivism-risk audit,61,3,0.0,free_l2,metric_leaf_projection,200,1.0,1.0,0.0,1.2666297294711666,1.0,1.0,0.012095100007172732,0.06047550003586366,2
compas,recidivism-risk audit,61,3,0.0,free_l2,metric_clbr,200,1.0,1.0,0.0,1.2666297294711666,1.0,1.0,0.012520000000222353,0.06260000000111177,2
compas,recidivism-risk audit,61,3,0.0,free_l2,exact_leaf,200,1.0,1.0,0.0,1.2666297294711666,1.0,1.0,0.02926829999887559,0.14634149999437795,2
compas,recidivism-risk audit,61,3,0.0,free_l2,exact_leaf_cached,200,1.0,1.0,0.0,1.2666297294711666,1.0,1.0,0.026288600005500484,0.13144300002750242,2
compas,recidivism-risk audit,61,3,0.0,free_l2,native_exact_k_sparse,200,1.0,1.0,0.0,1.2666297294711666,1.0,1.0,0.024263900002551964,0.12131950001275982,2
compas,recidivism-risk audit,61,3,0.0,free_l2,clbr_uncached,200,1.0,1.0,0.0,1.2666297294711666,1.0,1.0,0.011986900000010792,0.05993450000005396,2
compas,recidivism-risk audit,61,3,0.0,immutable_l2,nn_positive_train,200,1.0,1.0,0.0,1.457382405753135,1.89,1.0,0.01700399999936053,0.08501999999680265,2
compas,recidivism-risk audit,61,3,0.0,immutable_l2,leaf_centroid,200,1.0,1.0,0.0,2.071286570459531,3.0,1.0,0.02904889999445004,0.1452444999722502,2
compas,recidivism-risk audit,61,3,0.0,immutable_l2,raw_leaf_projection,200,1.0,1.0,0.0,1.2666297294711666,1.0,1.0,0.01255479999963427,0.06277399999817135,2
compas,recidivism-risk audit,61,3,0.0,immutable_l2,clbr,200,1.0,1.0,0.0,1.2666297294711666,1.0,1.0,0.01153279997924983,0.05766399989624915,2
compas,recidivism-risk audit,61,3,0.0,immutable_l2,metric_leaf_projection,200,1.0,1.0,0.0,1.2666297294711666,1.0,1.0,0.011830899997221422,0.05915449998610711,2
compas,recidivism-risk audit,61,3,0.0,immutable_l2,metric_clbr,200,1.0,1.0,0.0,1.2666297294711666,1.0,1.0,0.01167519999853539,0.05837599999267695,2
compas,recidivism-risk audit,61,3,0.0,immutable_l2,exact_leaf,200,1.0,1.0,0.0,1.2666297294711666,1.0,1.0,0.02818779999324761,0.14093899996623804,2
compas,recidivism-risk audit,61,3,0.0,immutable_l2,exact_leaf_cached,200,1.0,1.0,0.0,1.2666297294711666,1.0,1.0,0.02410359999521461,0.12051799997607304,2
compas,recidivism-risk audit,61,3,0.0,immutable_l2,native_exact_k_sparse,200,1.0,1.0,0.0,1.2666297294711666,1.0,1.0,0.02486840000256052,0.1243420000128026,2
compas,recidivism-risk audit,61,3,0.0,immutable_l2,clbr_uncached,200,1.0,1.0,0.0,1.2666297294711666,1.0,1.0,0.012007100001028448,0.06003550000514224,2
compas,recidivism-risk audit,61,3,0.0,immutable_top3_l1,nn_positive_train,200,1.0,1.0,0.0,1.6695812989893823,1.89,1.0,0.016716099994482647,0.08358049997241324,2
compas,recidivism-risk audit,61,3,0.0,immutable_top3_l1,leaf_centroid,200,1.0,1.0,0.0,2.457288589709587,3.0,1.0,0.029866799995943438,0.1493339999797172,2
compas,recidivism-risk audit,61,3,0.0,immutable_top3_l1,raw_leaf_projection,200,1.0,1.0,0.0,1.2666297294711666,1.0,1.0,0.0126313999926424,0.063156999963212,2
compas,recidivism-risk audit,61,3,0.0,immutable_top3_l1,clbr,200,1.0,1.0,0.0,1.2666297294711666,1.0,1.0,0.011659300001156225,0.05829650000578113,2
compas,recidivism-risk audit,61,3,0.0,immutable_top3_l1,metric_leaf_projection,200,1.0,1.0,0.0,1.2666297294711666,1.0,1.0,0.011392200004593178,0.05696100002296589,2
compas,recidivism-risk audit,61,3,0.0,immutable_top3_l1,metric_clbr,200,1.0,1.0,0.0,1.2666297294711666,1.0,1.0,0.011554299990166328,0.05777149995083164,2
compas,recidivism-risk audit,61,3,0.0,immutable_top3_l1,exact_leaf,200,1.0,1.0,0.0,1.2666297294711666,1.0,1.0,0.027462400006697862,0.1373120000334893,2
compas,recidivism-risk audit,61,3,0.0,immutable_top3_l1,exact_leaf_cached,200,1.0,1.0,0.0,1.2666297294711666,1.0,1.0,0.024346499989405856,0.12173249994702928,2
compas,recidivism-risk audit,61,3,0.0,immutable_top3_l1,native_exact_k_sparse,200,1.0,1.0,0.0,1.2666297294711666,1.0,1.0,0.024634400005197676,0.12317200002598838,2
compas,recidivism-risk audit,61,3,0.0,immutable_top3_l1,clbr_uncached,200,1.0,1.0,0.0,1.2666297294711666,1.0,1.0,0.012309500001720153,0.061547500008600764,2
compas,recidivism-risk audit,73,3,0.0,free_l2,nn_positive_train,200,1.0,1.0,0.0,2.5216177901706263,3.745,0.37,0.017671100002189633,0.08835550001094816,3
compas,recidivism-risk audit,73,3,0.0,free_l2,leaf_centroid,200,1.0,1.0,0.0,5.163292745510662,7.295,0.0,0.035892600001716346,0.17946300000858173,3
compas,recidivism-risk audit,73,3,0.0,free_l2,raw_leaf_projection,200,1.0,1.0,0.0,1.3579137351475632,1.035,1.0,0.013376200000493554,0.06688100000246777,3
compas,recidivism-risk audit,73,3,0.0,free_l2,clbr,200,1.0,1.0,0.0,1.3579137351475632,1.035,1.0,0.013557899998886569,0.06778949999443284,3
compas,recidivism-risk audit,73,3,0.0,free_l2,metric_leaf_projection,200,1.0,1.0,0.0,1.2832631859386603,1.01,1.0,0.012205399996673805,0.061026999983369024,3
compas,recidivism-risk audit,73,3,0.0,free_l2,metric_clbr,200,1.0,1.0,0.0,1.2832631859386603,1.01,1.0,0.012282899999263464,0.06141449999631732,3
compas,recidivism-risk audit,73,3,0.0,free_l2,exact_leaf,200,1.0,1.0,0.0,1.2832631859386603,1.01,1.0,0.036871200001769466,0.18435600000884733,3
compas,recidivism-risk audit,73,3,0.0,free_l2,exact_leaf_cached,200,1.0,1.0,0.0,1.2832631859386603,1.01,1.0,0.02506780000112485,0.12533900000562426,3
compas,recidivism-risk audit,73,3,0.0,free_l2,native_exact_k_sparse,200,1.0,1.0,0.0,1.2832631859386603,1.01,1.0,0.02424700000028679,0.12123500000143395,3
compas,recidivism-risk audit,73,3,0.0,free_l2,clbr_uncached,200,1.0,1.0,0.0,1.3579137351475632,1.035,1.0,0.013056399994638923,0.06528199997319462,3
compas,recidivism-risk audit,73,3,0.0,immutable_l2,nn_positive_train,200,1.0,1.0,0.0,1.42640009249358,1.83,1.0,0.016456200005450228,0.08228100002725114,3
compas,recidivism-risk audit,73,3,0.0,immutable_l2,leaf_centroid,200,1.0,1.0,0.0,4.512358518267158,2.73,1.0,0.03315189999557333,0.16575949997786665,3
compas,recidivism-risk audit,73,3,0.0,immutable_l2,raw_leaf_projection,200,1.0,1.0,0.0,1.3579137351475632,1.035,1.0,0.012192299998787348,0.06096149999393674,3
compas,recidivism-risk audit,73,3,0.0,immutable_l2,clbr,200,1.0,1.0,0.0,1.3579137351475632,1.035,1.0,0.011846600002172636,0.05923300001086318,3
compas,recidivism-risk audit,73,3,0.0,immutable_l2,metric_leaf_projection,200,1.0,1.0,0.0,1.2832631859386603,1.01,1.0,0.011754299999665818,0.05877149999832909,3
compas,recidivism-risk audit,73,3,0.0,immutable_l2,metric_clbr,200,1.0,1.0,0.0,1.2832631859386603,1.01,1.0,0.011683500007166003,0.05841750003583002,3
compas,recidivism-risk audit,73,3,0.0,immutable_l2,exact_leaf,200,1.0,1.0,0.0,1.2832631859386603,1.01,1.0,0.0361004999913348,0.180502499956674,3
compas,recidivism-risk audit,73,3,0.0,immutable_l2,exact_leaf_cached,200,1.0,1.0,0.0,1.2832631859386603,1.01,1.0,0.02464839999538526,0.12324199997692631,3
compas,recidivism-risk audit,73,3,0.0,immutable_l2,native_exact_k_sparse,200,1.0,1.0,0.0,1.2832631859386603,1.01,1.0,0.023577100001602957,0.11788550000801479,3
compas,recidivism-risk audit,73,3,0.0,immutable_l2,clbr_uncached,200,1.0,1.0,0.0,1.3579137351475632,1.035,1.0,0.013010100000428793,0.06505050000214396,3
compas,recidivism-risk audit,73,3,0.0,immutable_top3_l1,nn_positive_train,200,1.0,1.0,0.0,1.597698559287551,1.83,1.0,0.01677799999833951,0.08388999999169755,3
compas,recidivism-risk audit,73,3,0.0,immutable_top3_l1,leaf_centroid,200,1.0,1.0,0.0,5.285359936650477,2.73,1.0,0.032722999991165125,0.16361499995582562,3
compas,recidivism-risk audit,73,3,0.0,immutable_top3_l1,raw_leaf_projection,200,1.0,1.0,0.0,1.3731752699826663,1.035,1.0,0.012713299994175031,0.06356649997087516,3
compas,recidivism-risk audit,73,3,0.0,immutable_top3_l1,clbr,200,1.0,1.0,0.0,1.3731752699826663,1.035,1.0,0.01215720000618603,0.060786000030930154,3
compas,recidivism-risk audit,73,3,0.0,immutable_top3_l1,metric_leaf_projection,200,1.0,1.0,0.0,1.2852540927706395,1.01,1.0,0.011668999998619256,0.05834499999309628,3
compas,recidivism-risk audit,73,3,0.0,immutable_top3_l1,metric_clbr,200,1.0,1.0,0.0,1.2852540927706395,1.01,1.0,0.011902399991413404,0.05951199995706702,3
compas,recidivism-risk audit,73,3,0.0,immutable_top3_l1,exact_leaf,200,1.0,1.0,0.0,1.2852540927706395,1.01,1.0,0.03780800000004092,0.1890400000002046,3
compas,recidivism-risk audit,73,3,0.0,immutable_top3_l1,exact_leaf_cached,200,1.0,1.0,0.0,1.2852540927706395,1.01,1.0,0.024009699997805,0.120048499989025,3
compas,recidivism-risk audit,73,3,0.0,immutable_top3_l1,native_exact_k_sparse,200,1.0,1.0,0.0,1.2852540927706395,1.01,1.0,0.024271899998893787,0.12135949999446893,3
compas,recidivism-risk audit,73,3,0.0,immutable_top3_l1,clbr_uncached,200,1.0,1.0,0.0,1.3731752699826663,1.035,1.0,0.013657800009241328,0.06828900004620664,3
compas,recidivism-risk audit,89,3,0.0,free_l2,nn_positive_train,200,1.0,1.0,0.0,2.2559660328653295,4.405,0.155,0.01637279999886232,0.0818639999943116,2
compas,recidivism-risk audit,89,3,0.0,free_l2,leaf_centroid,200,1.0,1.0,0.0,2.6098481558228617,5.195,0.0,0.02908829999341833,0.14544149996709166,2
compas,recidivism-risk audit,89,3,0.0,free_l2,raw_leaf_projection,200,1.0,1.0,0.0,1.2054190130644808,1.005,1.0,0.012579099998220045,0.06289549999110022,2
compas,recidivism-risk audit,89,3,0.0,free_l2,clbr,200,1.0,1.0,0.0,1.2054190130644808,1.005,1.0,0.011252500003138266,0.05626250001569133,2
compas,recidivism-risk audit,89,3,0.0,free_l2,metric_leaf_projection,200,1.0,1.0,0.0,1.2054190130644808,1.005,1.0,0.011710699999639473,0.05855349999819737,2
compas,recidivism-risk audit,89,3,0.0,free_l2,metric_clbr,200,1.0,1.0,0.0,1.2054190130644808,1.005,1.0,0.011781199994402414,0.05890599997201207,2
compas,recidivism-risk audit,89,3,0.0,free_l2,exact_leaf,200,1.0,1.0,0.0,1.2054190130644808,1.005,1.0,0.027739700004531187,0.13869850002265594,2
compas,recidivism-risk audit,89,3,0.0,free_l2,exact_leaf_cached,200,1.0,1.0,0.0,1.2054190130644808,1.005,1.0,0.023895499996797298,0.11947749998398649,2
compas,recidivism-risk audit,89,3,0.0,free_l2,native_exact_k_sparse,200,1.0,1.0,0.0,1.2054190130644808,1.005,1.0,0.023305000002437737,0.11652500001218868,2
compas,recidivism-risk audit,89,3,0.0,free_l2,clbr_uncached,200,1.0,1.0,0.0,1.2054190130644808,1.005,1.0,0.011533799990502303,0.05766899995251151,2
compas,recidivism-risk audit,89,3,0.0,immutable_l2,nn_positive_train,200,1.0,1.0,0.0,1.390977165571234,2.35,1.0,0.01773790000606823,0.08868950003034115,2
compas,recidivism-risk audit,89,3,0.0,immutable_l2,leaf_centroid,200,1.0,1.0,0.0,1.7996600737679365,3.0,1.0,0.029757600000266393,0.14878800000133197,2
compas,recidivism-risk audit,89,3,0.0,immutable_l2,raw_leaf_projection,200,1.0,1.0,0.0,1.2054190130644808,1.005,1.0,0.013631799995891924,0.06815899997945962,2
compas,recidivism-risk audit,89,3,0.0,immutable_l2,clbr,200,1.0,1.0,0.0,1.2054190130644808,1.005,1.0,0.012276200009182503,0.061381000045912515,2
compas,recidivism-risk audit,89,3,0.0,immutable_l2,metric_leaf_projection,200,1.0,1.0,0.0,1.2054190130644808,1.005,1.0,0.012950600003932777,0.06475300001966389,2
compas,recidivism-risk audit,89,3,0.0,immutable_l2,metric_clbr,200,1.0,1.0,0.0,1.2054190130644808,1.005,1.0,0.01207609999619308,0.060380499980965396,2
compas,recidivism-risk audit,89,3,0.0,immutable_l2,exact_leaf,200,1.0,1.0,0.0,1.2054190130644808,1.005,1.0,0.02972839999529242,0.1486419999764621,2
compas,recidivism-risk audit,89,3,0.0,immutable_l2,exact_leaf_cached,200,1.0,1.0,0.0,1.2054190130644808,1.005,1.0,0.026512000006732706,0.13256000003366353,2
compas,recidivism-risk audit,89,3,0.0,immutable_l2,native_exact_k_sparse,200,1.0,1.0,0.0,1.2054190130644808,1.005,1.0,0.02582240001356695,0.12911200006783474,2
compas,recidivism-risk audit,89,3,0.0,immutable_l2,clbr_uncached,200,1.0,1.0,0.0,1.2054190130644808,1.005,1.0,0.01271839999662916,0.0635919999831458,2
compas,recidivism-risk audit,89,3,0.0,immutable_top3_l1,nn_positive_train,200,1.0,1.0,0.0,1.6022476891395998,2.35,1.0,0.01641269999799988,0.0820634999899994,2
compas,recidivism-risk audit,89,3,0.0,immutable_top3_l1,leaf_centroid,200,1.0,1.0,0.0,2.477011340118865,3.0,1.0,0.029563299995970738,0.1478164999798537,2
compas,recidivism-risk audit,89,3,0.0,immutable_top3_l1,raw_leaf_projection,200,1.0,1.0,0.0,1.2054751116772504,1.005,1.0,0.01224480000018957,0.061224000000947854,2
compas,recidivism-risk audit,89,3,0.0,immutable_top3_l1,clbr,200,1.0,1.0,0.0,1.2054751116772504,1.005,1.0,0.011531399994055391,0.057656999970276956,2
compas,recidivism-risk audit,89,3,0.0,immutable_top3_l1,metric_leaf_projection,200,1.0,1.0,0.0,1.2054751116772504,1.005,1.0,0.011173400002007838,0.05586700001003919,2
compas,recidivism-risk audit,89,3,0.0,immutable_top3_l1,metric_clbr,200,1.0,1.0,0.0,1.2054751116772504,1.005,1.0,0.011063200005992258,0.05531600002996129,2
compas,recidivism-risk audit,89,3,0.0,immutable_top3_l1,exact_leaf,200,1.0,1.0,0.0,1.2054751116772504,1.005,1.0,0.02862749999803782,0.1431374999901891,2
compas,recidivism-risk audit,89,3,0.0,immutable_top3_l1,exact_leaf_cached,200,1.0,1.0,0.0,1.2054751116772504,1.005,1.0,0.025237200010451488,0.12618600005225744,2
compas,recidivism-risk audit,89,3,0.0,immutable_top3_l1,native_exact_k_sparse,200,1.0,1.0,0.0,1.2054751116772504,1.005,1.0,0.025412600005438435,0.12706300002719217,2
compas,recidivism-risk audit,89,3,0.0,immutable_top3_l1,clbr_uncached,200,1.0,1.0,0.0,1.2054751116772504,1.005,1.0,0.012625800000023446,0.06312900000011723,2
synthetic_overlap,synthetic stress test,7,3,0.0,free_l2,nn_positive_train,173,1.0,1.0,0.0,3.3152988125346377,16.0,0.0,0.010637700002007477,0.06148959538732646,4
synthetic_overlap,synthetic stress test,7,3,0.0,free_l2,leaf_centroid,173,1.0,1.0,0.0,4.142865656182495,16.0,0.0,0.019584700003179023,0.11320635839987875,4
synthetic_overlap,synthetic stress test,7,3,0.0,free_l2,raw_leaf_projection,173,1.0,1.0,0.0,0.6429893307994738,1.138728323699422,1.0,0.009479500003180874,0.05479479770624783,4
synthetic_overlap,synthetic stress test,7,3,0.0,free_l2,clbr,173,1.0,1.0,0.0,0.6429893307994738,1.138728323699422,1.0,0.009155299997473776,0.05292080923395246,4
synthetic_overlap,synthetic stress test,7,3,0.0,free_l2,metric_leaf_projection,173,1.0,1.0,0.0,0.6395365987457945,1.1618497109826589,1.0,0.009253899997929693,0.05349075143311961,4
synthetic_overlap,synthetic stress test,7,3,0.0,free_l2,metric_clbr,173,1.0,1.0,0.0,0.6395365987457945,1.1618497109826589,1.0,0.009124299999712093,0.052741618495445626,4
synthetic_overlap,synthetic stress test,7,3,0.0,free_l2,exact_leaf,173,1.0,1.0,0.0,0.6395365987457945,1.1618497109826589,1.0,0.0353529999993043,0.20435260115204798,4
synthetic_overlap,synthetic stress test,7,3,0.0,free_l2,exact_leaf_cached,173,1.0,1.0,0.0,0.6395365987457945,1.1618497109826589,1.0,0.01901720000023488,0.10992601156205133,4
synthetic_overlap,synthetic stress test,7,3,0.0,free_l2,native_exact_k_sparse,173,1.0,1.0,0.0,0.6395365987457945,1.1618497109826589,1.0,0.018667900001673843,0.10790693642586037,4
synthetic_overlap,synthetic stress test,7,3,0.0,free_l2,clbr_uncached,173,1.0,1.0,0.0,0.6429893307994738,1.138728323699422,1.0,0.010222899999462243,0.05909190751134245,4
synthetic_overlap,synthetic stress test,7,3,0.0,immutable_l2,nn_positive_train,173,0.6647398843930635,0.6647398843930635,0.0,2.9767931582680056,12.0,0.0,0.010633700009748281,0.06146647404478776,4
synthetic_overlap,synthetic stress test,7,3,0.0,immutable_l2,leaf_centroid,173,0.7225433526011561,0.7225433526011561,0.0,3.6181182167564487,12.0,0.0,0.02043009999761125,0.11809306357000723,4
synthetic_overlap,synthetic stress test,7,3,0.0,immutable_l2,raw_leaf_projection,173,0.5722543352601156,0.5722543352601156,0.0,0.5879153140217388,1.1515151515151516,1.0,0.009879300005195546,0.05710578037685287,4
synthetic_overlap,synthetic stress test,7,3,0.0,immutable_l2,clbr,173,0.7687861271676301,0.5722543352601156,0.19653179190751446,1.0846416957138523,3.924812030075188,0.7443609022556391,0.02723950000017794,0.1574537572264621,4
synthetic_overlap,synthetic stress test,7,3,0.0,immutable_l2,metric_leaf_projection,173,0.6127167630057804,0.6127167630057804,0.0,0.6297952923957565,1.179245283018868,1.0,0.009883600003377069,0.05713063585767092,4
synthetic_overlap,synthetic stress test,7,3,0.0,immutable_l2,metric_clbr,173,0.7861271676300579,0.6127167630057804,0.17341040462427745,1.0478134100238463,3.5661764705882355,0.7794117647058824,0.025313200000709912,0.1463190751486122,4
synthetic_overlap,synthetic stress test,7,3,0.0,immutable_l2,exact_leaf,173,1.0,1.0,0.0,0.8911714476578919,1.2023121387283238,1.0,0.03679520000514458,0.21268901737077792,4
synthetic_overlap,synthetic stress test,7,3,0.0,immutable_l2,exact_leaf_cached,173,1.0,1.0,0.0,0.8911714476578919,1.2023121387283238,1.0,0.020815200001379708,0.12031907515248386,4
synthetic_overlap,synthetic stress test,7,3,0.0,immutable_l2,native_exact_k_sparse,173,1.0,1.0,0.0,0.8911714476578919,1.2023121387283238,1.0,0.019966100004239706,0.11541098268346651,4
synthetic_overlap,synthetic stress test,7,3,0.0,immutable_l2,clbr_uncached,173,0.7687861271676301,0.5722543352601156,0.19653179190751446,1.0846416957138523,3.924812030075188,0.7443609022556391,0.02918729999782954,0.16871271675045976,4
synthetic_overlap,synthetic stress test,7,3,0.0,immutable_top3_l1,nn_positive_train,173,0.4393063583815029,0.4393063583815029,0.0,3.9234887337973667,3.0,1.0,0.010840899994946085,0.0626641618204976,4
synthetic_overlap,synthetic stress test,7,3,0.0,immutable_top3_l1,leaf_centroid,173,0.3930635838150289,0.3930635838150289,0.0,3.7124994238739886,3.0,1.0,0.021525399994061445,0.12442427742232048,4
synthetic_overlap,synthetic stress test,7,3,0.0,immutable_top3_l1,raw_leaf_projection,173,0.2774566473988439,0.2774566473988439,0.0,0.7590885918088087,1.0208333333333333,1.0,0.010925799994765839,0.06315491326454242,4
synthetic_overlap,synthetic stress test,7,3,0.0,immutable_top3_l1,clbr,173,0.44508670520231214,0.2774566473988439,0.1676300578034682,1.791026977022966,1.7662337662337662,1.0,0.029127199997674325,0.16836531790563194,4
synthetic_overlap,synthetic stress test,7,3,0.0,immutable_top3_l1,metric_leaf_projection,173,0.2947976878612717,0.2947976878612717,0.0,0.7813222280368639,1.0196078431372548,1.0,0.009462399999392801,0.05469595375371561,4
synthetic_overlap,synthetic stress test,7,3,0.0,immutable_top3_l1,metric_clbr,173,0.44508670520231214,0.2947976878612717,0.15028901734104047,1.706651255954762,1.6883116883116882,1.0,0.02720589999717049,0.15725953755589878,4
synthetic_overlap,synthetic stress test,7,3,0.0,immutable_top3_l1,exact_leaf,173,0.5260115606936416,0.5260115606936416,0.0,1.0596836714516236,1.065934065934066,1.0,0.032467899990479054,0.18767572248831824,4
synthetic_overlap,synthetic stress test,7,3,0.0,immutable_top3_l1,exact_leaf_cached,173,0.5260115606936416,0.5260115606936416,0.0,1.0596836714516236,1.065934065934066,1.0,0.01610360000449873,0.09308439308958803,4
synthetic_overlap,synthetic stress test,7,3,0.0,immutable_top3_l1,native_exact_k_sparse,173,1.0,1.0,0.0,0.9525400276574618,1.2023121387283238,1.0,0.021219100000053004,0.1226537572257399,4
synthetic_overlap,synthetic stress test,7,3,0.0,immutable_top3_l1,clbr_uncached,173,0.44508670520231214,0.2774566473988439,0.1676300578034682,1.791026977022966,1.7662337662337662,1.0,0.032948500001111825,0.19045375723186025,4
synthetic_overlap,synthetic stress test,13,3,0.0,free_l2,nn_positive_train,200,1.0,1.0,0.0,3.1012419141287677,16.0,0.0,0.013001200008147862,0.06500600004073931,4
synthetic_overlap,synthetic stress test,13,3,0.0,free_l2,leaf_centroid,200,1.0,1.0,0.0,3.793185760226564,16.0,0.0,0.026227899998957582,0.1311394999947879,4
synthetic_overlap,synthetic stress test,13,3,0.0,free_l2,raw_leaf_projection,200,1.0,1.0,0.0,0.4985801129688469,1.19,1.0,0.012217399986184319,0.06108699993092159,4
synthetic_overlap,synthetic stress test,13,3,0.0,free_l2,clbr,200,1.0,1.0,0.0,0.4985801129688469,1.19,1.0,0.011926900006073993,0.059634500030369963,4
synthetic_overlap,synthetic stress test,13,3,0.0,free_l2,metric_leaf_projection,200,1.0,1.0,0.0,0.49777453814518535,1.19,1.0,0.012041199992381735,0.060205999961908674,4
synthetic_overlap,synthetic stress test,13,3,0.0,free_l2,metric_clbr,200,1.0,1.0,0.0,0.49777453814518535,1.19,1.0,0.011577900001611852,0.05788950000805926,4
synthetic_overlap,synthetic stress test,13,3,0.0,free_l2,exact_leaf,200,1.0,1.0,0.0,0.49777453814518535,1.19,1.0,0.044963700002881524,0.22481850001440762,4
synthetic_overlap,synthetic stress test,13,3,0.0,free_l2,exact_leaf_cached,200,1.0,1.0,0.0,0.49777453814518535,1.19,1.0,0.024972899997010245,0.12486449998505122,4
synthetic_overlap,synthetic stress test,13,3,0.0,free_l2,native_exact_k_sparse,200,1.0,1.0,0.0,0.49777453814518535,1.19,1.0,0.02424939999491471,0.12124699997457355,4
synthetic_overlap,synthetic stress test,13,3,0.0,free_l2,clbr_uncached,200,1.0,1.0,0.0,0.4985801129688469,1.19,1.0,0.013592699998298485,0.06796349999149243,4
synthetic_overlap,synthetic stress test,13,3,0.0,immutable_l2,nn_positive_train,200,0.745,0.745,0.0,2.8296134796770342,12.0,0.0,0.013213299999733863,0.06606649999866931,4
synthetic_overlap,synthetic stress test,13,3,0.0,immutable_l2,leaf_centroid,200,0.765,0.765,0.0,3.4145562680911468,12.0,0.0,0.026373100003183936,0.13186550001591968,4
synthetic_overlap,synthetic stress test,13,3,0.0,immutable_l2,raw_leaf_projection,200,0.635,0.635,0.0,0.4715230699456519,1.1653543307086613,1.0,0.013092699987282685,0.06546349993641343,4
synthetic_overlap,synthetic stress test,13,3,0.0,immutable_l2,clbr,200,0.815,0.635,0.18,0.9377335173904219,3.558282208588957,0.7791411042944786,0.03233450000243465,0.16167250001217326,4
synthetic_overlap,synthetic stress test,13,3,0.0,immutable_l2,metric_leaf_projection,200,0.63,0.63,0.0,0.4678707464948845,1.1587301587301588,1.0,0.012194799995086214,0.06097399997543107,4
synthetic_overlap,synthetic stress test,13,3,0.0,immutable_l2,metric_clbr,200,0.815,0.63,0.185,0.9305894465932919,3.6196319018404908,0.7730061349693251,0.032315299992660584,0.16157649996330292,4
synthetic_overlap,synthetic stress test,13,3,0.0,immutable_l2,exact_leaf,200,1.0,1.0,0.0,0.6763687850289253,1.19,1.0,0.04443880000417266,0.2221940000208633,4
synthetic_overlap,synthetic stress test,13,3,0.0,immutable_l2,exact_leaf_cached,200,1.0,1.0,0.0,0.6763687850289253,1.19,1.0,0.02756950000184588,0.1378475000092294,4
synthetic_overlap,synthetic stress test,13,3,0.0,immutable_l2,native_exact_k_sparse,200,1.0,1.0,0.0,0.6763687850289253,1.19,1.0,0.024852800008375198,0.12426400004187599,4
synthetic_overlap,synthetic stress test,13,3,0.0,immutable_l2,clbr_uncached,200,0.815,0.635,0.18,0.9377335173904219,3.558282208588957,0.7791411042944786,0.032673499993506994,0.16336749996753497,4
synthetic_overlap,synthetic stress test,13,3,0.0,immutable_top3_l1,nn_positive_train,200,0.37,0.37,0.0,3.7048016986556926,3.0,1.0,0.012108400000215624,0.06054200000107812,4
synthetic_overlap,synthetic stress test,13,3,0.0,immutable_top3_l1,leaf_centroid,200,0.305,0.305,0.0,3.49978102985055,3.0,1.0,0.023181599993222335,0.11590799996611167,4
synthetic_overlap,synthetic stress test,13,3,0.0,immutable_top3_l1,raw_leaf_projection,200,0.205,0.205,0.0,0.5366391690803464,1.024390243902439,1.0,0.011270799997873837,0.056353999989369186,4
synthetic_overlap,synthetic stress test,13,3,0.0,immutable_top3_l1,clbr,200,0.39,0.205,0.185,1.749093040515351,1.9615384615384615,1.0,0.03489709999485058,0.1744854999742529,4
synthetic_overlap,synthetic stress test,13,3,0.0,immutable_top3_l1,metric_leaf_projection,200,0.22,0.22,0.0,0.5585996680974564,1.0227272727272727,1.0,0.010486799996215268,0.05243399998107634,4
synthetic_overlap,synthetic stress test,13,3,0.0,immutable_top3_l1,metric_clbr,200,0.39,0.22,0.17,1.6919045697591686,1.8846153846153846,1.0,0.03412530000332481,0.17062650001662405,4
synthetic_overlap,synthetic stress test,13,3,0.0,immutable_top3_l1,exact_leaf,200,0.5,0.5,0.0,1.062804512615365,1.04,1.0,0.03577000000041153,0.17885000000205764,4
synthetic_overlap,synthetic stress test,13,3,0.0,immutable_top3_l1,exact_leaf_cached,200,0.5,0.5,0.0,1.062804512615365,1.04,1.0,0.01728649999586196,0.0864324999793098,4
synthetic_overlap,synthetic stress test,13,3,0.0,immutable_top3_l1,native_exact_k_sparse,200,1.0,1.0,0.0,0.7205728739005042,1.18,1.0,0.023740100004033593,0.11870050002016796,4
synthetic_overlap,synthetic stress test,13,3,0.0,immutable_top3_l1,clbr_uncached,200,0.39,0.205,0.185,1.749093040515351,1.9615384615384615,1.0,0.03752009999971051,0.18760049999855255,4
synthetic_overlap,synthetic stress test,19,3,0.0,free_l2,nn_positive_train,168,1.0,1.0,0.0,3.103099786495894,16.0,0.0,0.011396499994589249,0.06783630949160267,3
synthetic_overlap,synthetic stress test,19,3,0.0,free_l2,leaf_centroid,168,1.0,1.0,0.0,4.1753316310501365,16.0,0.0,0.01952259999961825,0.11620595237868006,3
synthetic_overlap,synthetic stress test,19,3,0.0,free_l2,raw_leaf_projection,168,1.0,1.0,0.0,0.6574251257751629,1.3392857142857142,1.0,0.010248199997477059,0.06100119046117297,3
synthetic_overlap,synthetic stress test,19,3,0.0,free_l2,clbr,168,1.0,1.0,0.0,0.6574251257751629,1.3392857142857142,1.0,0.009607399997548782,0.05718690474731418,3
synthetic_overlap,synthetic stress test,19,3,0.0,free_l2,metric_leaf_projection,168,1.0,1.0,0.0,0.6306253638957822,1.4464285714285714,1.0,0.010744999996859406,0.06395833331463932,3
synthetic_overlap,synthetic stress test,19,3,0.0,free_l2,metric_clbr,168,1.0,1.0,0.0,0.6306253638957822,1.4464285714285714,1.0,0.009873199999674398,0.058769047617109514,3
synthetic_overlap,synthetic stress test,19,3,0.0,free_l2,exact_leaf,168,1.0,1.0,0.0,0.6306253638957822,1.4464285714285714,1.0,0.031397800000377174,0.18689166666891174,3
synthetic_overlap,synthetic stress test,19,3,0.0,free_l2,exact_leaf_cached,168,1.0,1.0,0.0,0.6306253638957822,1.4464285714285714,1.0,0.020411800007423153,0.12149880956799496,3
synthetic_overlap,synthetic stress test,19,3,0.0,free_l2,native_exact_k_sparse,168,1.0,1.0,0.0,0.6306253638957822,1.4464285714285714,1.0,0.01994330000525224,0.11871011907888238,3
synthetic_overlap,synthetic stress test,19,3,0.0,free_l2,clbr_uncached,168,1.0,1.0,0.0,0.6574251257751629,1.3392857142857142,1.0,0.010729999996328843,0.0638690475971955,3
synthetic_overlap,synthetic stress test,19,3,0.0,immutable_l2,nn_positive_train,168,1.0,1.0,0.0,2.6425038516592974,12.0,0.0,0.011501099997985875,0.06845892855943973,3
synthetic_overlap,synthetic stress test,19,3,0.0,immutable_l2,leaf_centroid,168,1.0,1.0,0.0,3.6461140106458974,12.0,0.0,0.01910689999567694,0.11373154759331512,3
synthetic_overlap,synthetic stress test,19,3,0.0,immutable_l2,raw_leaf_projection,168,1.0,1.0,0.0,0.6574251257751629,1.3392857142857142,1.0,0.01035909999973228,0.06166130952221595,3
synthetic_overlap,synthetic stress test,19,3,0.0,immutable_l2,clbr,168,1.0,1.0,0.0,0.6574251257751629,1.3392857142857142,1.0,0.009545199994136055,0.056816666631762235,3
synthetic_overlap,synthetic stress test,19,3,0.0,immutable_l2,metric_leaf_projection,168,1.0,1.0,0.0,0.6306253638957822,1.4464285714285714,1.0,0.01016690001324605,0.06051726198360744,3
synthetic_overlap,synthetic stress test,19,3,0.0,immutable_l2,metric_clbr,168,1.0,1.0,0.0,0.6306253638957822,1.4464285714285714,1.0,0.009925100000145903,0.05907797619134466,3
synthetic_overlap,synthetic stress test,19,3,0.0,immutable_l2,exact_leaf,168,1.0,1.0,0.0,0.6306253638957822,1.4464285714285714,1.0,0.031673200001932855,0.18853095239245748,3
synthetic_overlap,synthetic stress test,19,3,0.0,immutable_l2,exact_leaf_cached,168,1.0,1.0,0.0,0.6306253638957822,1.4464285714285714,1.0,0.02045779998661601,0.12177261896795244,3
synthetic_overlap,synthetic stress test,19,3,0.0,immutable_l2,native_exact_k_sparse,168,1.0,1.0,0.0,0.6306253638957822,1.4464285714285714,1.0,0.019675199991979753,0.11711428566654615,3
synthetic_overlap,synthetic stress test,19,3,0.0,immutable_l2,clbr_uncached,168,1.0,1.0,0.0,0.6574251257751629,1.3392857142857142,1.0,0.010656499993274338,0.06343154757901391,3
synthetic_overlap,synthetic stress test,19,3,0.0,immutable_top3_l1,nn_positive_train,168,0.5714285714285714,0.5714285714285714,0.0,3.2805398796501613,3.0,1.0,0.010973900000863068,0.06532083333847065,3
synthetic_overlap,synthetic stress test,19,3,0.0,immutable_top3_l1,leaf_centroid,168,0.5297619047619048,0.5297619047619048,0.0,3.647352187739287,3.0,1.0,0.018877399998928013,0.11236547618409531,3
synthetic_overlap,synthetic stress test,19,3,0.0,immutable_top3_l1,raw_leaf_projection,168,0.375,0.375,0.0,0.7940672619493659,1.1111111111111112,1.0,0.009705300012683438,0.05776964293263951,3
synthetic_overlap,synthetic stress test,19,3,0.0,immutable_top3_l1,clbr,168,0.5833333333333334,0.375,0.20833333333333334,1.3678834652763572,1.7857142857142858,1.0,0.028829400003814953,0.1716035714512795,3
synthetic_overlap,synthetic stress test,19,3,0.0,immutable_top3_l1,metric_leaf_projection,168,0.3869047619047619,0.3869047619047619,0.0,0.82167913735004,1.0769230769230769,1.0,0.00896060000104626,0.0533369047681325,3
synthetic_overlap,synthetic stress test,19,3,0.0,immutable_top3_l1,metric_clbr,168,0.5833333333333334,0.3869047619047619,0.19642857142857142,1.2894511955687444,1.7244897959183674,1.0,0.029712399998970795,0.1768595238033976,3
synthetic_overlap,synthetic stress test,19,3,0.0,immutable_top3_l1,exact_leaf,168,0.6904761904761905,0.6904761904761905,0.0,1.0102980414315126,1.1379310344827587,1.0,0.026282699997864256,0.1564446428444301,3
synthetic_overlap,synthetic stress test,19,3,0.0,immutable_top3_l1,exact_leaf_cached,168,0.6904761904761905,0.6904761904761905,0.0,1.0102980414315126,1.1379310344827587,1.0,0.016516500003490364,0.09831250002077598,3
synthetic_overlap,synthetic stress test,19,3,0.0,immutable_top3_l1,native_exact_k_sparse,168,1.0,1.0,0.0,0.7293411811525697,1.3273809523809523,1.0,0.02030220000051486,0.12084642857449321,3
synthetic_overlap,synthetic stress test,19,3,0.0,immutable_top3_l1,clbr_uncached,168,0.5833333333333334,0.375,0.20833333333333334,1.3678834652763572,1.7857142857142858,1.0,0.030882099993505108,0.18382202377086374,3
synthetic_overlap,synthetic stress test,29,3,0.0,free_l2,nn_positive_train,168,1.0,1.0,0.0,3.0734557705808294,16.0,0.0,0.010697800003981683,0.06367738097608144,4
synthetic_overlap,synthetic stress test,29,3,0.0,free_l2,leaf_centroid,168,1.0,1.0,0.0,3.9546725697566507,16.0,0.0,0.02021639999566105,0.1203357142598872,4
synthetic_overlap,synthetic stress test,29,3,0.0,free_l2,raw_leaf_projection,168,1.0,1.0,0.0,0.4951316643489293,1.1845238095238095,1.0,0.009819699994295661,0.05845059520414084,4
synthetic_overlap,synthetic stress test,29,3,0.0,free_l2,clbr,168,1.0,1.0,0.0,0.4951316643489293,1.1845238095238095,1.0,0.009401799998158822,0.05596309522713584,4
synthetic_overlap,synthetic stress test,29,3,0.0,free_l2,metric_leaf_projection,168,1.0,1.0,0.0,0.4947207949442047,1.1785714285714286,1.0,0.00961590000315482,0.05723750001877869,4
synthetic_overlap,synthetic stress test,29,3,0.0,free_l2,metric_clbr,168,1.0,1.0,0.0,0.4947207949442047,1.1785714285714286,1.0,0.00949429999673157,0.05651369045673554,4
synthetic_overlap,synthetic stress test,29,3,0.0,free_l2,exact_leaf,168,1.0,1.0,0.0,0.4947207949442047,1.1785714285714286,1.0,0.037824500004717265,0.2251458333614123,4
synthetic_overlap,synthetic stress test,29,3,0.0,free_l2,exact_leaf_cached,168,1.0,1.0,0.0,0.4947207949442047,1.1785714285714286,1.0,0.01949039999544766,0.11601428568718845,4
synthetic_overlap,synthetic stress test,29,3,0.0,free_l2,native_exact_k_sparse,168,1.0,1.0,0.0,0.4947207949442047,1.1785714285714286,1.0,0.01916259999597969,0.11406309521416483,4
synthetic_overlap,synthetic stress test,29,3,0.0,free_l2,clbr_uncached,168,1.0,1.0,0.0,0.4951316643489293,1.1845238095238095,1.0,0.01061420000041835,0.06317976190725208,4
synthetic_overlap,synthetic stress test,29,3,0.0,immutable_l2,nn_positive_train,168,0.34523809523809523,0.34523809523809523,0.0,2.7659566982122734,12.0,0.0,0.011305899999570101,0.0672970238069649,4
synthetic_overlap,synthetic stress test,29,3,0.0,immutable_l2,leaf_centroid,168,0.4642857142857143,0.4642857142857143,0.0,3.454217045680291,12.0,0.0,0.022052300006180303,0.13126369051297798,4
synthetic_overlap,synthetic stress test,29,3,0.0,immutable_l2,raw_leaf_projection,168,0.32142857142857145,0.32142857142857145,0.0,0.5546296710002245,1.1111111111111112,1.0,0.010046100002000458,0.05979821429762177,4
synthetic_overlap,synthetic stress test,29,3,0.0,immutable_l2,clbr,168,0.4523809523809524,0.32142857142857145,0.13095238095238096,0.9228929944977279,4.2631578947368425,0.7105263157894737,0.026665500008675735,0.15872321433735556,4
synthetic_overlap,synthetic stress test,29,3,0.0,immutable_l2,metric_leaf_projection,168,0.30952380952380953,0.30952380952380953,0.0,0.5429832956925156,1.1153846153846154,1.0,0.010274600004777312,0.061158333361769714,4
synthetic_overlap,synthetic stress test,29,3,0.0,immutable_l2,metric_clbr,168,0.44047619047619047,0.30952380952380953,0.13095238095238096,0.9246621178895407,4.351351351351352,0.7027027027027027,0.026760700005979743,0.15928988098797467,4
synthetic_overlap,synthetic stress test,29,3,0.0,immutable_l2,exact_leaf,168,1.0,1.0,0.0,1.162035646533504,1.1666666666666667,1.0,0.03529290001006302,0.21007678577418465,4
synthetic_overlap,synthetic stress test,29,3,0.0,immutable_l2,exact_leaf_cached,168,1.0,1.0,0.0,1.162035646533504,1.1666666666666667,1.0,0.021303800001078343,0.12680833333975206,4
synthetic_overlap,synthetic stress test,29,3,0.0,immutable_l2,native_exact_k_sparse,168,1.0,1.0,0.0,1.162035646533504,1.1666666666666667,1.0,0.020827499998631538,0.12397321427756867,4
synthetic_overlap,synthetic stress test,29,3,0.0,immutable_l2,clbr_uncached,168,0.4523809523809524,0.32142857142857145,0.13095238095238096,0.9228929944977279,4.2631578947368425,0.7105263157894737,0.028102600002057443,0.16727738096462763,4
synthetic_overlap,synthetic stress test,29,3,0.0,immutable_top3_l1,nn_positive_train,168,0.17857142857142858,0.17857142857142858,0.0,3.6227890129333415,3.0,1.0,0.010920099998656951,0.0650005952301009,4
synthetic_overlap,synthetic stress test,29,3,0.0,immutable_top3_l1,leaf_centroid,168,0.19642857142857142,0.19642857142857142,0.0,3.5323553936288703,3.0,1.0,0.02164190000257804,0.1288208333486788,4
synthetic_overlap,synthetic stress test,29,3,0.0,immutable_top3_l1,raw_leaf_projection,168,0.1130952380952381,0.1130952380952381,0.0,0.7362570915135105,1.0,1.0,0.009870000001683366,0.05875000001002003,4
synthetic_overlap,synthetic stress test,29,3,0.0,immutable_top3_l1,clbr,168,0.19047619047619047,0.1130952380952381,0.07738095238095238,1.3482249418292112,1.8125,1.0,0.026515099995776836,0.1578279761653383,4
synthetic_overlap,synthetic stress test,29,3,0.0,immutable_top3_l1,metric_leaf_projection,168,0.1130952380952381,0.1130952380952381,0.0,0.7090309719007454,1.0,1.0,0.009513399999377725,0.056627380948676934,4
synthetic_overlap,synthetic stress test,29,3,0.0,immutable_top3_l1,metric_clbr,168,0.18452380952380953,0.1130952380952381,0.07142857142857142,1.3100143756716403,1.7741935483870968,1.0,0.025903300001118623,0.154186309530468,4
synthetic_overlap,synthetic stress test,29,3,0.0,immutable_top3_l1,exact_leaf,168,0.30357142857142855,0.30357142857142855,0.0,1.182540906700771,1.0,1.0,0.03100849999646016,0.18457440474083428,4
synthetic_overlap,synthetic stress test,29,3,0.0,immutable_top3_l1,exact_leaf_cached,168,0.30357142857142855,0.30357142857142855,0.0,1.182540906700771,1.0,1.0,0.014268800001445925,0.08493333334194003,4
synthetic_overlap,synthetic stress test,29,3,0.0,immutable_top3_l1,native_exact_k_sparse,168,1.0,1.0,0.0,1.2204396630004515,1.1666666666666667,1.0,0.02132929999515909,0.1269601190188041,4
synthetic_overlap,synthetic stress test,29,3,0.0,immutable_top3_l1,clbr_uncached,168,0.19047619047619047,0.1130952380952381,0.07738095238095238,1.3482249418292112,1.8125,1.0,0.02946549999887793,0.17538988094570196,4
synthetic_overlap,synthetic stress test,37,3,0.0,free_l2,nn_positive_train,167,1.0,1.0,0.0,3.3892630379971647,16.0,0.0,0.01048470000114321,0.06278263473738449,4
synthetic_overlap,synthetic stress test,37,3,0.0,free_l2,leaf_centroid,167,1.0,1.0,0.0,4.427042884073292,16.0,0.0,0.019806599991170515,0.11860239515670967,4
synthetic_overlap,synthetic stress test,37,3,0.0,free_l2,raw_leaf_projection,167,1.0,1.0,0.0,0.7331026096232578,1.407185628742515,1.0,0.010199899997132889,0.0610772454918137,4
synthetic_overlap,synthetic stress test,37,3,0.0,free_l2,clbr,167,1.0,1.0,0.0,0.7331026096232578,1.407185628742515,1.0,0.009335499998087471,0.05590119759333815,4
synthetic_overlap,synthetic stress test,37,3,0.0,free_l2,metric_leaf_projection,167,1.0,1.0,0.0,0.6790240906885986,1.4311377245508983,1.0,0.00929910000468226,0.055683233560971615,4
synthetic_overlap,synthetic stress test,37,3,0.0,free_l2,metric_clbr,167,1.0,1.0,0.0,0.6790240906885986,1.4311377245508983,1.0,0.009629000002860266,0.05765868265185788,4
synthetic_overlap,synthetic stress test,37,3,0.0,free_l2,exact_leaf,167,1.0,1.0,0.0,0.6790240906885986,1.4311377245508983,1.0,0.03707369999574439,0.2219982035673317,4
synthetic_overlap,synthetic stress test,37,3,0.0,free_l2,exact_leaf_cached,167,1.0,1.0,0.0,0.6790240906885986,1.4311377245508983,1.0,0.019734399998924346,0.11817005987379847,4
synthetic_overlap,synthetic stress test,37,3,0.0,free_l2,native_exact_k_sparse,167,1.0,1.0,0.0,0.6790240906885986,1.4311377245508983,1.0,0.01949820000845648,0.11675568867339209,4
synthetic_overlap,synthetic stress test,37,3,0.0,free_l2,clbr_uncached,167,1.0,1.0,0.0,0.7331026096232578,1.407185628742515,1.0,0.010972399993079307,0.06570299397053478,4
synthetic_overlap,synthetic stress test,37,3,0.0,immutable_l2,nn_positive_train,167,0.24550898203592814,0.24550898203592814,0.0,2.8444473986174956,12.0,0.0,0.011133900003187591,0.0666700598993269,4
synthetic_overlap,synthetic stress test,37,3,0.0,immutable_l2,leaf_centroid,167,0.38323353293413176,0.38323353293413176,0.0,3.874261722386247,12.0,0.0,0.022007900000062364,0.1317838323357028,4
synthetic_overlap,synthetic stress test,37,3,0.0,immutable_l2,raw_leaf_projection,167,0.3772455089820359,0.3772455089820359,0.0,0.6758074896744903,1.0634920634920635,1.0,0.011480400001346425,0.06874491018770314,4
synthetic_overlap,synthetic stress test,37,3,0.0,immutable_l2,clbr,167,0.39520958083832336,0.3772455089820359,0.017964071856287425,0.7491728510703465,1.5606060606060606,0.9545454545454546,0.02057760000207054,0.12321916168904515,4
synthetic_overlap,synthetic stress test,37,3,0.0,immutable_l2,metric_leaf_projection,167,0.281437125748503,0.281437125748503,0.0,0.5091698304718796,1.0,1.0,0.010206999993897625,0.061119760442500747,4
synthetic_overlap,synthetic stress test,37,3,0.0,immutable_l2,metric_clbr,167,0.31736526946107785,0.281437125748503,0.03592814371257485,0.7423039666209347,2.2452830188679247,0.8867924528301887,0.022641400005340984,0.13557724554096398,4
synthetic_overlap,synthetic stress test,37,3,0.0,immutable_l2,exact_leaf,167,1.0,1.0,0.0,1.5462382706906799,1.1077844311377245,1.0,0.038287599991235766,0.22926706581578302,4
synthetic_overlap,synthetic stress test,37,3,0.0,immutable_l2,exact_leaf_cached,167,1.0,1.0,0.0,1.5462382706906799,1.1077844311377245,1.0,0.02159529999789811,0.12931317364010844,4
synthetic_overlap,synthetic stress test,37,3,0.0,immutable_l2,native_exact_k_sparse,167,1.0,1.0,0.0,1.5462382706906799,1.1077844311377245,1.0,0.0213794000001144,0.12802035928212216,4
synthetic_overlap,synthetic stress test,37,3,0.0,immutable_l2,clbr_uncached,167,0.39520958083832336,0.3772455089820359,0.017964071856287425,0.7491728510703465,1.5606060606060606,0.9545454545454546,0.021869100016374432,0.13095269470882892,4
synthetic_overlap,synthetic stress test,37,3,0.0,immutable_top3_l1,nn_positive_train,167,0.1377245508982036,0.1377245508982036,0.0,3.722428233617147,3.0,1.0,0.010889600002883526,0.06520718564600914,4
synthetic_overlap,synthetic stress test,37,3,0.0,immutable_top3_l1,leaf_centroid,167,0.1377245508982036,0.1377245508982036,0.0,3.918100479668019,3.0,1.0,0.020896200002425758,0.12512694612230993,4
synthetic_overlap,synthetic stress test,37,3,0.0,immutable_top3_l1,raw_leaf_projection,167,0.10179640718562874,0.10179640718562874,0.0,0.6336050765557971,1.0,1.0,0.010026899995864369,0.060041317340505204,4
synthetic_overlap,synthetic stress test,37,3,0.0,immutable_top3_l1,clbr,167,0.15568862275449102,0.10179640718562874,0.05389221556886228,1.3774335840702698,1.6923076923076923,1.0,0.027984100004687207,0.16756946110591142,4
synthetic_overlap,synthetic stress test,37,3,0.0,immutable_top3_l1,metric_leaf_projection,167,0.08982035928143713,0.08982035928143713,0.0,0.5911530606348979,1.0,1.0,0.00967079999827547,0.057908982025601616,4
synthetic_overlap,synthetic stress test,37,3,0.0,immutable_top3_l1,metric_clbr,167,0.1437125748502994,0.08982035928143713,0.05389221556886228,1.412886783079247,1.75,1.0,0.02506969999831199,0.15011796406174843,4
synthetic_overlap,synthetic stress test,37,3,0.0,immutable_top3_l1,exact_leaf,167,0.2934131736526946,0.2934131736526946,0.0,1.5175003164529288,1.0,1.0,0.03360160001102486,0.20120718569475962,4
synthetic_overlap,synthetic stress test,37,3,0.0,immutable_top3_l1,exact_leaf_cached,167,0.2934131736526946,0.2934131736526946,0.0,1.5175003164529288,1.0,1.0,0.01602990000083082,0.09598742515467558,4
synthetic_overlap,synthetic stress test,37,3,0.0,immutable_top3_l1,native_exact_k_sparse,167,1.0,1.0,0.0,1.5984538437702434,1.1077844311377245,1.0,0.022425899997870147,0.13428682633455177,4
synthetic_overlap,synthetic stress test,37,3,0.0,immutable_top3_l1,clbr_uncached,167,0.15568862275449102,0.10179640718562874,0.05389221556886228,1.3774335840702698,1.6923076923076923,1.0,0.02863380000781035,0.17145988028628953,4
synthetic_overlap,synthetic stress test,41,3,0.0,free_l2,nn_positive_train,147,1.0,1.0,0.0,2.982615702024713,16.0,0.0,0.009442200004741608,0.06423265309348032,5
synthetic_overlap,synthetic stress test,41,3,0.0,free_l2,leaf_centroid,147,1.0,1.0,0.0,3.8871190834136304,16.0,0.0,0.020568400003867282,0.1399210884616822,5
synthetic_overlap,synthetic stress test,41,3,0.0,free_l2,raw_leaf_projection,147,1.0,1.0,0.0,0.5284593891678131,1.0680272108843538,1.0,0.009206100005030748,0.06262653064646767,5
synthetic_overlap,synthetic stress test,41,3,0.0,free_l2,clbr,147,1.0,1.0,0.0,0.5284593891678131,1.0680272108843538,1.0,0.008847300001434633,0.06018571429547369,5
synthetic_overlap,synthetic stress test,41,3,0.0,free_l2,metric_leaf_projection,147,1.0,1.0,0.0,0.5275259866460313,1.0680272108843538,1.0,0.008674100002281193,0.0590074830087156,5
synthetic_overlap,synthetic stress test,41,3,0.0,free_l2,metric_clbr,147,1.0,1.0,0.0,0.5275259866460313,1.0680272108843538,1.0,0.008368600001631421,0.05692925171177837,5
synthetic_overlap,synthetic stress test,41,3,0.0,free_l2,exact_leaf,147,1.0,1.0,0.0,0.5275259866460313,1.0680272108843538,1.0,0.040337000004910806,0.27440136057762454,5
synthetic_overlap,synthetic stress test,41,3,0.0,free_l2,exact_leaf_cached,147,1.0,1.0,0.0,0.5275259866460313,1.0680272108843538,1.0,0.01811560000078316,0.12323537415498749,5
synthetic_overlap,synthetic stress test,41,3,0.0,free_l2,native_exact_k_sparse,147,1.0,1.0,0.0,0.5275259866460313,1.0680272108843538,1.0,0.017136799995569163,0.11657687071815757,5
synthetic_overlap,synthetic stress test,41,3,0.0,free_l2,clbr_uncached,147,1.0,1.0,0.0,0.5284593891678131,1.0680272108843538,1.0,0.010032899999714573,0.06825102040622158,5
synthetic_overlap,synthetic stress test,41,3,0.0,immutable_l2,nn_positive_train,147,0.8299319727891157,0.8299319727891157,0.0,2.6331128776581876,12.0,0.0,0.00940109999919514,0.06395306121901455,5
synthetic_overlap,synthetic stress test,41,3,0.0,immutable_l2,leaf_centroid,147,0.5714285714285714,0.5714285714285714,0.0,3.2804468825095086,12.0,0.0,0.01934239999809506,0.1315809523679936,5
synthetic_overlap,synthetic stress test,41,3,0.0,immutable_l2,raw_leaf_projection,147,0.7414965986394558,0.7414965986394558,0.0,0.4806227495475867,1.036697247706422,1.0,0.008302700001877383,0.056480952393723693,5
synthetic_overlap,synthetic stress test,41,3,0.0,immutable_l2,clbr,147,0.8775510204081632,0.7414965986394558,0.1360544217687075,0.7892901227677336,2.7364341085271318,0.8449612403100775,0.01809330000560294,0.123083673507503,5
synthetic_overlap,synthetic stress test,41,3,0.0,immutable_l2,metric_leaf_projection,147,0.7482993197278912,0.7482993197278912,0.0,0.48852052524128964,1.0454545454545454,1.0,0.008751899997150758,0.059536734674494954,5
synthetic_overlap,synthetic stress test,41,3,0.0,immutable_l2,metric_clbr,147,0.8843537414965986,0.7482993197278912,0.1360544217687075,0.7935984916376349,2.730769230769231,0.8461538461538461,0.017559300007633283,0.11945102046009036,5
synthetic_overlap,synthetic stress test,41,3,0.0,immutable_l2,exact_leaf,147,1.0,1.0,0.0,0.6694504545114873,1.0680272108843538,1.0,0.034883100002844,0.23730000001934695,5
synthetic_overlap,synthetic stress test,41,3,0.0,immutable_l2,exact_leaf_cached,147,1.0,1.0,0.0,0.6694504545114873,1.0680272108843538,1.0,0.0173428000016429,0.1179782313036932,5
synthetic_overlap,synthetic stress test,41,3,0.0,immutable_l2,native_exact_k_sparse,147,1.0,1.0,0.0,0.6694504545114873,1.0680272108843538,1.0,0.016257799995401,0.11059727888027891,5
synthetic_overlap,synthetic stress test,41,3,0.0,immutable_l2,clbr_uncached,147,0.8775510204081632,0.7414965986394558,0.1360544217687075,0.7892901227677336,2.7364341085271318,0.8449612403100775,0.019331900001816393,0.13150952382188022,5
synthetic_overlap,synthetic stress test,41,3,0.0,immutable_top3_l1,nn_positive_train,147,0.5034013605442177,0.5034013605442177,0.0,3.4251062285717735,3.0,1.0,0.009761200004504644,0.06640272111907922,5
synthetic_overlap,synthetic stress test,41,3,0.0,immutable_top3_l1,leaf_centroid,147,0.35374149659863946,0.35374149659863946,0.0,3.319262541985837,3.0,1.0,0.019746200003282866,0.134327891178795,5
synthetic_overlap,synthetic stress test,41,3,0.0,immutable_top3_l1,raw_leaf_projection,147,0.40816326530612246,0.40816326530612246,0.0,0.5929380535898928,1.0,1.0,0.00890149999941059,0.060554421764697886,5
synthetic_overlap,synthetic stress test,41,3,0.0,immutable_top3_l1,clbr,147,0.5306122448979592,0.40816326530612246,0.12244897959183673,1.217878223381586,1.4615384615384615,1.0,0.021945200001027843,0.1492870748369241,5
synthetic_overlap,synthetic stress test,41,3,0.0,immutable_top3_l1,metric_leaf_projection,147,0.40816326530612246,0.40816326530612246,0.0,0.5929380535898928,1.0,1.0,0.008070899987615121,0.054904081548402185,5
synthetic_overlap,synthetic stress test,41,3,0.0,immutable_top3_l1,metric_clbr,147,0.5306122448979592,0.40816326530612246,0.12244897959183673,1.217878223381586,1.4615384615384615,1.0,0.021531799998228962,0.14647482991992491,5
synthetic_overlap,synthetic stress test,41,3,0.0,immutable_top3_l1,exact_leaf,147,0.564625850340136,0.564625850340136,0.0,0.7879622727175425,1.0120481927710843,1.0,0.033863100002236024,0.23036122450500696,5
synthetic_overlap,synthetic stress test,41,3,0.0,immutable_top3_l1,exact_leaf_cached,147,0.564625850340136,0.564625850340136,0.0,0.7879622727175425,1.0120481927710843,1.0,0.013858200004506216,0.09427346941840964,5
synthetic_overlap,synthetic stress test,41,3,0.0,immutable_top3_l1,native_exact_k_sparse,147,1.0,1.0,0.0,0.6860166480823741,1.0680272108843538,1.0,0.017711700003928854,0.12048775512876772,5
synthetic_overlap,synthetic stress test,41,3,0.0,immutable_top3_l1,clbr_uncached,147,0.5306122448979592,0.40816326530612246,0.12244897959183673,1.217878223381586,1.4615384615384615,1.0,0.023333699992690526,0.1587326530115002,5
synthetic_overlap,synthetic stress test,53,3,0.0,free_l2,nn_positive_train,200,1.0,1.0,0.0,3.1314757422198483,16.0,0.0,0.012885599998298858,0.06442799999149429,5
synthetic_overlap,synthetic stress test,53,3,0.0,free_l2,leaf_centroid,200,1.0,1.0,0.0,4.001711711145113,16.0,0.0,0.025878799993733992,0.12939399996866996,5
synthetic_overlap,synthetic stress test,53,3,0.0,free_l2,raw_leaf_projection,200,1.0,1.0,0.0,0.6753179575990587,1.23,1.0,0.011806099999375874,0.05903049999687937,5
synthetic_overlap,synthetic stress test,53,3,0.0,free_l2,clbr,200,1.0,1.0,0.0,0.6753179575990587,1.23,1.0,0.011068899992096703,0.05534449996048352,5
synthetic_overlap,synthetic stress test,53,3,0.0,free_l2,metric_leaf_projection,200,1.0,1.0,0.0,0.6098593224432051,1.185,1.0,0.011613700005000283,0.05806850002500141,5
synthetic_overlap,synthetic stress test,53,3,0.0,free_l2,metric_clbr,200,1.0,1.0,0.0,0.6098593224432051,1.185,1.0,0.011863599998832797,0.059317999994163984,5
synthetic_overlap,synthetic stress test,53,3,0.0,free_l2,exact_leaf,200,1.0,1.0,0.0,0.6098593224432051,1.185,1.0,0.05426859999442968,0.2713429999721484,5
synthetic_overlap,synthetic stress test,53,3,0.0,free_l2,exact_leaf_cached,200,1.0,1.0,0.0,0.6098593224432051,1.185,1.0,0.024074900010418787,0.12037450005209394,5
synthetic_overlap,synthetic stress test,53,3,0.0,free_l2,native_exact_k_sparse,200,1.0,1.0,0.0,0.6098593224432051,1.185,1.0,0.02339479999318428,0.1169739999659214,5
synthetic_overlap,synthetic stress test,53,3,0.0,free_l2,clbr_uncached,200,1.0,1.0,0.0,0.6753179575990587,1.23,1.0,0.013703100009479385,0.06851550004739693,5
synthetic_overlap,synthetic stress test,53,3,0.0,immutable_l2,nn_positive_train,200,0.745,0.745,0.0,2.626184506982236,12.0,0.0,0.012584399997649598,0.06292199998824799,5
synthetic_overlap,synthetic stress test,53,3,0.0,immutable_l2,leaf_centroid,200,0.6,0.6,0.0,3.336463372899797,12.0,0.0,0.02684829999543581,0.13424149997717905,5
synthetic_overlap,synthetic stress test,53,3,0.0,immutable_l2,raw_leaf_projection,200,0.655,0.655,0.0,0.5865427354441158,1.0,1.0,0.011893899996721302,0.05946949998360651,5
synthetic_overlap,synthetic stress test,53,3,0.0,immutable_l2,clbr,200,0.825,0.655,0.17,0.9911769758470151,3.2666666666666666,0.793939393939394,0.030499599996801408,0.15249799998400704,5
synthetic_overlap,synthetic stress test,53,3,0.0,immutable_l2,metric_leaf_projection,200,0.675,0.675,0.0,0.5589688273747099,1.0,1.0,0.011834100003397907,0.059170500016989536,5
synthetic_overlap,synthetic stress test,53,3,0.0,immutable_l2,metric_clbr,200,0.845,0.675,0.17,0.959926137508973,3.21301775147929,0.7988165680473372,0.028857799993602384,0.14428899996801192,5
synthetic_overlap,synthetic stress test,53,3,0.0,immutable_l2,exact_leaf,200,1.0,1.0,0.0,0.8200659010277493,1.02,1.0,0.051106500001878885,0.2555325000093944,5
synthetic_overlap,synthetic stress test,53,3,0.0,immutable_l2,exact_leaf_cached,200,1.0,1.0,0.0,0.8200659010277493,1.02,1.0,0.02480939999804832,0.1240469999902416,5
synthetic_overlap,synthetic stress test,53,3,0.0,immutable_l2,native_exact_k_sparse,200,1.0,1.0,0.0,0.8200659010277493,1.02,1.0,0.02388469999186782,0.1194234999593391,5
synthetic_overlap,synthetic stress test,53,3,0.0,immutable_l2,clbr_uncached,200,0.825,0.655,0.17,0.9911769758470151,3.2666666666666666,0.793939393939394,0.031841999996686354,0.15920999998343177,5
synthetic_overlap,synthetic stress test,53,3,0.0,immutable_top3_l1,nn_positive_train,200,0.455,0.455,0.0,3.6854501671352007,3.0,1.0,0.012609900009010744,0.06304950004505372,5
synthetic_overlap,synthetic stress test,53,3,0.0,immutable_top3_l1,leaf_centroid,200,0.25,0.25,0.0,3.5148854366286515,3.0,1.0,0.026474199989934277,0.1323709999496714,5
synthetic_overlap,synthetic stress test,53,3,0.0,immutable_top3_l1,raw_leaf_projection,200,0.29,0.29,0.0,0.8002877539094561,1.0,1.0,0.012152999991485558,0.06076499995742779,5
synthetic_overlap,synthetic stress test,53,3,0.0,immutable_top3_l1,clbr,200,0.475,0.29,0.185,1.8517292435882229,1.7789473684210526,1.0,0.036691900006189826,0.18345950003094913,5
synthetic_overlap,synthetic stress test,53,3,0.0,immutable_top3_l1,metric_leaf_projection,200,0.28,0.28,0.0,0.7300073025408865,1.0,1.0,0.011337899994941836,0.05668949997470918,5
synthetic_overlap,synthetic stress test,53,3,0.0,immutable_top3_l1,metric_clbr,200,0.48,0.28,0.2,1.8881233078496997,1.8333333333333333,1.0,0.03770949999579898,0.1885474999789949,5
synthetic_overlap,synthetic stress test,53,3,0.0,immutable_top3_l1,exact_leaf,200,0.61,0.61,0.0,1.2237957740056165,1.0,1.0,0.046543100002054416,0.23271550001027208,5
synthetic_overlap,synthetic stress test,53,3,0.0,immutable_top3_l1,exact_leaf_cached,200,0.61,0.61,0.0,1.2237957740056165,1.0,1.0,0.020293399998990935,0.10146699999495468,5
synthetic_overlap,synthetic stress test,53,3,0.0,immutable_top3_l1,native_exact_k_sparse,200,1.0,1.0,0.0,0.8273066907945392,1.02,1.0,0.024285900002723793,0.12142950001361896,5
synthetic_overlap,synthetic stress test,53,3,0.0,immutable_top3_l1,clbr_uncached,200,0.475,0.29,0.185,1.8517292435882229,1.7789473684210526,1.0,0.04188429999976506,0.2094214999988253,5
synthetic_overlap,synthetic stress test,61,3,0.0,free_l2,nn_positive_train,192,1.0,1.0,0.0,3.076781757179202,16.0,0.0,0.013203699996665819,0.0687692708159678,4
synthetic_overlap,synthetic stress test,61,3,0.0,free_l2,leaf_centroid,192,1.0,1.0,0.0,3.824492228160285,16.0,0.0,0.025228800002878415,0.13140000001499175,4
synthetic_overlap,synthetic stress test,61,3,0.0,free_l2,raw_leaf_projection,192,1.0,1.0,0.0,0.5805944412084958,1.1614583333333333,1.0,0.012399300007928105,0.06457968754129222,4
synthetic_overlap,synthetic stress test,61,3,0.0,free_l2,clbr,192,1.0,1.0,0.0,0.5805944412084958,1.1614583333333333,1.0,0.01194930000565364,0.06223593752944604,4
synthetic_overlap,synthetic stress test,61,3,0.0,free_l2,metric_leaf_projection,192,1.0,1.0,0.0,0.5741167331622056,1.171875,1.0,0.011762400003135554,0.06126250001633101,4
synthetic_overlap,synthetic stress test,61,3,0.0,free_l2,metric_clbr,192,1.0,1.0,0.0,0.5741167331622056,1.171875,1.0,0.011603100006141176,0.06043281253198529,4
synthetic_overlap,synthetic stress test,61,3,0.0,free_l2,exact_leaf,192,1.0,1.0,0.0,0.5741167331622056,1.171875,1.0,0.04611609999483335,0.24018802080642368,4
synthetic_overlap,synthetic stress test,61,3,0.0,free_l2,exact_leaf_cached,192,1.0,1.0,0.0,0.5741167331622056,1.171875,1.0,0.02460139999857347,0.1281322916592368,4
synthetic_overlap,synthetic stress test,61,3,0.0,free_l2,native_exact_k_sparse,192,1.0,1.0,0.0,0.5741167331622056,1.171875,1.0,0.023525899998276145,0.12253072915768826,4
synthetic_overlap,synthetic stress test,61,3,0.0,free_l2,clbr_uncached,192,1.0,1.0,0.0,0.5805944412084958,1.1614583333333333,1.0,0.013451599996187724,0.07006041664681106,4
synthetic_overlap,synthetic stress test,61,3,0.0,immutable_l2,nn_positive_train,192,0.453125,0.453125,0.0,2.7238309177187805,12.0,0.0,0.011881699995683448,0.061883854144184625,4
synthetic_overlap,synthetic stress test,61,3,0.0,immutable_l2,leaf_centroid,192,0.546875,0.546875,0.0,3.5199307847626016,12.0,0.0,0.023895600004834705,0.12445625002518075,4
synthetic_overlap,synthetic stress test,61,3,0.0,immutable_l2,raw_leaf_projection,192,0.4947916666666667,0.4947916666666667,0.0,0.572354421318522,1.0736842105263158,1.0,0.011379699999451987,0.059269270830479094,4
synthetic_overlap,synthetic stress test,61,3,0.0,immutable_l2,clbr,192,0.5885416666666666,0.4947916666666667,0.09375,0.7450900142342826,2.814159292035398,0.8407079646017699,0.024513499991371646,0.12767447912172733,4
synthetic_overlap,synthetic stress test,61,3,0.0,immutable_l2,metric_leaf_projection,192,0.5104166666666666,0.5104166666666666,0.0,0.5473396851235293,1.0918367346938775,1.0,0.011400399991543964,0.05937708328929148,4
synthetic_overlap,synthetic stress test,61,3,0.0,immutable_l2,metric_clbr,192,0.609375,0.5104166666666666,0.09895833333333333,0.7402967039302996,2.8632478632478633,0.8376068376068376,0.02530500000648317,0.1317968750337665,4
synthetic_overlap,synthetic stress test,61,3,0.0,immutable_l2,exact_leaf,192,1.0,1.0,0.0,0.8997696727104846,1.125,1.0,0.04107480000402575,0.21393125002096744,4
synthetic_overlap,synthetic stress test,61,3,0.0,immutable_l2,exact_leaf_cached,192,1.0,1.0,0.0,0.8997696727104846,1.125,1.0,0.024462899997161003,0.12741093748521357,4
synthetic_overlap,synthetic stress test,61,3,0.0,immutable_l2,native_exact_k_sparse,192,1.0,1.0,0.0,0.8997696727104846,1.125,1.0,0.023112799995942623,0.1203791666455345,4
synthetic_overlap,synthetic stress test,61,3,0.0,immutable_l2,clbr_uncached,192,0.5885416666666666,0.4947916666666667,0.09375,0.7450900142342826,2.814159292035398,0.8407079646017699,0.02731389999826206,0.14225989582428156,4
synthetic_overlap,synthetic stress test,61,3,0.0,immutable_top3_l1,nn_positive_train,192,0.265625,0.265625,0.0,3.729875321463496,3.0,1.0,0.012679599999501079,0.06603958333073479,4
synthetic_overlap,synthetic stress test,61,3,0.0,immutable_top3_l1,leaf_centroid,192,0.25,0.25,0.0,3.4916459022861885,3.0,1.0,0.025747799991222564,0.1341031249542842,4
synthetic_overlap,synthetic stress test,61,3,0.0,immutable_top3_l1,raw_leaf_projection,192,0.1875,0.1875,0.0,0.8386373859392178,1.0,1.0,0.012162499998339626,0.06334635415801888,4
synthetic_overlap,synthetic stress test,61,3,0.0,immutable_top3_l1,clbr,192,0.2708333333333333,0.1875,0.08333333333333333,1.2490753147747804,1.6153846153846154,1.0,0.031022699990899127,0.16157656245259963,4
synthetic_overlap,synthetic stress test,61,3,0.0,immutable_top3_l1,metric_leaf_projection,192,0.19791666666666666,0.19791666666666666,0.0,0.8242286434432241,1.0,1.0,0.011832099999992352,0.0616255208332935,4
synthetic_overlap,synthetic stress test,61,3,0.0,immutable_top3_l1,metric_clbr,192,0.2864583333333333,0.19791666666666666,0.08854166666666667,1.2534337886728144,1.6181818181818182,1.0,0.03307309999308927,0.1722557291306733,4
synthetic_overlap,synthetic stress test,61,3,0.0,immutable_top3_l1,exact_leaf,192,0.3854166666666667,0.3854166666666667,0.0,0.9825152023247241,1.0135135135135136,1.0,0.037931100005152985,0.19755781252683846,4
synthetic_overlap,synthetic stress test,61,3,0.0,immutable_top3_l1,exact_leaf_cached,192,0.3854166666666667,0.3854166666666667,0.0,0.9825152023247241,1.0135135135135136,1.0,0.017590399998880457,0.09161666666083572,4
synthetic_overlap,synthetic stress test,61,3,0.0,immutable_top3_l1,native_exact_k_sparse,192,1.0,1.0,0.0,0.9331128728028045,1.125,1.0,0.024654599997120386,0.12840937498500202,4
synthetic_overlap,synthetic stress test,61,3,0.0,immutable_top3_l1,clbr_uncached,192,0.2708333333333333,0.1875,0.08333333333333333,1.2490753147747804,1.6153846153846154,1.0,0.03576780000275903,0.18629062501436996,4
synthetic_overlap,synthetic stress test,73,3,0.0,free_l2,nn_positive_train,198,1.0,1.0,0.0,2.98499500410087,16.0,0.0,0.012917700004436483,0.06524090911331556,5
synthetic_overlap,synthetic stress test,73,3,0.0,free_l2,leaf_centroid,198,1.0,1.0,0.0,3.809057499657777,16.0,0.0,0.028036399997290573,0.14159797978429584,5
synthetic_overlap,synthetic stress test,73,3,0.0,free_l2,raw_leaf_projection,198,1.0,1.0,0.0,0.5484162763558568,1.1565656565656566,1.0,0.012514200002442522,0.06320303031536627,5
synthetic_overlap,synthetic stress test,73,3,0.0,free_l2,clbr,198,1.0,1.0,0.0,0.5484162763558568,1.1565656565656566,1.0,0.011965699993197632,0.06043282824847289,5
synthetic_overlap,synthetic stress test,73,3,0.0,free_l2,metric_leaf_projection,198,1.0,1.0,0.0,0.5463215637118267,1.1616161616161615,1.0,0.012076799995156762,0.0609939393694786,5
synthetic_overlap,synthetic stress test,73,3,0.0,free_l2,metric_clbr,198,1.0,1.0,0.0,0.5463215637118267,1.1616161616161615,1.0,0.011697799997818947,0.059079797968782564,5
synthetic_overlap,synthetic stress test,73,3,0.0,free_l2,exact_leaf,198,1.0,1.0,0.0,0.5463215637118267,1.1616161616161615,1.0,0.05616410000038741,0.2836570707090273,5
synthetic_overlap,synthetic stress test,73,3,0.0,free_l2,exact_leaf_cached,198,1.0,1.0,0.0,0.5463215637118267,1.1616161616161615,1.0,0.02578779999839753,0.13024141413332085,5
synthetic_overlap,synthetic stress test,73,3,0.0,free_l2,native_exact_k_sparse,198,1.0,1.0,0.0,0.5463215637118267,1.1616161616161615,1.0,0.02493309999044868,0.1259247474265085,5
synthetic_overlap,synthetic stress test,73,3,0.0,free_l2,clbr_uncached,198,1.0,1.0,0.0,0.5484162763558568,1.1565656565656566,1.0,0.014405100003386906,0.07275303032013589,5
synthetic_overlap,synthetic stress test,73,3,0.0,immutable_l2,nn_positive_train,198,1.0,1.0,0.0,2.582460658031998,12.0,0.0,0.012716000004729722,0.06422222224610971,5
synthetic_overlap,synthetic stress test,73,3,0.0,immutable_l2,leaf_centroid,198,1.0,1.0,0.0,3.3347277660725756,12.0,0.0,0.026329999991503428,0.132979797936886,5
synthetic_overlap,synthetic stress test,73,3,0.0,immutable_l2,raw_leaf_projection,198,1.0,1.0,0.0,0.5484162763558568,1.1565656565656566,1.0,0.012074200009010383,0.06098080812631507,5
synthetic_overlap,synthetic stress test,73,3,0.0,immutable_l2,clbr,198,1.0,1.0,0.0,0.5484162763558568,1.1565656565656566,1.0,0.011281100003543543,0.0569752525431492,5
synthetic_overlap,synthetic stress test,73,3,0.0,immutable_l2,metric_leaf_projection,198,1.0,1.0,0.0,0.5463215637118267,1.1616161616161615,1.0,0.01136749998840969,0.057411616103079245,5
synthetic_overlap,synthetic stress test,73,3,0.0,immutable_l2,metric_clbr,198,1.0,1.0,0.0,0.5463215637118267,1.1616161616161615,1.0,0.011502799998197588,0.058094949485846405,5
synthetic_overlap,synthetic stress test,73,3,0.0,immutable_l2,exact_leaf,198,1.0,1.0,0.0,0.5463215637118267,1.1616161616161615,1.0,0.05339769998772681,0.26968535347336775,5
synthetic_overlap,synthetic stress test,73,3,0.0,immutable_l2,exact_leaf_cached,198,1.0,1.0,0.0,0.5463215637118267,1.1616161616161615,1.0,0.025050399995961925,0.1265171716967774,5
synthetic_overlap,synthetic stress test,73,3,0.0,immutable_l2,native_exact_k_sparse,198,1.0,1.0,0.0,0.5463215637118267,1.1616161616161615,1.0,0.02514369999335031,0.12698838380479954,5
synthetic_overlap,synthetic stress test,73,3,0.0,immutable_l2,clbr_uncached,198,1.0,1.0,0.0,0.5484162763558568,1.1565656565656566,1.0,0.013704999993024103,0.06921717168193992,5
synthetic_overlap,synthetic stress test,73,3,0.0,immutable_top3_l1,nn_positive_train,198,0.601010101010101,0.601010101010101,0.0,3.523293248577721,3.0,1.0,0.011854300002596574,0.05987020203331603,5
synthetic_overlap,synthetic stress test,73,3,0.0,immutable_top3_l1,leaf_centroid,198,0.42424242424242425,0.42424242424242425,0.0,3.4175545754564585,3.0,1.0,0.026070000000800064,0.1316666666707074,5
synthetic_overlap,synthetic stress test,73,3,0.0,immutable_top3_l1,raw_leaf_projection,198,0.3333333333333333,0.3333333333333333,0.0,0.6366306441172447,1.0606060606060606,1.0,0.012337299998762319,0.062309595953345044,5
synthetic_overlap,synthetic stress test,73,3,0.0,immutable_top3_l1,clbr,198,0.6262626262626263,0.3333333333333333,0.29292929292929293,1.7459233038387707,1.967741935483871,1.0,0.04029989999889949,0.20353484847929035,5
synthetic_overlap,synthetic stress test,73,3,0.0,immutable_top3_l1,metric_leaf_projection,198,0.35858585858585856,0.35858585858585856,0.0,0.6912137100000731,1.0422535211267605,1.0,0.010662100010449649,0.0538489899517659,5
synthetic_overlap,synthetic stress test,73,3,0.0,immutable_top3_l1,metric_clbr,198,0.6414141414141414,0.35858585858585856,0.2828282828282828,1.7178155960097856,1.905511811023622,1.0,0.037946900000861206,0.19165101010535962,5
synthetic_overlap,synthetic stress test,73,3,0.0,immutable_top3_l1,exact_leaf,198,0.7575757575757576,0.7575757575757576,0.0,1.054924349445054,1.0533333333333332,1.0,0.0460371999988638,0.23251111110537273,5
synthetic_overlap,synthetic stress test,73,3,0.0,immutable_top3_l1,exact_leaf_cached,198,0.7575757575757576,0.7575757575757576,0.0,1.054924349445054,1.0533333333333332,1.0,0.021304400001099566,0.10759797980353317,5
synthetic_overlap,synthetic stress test,73,3,0.0,immutable_top3_l1,native_exact_k_sparse,198,1.0,1.0,0.0,0.5710714157967781,1.095959595959596,1.0,0.023727800009510247,0.1198373737854053,5
synthetic_overlap,synthetic stress test,73,3,0.0,immutable_top3_l1,clbr_uncached,198,0.6262626262626263,0.3333333333333333,0.29292929292929293,1.7459233038387707,1.967741935483871,1.0,0.04267610000079003,0.21553585858984864,5
synthetic_overlap,synthetic stress test,89,3,0.0,free_l2,nn_positive_train,171,1.0,1.0,0.0,3.0913204929479767,16.0,0.0,0.010949799999252718,0.0640339181242849,4
synthetic_overlap,synthetic stress test,89,3,0.0,free_l2,leaf_centroid,171,1.0,1.0,0.0,3.915052748850889,16.0,0.0,0.02039110000077926,0.11924619883496644,4
synthetic_overlap,synthetic stress test,89,3,0.0,free_l2,raw_leaf_projection,171,1.0,1.0,0.0,0.42775139402964457,1.152046783625731,1.0,0.010199299991654698,0.05964502919096314,4
synthetic_overlap,synthetic stress test,89,3,0.0,free_l2,clbr,171,1.0,1.0,0.0,0.42775139402964457,1.152046783625731,1.0,0.00949270000182878,0.05551286550777064,4
synthetic_overlap,synthetic stress test,89,3,0.0,free_l2,metric_leaf_projection,171,1.0,1.0,0.0,0.4022227242821721,1.1461988304093567,1.0,0.009716699999444245,0.05682280701429383,4
synthetic_overlap,synthetic stress test,89,3,0.0,free_l2,metric_clbr,171,1.0,1.0,0.0,0.4022227242821721,1.1461988304093567,1.0,0.009653000002799672,0.05645029241403317,4
synthetic_overlap,synthetic stress test,89,3,0.0,free_l2,exact_leaf,171,1.0,1.0,0.0,0.4022227242821721,1.1461988304093567,1.0,0.0366552000050433,0.21435789476633507,4
synthetic_overlap,synthetic stress test,89,3,0.0,free_l2,exact_leaf_cached,171,1.0,1.0,0.0,0.4022227242821721,1.1461988304093567,1.0,0.019834200000332203,0.11598947368615323,4
synthetic_overlap,synthetic stress test,89,3,0.0,free_l2,native_exact_k_sparse,171,1.0,1.0,0.0,0.4022227242821721,1.1461988304093567,1.0,0.01994210000066232,0.11662046784013054,4
synthetic_overlap,synthetic stress test,89,3,0.0,free_l2,clbr_uncached,171,1.0,1.0,0.0,0.42775139402964457,1.152046783625731,1.0,0.010690600003727013,0.06251812867676616,4
synthetic_overlap,synthetic stress test,89,3,0.0,immutable_l2,nn_positive_train,171,0.847953216374269,0.847953216374269,0.0,2.753257953196799,12.0,0.0,0.010568199991212168,0.061802339129895724,4
synthetic_overlap,synthetic stress test,89,3,0.0,immutable_l2,leaf_centroid,171,0.8888888888888888,0.8888888888888888,0.0,3.350582450417096,12.0,0.0,0.01954859999841574,0.11431929823634936,4
synthetic_overlap,synthetic stress test,89,3,0.0,immutable_l2,raw_leaf_projection,171,0.8771929824561403,0.8771929824561403,0.0,0.4363038456024848,1.1133333333333333,1.0,0.009624500007703318,0.056283625776042796,4
synthetic_overlap,synthetic stress test,89,3,0.0,immutable_l2,clbr,171,0.9239766081871345,0.8771929824561403,0.04678362573099415,0.5184577683666971,1.6645569620253164,0.9493670886075949,0.013492500002939778,0.0789035087891215,4
synthetic_overlap,synthetic stress test,89,3,0.0,immutable_l2,metric_leaf_projection,171,0.8888888888888888,0.8888888888888888,0.0,0.40970403014793577,1.111842105263158,1.0,0.009429600002476946,0.055143859663607867,4
synthetic_overlap,synthetic stress test,89,3,0.0,immutable_l2,metric_clbr,171,0.935672514619883,0.8888888888888888,0.04678362573099415,0.49216101965032283,1.65625,0.95,0.013389399996412976,0.07830058477434489,4
synthetic_overlap,synthetic stress test,89,3,0.0,immutable_l2,exact_leaf,171,1.0,1.0,0.0,0.4498766543614417,1.152046783625731,1.0,0.03514719999384397,0.20553918125054954,4
synthetic_overlap,synthetic stress test,89,3,0.0,immutable_l2,exact_leaf_cached,171,1.0,1.0,0.0,0.4498766543614417,1.152046783625731,1.0,0.019578899996304244,0.11449649120645757,4
synthetic_overlap,synthetic stress test,89,3,0.0,immutable_l2,native_exact_k_sparse,171,1.0,1.0,0.0,0.4498766543614417,1.152046783625731,1.0,0.019072600002800755,0.11153567253099857,4
synthetic_overlap,synthetic stress test,89,3,0.0,immutable_l2,clbr_uncached,171,0.9239766081871345,0.8771929824561403,0.04678362573099415,0.5184577683666971,1.6645569620253164,0.9493670886075949,0.015260100004525157,0.08924035090365588,4
synthetic_overlap,synthetic stress test,89,3,0.0,immutable_top3_l1,nn_positive_train,171,0.49122807017543857,0.49122807017543857,0.0,3.6319686695522466,3.0,1.0,0.009912499997881241,0.05796783624491954,4
synthetic_overlap,synthetic stress test,89,3,0.0,immutable_top3_l1,leaf_centroid,171,0.40350877192982454,0.40350877192982454,0.0,3.5910873874338702,3.0,1.0,0.01903490000677266,0.11131520471796877,4
synthetic_overlap,synthetic stress test,89,3,0.0,immutable_top3_l1,raw_leaf_projection,171,0.29239766081871343,0.29239766081871343,0.0,0.5765940917662358,1.04,1.0,0.009270499990634562,0.05421345023762902,4
synthetic_overlap,synthetic stress test,89,3,0.0,immutable_top3_l1,clbr,171,0.5087719298245614,0.29239766081871343,0.21637426900584794,1.5272128754049075,1.8735632183908046,1.0,0.02893150000636524,0.16919005851675578,4
synthetic_overlap,synthetic stress test,89,3,0.0,immutable_top3_l1,metric_leaf_projection,171,0.30994152046783624,0.30994152046783624,0.0,0.5821163045292427,1.0377358490566038,1.0,0.008761300004152872,0.05123567253890569,4
synthetic_overlap,synthetic stress test,89,3,0.0,immutable_top3_l1,metric_clbr,171,0.52046783625731,0.30994152046783624,0.21052631578947367,1.4516615268213948,1.8314606741573034,1.0,0.027882299996235815,0.1630543859428995,4
synthetic_overlap,synthetic stress test,89,3,0.0,immutable_top3_l1,exact_leaf,171,0.695906432748538,0.695906432748538,0.0,0.8808504897368629,1.0672268907563025,1.0,0.02976729999863892,0.17407777776981823,4
synthetic_overlap,synthetic stress test,89,3,0.0,immutable_top3_l1,exact_leaf_cached,171,0.695906432748538,0.695906432748538,0.0,0.8808504897368629,1.0672268907563025,1.0,0.015528800002357457,0.09081169592021905,4
synthetic_overlap,synthetic stress test,89,3,0.0,immutable_top3_l1,native_exact_k_sparse,171,1.0,1.0,0.0,0.4759568996031887,1.1403508771929824,1.0,0.018424000004415575,0.10774269008430161,4
synthetic_overlap,synthetic stress test,89,3,0.0,immutable_top3_l1,clbr_uncached,171,0.5087719298245614,0.29239766081871343,0.21637426900584794,1.5272128754049075,1.8735632183908046,1.0,0.030426199989960878,0.17793099409333846,4
