dataset,shift_strength,constraint,method,n_seeds,coverage_mean,coverage_ci_low,coverage_ci_high,mean_cost_valid_mean,mean_cost_valid_ci_low,mean_cost_valid_ci_high,mean_changed_valid_mean,mean_changed_valid_ci_low,mean_changed_valid_ci_high,sparse_share_leq3_mean,sparse_share_leq3_ci_low,sparse_share_leq3_ci_high,runtime_ms_per_query_mean,runtime_ms_per_query_ci_low,runtime_ms_per_query_ci_high
adult_income,0.0,free_l2,clbr,10,1.0,1.0,1.0,1.3965815835304096,1.3314865679808954,1.4659905689481403,1.8765,1.7684875,1.9625,1.0,1.0,1.0,0.06040344998791625,0.05706227622912365,0.0634743525025101
adult_income,0.0,free_l2,clbr_uncached,10,1.0,1.0,1.0,1.3965815835304096,1.3314865679808954,1.4659905689481403,1.8765,1.7684875,1.9625,1.0,1.0,1.0,0.08880000002000088,0.08109255502218957,0.09595214876835599
adult_income,0.0,free_l2,exact_leaf,10,1.0,1.0,1.0,0.5989722173790861,0.5594165383084927,0.6435869866118074,1.068,1.0450000000000002,1.09,1.0,1.0,1.0,0.47049749999996493,0.4114745674895858,0.5287652750101188
adult_income,0.0,free_l2,exact_leaf_cached,10,1.0,1.0,1.0,0.5989722173790861,0.5594165383084927,0.6435869866118074,1.068,1.0450000000000002,1.09,1.0,1.0,1.0,0.12975579999920228,0.1213228687569881,0.13735674873992137
adult_income,0.0,free_l2,leaf_centroid,10,1.0,1.0,1.0,4.051742536787964,3.8214790038905675,4.250346214352356,5.0875,5.058000000000001,5.112,0.0,0.0,0.0,0.2656929999975546,0.24033925749757828,0.2912835687339566
adult_income,0.0,free_l2,metric_clbr,10,1.0,1.0,1.0,0.5989722173790861,0.5594165383084927,0.6435869866118074,1.068,1.0450000000000002,1.09,1.0,1.0,1.0,0.059456499992847966,0.055904619996510974,0.06290600500269647
adult_income,0.0,free_l2,metric_leaf_projection,10,1.0,1.0,1.0,0.5989722173790861,0.5594165383084927,0.6435869866118074,1.068,1.0450000000000002,1.09,1.0,1.0,1.0,0.05987124999410298,0.0573255312700212,0.06219739748563598
adult_income,0.0,free_l2,native_exact_k_sparse,10,1.0,1.0,1.0,0.5989722173790861,0.5594165383084927,0.6435869866118074,1.068,1.0450000000000002,1.09,1.0,1.0,1.0,0.1244117499963977,0.11613282874395736,0.13231220875319422
adult_income,0.0,free_l2,nn_positive_train,10,1.0,1.0,1.0,2.6532018548782945,2.575735782363121,2.7322237971524386,3.918,3.8669749999999996,3.9555124999999998,0.15299999999999997,0.12449999999999999,0.1895,0.06766479998987052,0.0635009987440867,0.07177407498345474
adult_income,0.0,free_l2,raw_leaf_projection,10,1.0,1.0,1.0,1.3965815835304096,1.3314865679808954,1.4659905689481403,1.8765,1.7684875,1.9625,1.0,1.0,1.0,0.06503850000808598,0.06138209250758564,0.06839650625483955
adult_income,0.0,immutable_l2,clbr,10,0.6610000000000001,0.625,0.6930125000000001,1.3648444228279364,1.293758328673349,1.4465853396799908,1.5289234403324206,1.4062414832911156,1.6196686395526032,0.9992805755395683,0.9978417266187052,1.0,0.09089904998700149,0.0850904287275398,0.09730161247954357
adult_income,0.0,immutable_l2,clbr_uncached,10,0.6610000000000001,0.625,0.6930125000000001,1.3648444228279364,1.293758328673349,1.4465853396799908,1.5289234403324206,1.4062414832911156,1.6196686395526032,0.9992805755395683,0.9978417266187052,1.0,0.12075930000673907,0.11131395000412567,0.13057277000482373
adult_income,0.0,immutable_l2,exact_leaf,10,1.0,1.0,1.0,0.6173392095813166,0.5750064587332339,0.6642655137617439,1.0295,1.0179999999999998,1.0415,1.0,1.0,1.0,0.4534425000019837,0.40155828499551943,0.5037217875023202
adult_income,0.0,immutable_l2,exact_leaf_cached,10,1.0,1.0,1.0,0.6173392095813166,0.5750064587332339,0.6642655137617439,1.0295,1.0179999999999998,1.0415,1.0,1.0,1.0,0.12829780000720348,0.12220536250601981,0.13337176250379343
adult_income,0.0,immutable_l2,leaf_centroid,10,0.8619999999999999,0.828,0.8935000000000001,3.4820158012456615,3.1568925578661267,3.772277023326579,3.068865207247602,3.030772855926185,3.098483026699112,0.9016390897985982,0.8821653680962044,0.9219695093121244,0.2629641000025913,0.2400502699998924,0.2857063300078494
adult_income,0.0,immutable_l2,metric_clbr,10,0.9469999999999998,0.938,0.9574999999999999,0.6235871947031969,0.5794412742926397,0.6742599726791763,1.0412638517449893,1.0249153751377218,1.058668525392211,1.0,1.0,1.0,0.06458180001209257,0.05963629999191653,0.06877304878107679
adult_income,0.0,immutable_l2,metric_leaf_projection,10,0.9410000000000001,0.9295,0.9535,0.6128770448510394,0.5715875501533239,0.6583545132497387,1.0308747857322387,1.018063437707748,1.0440947548518933,1.0,1.0,1.0,0.058602300019174436,0.05499589503239122,0.061455831256171226
adult_income,0.0,immutable_l2,native_exact_k_sparse,10,1.0,1.0,1.0,0.6173392095813166,0.5750064587332339,0.6642655137617439,1.0295,1.0179999999999998,1.0415,1.0,1.0,1.0,0.12157254999601719,0.11558744625530153,0.1260122837583367
adult_income,0.0,immutable_l2,nn_positive_train,10,0.658,0.623,0.6885,2.2601346914143043,2.1810287843023377,2.3433072748718002,1.9565435784076908,1.921835814647724,1.986215273608426,1.0,1.0,1.0,0.06639490000816295,0.06298200501803422,0.06921741750438741
adult_income,0.0,immutable_l2,raw_leaf_projection,10,0.6455,0.608,0.6799999999999999,1.338526990774247,1.2670439827158517,1.4138225329245675,1.499972740079344,1.3674587076868343,1.596878557925859,1.0,1.0,1.0,0.0634543500050313,0.060037933749538294,0.06635476375769259
adult_income,0.0,immutable_top3_l1,clbr,10,0.6605000000000001,0.6249874999999999,0.692,1.5861233991801202,1.4716672716605235,1.7321408877036333,1.527800054942393,1.4049424146564786,1.6178932995758912,1.0,1.0,1.0,0.09291215000439479,0.0876598062519065,0.09849203375549678
adult_income,0.0,immutable_top3_l1,clbr_uncached,10,0.6605000000000001,0.6249874999999999,0.692,1.5861233991801202,1.4716672716605235,1.7321408877036333,1.527800054942393,1.4049424146564786,1.6178932995758912,1.0,1.0,1.0,0.12497849998362653,0.11684539499207176,0.13395959373073082
adult_income,0.0,immutable_top3_l1,exact_leaf,10,0.9894999999999999,0.9804999999999999,0.9974999999999999,0.6647683356420473,0.6186638479985925,0.7172613144330275,1.0288469714809,1.0208795068027212,1.0354449838108322,1.0,1.0,1.0,0.4334103499918456,0.3832878962412565,0.48136743249513075
adult_income,0.0,immutable_top3_l1,exact_leaf_cached,10,0.9894999999999999,0.9804999999999999,0.9974999999999999,0.6647683356420473,0.6186638479985925,0.7172613144330275,1.0288469714809,1.0208795068027212,1.0354449838108322,1.0,1.0,1.0,0.12190104999945106,0.11661509000056185,0.1271483512447844
adult_income,0.0,immutable_top3_l1,leaf_centroid,10,0.634,0.5544875,0.7100000000000001,3.393935595847444,3.1176952908560587,3.6953964465506903,2.7110596584872555,2.5916987175522146,2.8122654307402843,1.0,1.0,1.0,0.26004284999226,0.23791648375081423,0.2821255699907283
adult_income,0.0,immutable_top3_l1,metric_clbr,10,0.942,0.9305000000000001,0.9535,0.7474988890012175,0.6903880883458672,0.8097950358655355,1.0711282289419137,1.0557162674825007,1.0853113485811094,1.0,1.0,1.0,0.07071359999144988,0.06716815374621773,0.07452332373892431
adult_income,0.0,immutable_top3_l1,metric_leaf_projection,10,0.9145,0.9004999999999999,0.9275,0.6148323430878087,0.5732845377022737,0.6616114817122299,1.018019492270965,1.0110782411819785,1.0244012019126132,1.0,1.0,1.0,0.05606384998873182,0.053529728745843386,0.05842437998690002
adult_income,0.0,immutable_top3_l1,native_exact_k_sparse,10,1.0,1.0,1.0,0.6201646563839187,0.5775382256362002,0.6681134220576351,1.018,1.012,1.0235,1.0,1.0,1.0,0.12142075000747354,0.11629362375183519,0.12614234125973098
adult_income,0.0,immutable_top3_l1,nn_positive_train,10,0.658,0.623,0.6885,2.9299366313754946,2.8073834358565026,3.0513976872253705,1.9565435784076908,1.921835814647724,1.986215273608426,1.0,1.0,1.0,0.06476639999027611,0.06120489373514602,0.06812112749132666
adult_income,0.0,immutable_top3_l1,raw_leaf_projection,10,0.636,0.6015,0.6685000000000001,1.5164411763505934,1.4131260210359058,1.642317440543311,1.499378742186034,1.3666246990236228,1.5964369859337464,1.0,1.0,1.0,0.06190144999345648,0.05951483749736326,0.06445331248639832
adult_income,0.5,free_l2,clbr,10,1.0,1.0,1.0,1.064066764089689,0.991457707612034,1.1526270031044303,1.6860000000000004,1.5815,1.7725125000000002,1.0,1.0,1.0,0.05746279999630133,0.05442182999819352,0.06060148874821607
adult_income,0.5,free_l2,clbr_uncached,10,1.0,1.0,1.0,1.064066764089689,0.991457707612034,1.1526270031044303,1.6860000000000004,1.5815,1.7725125000000002,1.0,1.0,1.0,0.0836430999975164,0.0770463999920139,0.09084735750441268
adult_income,0.5,free_l2,exact_leaf,10,1.0,1.0,1.0,0.5588731780665,0.5186935402870702,0.5994703341398899,1.1705,1.1105,1.2289999999999999,1.0,1.0,1.0,0.4415696999853935,0.3847767087426064,0.5045907987368538
adult_income,0.5,free_l2,exact_leaf_cached,10,1.0,1.0,1.0,0.5588731780665,0.5186935402870702,0.5994703341398899,1.1705,1.1105,1.2289999999999999,1.0,1.0,1.0,0.12218799999982366,0.11344695374089042,0.1313659099947017
adult_income,0.5,free_l2,leaf_centroid,10,1.0,1.0,1.0,3.877930283789091,3.494771414529678,4.265466414664355,5.043000000000001,4.986487499999999,5.0825000000000005,0.0,0.0,0.0,0.2591541000001598,0.23376622626096832,0.2875452387596738
adult_income,0.5,free_l2,metric_clbr,10,1.0,1.0,1.0,0.5588731780665,0.5186935402870702,0.5994703341398899,1.1705,1.1105,1.2289999999999999,1.0,1.0,1.0,0.05710155000269879,0.05374874748131333,0.06060287751042779
adult_income,0.5,free_l2,metric_leaf_projection,10,1.0,1.0,1.0,0.5588731780665,0.5186935402870702,0.5994703341398899,1.1705,1.1105,1.2289999999999999,1.0,1.0,1.0,0.05745849999084385,0.05459299249696414,0.060254856228687
adult_income,0.5,free_l2,native_exact_k_sparse,10,1.0,1.0,1.0,0.5588731780665,0.5186935402870702,0.5994703341398899,1.1705,1.1105,1.2289999999999999,1.0,1.0,1.0,0.11650395001606739,0.10912798127891392,0.12427785876482175
adult_income,0.5,free_l2,nn_positive_train,10,1.0,1.0,1.0,2.4367948650932654,2.361279396052545,2.51370623088734,4.051,3.9880000000000004,4.100499999999999,0.067,0.032987499999999996,0.11399999999999999,0.06358250000403132,0.05881703001562073,0.06883810000613266
adult_income,0.5,free_l2,raw_leaf_projection,10,1.0,1.0,1.0,1.064066764089689,0.991457707612034,1.1526270031044303,1.6860000000000004,1.5815,1.7725125000000002,1.0,1.0,1.0,0.0629532500120149,0.059671253762940066,0.06659403375756483
adult_income,0.5,immutable_l2,clbr,10,0.8560000000000001,0.8205,0.889,0.9992957985045642,0.9255325224086276,1.077003834434871,1.5124626897499558,1.3780958274009305,1.6111279085587678,1.0,1.0,1.0,0.06889399998499357,0.06314089249196968,0.07603289373320195
adult_income,0.5,immutable_l2,clbr_uncached,10,0.8560000000000001,0.8205,0.889,0.9992957985045642,0.9255325224086276,1.077003834434871,1.5124626897499558,1.3780958274009305,1.6111279085587678,1.0,1.0,1.0,0.0966782499999681,0.0865799024961916,0.10835913376064356
adult_income,0.5,immutable_l2,exact_leaf,10,1.0,1.0,1.0,0.5698720772739894,0.5258299834485605,0.6157049536903586,1.1155,1.063,1.1709999999999998,1.0,1.0,1.0,0.43668095000248286,0.37935659374185204,0.5026329550095511
adult_income,0.5,immutable_l2,exact_leaf_cached,10,1.0,1.0,1.0,0.5698720772739894,0.5258299834485605,0.6157049536903586,1.1155,1.063,1.1709999999999998,1.0,1.0,1.0,0.12190040000723457,0.11348949875698508,0.13102406500084954
adult_income,0.5,immutable_l2,leaf_centroid,10,0.9460000000000001,0.9215,0.969,3.3771457982160333,2.9365399073097014,3.8171944871825914,3.041134826373497,2.9828082007405317,3.081461005353691,0.9286300891620952,0.9069942255602972,0.9491071119087398,0.25331070000356704,0.22805937249689806,0.28144059749565714
adult_income,0.5,immutable_l2,metric_clbr,10,0.9684999999999999,0.9574999999999999,0.9789999999999999,0.5841878374939478,0.527772100533071,0.6509670925275777,1.141452790883784,1.075984636035085,1.2050603162665932,0.9989361702127659,0.9968085106382979,1.0,0.061848749991440855,0.05538154998976097,0.06971016747506838
adult_income,0.5,immutable_l2,metric_leaf_projection,10,0.9570000000000001,0.9329874999999999,0.975,0.5622631912831503,0.5216042993776354,0.6025985291378226,1.1184584138295437,1.0646523206335594,1.1748612046642122,1.0,1.0,1.0,0.05543569999508691,0.05177342373282272,0.05939215874985848
adult_income,0.5,immutable_l2,native_exact_k_sparse,10,1.0,1.0,1.0,0.5698720772739894,0.5258299834485605,0.6157049536903586,1.1155,1.063,1.1709999999999998,1.0,1.0,1.0,0.11390040000969748,0.10638157626707426,0.12199559624075391
adult_income,0.5,immutable_l2,nn_positive_train,10,0.853,0.8184874999999999,0.8859999999999999,2.053209697973499,1.9740225433024932,2.1388485673434317,2.0470026370314303,1.9773051320399762,2.1009332587811196,0.9993939393939394,0.9981818181818183,1.0,0.06225070000073174,0.05811823000325376,0.06686994749117048
adult_income,0.5,immutable_l2,raw_leaf_projection,10,0.8480000000000001,0.8109999999999999,0.8835000000000001,0.9841140134397952,0.912379492471977,1.0616529720570445,1.500457159689247,1.361241797377768,1.6028069494581734,1.0,1.0,1.0,0.05988754999725643,0.05595769250721787,0.06416966624155976
adult_income,0.5,immutable_top3_l1,clbr,10,0.8560000000000001,0.8205,0.889,1.1926409789104813,1.079904376013207,1.3246875067409012,1.5172790461801433,1.3823519466284846,1.617709453987718,1.0,1.0,1.0,0.0740630499949475,0.06745623375313699,0.08106375372925641
adult_income,0.5,immutable_top3_l1,clbr_uncached,10,0.8560000000000001,0.8205,0.889,1.1926409789104813,1.079904376013207,1.3246875067409012,1.5172790461801433,1.3823519466284846,1.617709453987718,1.0,1.0,1.0,0.10317120001764124,0.09293537376585163,0.11453694252137439
adult_income,0.5,immutable_top3_l1,exact_leaf,10,0.9960000000000001,0.9915,0.999,0.6378860852289723,0.5946072800324798,0.6880249904750647,1.072978128117396,1.0416156806761074,1.1093279442201731,1.0,1.0,1.0,0.4131144000002678,0.35875584875116145,0.4722464262571294
adult_income,0.5,immutable_top3_l1,exact_leaf_cached,10,0.9960000000000001,0.9915,0.999,0.6378860852289723,0.5946072800324798,0.6880249904750647,1.072978128117396,1.0416156806761074,1.1093279442201731,1.0,1.0,1.0,0.1166082500126322,0.1082917512543304,0.1263356212712438
adult_income,0.5,immutable_top3_l1,leaf_centroid,10,0.6940000000000001,0.5934875,0.7909999999999999,3.247816099879831,2.8774565377067844,3.6099262733890174,2.701513511211072,2.536070007140065,2.814280816475763,1.0,1.0,1.0,0.25078174999134717,0.22582562497144637,0.27908452875925605
adult_income,0.5,immutable_top3_l1,metric_clbr,10,0.976,0.97,0.982,0.7783699463966769,0.6893665650108126,0.8677228431438891,1.137756530874772,1.0857026327436234,1.1874959449101437,1.0,1.0,1.0,0.07216980001703632,0.06541761500992607,0.07890298752249691
adult_income,0.5,immutable_top3_l1,metric_leaf_projection,10,0.93,0.9139999999999999,0.945,0.573124907536342,0.5309959283145249,0.6185068416960634,1.0517567056790684,1.0219112517326785,1.0860334750945495,1.0,1.0,1.0,0.05368430000680746,0.05015225876436489,0.057769100001326026
adult_income,0.5,immutable_top3_l1,native_exact_k_sparse,10,1.0,1.0,1.0,0.5806936059219242,0.5370739344045632,0.6285962863260719,1.05,1.0214999999999996,1.0829999999999997,1.0,1.0,1.0,0.1189273500026502,0.11055778876697105,0.12808981249459067
adult_income,0.5,immutable_top3_l1,nn_positive_train,10,0.853,0.8184874999999999,0.8859999999999999,2.6847993334947793,2.558794030199198,2.8088692049690245,2.0463965764253693,1.9766087115413873,2.0995169875498365,1.0,1.0,1.0,0.06216744999301227,0.058174253745892204,0.0668088112460282
adult_income,0.5,immutable_top3_l1,raw_leaf_projection,10,0.8355,0.7979874999999998,0.8720000000000001,1.135542485407464,1.027778679672444,1.25984661532184,1.499166124486941,1.3608001570633448,1.6013824631639197,1.0,1.0,1.0,0.05915289999848028,0.0560468437476743,0.06278711124944039
adult_income,1.0,free_l2,clbr,10,1.0,1.0,1.0,0.9145324166238286,0.8455860940013629,0.9962566858971054,1.3545,1.2689999999999997,1.4275125,1.0,1.0,1.0,0.05445749999034888,0.05044769123643391,0.059411658737860765
adult_income,1.0,free_l2,clbr_uncached,10,1.0,1.0,1.0,0.9145324166238286,0.8455860940013629,0.9962566858971054,1.3545,1.2689999999999997,1.4275125,1.0,1.0,1.0,0.07917189999807306,0.07123185375760385,0.08861417624054867
adult_income,1.0,free_l2,exact_leaf,10,1.0,1.0,1.0,0.4699377358284497,0.4282658817108283,0.5111030843772542,1.134,1.0765,1.1885,1.0,1.0,1.0,0.4274593499862931,0.3665564074752524,0.4939743437377843
adult_income,1.0,free_l2,exact_leaf_cached,10,1.0,1.0,1.0,0.4699377358284497,0.4282658817108283,0.5111030843772542,1.134,1.0765,1.1885,1.0,1.0,1.0,0.11687050001091848,0.10843693249078115,0.12713340877025986
adult_income,1.0,free_l2,leaf_centroid,10,1.0,1.0,1.0,3.8467218951476214,3.3016042831135795,4.454245410582035,5.0095,4.9355,5.051,0.0,0.0,0.0,0.2488208000022496,0.2204528762546488,0.2814668687586391
adult_income,1.0,free_l2,metric_clbr,10,1.0,1.0,1.0,0.4699377358284497,0.4282658817108283,0.5111030843772542,1.134,1.0765,1.1885,1.0,1.0,1.0,0.05430470000874266,0.05115054750101535,0.05800442001387864
adult_income,1.0,free_l2,metric_leaf_projection,10,1.0,1.0,1.0,0.4699377358284497,0.4282658817108283,0.5111030843772542,1.134,1.0765,1.1885,1.0,1.0,1.0,0.0543181000102777,0.05084096500252144,0.058524761275782565
adult_income,1.0,free_l2,native_exact_k_sparse,10,1.0,1.0,1.0,0.4699377358284497,0.4282658817108283,0.5111030843772542,1.134,1.0765,1.1885,1.0,1.0,1.0,0.10965300001180367,0.10194344000169622,0.11851525001475238
adult_income,1.0,free_l2,nn_positive_train,10,1.0,1.0,1.0,2.569258932133226,2.4758717852276773,2.6571563530400484,4.1065000000000005,4.0489875,4.153,0.0425,0.014000000000000002,0.082,0.06163209998703678,0.05711021873215714,0.06729443748865833
adult_income,1.0,free_l2,raw_leaf_projection,10,1.0,1.0,1.0,0.9145324166238286,0.8455860940013629,0.9962566858971054,1.3545,1.2689999999999997,1.4275125,1.0,1.0,1.0,0.05943424999122726,0.05461089499044647,0.0651409274900857
adult_income,1.0,immutable_l2,clbr,10,0.9964999999999999,0.9914999999999999,1.0,0.913170675449934,0.8449553557075649,0.9948231807336286,1.353182595182595,1.2662626262626264,1.4276905303030303,1.0,1.0,1.0,0.05485274999000467,0.050743047482126255,0.0596940399931782
adult_income,1.0,immutable_l2,clbr_uncached,10,0.9964999999999999,0.9914999999999999,1.0,0.913170675449934,0.8449553557075649,0.9948231807336286,1.353182595182595,1.2662626262626264,1.4276905303030303,1.0,1.0,1.0,0.07923560001609076,0.07145063749916289,0.0886752350133179
adult_income,1.0,immutable_l2,exact_leaf,10,1.0,1.0,1.0,0.4724989452322446,0.42968451096322124,0.516092702157149,1.1255,1.0735,1.1760125,1.0,1.0,1.0,0.4169982000003074,0.35946254375329545,0.4803155212497586
adult_income,1.0,immutable_l2,exact_leaf_cached,10,1.0,1.0,1.0,0.4724989452322446,0.42968451096322124,0.516092702157149,1.1255,1.0735,1.1760125,1.0,1.0,1.0,0.11722289999852364,0.10761749999574022,0.12838172000077747
adult_income,1.0,immutable_l2,leaf_centroid,10,0.9824999999999999,0.952,1.0,3.284150040549086,2.6967598615450883,3.935977368545475,3.010468703059113,2.9364992175764777,3.0528510560002897,0.9469916810945485,0.9350538411595795,0.9577160714285714,0.24290430001337882,0.21584689626374712,0.2724201562717212
adult_income,1.0,immutable_l2,metric_clbr,10,0.9984999999999999,0.9954999999999998,1.0,0.4808580638199923,0.43465131002605,0.5314351588410422,1.140464467005076,1.077,1.2013942893401015,0.999492385786802,0.9984771573604061,1.0,0.05604425000728952,0.05113494500661773,0.06187571250501378
adult_income,1.0,immutable_l2,metric_leaf_projection,10,0.991,0.976,0.9995,0.4682913611739082,0.4274136087589889,0.5083601670457762,1.126230816243379,1.0736450122232783,1.1774167458916203,1.0,1.0,1.0,0.05457615000750593,0.05114800001729236,0.058739042504191735
adult_income,1.0,immutable_l2,native_exact_k_sparse,10,1.0,1.0,1.0,0.4724989452322446,0.42968451096322124,0.516092702157149,1.1255,1.0735,1.1760125,1.0,1.0,1.0,0.10883035000688324,0.1011820300049294,0.11776620626432077
adult_income,1.0,immutable_l2,nn_positive_train,10,0.9909999999999999,0.9809999999999999,0.9974999999999999,2.1478515882054117,2.047373636688704,2.244798447102267,2.1026023057873098,2.048039267676768,2.146461632691634,0.9969372674109517,0.9943320042530569,0.999,0.061641800002689706,0.057374320009944316,0.06663400874141416
adult_income,1.0,immutable_l2,raw_leaf_projection,10,0.9960000000000001,0.9905000000000002,1.0,0.9127012637018381,0.8446310583264859,0.994234357917477,1.3523810876449067,1.265642431856251,1.4269495490271873,1.0,1.0,1.0,0.05843179999237691,0.05422188999558557,0.06331551249963922
adult_income,1.0,immutable_top3_l1,clbr,10,0.9949999999999999,0.9889999999999999,0.9995,1.0975213848922762,0.9889549359811947,1.2131368330819272,1.3644335718475749,1.2732885127893971,1.442566580324302,1.0,1.0,1.0,0.062466050008424645,0.057169050005927605,0.06853926376027175
adult_income,1.0,immutable_top3_l1,clbr_uncached,10,0.9949999999999999,0.9889999999999999,0.9995,1.0975213848922762,0.9889549359811947,1.2131368330819272,1.3644335718475749,1.2732885127893971,1.442566580324302,1.0,1.0,1.0,0.09283315001084702,0.08473374001157481,0.10294924876565119
adult_income,1.0,immutable_top3_l1,exact_leaf,10,1.0,1.0,1.0,0.5340383994764677,0.4863564515475722,0.5839418543914651,1.1135,1.0635,1.164,1.0,1.0,1.0,0.4165226499999335,0.35947280000709725,0.47963558250150984
adult_income,1.0,immutable_top3_l1,exact_leaf_cached,10,1.0,1.0,1.0,0.5340383994764677,0.4863564515475722,0.5839418543914651,1.1135,1.0635,1.164,1.0,1.0,1.0,0.1156829999895308,0.1083468799860043,0.12375632124204686
adult_income,1.0,immutable_top3_l1,leaf_centroid,10,0.6890000000000001,0.5509875,0.808,3.311940608661537,2.9969776091395,3.621524747023597,2.7365400724409508,2.566775256913353,2.8510421791406264,1.0,1.0,1.0,0.24731669999846417,0.2219754737441349,0.2766621662417606
adult_income,1.0,immutable_top3_l1,metric_clbr,10,0.9964999999999999,0.9924999999999999,0.9995,0.7392126422491688,0.6471282395673692,0.836342998821305,1.1868756025023075,1.1304134422110554,1.2395029996923395,1.0,1.0,1.0,0.07364450000159195,0.06832039375123031,0.07873156999701222
adult_income,1.0,immutable_top3_l1,metric_leaf_projection,10,0.9450000000000001,0.9305,0.959,0.48360055065675,0.43742521133908663,0.5297342801778904,1.1003235788044345,1.0449924769692156,1.1550100371872931,1.0,1.0,1.0,0.05324330000621558,0.049746147502798974,0.05719829251687543
adult_income,1.0,immutable_top3_l1,native_exact_k_sparse,10,1.0,1.0,1.0,0.4902919088429896,0.4441829459424534,0.5374765406877676,1.0985,1.044,1.153,1.0,1.0,1.0,0.11814754999113575,0.11077381999097043,0.12573175373291862
adult_income,1.0,immutable_top3_l1,nn_positive_train,10,0.9909999999999999,0.9809999999999999,0.9974999999999999,2.783870797224597,2.633973862652921,2.928605307550598,2.0995395731982613,2.045757566407262,2.1422692157290975,1.0,1.0,1.0,0.06232199999249133,0.05816537124118213,0.06709161249516456
adult_income,1.0,immutable_top3_l1,raw_leaf_projection,10,0.975,0.966,0.984,1.0256043113514015,0.9366291499075632,1.1312325060755115,1.3501800556598798,1.2646981794517924,1.4234410158792348,1.0,1.0,1.0,0.05835340000066935,0.054976928755058906,0.06211463250361931
adult_income,1.5,free_l2,clbr,10,1.0,1.0,1.0,0.8975809523347656,0.7779012177885842,1.0202907291659646,1.152,1.1315000000000002,1.169,1.0,1.0,1.0,0.05290030001106061,0.04979396877096178,0.05636418376079746
adult_income,1.5,free_l2,clbr_uncached,10,1.0,1.0,1.0,0.8975809523347656,0.7779012177885842,1.0202907291659646,1.152,1.1315000000000002,1.169,1.0,1.0,1.0,0.07944844999383349,0.07408637999876647,0.0852755449893607
adult_income,1.5,free_l2,exact_leaf,10,1.0,1.0,1.0,0.4639047983576535,0.39134958184321694,0.5315434837051306,1.0305,1.013,1.0505,1.0,1.0,1.0,0.41548345000501286,0.36322003625159593,0.4698787225069509
adult_income,1.5,free_l2,exact_leaf_cached,10,1.0,1.0,1.0,0.4639047983576535,0.39134958184321694,0.5315434837051306,1.0305,1.013,1.0505,1.0,1.0,1.0,0.11576960001093539,0.10952828251564597,0.12237853000190171
adult_income,1.5,free_l2,leaf_centroid,10,1.0,1.0,1.0,4.030624140841246,3.383332193057252,4.777090693452893,4.974,4.835,5.050012500000001,0.0,0.0,0.0,0.24337130001231344,0.21920227749806145,0.26856801626524884
adult_income,1.5,free_l2,metric_clbr,10,1.0,1.0,1.0,0.4639047983576535,0.39134958184321694,0.5315434837051306,1.0305,1.013,1.0505,1.0,1.0,1.0,0.052850400007628195,0.05045436626074888,0.055499212502707
adult_income,1.5,free_l2,metric_leaf_projection,10,1.0,1.0,1.0,0.4639047983576535,0.39134958184321694,0.5315434837051306,1.0305,1.013,1.0505,1.0,1.0,1.0,0.05442694998873776,0.05128616873274723,0.05779773873732666
adult_income,1.5,free_l2,native_exact_k_sparse,10,1.0,1.0,1.0,0.4639047983576535,0.39134958184321694,0.5315434837051306,1.0305,1.013,1.0505,1.0,1.0,1.0,0.10853040000120018,0.10254246500883255,0.1146544424959302
adult_income,1.5,free_l2,nn_positive_train,10,1.0,1.0,1.0,2.898990430985422,2.8110583604577695,3.002566113460124,4.1595,4.1155,4.196,0.014500000000000002,0.003,0.032499999999999994,0.05999755000584628,0.056045066253454935,0.06413177124641152
adult_income,1.5,free_l2,raw_leaf_projection,10,1.0,1.0,1.0,0.8975809523347656,0.7779012177885842,1.0202907291659646,1.152,1.1315000000000002,1.169,1.0,1.0,1.0,0.05779169999277656,0.05413513249616244,0.06201689248590583
adult_income,1.5,immutable_l2,clbr,10,0.9995,0.9984999999999999,1.0,0.897484717648339,0.7779012177885842,1.0201944944795378,1.1520804020100504,1.1315804020100504,1.1691608040201007,1.0,1.0,1.0,0.05507215001352961,0.05214066625610485,0.05804405754214486
adult_income,1.5,immutable_l2,clbr_uncached,10,0.9995,0.9984999999999999,1.0,0.897484717648339,0.7779012177885842,1.0201944944795378,1.1520804020100504,1.1315804020100504,1.1691608040201007,1.0,1.0,1.0,0.07931225000129416,0.07284284376522691,0.08630293249869965
adult_income,1.5,immutable_l2,exact_leaf,10,1.0,1.0,1.0,0.4659592507641059,0.39210606078003024,0.5352844383801826,1.025,1.012,1.0385000000000002,1.0,1.0,1.0,0.41963039999927787,0.36540603000511285,0.47541308749865724
adult_income,1.5,immutable_l2,exact_leaf_cached,10,1.0,1.0,1.0,0.4659592507641059,0.39210606078003024,0.5352844383801826,1.025,1.012,1.0385000000000002,1.0,1.0,1.0,0.11728364998680263,0.10998163873772455,0.12452925497989327
adult_income,1.5,immutable_l2,leaf_centroid,10,0.9650000000000001,0.8949999999999999,1.0,3.2657171882028373,2.561426400632065,4.0876365787187074,2.978269230769231,2.837,3.059307692307692,0.952730769230769,0.9354548076923075,0.968,0.24614360000077795,0.22202419125287634,0.27123423750566644
adult_income,1.5,immutable_l2,metric_clbr,10,0.9995,0.9984999999999999,1.0,0.47130577202956064,0.393780617204078,0.5460926881820021,1.035575376884422,1.013,1.0652261306532662,1.0,1.0,1.0,0.05570280001620631,0.05210809877465863,0.059600652511505814
adult_income,1.5,immutable_l2,metric_leaf_projection,10,0.994,0.9819999999999999,1.0,0.4619804803383679,0.39005509989527154,0.5296488950165988,1.0247553191489363,1.012,1.038255585106383,1.0,1.0,1.0,0.054106199992020265,0.05111266375217838,0.05737569998791514
adult_income,1.5,immutable_l2,native_exact_k_sparse,10,1.0,1.0,1.0,0.4659592507641059,0.39210606078003024,0.5352844383801826,1.025,1.012,1.0385000000000002,1.0,1.0,1.0,0.11214150000250811,0.10590515874723679,0.11815223875677247
adult_income,1.5,immutable_l2,nn_positive_train,10,0.9960000000000001,0.99,1.0,2.333083505469388,2.234515992535449,2.444420935016768,2.156209618638553,2.1124927404659637,2.192521801379669,0.9969719510607835,0.9949286736951711,0.9989875000000001,0.06058074999600649,0.056813140003646366,0.06476159249501734
adult_income,1.5,immutable_l2,raw_leaf_projection,10,0.9995,0.9984999999999999,1.0,0.897484717648339,0.7779012177885842,1.0201944944795378,1.1520804020100504,1.1315804020100504,1.1691608040201007,1.0,1.0,1.0,0.05876295001553444,0.05504448251462009,0.0627047650182135
adult_income,1.5,immutable_top3_l1,clbr,10,0.999,0.9970000000000001,1.0,1.1361659739124987,1.002070313428036,1.2557024998328583,1.1912121212121212,1.1635,1.2154999999999998,1.0,1.0,1.0,0.07251470002620408,0.06576527252943834,0.0787806512772022
adult_income,1.5,immutable_top3_l1,clbr_uncached,10,0.999,0.9970000000000001,1.0,1.1361659739124987,1.002070313428036,1.2557024998328583,1.1912121212121212,1.1635,1.2154999999999998,1.0,1.0,1.0,0.10140289999162633,0.09587350499468812,0.10799296123328758
adult_income,1.5,immutable_top3_l1,exact_leaf,10,1.0,1.0,1.0,0.5319667168818529,0.4583638573129175,0.5994097067418442,1.0245,1.0145,1.035,1.0,1.0,1.0,0.4199766500073565,0.3628278975206058,0.48386380500826365
adult_income,1.5,immutable_top3_l1,exact_leaf_cached,10,1.0,1.0,1.0,0.5319667168818529,0.4583638573129175,0.5994097067418442,1.0245,1.0145,1.035,1.0,1.0,1.0,0.11588995000329305,0.10914894625479973,0.12378154500527216
adult_income,1.5,immutable_top3_l1,leaf_centroid,10,0.7140000000000001,0.541,0.858,3.9830409428128717,3.376768199982793,4.641400913948285,2.7612270260583953,2.5892377609226735,2.874451977198497,1.0,1.0,1.0,0.24877205000848335,0.22401382253274277,0.2757001875102105
adult_income,1.5,immutable_top3_l1,metric_clbr,10,0.9974999999999999,0.994,1.0,0.8583259703287028,0.7358028845730382,0.9795593141140491,1.147945444290622,1.113445444290622,1.1814998987335281,1.0,1.0,1.0,0.08453020001570621,0.07857624000388341,0.09047377253044715
adult_income,1.5,immutable_top3_l1,metric_leaf_projection,10,0.915,0.893,0.937,0.4596875827467957,0.3855175114019943,0.5290360813494273,1.0143689664160904,1.006111864100479,1.0231137116538218,1.0,1.0,1.0,0.054152600000634266,0.05178214999705233,0.05686709749509191
adult_income,1.5,immutable_top3_l1,native_exact_k_sparse,10,1.0,1.0,1.0,0.4687189888412678,0.39472828502737545,0.5387416460609261,1.015,1.0064999999999997,1.024,1.0,1.0,1.0,0.1176134999959686,0.11118067248557964,0.1249734537598897
adult_income,1.5,immutable_top3_l1,nn_positive_train,10,0.9964999999999999,0.9914999999999999,1.0,2.991142820517205,2.8595909086240954,3.1358239718571665,2.153613280845333,2.110816326530612,2.188410235160054,1.0,1.0,1.0,0.0638525000140362,0.05997498375959367,0.06856374502320932
adult_income,1.5,immutable_top3_l1,raw_leaf_projection,10,0.9549999999999998,0.9400000000000001,0.9730000000000001,0.979356952651476,0.8485156218780768,1.1130311342969785,1.1504575790788545,1.1302356383574332,1.168075028319634,1.0,1.0,1.0,0.05963554999743792,0.05595774874662993,0.06388132749107171
bank_marketing,0.0,free_l2,clbr,10,1.0,1.0,1.0,1.2991749814213125,1.046023165591012,1.5447899261051163,1.525,1.453,1.5950125000000002,1.0,1.0,1.0,0.06177014999684616,0.04881165247859372,0.08210576498426007
bank_marketing,0.0,free_l2,clbr_uncached,10,1.0,1.0,1.0,1.2991749814213125,1.046023165591012,1.5447899261051163,1.525,1.453,1.5950125000000002,1.0,1.0,1.0,0.09421699999893463,0.07476291874886556,0.12383220874768314
bank_marketing,0.0,free_l2,exact_leaf,10,1.0,1.0,1.0,0.5742601977306536,0.4495445868181379,0.7249294812086714,1.5245000000000002,1.4595,1.5795125,0.998,0.994,1.0,0.5368861000129073,0.41216554251715254,0.6947476450027807
bank_marketing,0.0,free_l2,exact_leaf_cached,10,1.0,1.0,1.0,0.5742601977306536,0.4495445868181379,0.7249294812086714,1.5245000000000002,1.4595,1.5795125,0.998,0.994,1.0,0.13221245000431736,0.10671748375201559,0.16994105500152734
bank_marketing,0.0,free_l2,leaf_centroid,10,1.0,1.0,1.0,3.523396154735329,3.340471892302833,3.691900176490362,6.444500000000001,6.221500000000001,6.664,0.0,0.0,0.0,0.2865495500054749,0.23313859500459558,0.3550282950005112
bank_marketing,0.0,free_l2,metric_clbr,10,1.0,1.0,1.0,0.5742601977306536,0.4495445868181379,0.7249294812086714,1.5245000000000002,1.4595,1.5795125,0.998,0.994,1.0,0.061450200011677225,0.04928465001466975,0.07843473874995652
bank_marketing,0.0,free_l2,metric_leaf_projection,10,1.0,1.0,1.0,0.5742601977306536,0.4495445868181379,0.7249294812086714,1.5245000000000002,1.4595,1.5795125,0.998,0.994,1.0,0.06804430001011497,0.04962729499817442,0.09849495499857995
bank_marketing,0.0,free_l2,native_exact_k_sparse,10,1.0,1.0,1.0,0.5742601977306536,0.4495445868181379,0.7249294812086714,1.5245000000000002,1.4595,1.5795125,0.998,0.994,1.0,0.1351562500012733,0.1015490612470444,0.18636970501517003
bank_marketing,0.0,free_l2,nn_positive_train,10,1.0,1.0,1.0,3.2517534913603257,3.0894691193833386,3.414254032080225,5.564,5.314000000000001,5.8165,0.012499999999999999,0.006,0.0215,0.06284799999684765,0.05194760748354384,0.07734228249403259
bank_marketing,0.0,free_l2,raw_leaf_projection,10,1.0,1.0,1.0,1.2991749814213125,1.046023165591012,1.5447899261051163,1.525,1.453,1.5950125000000002,1.0,1.0,1.0,0.06468099999028709,0.05295979999661995,0.0822923912338979
bank_marketing,0.0,immutable_l2,clbr,10,0.5349999999999999,0.3795,0.6850125,0.8247660875585827,0.6448834474339641,1.0133626463847172,2.341846643924235,2.0765840602318635,2.610540486600873,0.7703487467267524,0.6771777923305027,0.8610282131435344,0.1544632500044827,0.13112181125733285,0.17976109751075459
bank_marketing,0.0,immutable_l2,clbr_uncached,10,0.5349999999999999,0.3795,0.6850125,0.8247660875585827,0.6448834474339641,1.0133626463847172,2.341846643924235,2.0765840602318635,2.610540486600873,0.7703487467267524,0.6771777923305027,0.8610282131435344,0.18017650000547292,0.15353008500417217,0.20700264750681754
bank_marketing,0.0,immutable_l2,exact_leaf,10,1.0,1.0,1.0,0.6863049693197472,0.48864630503918133,0.9296364675610996,1.4695,1.3669875,1.5369999999999997,1.0,1.0,1.0,0.41052740000122867,0.38285836624755804,0.43754676875822723
bank_marketing,0.0,immutable_l2,exact_leaf_cached,10,1.0,1.0,1.0,0.6863049693197472,0.48864630503918133,0.9296364675610996,1.4695,1.3669875,1.5369999999999997,1.0,1.0,1.0,0.10994539998137043,0.10697987747903426,0.11292974247648999
bank_marketing,0.0,immutable_l2,leaf_centroid,10,0.524,0.358,0.692,2.278180691806584,1.9715680662353992,2.617424204058044,3.8206872845283315,3.700427124880569,3.918040346910045,0.16624607144184744,0.07814342024944428,0.2680694049489669,0.24164299999711147,0.22538412248135273,0.2583085962495943
bank_marketing,0.0,immutable_l2,metric_clbr,10,0.853,0.7194625,0.9499999999999998,0.6071388398169467,0.4560135501233919,0.7905346040315783,1.5600592160362077,1.4609941793445327,1.6407933533761199,0.9829388188515873,0.9742721174491302,0.9901496886764833,0.07156284999700802,0.061479834984959326,0.08392416749495625
bank_marketing,0.0,immutable_l2,metric_leaf_projection,10,0.8195,0.6764875,0.9255000000000001,0.5570355096028445,0.4230419703339144,0.727311384527334,1.473101807853072,1.367254138997517,1.54739210449436,1.0,1.0,1.0,0.0516986500024359,0.04995353625032521,0.053345700003774255
bank_marketing,0.0,immutable_l2,native_exact_k_sparse,10,1.0,1.0,1.0,0.6863049693197472,0.48864630503918133,0.9296364675610996,1.4695,1.3669875,1.5369999999999997,1.0,1.0,1.0,0.10519525000017893,0.10298878623830206,0.10738205501010042
bank_marketing,0.0,immutable_l2,nn_positive_train,10,0.46499999999999997,0.32348750000000004,0.6034999999999999,1.5441195500286518,1.4162305832258268,1.6809825250011705,3.488913910599824,3.39604326125256,3.5621756175861115,0.45392186701364085,0.4008713560475574,0.5181685129023367,0.05034975000580744,0.04822494374946018,0.052811221251124606
bank_marketing,0.0,immutable_l2,raw_leaf_projection,10,0.3335,0.18050000000000002,0.49850000000000005,0.5568133792955297,0.31689103166204274,0.8967631884523407,1.3533686665301572,1.2348923338566196,1.4855484870202262,1.0,1.0,1.0,0.05409309999777179,0.05218797250761327,0.05627058874147224
bank_marketing,0.0,immutable_top3_l1,clbr,10,0.48100000000000004,0.34099999999999997,0.619,0.9928509419422042,0.7941689176791913,1.2074493762596648,2.2312764363096584,2.0323365759484178,2.429484120916155,1.0,1.0,1.0,0.16429904999904466,0.1399545900015596,0.1889888012487859
bank_marketing,0.0,immutable_top3_l1,clbr_uncached,10,0.48100000000000004,0.34099999999999997,0.619,0.9928509419422042,0.7941689176791913,1.2074493762596648,2.2312764363096584,2.0323365759484178,2.429484120916155,1.0,1.0,1.0,0.1975950499913779,0.17012086873966153,0.22462657498446106
bank_marketing,0.0,immutable_top3_l1,exact_leaf,10,1.0,1.0,1.0,1.218561497702226,0.9468027338857488,1.5084153484256149,1.3379999999999999,1.2114999999999998,1.4705,1.0,1.0,1.0,0.4076551999955882,0.3783994000027633,0.4374703524994743
bank_marketing,0.0,immutable_top3_l1,exact_leaf_cached,10,1.0,1.0,1.0,1.218561497702226,0.9468027338857488,1.5084153484256149,1.3379999999999999,1.2114999999999998,1.4705,1.0,1.0,1.0,0.10942710001017986,0.10562395126052024,0.11413872875688184
bank_marketing,0.0,immutable_top3_l1,leaf_centroid,10,0.4025,0.2585,0.5600125,2.6699170962794962,2.389113928417144,2.9378088335642305,2.9334748364713077,2.8742622512465235,2.9807967665327,1.0,1.0,1.0,0.24458079999658366,0.2290770437355718,0.26058457750108344
bank_marketing,0.0,immutable_top3_l1,metric_clbr,10,0.6105,0.49350000000000005,0.7265125000000001,0.7946403274653335,0.6412602681294333,0.960023443716318,1.5385500479047869,1.433724144914107,1.6149869876791199,1.0,1.0,1.0,0.09536785000409509,0.0857795987608938,0.10393645999457704
bank_marketing,0.0,immutable_top3_l1,metric_leaf_projection,10,0.5559999999999999,0.4375000000000001,0.675,0.6487878879796019,0.5250616963354459,0.8040781689888594,1.3866059178171088,1.2935781979399263,1.4632301131259087,1.0,1.0,1.0,0.04977059999691846,0.048475087502959015,0.05115668873276036
bank_marketing,0.0,immutable_top3_l1,native_exact_k_sparse,10,1.0,1.0,1.0,0.7622806724359722,0.5620036131272309,1.010878221855163,1.414,1.307,1.5015125,1.0,1.0,1.0,0.11146275000783135,0.10789920624857814,0.11543823252262655
bank_marketing,0.0,immutable_top3_l1,nn_positive_train,10,0.46499999999999997,0.32448750000000004,0.6025125000000001,1.6998962851244896,1.4925412777820133,1.9057337660489588,2.9439540047124657,2.913153169260077,2.9695000373861564,1.0,1.0,1.0,0.053226850005557935,0.05115469001016208,0.05611647999609204
bank_marketing,0.0,immutable_top3_l1,raw_leaf_projection,10,0.26749999999999996,0.127,0.42650000000000005,0.5971439544258889,0.3597048191432459,0.9047652457661005,1.3506479170615613,1.2222469316674038,1.488187403250774,1.0,1.0,1.0,0.05450465001695193,0.052756545026682033,0.05663472874631452
bank_marketing,0.5,free_l2,clbr,10,1.0,1.0,1.0,1.2211017037421719,1.0375430763220432,1.3995635861868432,1.4774999999999998,1.3975,1.5554999999999999,1.0,1.0,1.0,0.05067009998992944,0.04924455623657877,0.052043529982108795
bank_marketing,0.5,free_l2,clbr_uncached,10,1.0,1.0,1.0,1.2211017037421719,1.0375430763220432,1.3995635861868432,1.4774999999999998,1.3975,1.5554999999999999,1.0,1.0,1.0,0.07736110000041663,0.07451632374295514,0.08031478875468565
bank_marketing,0.5,free_l2,exact_leaf,10,1.0,1.0,1.0,0.5481661171738141,0.4179417373169509,0.704093674579436,1.4785,1.421,1.5315125,1.0,1.0,1.0,0.4295261500074048,0.3967228550102163,0.4618119550135361
bank_marketing,0.5,free_l2,exact_leaf_cached,10,1.0,1.0,1.0,0.5481661171738141,0.4179417373169509,0.704093674579436,1.4785,1.421,1.5315125,1.0,1.0,1.0,0.10935529998641869,0.10617046748621987,0.11285310498163881
bank_marketing,0.5,free_l2,leaf_centroid,10,1.0,1.0,1.0,3.139701646914205,3.0295803398102055,3.2720160653519628,6.5725,6.2704875,6.832012500000001,0.0,0.0,0.0,0.23834650000071633,0.22374845999684112,0.2536198362370669
bank_marketing,0.5,free_l2,metric_clbr,10,1.0,1.0,1.0,0.5481661171738141,0.4179417373169509,0.704093674579436,1.4785,1.421,1.5315125,1.0,1.0,1.0,0.050279449998924974,0.04909023124513397,0.05148304125209506
bank_marketing,0.5,free_l2,metric_leaf_projection,10,1.0,1.0,1.0,0.5481661171738141,0.4179417373169509,0.704093674579436,1.4785,1.421,1.5315125,1.0,1.0,1.0,0.05117299998755698,0.0501572262342961,0.052331274985510844
bank_marketing,0.5,free_l2,native_exact_k_sparse,10,1.0,1.0,1.0,0.5481661171738141,0.4179417373169509,0.704093674579436,1.4785,1.421,1.5315125,1.0,1.0,1.0,0.10378510000282404,0.10023421876019256,0.10852096125219078
bank_marketing,0.5,free_l2,nn_positive_train,10,1.0,1.0,1.0,3.304862606014654,3.1282572594140756,3.5102124011628972,5.837999999999999,5.5344999999999995,6.111012500000001,0.0,0.0,0.0,0.05183969999643523,0.05010656873730568,0.05382015625605163
bank_marketing,0.5,free_l2,raw_leaf_projection,10,1.0,1.0,1.0,1.2211017037421719,1.0375430763220432,1.3995635861868432,1.4774999999999998,1.3975,1.5554999999999999,1.0,1.0,1.0,0.05474489999733123,0.053217268761500236,0.05634398124504969
bank_marketing,0.5,immutable_l2,clbr,10,0.6259999999999999,0.48098750000000007,0.7495125000000001,0.7918959106409984,0.6561289813484092,0.9454862878038142,2.4808006262561504,2.263730841401071,2.719989687283978,0.6982185289198907,0.6126483094295406,0.7815290943914588,0.21179104999873744,0.1701190062556975,0.2612674399906837
bank_marketing,0.5,immutable_l2,clbr_uncached,10,0.6259999999999999,0.48098750000000007,0.7495125000000001,0.7918959106409984,0.6561289813484092,0.9454862878038142,2.4808006262561504,2.263730841401071,2.719989687283978,0.6982185289198907,0.6126483094295406,0.7815290943914588,0.2536151499953121,0.20133544750177634,0.32540990249109425
bank_marketing,0.5,immutable_l2,exact_leaf,10,1.0,1.0,1.0,0.6583036181547053,0.46995083130927207,0.9075158329128856,1.4040000000000004,1.3005,1.486,1.0,1.0,1.0,0.47654830000101356,0.38985593248931993,0.6082446675124629
bank_marketing,0.5,immutable_l2,exact_leaf_cached,10,1.0,1.0,1.0,0.6583036181547053,0.46995083130927207,0.9075158329128856,1.4040000000000004,1.3005,1.486,1.0,1.0,1.0,0.1309552999864536,0.10716043623204996,0.17343538498874977
bank_marketing,0.5,immutable_l2,leaf_centroid,10,0.6885,0.538,0.8340125,2.0025149205384283,1.7236666654302788,2.3409557074604446,3.8954244920128693,3.841034673283845,3.9452662803213157,0.1045755079871308,0.054733719678684616,0.1589653267161551,0.2714220999960162,0.227788638744903,0.33361946874805426
bank_marketing,0.5,immutable_l2,metric_clbr,10,0.8605,0.7384875,0.945,0.6084030492994816,0.46847764733635344,0.7753644157775904,1.5428939218972715,1.4400567886865938,1.623055940694578,0.9631005097650723,0.9452125500283757,0.9757503648674117,0.09312784999656287,0.07249976499542754,0.12744193500004714
bank_marketing,0.5,immutable_l2,metric_leaf_projection,10,0.805,0.6844875,0.893,0.5297815466434876,0.4062956817094233,0.6754807286281663,1.3986802606007172,1.300084838984603,1.4763905890206859,1.0,1.0,1.0,0.05673115000126927,0.0495914250039732,0.06893780000330026
bank_marketing,0.5,immutable_l2,native_exact_k_sparse,10,1.0,1.0,1.0,0.6583036181547053,0.46995083130927207,0.9075158329128856,1.4040000000000004,1.3005,1.486,1.0,1.0,1.0,0.12241405000258965,0.10273775125072007,0.15711014751284438
bank_marketing,0.5,immutable_l2,nn_positive_train,10,0.5665000000000001,0.4254875,0.6869999999999999,1.5269339243065194,1.4088819534120351,1.677264219052867,3.5446940084070326,3.429906516728998,3.6352131825812037,0.41199008173511187,0.3425896810759568,0.5056071428551009,0.06044035000104486,0.04894003000887324,0.08045380248886431
bank_marketing,0.5,immutable_l2,raw_leaf_projection,10,0.3155,0.1989875,0.4374999999999999,0.562099279805629,0.3474419442413007,0.9060347165386257,1.2939895967902846,1.1583925583785382,1.4439015824563806,1.0,1.0,1.0,0.06530254999051976,0.05402229124604219,0.0850187737344413
bank_marketing,0.5,immutable_top3_l1,clbr,10,0.5855,0.44650000000000006,0.7045125000000002,0.9100340648254983,0.7570034273475001,1.087925058852894,2.2610720749767337,2.0814599423351576,2.4565054009179232,1.0,1.0,1.0,0.1983327999978428,0.16362399625435273,0.23678489747757112
bank_marketing,0.5,immutable_top3_l1,clbr_uncached,10,0.5855,0.44650000000000006,0.7045125000000002,0.9100340648254983,0.7570034273475001,1.087925058852894,2.2610720749767337,2.0814599423351576,2.4565054009179232,1.0,1.0,1.0,0.22804224998935752,0.19292215749069327,0.2674104837273717
bank_marketing,0.5,immutable_top3_l1,exact_leaf,10,0.9995,0.9984999999999999,1.0,1.033868726392263,0.799946746968209,1.3002052302333826,1.2921381909547738,1.2051222361809044,1.3719167085427133,1.0,1.0,1.0,0.4038052000018979,0.3708822912691403,0.4366874024988988
bank_marketing,0.5,immutable_top3_l1,exact_leaf_cached,10,0.9995,0.9984999999999999,1.0,1.033868726392263,0.799946746968209,1.3002052302333826,1.2921381909547738,1.2051222361809044,1.3719167085427133,1.0,1.0,1.0,0.10768405000408166,0.10399558751155383,0.1117038450077871
bank_marketing,0.5,immutable_top3_l1,leaf_centroid,10,0.534,0.4264875,0.6490125000000001,2.4065657759373975,2.1179489804351936,2.709042625903902,2.937736291495706,2.8956621846961426,2.9741589523727185,1.0,1.0,1.0,0.24156389999780004,0.22234284125431714,0.2608014812511669
bank_marketing,0.5,immutable_top3_l1,metric_clbr,10,0.6975,0.5885,0.7955125000000003,0.738407808932801,0.6016503367251695,0.9030341174967711,1.506110911331143,1.396778021763996,1.5915171346558057,1.0,1.0,1.0,0.09196615000382735,0.0820139712430091,0.10141250625847534
bank_marketing,0.5,immutable_top3_l1,metric_leaf_projection,10,0.6305,0.5199874999999999,0.7329999999999999,0.6039864305137435,0.4691766220874458,0.76941283965612,1.3391936432497762,1.2531335511414154,1.4064561607553607,1.0,1.0,1.0,0.05030900001474947,0.0482446875101914,0.0520589625032585
bank_marketing,0.5,immutable_top3_l1,native_exact_k_sparse,10,1.0,1.0,1.0,0.7211234976201253,0.539574480574942,0.9586348316433764,1.376,1.2785,1.4540125,1.0,1.0,1.0,0.10911395000857738,0.10505816375605263,0.11372399751109015
bank_marketing,0.5,immutable_top3_l1,nn_positive_train,10,0.5645,0.4244875,0.6834999999999999,1.6985629381639122,1.5073438590591561,1.9390943165077543,2.9566332308283076,2.9266669404427383,2.979055559015506,1.0,1.0,1.0,0.051682350002010935,0.04905288000687733,0.05460766499488727
bank_marketing,0.5,immutable_top3_l1,raw_leaf_projection,10,0.2645,0.1524875,0.38901250000000004,0.5790613753129367,0.3877549415587059,0.8526866524011053,1.278226465706553,1.1464063096451116,1.4192249264286037,1.0,1.0,1.0,0.053356950000306824,0.05200739750061985,0.05471416250037464
bank_marketing,1.0,free_l2,clbr,10,1.0,1.0,1.0,1.1150016614663827,0.9431088773495115,1.3103094060961047,1.4994999999999998,1.4004999999999999,1.5980125,1.0,1.0,1.0,0.05102209997585305,0.049996794982803294,0.052153617472242786
bank_marketing,1.0,free_l2,clbr_uncached,10,1.0,1.0,1.0,1.1150016614663827,0.9431088773495115,1.3103094060961047,1.4994999999999998,1.4004999999999999,1.5980125,1.0,1.0,1.0,0.07721444997650906,0.07492983996573913,0.07965251749131994
bank_marketing,1.0,free_l2,exact_leaf,10,1.0,1.0,1.0,0.5357758905648172,0.4146404713969014,0.679288366996336,1.48,1.4285,1.528,1.0,1.0,1.0,0.43407969999134366,0.40395041250784514,0.4657788924900842
bank_marketing,1.0,free_l2,exact_leaf_cached,10,1.0,1.0,1.0,0.5357758905648172,0.4146404713969014,0.679288366996336,1.48,1.4285,1.528,1.0,1.0,1.0,0.11261285000819043,0.11033189626357398,0.11522592874750899
bank_marketing,1.0,free_l2,leaf_centroid,10,1.0,1.0,1.0,3.510291951867471,3.2513080368735348,3.7846866968263826,6.8605,6.697,6.961512500000001,0.0,0.0,0.0,0.241672699994524,0.2267098537457514,0.25667822999754436
bank_marketing,1.0,free_l2,metric_clbr,10,1.0,1.0,1.0,0.5357758905648172,0.4146404713969014,0.679288366996336,1.48,1.4285,1.528,1.0,1.0,1.0,0.050935100005972345,0.05003769624653387,0.051899243751677204
bank_marketing,1.0,free_l2,metric_leaf_projection,10,1.0,1.0,1.0,0.5357758905648172,0.4146404713969014,0.679288366996336,1.48,1.4285,1.528,1.0,1.0,1.0,0.05051500000035958,0.049704444986343785,0.05138815126318832
bank_marketing,1.0,free_l2,native_exact_k_sparse,10,1.0,1.0,1.0,0.5357758905648172,0.4146404713969014,0.679288366996336,1.48,1.4285,1.528,1.0,1.0,1.0,0.10504610001908077,0.1033337662738063,0.10699725376452988
bank_marketing,1.0,free_l2,nn_positive_train,10,1.0,1.0,1.0,3.3521769433176893,3.1943824353819883,3.5111795234758625,5.952,5.6565,6.2175125,0.0,0.0,0.0,0.0539475499845139,0.05283934122337541,0.05511889249862634
bank_marketing,1.0,free_l2,raw_leaf_projection,10,1.0,1.0,1.0,1.1150016614663827,0.9431088773495115,1.3103094060961047,1.4994999999999998,1.4004999999999999,1.5980125,1.0,1.0,1.0,0.055542100001275685,0.05441641751216366,0.05679579750492394
bank_marketing,1.0,immutable_l2,clbr,10,0.6625,0.5289874999999999,0.7775,0.8507452747400146,0.6598699886402517,1.072856262494047,2.5262900488602624,2.2113065595897976,2.85111360081986,0.6888368562958977,0.5687798277647929,0.8035226413512412,0.20514804998992986,0.16651010372040673,0.24741350999676115
bank_marketing,1.0,immutable_l2,clbr_uncached,10,0.6625,0.5289874999999999,0.7775,0.8507452747400146,0.6598699886402517,1.072856262494047,2.5262900488602624,2.2113065595897976,2.85111360081986,0.6888368562958977,0.5687798277647929,0.8035226413512412,0.23475904999804698,0.19123742249971656,0.2822465062529204
bank_marketing,1.0,immutable_l2,exact_leaf,10,1.0,1.0,1.0,0.6510087555187873,0.47217355540469325,0.8735400016090484,1.373,1.2605,1.4665000000000001,1.0,1.0,1.0,0.4177577500067855,0.38550658875075217,0.4511507999995956
bank_marketing,1.0,immutable_l2,exact_leaf_cached,10,1.0,1.0,1.0,0.6510087555187873,0.47217355540469325,0.8735400016090484,1.373,1.2605,1.4665000000000001,1.0,1.0,1.0,0.11163475001376355,0.10814748376483294,0.11537720000233094
bank_marketing,1.0,immutable_l2,leaf_centroid,10,0.7555000000000001,0.5619875000000001,0.9215500000000002,2.3349207211298966,1.878803471607987,2.8154618902598627,3.939683298808359,3.8938735794023613,3.978860032216919,0.060316701191641765,0.021139967783081377,0.1061264205976386,0.24128025000027264,0.2256327375012006,0.2572902325000541
bank_marketing,1.0,immutable_l2,metric_clbr,10,0.8634999999999999,0.7609999999999999,0.9445,0.6012975611029424,0.4642381366029929,0.7618383787248474,1.5611096845644987,1.425132654604279,1.6730053396420923,0.9487025330363217,0.9240574938885805,0.9707968921974792,0.08387415000288456,0.07361273873826804,0.09562584376511722
bank_marketing,1.0,immutable_l2,metric_leaf_projection,10,0.7949999999999999,0.6905,0.877,0.4992595267578445,0.3903535041127537,0.6280161580417511,1.3783172858101493,1.2701507834735297,1.4653368347167934,1.0,1.0,1.0,0.05139089999966018,0.04996596250709899,0.0526892074985426
bank_marketing,1.0,immutable_l2,native_exact_k_sparse,10,1.0,1.0,1.0,0.6510087555187873,0.47217355540469325,0.8735400016090484,1.373,1.2605,1.4665000000000001,1.0,1.0,1.0,0.10386854999296702,0.10068722998487374,0.10695476874134328
bank_marketing,1.0,immutable_l2,nn_positive_train,10,0.5890000000000001,0.45750000000000013,0.7045125000000001,1.7390602718983086,1.5484484715502564,1.9861723769239603,3.4699335183321587,3.2882809794259207,3.613895465331118,0.47201245898957794,0.36558138570085363,0.6065219835406136,0.05136869997750182,0.04974419871009559,0.053139867477034385
bank_marketing,1.0,immutable_l2,raw_leaf_projection,10,0.299,0.20049999999999998,0.40549999999999997,0.5825576993328457,0.34825376960302634,0.9429371766066827,1.3082314040427503,1.1728898207276743,1.4462306562834761,1.0,1.0,1.0,0.055111849998411344,0.0535395374964537,0.056889487505156926
bank_marketing,1.0,immutable_top3_l1,clbr,10,0.633,0.5075000000000001,0.7410125000000001,1.0030789651780334,0.8114938645598252,1.2275357448171988,2.296237660472916,2.0760356448738313,2.5150859310157787,1.0,1.0,1.0,0.2112639499987381,0.17374759124878664,0.253232138753458
bank_marketing,1.0,immutable_top3_l1,clbr_uncached,10,0.633,0.5075000000000001,0.7410125000000001,1.0030789651780334,0.8114938645598252,1.2275357448171988,2.296237660472916,2.0760356448738313,2.5150859310157787,1.0,1.0,1.0,0.24267004999501296,0.2025802737541426,0.28780129998734766
bank_marketing,1.0,immutable_top3_l1,exact_leaf,10,0.9994999999999999,0.9984999999999999,1.0,0.9153877951169991,0.7667497145782056,1.0817229677398763,1.2902386934673367,1.1952196608040202,1.3747506281407038,1.0,1.0,1.0,0.40564595000614645,0.3768851262563885,0.4340875399973697
bank_marketing,1.0,immutable_top3_l1,exact_leaf_cached,10,0.9994999999999999,0.9984999999999999,1.0,0.9153877951169991,0.7667497145782056,1.0817229677398763,1.2902386934673367,1.1952196608040202,1.3747506281407038,1.0,1.0,1.0,0.10786715001177072,0.10535992252617916,0.11091010251345779
bank_marketing,1.0,immutable_top3_l1,leaf_centroid,10,0.6265000000000001,0.4699999999999999,0.7789999999999999,2.8318082479761713,2.1612205338776462,3.5744469575565807,2.964293196637374,2.9334384098219166,2.990464275440032,1.0,1.0,1.0,0.23976605000143536,0.22469533249935694,0.2548875475019031
bank_marketing,1.0,immutable_top3_l1,metric_clbr,10,0.7470000000000001,0.6699999999999999,0.8234999999999999,0.7490622403561701,0.6189835852954669,0.896193354993106,1.495479807688222,1.3623254805867187,1.6157127805528158,1.0,1.0,1.0,0.09460525000304187,0.08435030249723922,0.10643293249113413
bank_marketing,1.0,immutable_top3_l1,metric_leaf_projection,10,0.659,0.585,0.7329999999999999,0.5804777544007125,0.4428509878404525,0.7368012681923439,1.309867669600863,1.2142351213765425,1.3935940581305262,1.0,1.0,1.0,0.04843389999859937,0.04730286375304331,0.04947129874545908
bank_marketing,1.0,immutable_top3_l1,native_exact_k_sparse,10,1.0,1.0,1.0,0.7091582515326401,0.5364831123442132,0.9230715381996213,1.349,1.2404875000000002,1.4389999999999998,1.0,1.0,1.0,0.10845075000634097,0.10626374124431096,0.11062332251743782
bank_marketing,1.0,immutable_top3_l1,nn_positive_train,10,0.5860000000000001,0.45600000000000007,0.7015,1.9199499536987854,1.6699836388758862,2.2313768012946853,2.941891302194332,2.894254380066198,2.980937573697319,1.0,1.0,1.0,0.05175534999489173,0.050452581244564955,0.053161646259991355
bank_marketing,1.0,immutable_top3_l1,raw_leaf_projection,10,0.24749999999999997,0.1605,0.3500125,0.6192749531601981,0.38969562662265167,0.9533020794567654,1.3057751531929864,1.169383554741182,1.4411125531943143,1.0,1.0,1.0,0.05329425000581978,0.05198398875421617,0.05452941750801301
bank_marketing,1.5,free_l2,clbr,10,1.0,1.0,1.0,1.0122630437356201,0.8245740568181489,1.2733879704021316,1.5165000000000002,1.3729875,1.6545,1.0,1.0,1.0,0.051380349977080186,0.050046498717983924,0.05292906123387411
bank_marketing,1.5,free_l2,clbr_uncached,10,1.0,1.0,1.0,1.0122630437356201,0.8245740568181489,1.2733879704021316,1.5165000000000002,1.3729875,1.6545,1.0,1.0,1.0,0.07694374999800857,0.07353266623296122,0.08018207249992884
bank_marketing,1.5,free_l2,exact_leaf,10,1.0,1.0,1.0,0.4819886536780702,0.3939305907034372,0.5785155448274129,1.4505000000000003,1.4095,1.4940125,1.0,1.0,1.0,0.42711790001112604,0.39654717124487887,0.4574507575068424
bank_marketing,1.5,free_l2,exact_leaf_cached,10,1.0,1.0,1.0,0.4819886536780702,0.3939305907034372,0.5785155448274129,1.4505000000000003,1.4095,1.4940125,1.0,1.0,1.0,0.10996169999089034,0.10750499874292245,0.11261640998761777
bank_marketing,1.5,free_l2,leaf_centroid,10,1.0,1.0,1.0,3.8245657106134914,3.4154014794876586,4.290527731032955,6.7625,6.416500000000001,6.969024999999999,0.0,0.0,0.0,0.24147625000432527,0.22725014000095597,0.2553271512554602
bank_marketing,1.5,free_l2,metric_clbr,10,1.0,1.0,1.0,0.4819886536780702,0.3939305907034372,0.5785155448274129,1.4505000000000003,1.4095,1.4940125,1.0,1.0,1.0,0.05022655000902887,0.049359326265800973,0.05122985002299174
bank_marketing,1.5,free_l2,metric_leaf_projection,10,1.0,1.0,1.0,0.4819886536780702,0.3939305907034372,0.5785155448274129,1.4505000000000003,1.4095,1.4940125,1.0,1.0,1.0,0.050659750008890114,0.04948105375102614,0.0520438062676817
bank_marketing,1.5,free_l2,native_exact_k_sparse,10,1.0,1.0,1.0,0.4819886536780702,0.3939305907034372,0.5785155448274129,1.4505000000000003,1.4095,1.4940125,1.0,1.0,1.0,0.10310155000297527,0.10133948126551787,0.10519410000691778
bank_marketing,1.5,free_l2,nn_positive_train,10,1.0,1.0,1.0,3.541585880855132,3.3378700520126063,3.742426106382968,6.0565,5.7644625,6.3340250000000005,0.0005,0.0,0.0015,0.051730300005147,0.05067257626344599,0.05283925749140508
bank_marketing,1.5,free_l2,raw_leaf_projection,10,1.0,1.0,1.0,1.0122630437356201,0.8245740568181489,1.2733879704021316,1.5165000000000002,1.3729875,1.6545,1.0,1.0,1.0,0.05532314999754817,0.054556338739098466,0.05611270874289857
bank_marketing,1.5,immutable_l2,clbr,10,0.7569999999999999,0.6724875,0.837,1.0457399625362496,0.7771115371541757,1.3492758062580816,2.6955215529103698,2.3737528720515217,3.0376082812121776,0.6352386783941901,0.5074660769727076,0.7514802510832774,0.23452454999278416,0.19285698749013136,0.2772126774862045
bank_marketing,1.5,immutable_l2,clbr_uncached,10,0.7569999999999999,0.6724875,0.837,1.0457399625362496,0.7771115371541757,1.3492758062580816,2.6955215529103698,2.3737528720515217,3.0376082812121776,0.6352386783941901,0.5074660769727076,0.7514802510832774,0.26732689999789727,0.22062261374206854,0.315019316246196
bank_marketing,1.5,immutable_l2,exact_leaf,10,1.0,1.0,1.0,0.6287709145597274,0.47576223281305563,0.8162514781041651,1.35,1.255,1.428,1.0,1.0,1.0,0.4147990000064965,0.3865015600109928,0.4426209175130339
bank_marketing,1.5,immutable_l2,exact_leaf_cached,10,1.0,1.0,1.0,0.6287709145597274,0.47576223281305563,0.8162514781041651,1.35,1.255,1.428,1.0,1.0,1.0,0.10949099999788814,0.10689728750032827,0.11222161749466295
bank_marketing,1.5,immutable_l2,leaf_centroid,10,0.685,0.46347499999999997,0.8965,2.638717712227998,2.0700865564952053,3.2971502065947615,3.867359658743453,3.705260091878041,3.983814256467523,0.13264034125654728,0.016185743532477204,0.29473990812195894,0.24378164999507135,0.22980021873540862,0.25699231500342423
bank_marketing,1.5,immutable_l2,metric_clbr,10,0.8905000000000001,0.8200000000000001,0.9490000000000001,0.7022315439588527,0.5126783999334645,0.9150019791100298,1.689472837547585,1.6114431636578437,1.7750169368538995,0.9051487543037012,0.8788037524135524,0.9286663322310014,0.10420759999851725,0.09083661999684409,0.1183517525018374
bank_marketing,1.5,immutable_l2,metric_leaf_projection,10,0.7635000000000001,0.679,0.836,0.45280115696021656,0.3774420427442206,0.5449560913869361,1.3518581182692821,1.2621326887940971,1.4239556283843295,1.0,1.0,1.0,0.05234150001069793,0.05127897876780026,0.053364572511600275
bank_marketing,1.5,immutable_l2,native_exact_k_sparse,10,1.0,1.0,1.0,0.6287709145597274,0.47576223281305563,0.8162514781041651,1.35,1.255,1.428,1.0,1.0,1.0,0.10532845000852831,0.10193358251660811,0.10906058375528574
bank_marketing,1.5,immutable_l2,nn_positive_train,10,0.71,0.6110000000000001,0.8029999999999999,1.9117627195418216,1.6192016315158027,2.2720715073077593,3.4852139125151096,3.354868507217882,3.6059698454723708,0.45955092616818227,0.3686201009788773,0.5553749394147345,0.05268055000442473,0.05085197624855482,0.05466087000687594
bank_marketing,1.5,immutable_l2,raw_leaf_projection,10,0.2975,0.19249999999999998,0.40751250000000006,0.6056086552546331,0.4279648212940333,0.8962404879722217,1.2988521802878277,1.1690167031296064,1.4436953168595663,1.0,1.0,1.0,0.05553729998155177,0.053754047475388235,0.057525038705898625
bank_marketing,1.5,immutable_top3_l1,clbr,10,0.738,0.651,0.8210125000000001,1.2653166567280432,0.9526757345377911,1.6235047373334148,2.409468130270944,2.1996104055491297,2.622644635353967,1.0,1.0,1.0,0.2884684000027846,0.21548254124542154,0.37847814125995
bank_marketing,1.5,immutable_top3_l1,clbr_uncached,10,0.738,0.651,0.8210125000000001,1.2653166567280432,0.9526757345377911,1.6235047373334148,2.409468130270944,2.1996104055491297,2.622644635353967,1.0,1.0,1.0,0.32165069998609397,0.24580996374340885,0.41213160622766054
bank_marketing,1.5,immutable_top3_l1,exact_leaf,10,1.0,1.0,1.0,0.8473636731258691,0.6871141802138706,1.0342796263886858,1.2954999999999999,1.2120000000000002,1.3700125,1.0,1.0,1.0,0.46620054998584237,0.3850757462370552,0.5870439624857341
bank_marketing,1.5,immutable_top3_l1,exact_leaf_cached,10,1.0,1.0,1.0,0.8473636731258691,0.6871141802138706,1.0342796263886858,1.2954999999999999,1.2120000000000002,1.3700125,1.0,1.0,1.0,0.11999360000118031,0.10599435125518539,0.14292939375053493
bank_marketing,1.5,immutable_top3_l1,leaf_centroid,10,0.5740000000000001,0.38347500000000007,0.7625,3.3356919531909397,2.6463061910997383,4.085406022255409,2.9155633765264226,2.780223964165734,2.9961904761904763,1.0,1.0,1.0,0.27176135001218427,0.23387149126414214,0.32642060876763707
bank_marketing,1.5,immutable_top3_l1,metric_clbr,10,0.8185,0.7449999999999999,0.8859999999999999,0.8723196567997655,0.6828228544169795,1.087993141090733,1.6252645677123307,1.5530522687196728,1.6923438523921037,1.0,1.0,1.0,0.14167969998379704,0.10784838372870809,0.19774140499004034
bank_marketing,1.5,immutable_top3_l1,metric_leaf_projection,10,0.6609999999999999,0.5814999999999999,0.735,0.52117704084534,0.4395366438271691,0.6150741164416617,1.303599016678141,1.2255432434307219,1.3697597720642112,1.0,1.0,1.0,0.059457350005232,0.05088885373918402,0.07478722625044157
bank_marketing,1.5,immutable_top3_l1,native_exact_k_sparse,10,1.0,1.0,1.0,0.6844167695444864,0.5351515370515326,0.8723554807120507,1.3305000000000002,1.2400000000000002,1.4055,1.0,1.0,1.0,0.12595429999873886,0.10850187625641183,0.155837564992828
bank_marketing,1.5,immutable_top3_l1,nn_positive_train,10,0.7049999999999998,0.608975,0.796,2.2461037129422774,1.8689925679645913,2.6998182360214065,2.944670220631612,2.90809858325782,2.9783971652115255,1.0,1.0,1.0,0.06162200000562734,0.05250570126672756,0.07721827500332665
bank_marketing,1.5,immutable_top3_l1,raw_leaf_projection,10,0.24850000000000003,0.151975,0.3525125,0.5644476474964967,0.41029502725923905,0.7413108692278364,1.3276965810260741,1.194532967032967,1.4590403426258842,1.0,1.0,1.0,0.06160059999729128,0.054555026249306596,0.07416275000059613
breast_cancer,0.0,free_l2,clbr,10,1.0,1.0,1.0,1.340532241296503,1.188309175471818,1.5182400305911714,1.5933645038578395,1.4018708206679995,1.8183391122456976,1.0,1.0,1.0,0.0648030863566918,0.06054391305535608,0.07009434782330912
breast_cancer,0.0,free_l2,clbr_uncached,10,1.0,1.0,1.0,1.340532241296503,1.188309175471818,1.5182400305911714,1.5933645038578395,1.4018708206679995,1.8183391122456976,1.0,1.0,1.0,0.07733151154536441,0.07133430827499747,0.08446714391391943
breast_cancer,0.0,free_l2,exact_leaf,10,1.0,1.0,1.0,1.0173196931635173,0.9307315776850615,1.118210567566538,1.5639162890339635,1.4018553954357118,1.7100764551106382,0.9986111111111111,0.9958333333333332,1.0,0.30843834665055014,0.28195787855212845,0.3360367926729979
breast_cancer,0.0,free_l2,exact_leaf_cached,10,1.0,1.0,1.0,1.0173196931635173,0.9307315776850615,1.118210567566538,1.5639162890339635,1.4018553954357118,1.7100764551106382,0.9986111111111111,0.9958333333333332,1.0,0.1379741678285913,0.12721342046499898,0.1504038131395213
breast_cancer,0.0,free_l2,leaf_centroid,10,1.0,1.0,1.0,6.7070088810699815,6.304911974516137,7.276208836631003,30.0,30.0,30.0,0.0,0.0,0.0,0.14107687497213472,0.13064646793949386,0.15282745165667058
breast_cancer,0.0,free_l2,metric_clbr,10,1.0,1.0,1.0,1.0173196931635173,0.9307315776850615,1.118210567566538,1.5639162890339635,1.4018553954357118,1.7100764551106382,0.9986111111111111,0.9958333333333332,1.0,0.06553968199154978,0.06068228300756268,0.0717869364540404
breast_cancer,0.0,free_l2,metric_leaf_projection,10,1.0,1.0,1.0,1.0173196931635173,0.9307315776850615,1.118210567566538,1.5639162890339635,1.4018553954357118,1.7100764551106382,0.9986111111111111,0.9958333333333332,1.0,0.06571651999730659,0.061200197226106354,0.071176428280809
breast_cancer,0.0,free_l2,native_exact_k_sparse,10,1.0,1.0,1.0,1.0173196931635173,0.9307315776850615,1.118210567566538,1.5639162890339635,1.4018553954357118,1.7100764551106382,0.9986111111111111,0.9958333333333332,1.0,0.1306125139712275,0.12122264374520422,0.1421526358368523
breast_cancer,0.0,free_l2,nn_positive_train,10,1.0,1.0,1.0,7.226439032539176,6.975363848302717,7.497808050377001,29.975067330963924,29.96009823146616,29.987981986216635,0.0,0.0,0.0,0.07013510137156447,0.06554870087685734,0.0762196064243626
breast_cancer,0.0,free_l2,raw_leaf_projection,10,1.0,1.0,1.0,1.340532241296503,1.188309175471818,1.5182400305911714,1.5933645038578395,1.4018708206679995,1.8183391122456976,1.0,1.0,1.0,0.06884393439818032,0.06456530456253834,0.0737375087845206
breast_cancer,0.0,immutable_l2,clbr,10,0.9103850425768234,0.7891405960755276,1.0,1.4150313207980154,1.2098927833251467,1.6487006535805107,2.4709831158414532,1.5310678320894153,4.134299964204032,0.967741935483871,0.9032258064516128,1.0,0.08079372126501426,0.06446388121820722,0.10939008549785396
breast_cancer,0.0,immutable_l2,clbr_uncached,10,0.9103850425768234,0.7891405960755276,1.0,1.4150313207980154,1.2098927833251467,1.6487006535805107,2.4709831158414532,1.5310678320894153,4.134299964204032,0.967741935483871,0.9032258064516128,1.0,0.09607216256853704,0.07944970238311265,0.1243134013052106
breast_cancer,0.0,immutable_l2,exact_leaf,10,1.0,1.0,1.0,1.0642639202315398,0.9862452090490281,1.1522453798084318,1.6035991826552132,1.4085361608934654,1.7864093291811491,1.0,1.0,1.0,0.3162818466902095,0.29436869205093114,0.3378213290103431
breast_cancer,0.0,immutable_l2,exact_leaf_cached,10,1.0,1.0,1.0,1.0642639202315398,0.9862452090490281,1.1522453798084318,1.6035991826552132,1.4085361608934654,1.7864093291811491,1.0,1.0,1.0,0.14272678932667082,0.13547929462570796,0.15062252863491318
breast_cancer,0.0,immutable_l2,leaf_centroid,10,0.8368811748948735,0.6126054136328108,0.9944444444444445,6.598947985342972,6.091634758209711,7.249585620834511,27.0,27.0,27.0,0.0,0.0,0.0,0.1429344522437455,0.13453746633404595,0.15119162359728572
breast_cancer,0.0,immutable_l2,metric_clbr,10,0.9444164498959019,0.8764925929309492,1.0,1.0393445678138664,0.9559349824536179,1.1334472062486054,1.7602401175790956,1.4829383759851105,2.0578826814625297,0.9932397583259652,0.9858090185676393,1.0,0.07428686249785954,0.06628990735630318,0.08509860507517698
breast_cancer,0.0,immutable_l2,metric_leaf_projection,10,0.9389549952906118,0.8653641655353983,0.9948051948051948,0.9988432623534302,0.8987529342114515,1.1082091101192004,1.5915445597554632,1.4088365489309826,1.749992570213193,1.0,1.0,1.0,0.0662821111040542,0.06343363658079205,0.069375070752462
breast_cancer,0.0,immutable_l2,native_exact_k_sparse,10,1.0,1.0,1.0,1.0642639202315398,0.9862452090490281,1.1522453798084318,1.6035991826552132,1.4085361608934654,1.7864093291811491,1.0,1.0,1.0,0.13628005352176645,0.13129085558115397,0.14122698527975505
breast_cancer,0.0,immutable_l2,nn_positive_train,10,0.8208102338239325,0.6240745370882357,1.0,6.716214949014412,6.265848629413005,7.1158473071608155,26.9732320708603,26.942526480990846,26.993213149522795,0.0,0.0,0.0,0.06886079024241476,0.06610581079660627,0.07156336025699174
breast_cancer,0.0,immutable_l2,raw_leaf_projection,10,0.8968715290633099,0.7536282858200666,1.0,1.2422560912321579,0.9942175465244584,1.483806406295594,1.6476344215250172,1.4808917130446075,1.843564546113427,1.0,1.0,1.0,0.06868057152873869,0.06568005753314574,0.07206483078969034
breast_cancer,0.0,immutable_top3_l1,clbr,10,0.1740354429718541,0.09887569456697748,0.2697661572745613,0.9652963906367196,0.5860225113005243,1.3932247764129868,2.2928537690379795,1.944532967032967,2.5953689632735686,1.0,1.0,1.0,0.18021159966476108,0.1569404034894699,0.21287256240178026
breast_cancer,0.0,immutable_top3_l1,clbr_uncached,10,0.1740354429718541,0.09887569456697748,0.2697661572745613,0.9652963906367196,0.5860225113005243,1.3932247764129868,2.2928537690379795,1.944532967032967,2.5953689632735686,1.0,1.0,1.0,0.19972453472083238,0.17395823817186987,0.23615574724487348
breast_cancer,0.0,immutable_top3_l1,exact_leaf,10,0.334907764313692,0.20507398767638307,0.4921498043213736,0.8810407355284283,0.6944618521463727,1.0744682293648484,1.0561430571344363,1.016594827586207,1.100925099206349,1.0,1.0,1.0,0.2449690332261245,0.22327852876254076,0.26837945859405427
breast_cancer,0.0,immutable_top3_l1,exact_leaf_cached,10,0.334907764313692,0.20507398767638307,0.4921498043213736,0.8810407355284283,0.6944618521463727,1.0744682293648484,1.0561430571344363,1.016594827586207,1.100925099206349,1.0,1.0,1.0,0.09257901523743702,0.0840098885177623,0.10207942240770013
breast_cancer,0.0,immutable_top3_l1,leaf_centroid,10,0.25755691408142845,0.1211930965148419,0.4222503691793079,2.37947379441819,1.8273651922067367,2.9351434530790472,3.0,3.0,3.0,1.0,1.0,1.0,0.13933178034752372,0.13226281851342828,0.146354452556054
breast_cancer,0.0,immutable_top3_l1,metric_clbr,10,0.2684468263387444,0.17243516049420446,0.37670103409447825,0.8967404947646177,0.659484770349788,1.1723742217406357,1.4296112591378014,1.1607198025551684,1.7548493543758965,1.0,1.0,1.0,0.13634213414895202,0.12034632782053677,0.15195477422414036
breast_cancer,0.0,immutable_top3_l1,metric_leaf_projection,10,0.22783843309206211,0.13768140971759277,0.3303898939984143,0.6262063847475041,0.4600685149499156,0.8015023827604272,1.0406180026869682,1.009090909090909,1.0798626660695625,1.0,1.0,1.0,0.06244780268967452,0.06037073366764803,0.064746220940187
breast_cancer,0.0,immutable_top3_l1,native_exact_k_sparse,10,1.0,1.0,1.0,1.2531125640200345,1.1180660858600364,1.392814510608315,1.5256588862842608,1.296936318035932,1.7421349147526846,1.0,1.0,1.0,0.13460659947701045,0.1290281682194685,0.14151105550088486
breast_cancer,0.0,immutable_top3_l1,nn_positive_train,10,0.1654988576060005,0.09387721218350008,0.26168462408707127,1.5874912652384756,1.066828354548246,2.129629408341025,3.0,3.0,3.0,1.0,1.0,1.0,0.06602658883081684,0.0638056403680914,0.06867847521996717
breast_cancer,0.0,immutable_top3_l1,raw_leaf_projection,10,0.07169480045840373,0.029600336357025355,0.1270396162892535,0.5730662798861501,0.3112638564293946,0.8400727189087593,1.0,1.0,1.0,1.0,1.0,1.0,0.06727841974470675,0.06483169555570209,0.07024250668306334
breast_cancer,0.5,free_l2,clbr,10,1.0,1.0,1.0,1.3747270157219125,1.2194978648118815,1.5543673224997023,1.596328467245379,1.4020897048580194,1.821829131707084,1.0,1.0,1.0,0.06588841291424626,0.06274809144295855,0.06893770561404251
breast_cancer,0.5,free_l2,clbr_uncached,10,1.0,1.0,1.0,1.3747270157219125,1.2194978648118815,1.5543673224997023,1.596328467245379,1.4020897048580194,1.821829131707084,1.0,1.0,1.0,0.0798856527160435,0.07501165977197304,0.08389748065185552
breast_cancer,0.5,free_l2,exact_leaf,10,1.0,1.0,1.0,1.0269744101422345,0.9455573334119115,1.1245639737011257,1.5714051673166414,1.402169730839749,1.7234944118368059,1.0,1.0,1.0,0.3105403366766734,0.2860354675544288,0.335603650381141
breast_cancer,0.5,free_l2,exact_leaf_cached,10,1.0,1.0,1.0,1.0269744101422345,0.9455573334119115,1.1245639737011257,1.5714051673166414,1.402169730839749,1.7234944118368059,1.0,1.0,1.0,0.14003955790679956,0.13282123638736393,0.1468252610647553
breast_cancer,0.5,free_l2,leaf_centroid,10,1.0,1.0,1.0,6.922175803391802,6.516982599237214,7.485664666082271,30.0,30.0,30.0,0.0,0.0,0.0,0.14109099748538836,0.13371594434568376,0.1481387846407648
breast_cancer,0.5,free_l2,metric_clbr,10,1.0,1.0,1.0,1.0269744101422345,0.9455573334119115,1.1245639737011257,1.5714051673166414,1.402169730839749,1.7234944118368059,1.0,1.0,1.0,0.06539290888066972,0.06238101524302444,0.06857349481565073
breast_cancer,0.5,free_l2,metric_leaf_projection,10,1.0,1.0,1.0,1.0269744101422345,0.9455573334119115,1.1245639737011257,1.5714051673166414,1.402169730839749,1.7234944118368059,1.0,1.0,1.0,0.06598008241806083,0.06290981793055606,0.06851082076645341
breast_cancer,0.5,free_l2,native_exact_k_sparse,10,1.0,1.0,1.0,1.0269744101422345,0.9455573334119115,1.1245639737011257,1.5714051673166414,1.402169730839749,1.7234944118368059,1.0,1.0,1.0,0.13373387486787652,0.1263508891979222,0.14070598345859536
breast_cancer,0.5,free_l2,nn_positive_train,10,1.0,1.0,1.0,7.424250535470932,7.1698866934612235,7.691407293194328,29.980912220554302,29.96638876086187,29.99223571678642,0.0,0.0,0.0,0.07015507128887565,0.06733949216750502,0.07261597529423412
breast_cancer,0.5,free_l2,raw_leaf_projection,10,1.0,1.0,1.0,1.3747270157219125,1.2194978648118815,1.5543673224997023,1.596328467245379,1.4020897048580194,1.821829131707084,1.0,1.0,1.0,0.06848400510598393,0.06586637607821706,0.07141341797788453
breast_cancer,0.5,immutable_l2,clbr,10,0.9231690020505811,0.8102090311004783,1.0,1.4168869564615596,1.2073365537340397,1.6574422914172282,2.3870746581590763,1.5196298783809652,3.8987554456247326,0.9705882352941178,0.9117647058823529,1.0,0.07894484116300908,0.0642537227715762,0.10396546005673753
breast_cancer,0.5,immutable_l2,clbr_uncached,10,0.9231690020505811,0.8102090311004783,1.0,1.4168869564615596,1.2073365537340397,1.6574422914172282,2.3870746581590763,1.5196298783809652,3.8987554456247326,0.9705882352941178,0.9117647058823529,1.0,0.08997681828555465,0.07531767020873675,0.11498536882091054
breast_cancer,0.5,immutable_l2,exact_leaf,10,1.0,1.0,1.0,1.054376586665393,0.9734059926144465,1.1453884193494521,1.5941068077814395,1.397154302452893,1.775552417826603,1.0,1.0,1.0,0.3025984184724192,0.28693582996923594,0.3179532489128904
breast_cancer,0.5,immutable_l2,exact_leaf_cached,10,1.0,1.0,1.0,1.054376586665393,0.9734059926144465,1.1453884193494521,1.5941068077814395,1.397154302452893,1.775552417826603,1.0,1.0,1.0,0.13719121241980795,0.12957951465395415,0.1448898544841807
breast_cancer,0.5,immutable_l2,leaf_centroid,10,0.8328463773069036,0.6068680792891319,0.992,6.58817446677773,6.070183073982056,7.242214533736111,27.0,27.0,27.0,0.0,0.0,0.0,0.14097980633749446,0.1345155749665709,0.1462046820555242
breast_cancer,0.5,immutable_l2,metric_clbr,10,0.9585432330827068,0.9129511278195489,1.0,1.0193932387487916,0.9336453851602549,1.1215185258110332,1.6564530384708456,1.432608631783095,1.8878701730958702,0.9971515151515151,0.992969696969697,1.0,0.07162148346935768,0.06572694736976027,0.0780905519837775
breast_cancer,0.5,immutable_l2,metric_leaf_projection,10,0.9559111984506721,0.9104912850307587,0.9920333333333334,1.0065729230186902,0.9117905512107107,1.1121194104601142,1.5845869766047835,1.3928108268856452,1.7548839064888269,1.0,1.0,1.0,0.06531907735855084,0.06170325379422345,0.06940857530736182
breast_cancer,0.5,immutable_l2,native_exact_k_sparse,10,1.0,1.0,1.0,1.054376586665393,0.9734059926144465,1.1453884193494521,1.5941068077814395,1.397154302452893,1.775552417826603,1.0,1.0,1.0,0.13273493635233619,0.1265062485365837,0.13885159033829395
breast_cancer,0.5,immutable_l2,nn_positive_train,10,0.8037435634540898,0.6088204602415128,0.9920333333333334,6.680204174558651,6.199880543501455,7.102058514916899,26.973081187196954,26.941937672528333,26.994286105782408,0.0,0.0,0.0,0.06878007855732038,0.06544083115703478,0.07276440675380119
breast_cancer,0.5,immutable_l2,raw_leaf_projection,10,0.910181989063568,0.7712696514012303,1.0,1.236314070881038,0.9805233294305821,1.4812442756752646,1.6346236777669194,1.4629389708135045,1.8377062912885989,1.0,1.0,1.0,0.06752603507294407,0.06504164498558149,0.06988650301325706
breast_cancer,0.5,immutable_top3_l1,clbr,10,0.16996929896194662,0.09806400279129221,0.2592665403306586,0.9576452101999863,0.5737341499059445,1.3934890951996473,2.3014312939312935,1.945457850707851,2.608446335758836,1.0,1.0,1.0,0.18317169626803628,0.15983447996539665,0.21422396263107646
breast_cancer,0.5,immutable_top3_l1,clbr_uncached,10,0.16996929896194662,0.09806400279129221,0.2592665403306586,0.9576452101999863,0.5737341499059445,1.3934890951996473,2.3014312939312935,1.945457850707851,2.608446335758836,1.0,1.0,1.0,0.20267593940298348,0.1816762481233865,0.229915659769359
breast_cancer,0.5,immutable_top3_l1,exact_leaf,10,0.33614579137201467,0.20439625788999938,0.49550120435263384,0.8737559307128235,0.6859779306210062,1.0677695392583058,1.0571747558969273,1.019324575067577,1.1007986840681345,1.0,1.0,1.0,0.25447207418583695,0.23176677545281676,0.27669036941623976
breast_cancer,0.5,immutable_top3_l1,exact_leaf_cached,10,0.33614579137201467,0.20439625788999938,0.49550120435263384,0.8737559307128235,0.6859779306210062,1.0677695392583058,1.0571747558969273,1.019324575067577,1.1007986840681345,1.0,1.0,1.0,0.09560418132062833,0.08558152797410598,0.10627660185367327
breast_cancer,0.5,immutable_top3_l1,leaf_centroid,10,0.2530950464398564,0.11904274684926192,0.4128288281926364,2.3740594595345144,1.8286284360350749,2.9192638676104035,3.0,3.0,3.0,1.0,1.0,1.0,0.14241803295914998,0.13451441328761185,0.1499504473907065
breast_cancer,0.5,immutable_top3_l1,metric_clbr,10,0.26984534829350276,0.17414976412804564,0.3797090490952679,0.8900820579387743,0.6518676444778232,1.1646445351316792,1.4316945924711348,1.164889445412311,1.7558402507344404,1.0,1.0,1.0,0.1422839916714787,0.12674398222438726,0.15687874688466155
breast_cancer,0.5,immutable_top3_l1,metric_leaf_projection,10,0.23006584233353045,0.13983502150859847,0.33578415074651397,0.6195508694434128,0.4530292029068446,0.7913434428025022,1.0427013360203017,1.0111742424242425,1.0803702045081356,1.0,1.0,1.0,0.06192817548024861,0.05985934076141231,0.06391268800245026
breast_cancer,0.5,immutable_top3_l1,native_exact_k_sparse,10,1.0,1.0,1.0,1.2411484121185716,1.1051821031251623,1.3823038872483329,1.516361677355653,1.2888212336918543,1.7329975072444,1.0,1.0,1.0,0.13720029093233915,0.13205455253312498,0.14210684706661622
breast_cancer,0.5,immutable_top3_l1,nn_positive_train,10,0.16143271359609296,0.09246129353544713,0.25131161329296736,1.5690017734620165,1.0261863697493818,2.131380404493729,3.0,3.0,3.0,1.0,1.0,1.0,0.06772569240534246,0.06456528616765843,0.07128092110813117
breast_cancer,0.5,immutable_top3_l1,raw_leaf_projection,10,0.07098524349884676,0.029084134637924232,0.12586681958602206,0.5639300591615621,0.30009444068130003,0.8350237442317769,1.0,1.0,1.0,1.0,1.0,1.0,0.06669157206617232,0.06404716867441206,0.06952510811554853
breast_cancer,1.0,free_l2,clbr,10,1.0,1.0,1.0,1.3986620251483228,1.2315560850427842,1.5912991153540135,1.6038931621150834,1.410990927332902,1.8250162618535324,1.0,1.0,1.0,0.06473761547992134,0.061624319579590234,0.06784454652823027
breast_cancer,1.0,free_l2,clbr_uncached,10,1.0,1.0,1.0,1.3986620251483228,1.2315560850427842,1.5912991153540135,1.6038931621150834,1.410990927332902,1.8250162618535324,1.0,1.0,1.0,0.0787812825721007,0.07522319438164667,0.08202169735020956
breast_cancer,1.0,free_l2,exact_leaf,10,1.0,1.0,1.0,1.0357906170362199,0.9529893641488857,1.1315832777311945,1.5755117050401732,1.3952318501363463,1.7387777056990605,1.0,1.0,1.0,0.30673130037951285,0.2820611407184253,0.33256653359321314
breast_cancer,1.0,free_l2,exact_leaf_cached,10,1.0,1.0,1.0,1.0357906170362199,0.9529893641488857,1.1315832777311945,1.5755117050401732,1.3952318501363463,1.7387777056990605,1.0,1.0,1.0,0.13628134198767886,0.13151415065361755,0.13980035318047698
breast_cancer,1.0,free_l2,leaf_centroid,10,1.0,1.0,1.0,7.256898714925795,6.852512883583458,7.799790791186993,30.0,30.0,30.0,0.0,0.0,0.0,0.14451251773452842,0.1354259982392715,0.15223730431047253
breast_cancer,1.0,free_l2,metric_clbr,10,1.0,1.0,1.0,1.0357906170362199,0.9529893641488857,1.1315832777311945,1.5755117050401732,1.3952318501363463,1.7387777056990605,1.0,1.0,1.0,0.06598207798525516,0.06297300300440821,0.06877156580731451
breast_cancer,1.0,free_l2,metric_leaf_projection,10,1.0,1.0,1.0,1.0357906170362199,0.9529893641488857,1.1315832777311945,1.5755117050401732,1.3952318501363463,1.7387777056990605,1.0,1.0,1.0,0.06522527691788814,0.062343432343917114,0.06817754295198898
breast_cancer,1.0,free_l2,native_exact_k_sparse,10,1.0,1.0,1.0,1.0357906170362199,0.9529893641488857,1.1315832777311945,1.5755117050401732,1.3952318501363463,1.7387777056990605,1.0,1.0,1.0,0.1310701283868077,0.12727654866619084,0.13365889674091463
breast_cancer,1.0,free_l2,nn_positive_train,10,1.0,1.0,1.0,7.714633608995764,7.457114885911319,7.977485555874262,29.977448947182694,29.95820186609278,29.991513597391922,0.0,0.0,0.0,0.068598865552286,0.06606205611462744,0.07098344547772664
breast_cancer,1.0,free_l2,raw_leaf_projection,10,1.0,1.0,1.0,1.3986620251483228,1.2315560850427842,1.5912991153540135,1.6038931621150834,1.410990927332902,1.8250162618535324,1.0,1.0,1.0,0.06872198068783403,0.06579270267275264,0.07166930758926893
breast_cancer,1.0,immutable_l2,clbr,10,0.9357642357642358,0.828071928071928,1.0,1.396222364564618,1.2139736564023569,1.599891342807563,2.207138346882007,1.5204717585872602,3.358912663796901,0.9777777777777779,0.9333333333333332,1.0,0.0763010686288791,0.06416879182473736,0.09565999207092558
breast_cancer,1.0,immutable_l2,clbr_uncached,10,0.9357642357642358,0.828071928071928,1.0,1.396222364564618,1.2139736564023569,1.599891342807563,2.207138346882007,1.5204717585872602,3.358912663796901,0.9777777777777779,0.9333333333333332,1.0,0.08711236021824978,0.07364607601263432,0.10583674169295172
breast_cancer,1.0,immutable_l2,exact_leaf,10,1.0,1.0,1.0,1.04872489704904,0.9650762580630786,1.1410358722075682,1.5925538997932116,1.394623176210482,1.7770868287296286,1.0,1.0,1.0,0.308987650893102,0.27400945467183796,0.34454708035846254
breast_cancer,1.0,immutable_l2,exact_leaf_cached,10,1.0,1.0,1.0,1.04872489704904,0.9650762580630786,1.1410358722075682,1.5925538997932116,1.394623176210482,1.7770868287296286,1.0,1.0,1.0,0.13666953964266593,0.12849648967835883,0.144291801496167
breast_cancer,1.0,immutable_l2,leaf_centroid,10,0.8301170716833367,0.6032634032634032,0.9896103896103895,6.580791799335531,6.060717737042226,7.239071649970691,27.0,27.0,27.0,0.0,0.0,0.0,0.14096111966930286,0.12897261220671818,0.15220988301811986
breast_cancer,1.0,immutable_l2,metric_clbr,10,0.9783036240867566,0.9534465534465536,1.0,1.0389303554159905,0.9496306586468513,1.1355694073249916,1.6907346727336754,1.4096808228248041,2.055169944898904,0.9958333333333333,0.9875,1.0,0.06989500107226879,0.06407189110984507,0.07577586059257638
breast_cancer,1.0,immutable_l2,metric_leaf_projection,10,0.9744574702406027,0.9446053946053945,1.0,1.018166439242603,0.9320010737122001,1.1220751473264947,1.5866887790138686,1.3915367210288303,1.7631173532389357,1.0,1.0,1.0,0.06589761440509448,0.061575746194144375,0.07043055862485888
breast_cancer,1.0,immutable_l2,native_exact_k_sparse,10,1.0,1.0,1.0,1.04872489704904,0.9650762580630786,1.1410358722075682,1.5925538997932116,1.394623176210482,1.7770868287296286,1.0,1.0,1.0,0.13043412258400397,0.12385183809672823,0.13622664537422605
breast_cancer,1.0,immutable_l2,nn_positive_train,10,0.7991981913668661,0.5996950840324334,0.9922402597402598,6.643376845785282,6.17696790495913,7.056765128723658,26.970456203084684,26.939921329314892,26.99393255950632,0.0,0.0,0.0,0.06790937503081182,0.06523027942891386,0.07034734180841906
breast_cancer,1.0,immutable_l2,raw_leaf_projection,10,0.9255078255078255,0.7973026973026973,1.0,1.244746811525495,0.99747753941345,1.481692502481084,1.63967802942169,1.4690765523505678,1.8415909271589874,1.0,1.0,1.0,0.07026153605303301,0.06623206415592765,0.07415728314122325
breast_cancer,1.0,immutable_top3_l1,clbr,10,0.16835558800581335,0.09745237472759785,0.25586751496369653,0.9573420653687432,0.5739071068095022,1.3927574856404399,2.261431293931294,1.8773621299871301,2.5984699844074846,1.0,1.0,1.0,0.1870268541068471,0.16360419030658538,0.21649966270487309
breast_cancer,1.0,immutable_top3_l1,clbr_uncached,10,0.16835558800581335,0.09745237472759785,0.25586751496369653,0.9573420653687432,0.5739071068095022,1.3927574856404399,2.261431293931294,1.8773621299871301,2.5984699844074846,1.0,1.0,1.0,0.20653798102037596,0.18688125204620984,0.23198783858007643
breast_cancer,1.0,immutable_top3_l1,exact_leaf,10,0.3335727046088518,0.20387014499173292,0.48883120763339044,0.8659093893736539,0.6773460694052408,1.0595982662650425,1.052986316105355,1.0184765122265123,1.0902856749135639,1.0,1.0,1.0,0.26121695519896015,0.23926605105401255,0.2828181588218625
breast_cancer,1.0,immutable_top3_l1,exact_leaf_cached,10,0.3335727046088518,0.20387014499173292,0.48883120763339044,0.8659093893736539,0.6773460694052408,1.0595982662650425,1.052986316105355,1.0184765122265123,1.0902856749135639,1.0,1.0,1.0,0.09949730052804107,0.09032434071567284,0.1115520625303681
breast_cancer,1.0,immutable_top3_l1,leaf_centroid,10,0.24884736496947402,0.1177008329250096,0.4039217339045441,2.388999645092639,1.8487125181231874,2.9206045639176446,3.0,3.0,3.0,1.0,1.0,1.0,0.1426598559604622,0.1366780787720355,0.1492353693805014
breast_cancer,1.0,immutable_top3_l1,metric_clbr,10,0.274441018543231,0.17484577509584254,0.3888465196107979,0.8859523371217415,0.6447976225155398,1.1609400401254863,1.4373454639308298,1.1645385856239514,1.7655119047619046,1.0,1.0,1.0,0.14653440497307418,0.1298685900485304,0.1616486386602213
breast_cancer,1.0,immutable_top3_l1,metric_leaf_projection,10,0.23400476601817388,0.13963396576951825,0.34846616119998497,0.6181830997908138,0.4530248976976473,0.7890533567105809,1.04246985453882,1.0109427609427608,1.080341904264318,1.0,1.0,1.0,0.06349166699880977,0.06146603065334804,0.06565317559218245
breast_cancer,1.0,immutable_top3_l1,native_exact_k_sparse,10,1.0,1.0,1.0,1.2345152939697868,1.0937722528696745,1.3779914623398022,1.5146685852543493,1.2856362136184838,1.7347360197692603,1.0,1.0,1.0,0.14144657446171371,0.1377551451910975,0.1451614979614958
breast_cancer,1.0,immutable_top3_l1,nn_positive_train,10,0.15981900263995968,0.09179842967301695,0.2476315116339822,1.5772663420230144,1.0419173160670994,2.137886441818175,3.0,3.0,3.0,1.0,1.0,1.0,0.06851129068374555,0.06714903369682275,0.06995902890520751
breast_cancer,1.0,immutable_top3_l1,raw_leaf_projection,10,0.0718258436617361,0.030233046040434263,0.12596412692329778,0.5636492179533701,0.2995327582649158,0.8348419945240019,1.0,1.0,1.0,1.0,1.0,1.0,0.06706736030988068,0.06592524585879057,0.06811930890993431
breast_cancer,1.5,free_l2,clbr,10,1.0,1.0,1.0,1.4284564641597637,1.2421948757780343,1.64223887882305,1.6137346317722865,1.4301667906704694,1.82764317160508,1.0,1.0,1.0,0.06759180683837376,0.0646529569282026,0.06995674866940846
breast_cancer,1.5,free_l2,clbr_uncached,10,1.0,1.0,1.0,1.4284564641597637,1.2421948757780343,1.64223887882305,1.6137346317722865,1.4301667906704694,1.82764317160508,1.0,1.0,1.0,0.08180586748558458,0.07740399064563375,0.08623723779031826
breast_cancer,1.5,free_l2,exact_leaf,10,1.0,1.0,1.0,1.0423586906645557,0.9584361051637681,1.1366579974189361,1.592700004574327,1.408637320932454,1.7613539113879193,1.0,1.0,1.0,0.3203234726772778,0.29208255741912065,0.3518557497287707
breast_cancer,1.5,free_l2,exact_leaf_cached,10,1.0,1.0,1.0,1.0423586906645557,0.9584361051637681,1.1366579974189361,1.592700004574327,1.408637320932454,1.7613539113879193,1.0,1.0,1.0,0.14037118258657194,0.13441177417984662,0.1462255152765645
breast_cancer,1.5,free_l2,leaf_centroid,10,1.0,1.0,1.0,7.69754837034151,7.301662503256081,8.214086683847508,30.0,30.0,30.0,0.0,0.0,0.0,0.14649197350851662,0.137459143894218,0.15605240526914282
breast_cancer,1.5,free_l2,metric_clbr,10,1.0,1.0,1.0,1.0423586906645557,0.9584361051637681,1.1366579974189361,1.592700004574327,1.408637320932454,1.7613539113879193,1.0,1.0,1.0,0.06848593069990047,0.06506797853992287,0.07230497993674201
breast_cancer,1.5,free_l2,metric_leaf_projection,10,1.0,1.0,1.0,1.0423586906645557,0.9584361051637681,1.1366579974189361,1.592700004574327,1.408637320932454,1.7613539113879193,1.0,1.0,1.0,0.06862458851552562,0.0653166555318611,0.07186213162123714
breast_cancer,1.5,free_l2,native_exact_k_sparse,10,1.0,1.0,1.0,1.0423586906645557,0.9584361051637681,1.1366579974189361,1.592700004574327,1.408637320932454,1.7613539113879193,1.0,1.0,1.0,0.13640733093907506,0.13066887803251231,0.14203408442838822
breast_cancer,1.5,free_l2,nn_positive_train,10,1.0,1.0,1.0,8.115155842568743,7.863206954156764,8.368556408121828,29.977448947182694,29.95820186609278,29.991513597391922,0.0,0.0,0.0,0.0719212601792262,0.06953569190694693,0.0743920485587721
breast_cancer,1.5,free_l2,raw_leaf_projection,10,1.0,1.0,1.0,1.4284564641597637,1.2421948757780343,1.64223887882305,1.6137346317722865,1.4301667906704694,1.82764317160508,1.0,1.0,1.0,0.07350632732278556,0.06981565866350609,0.07761601098215444
breast_cancer,1.5,immutable_l2,clbr,10,0.9396603396603396,0.8319680319680319,1.0,1.3335100154706248,1.1859105028226047,1.513485983718836,2.0069622374998923,1.5198085552895126,2.7625228338076235,0.986111111111111,0.9583333333333333,1.0,0.07828865215450508,0.06846935970010756,0.09308437710393408
breast_cancer,1.5,immutable_l2,clbr_uncached,10,0.9396603396603396,0.8319680319680319,1.0,1.3335100154706248,1.1859105028226047,1.513485983718836,2.0069622374998923,1.5198085552895126,2.7625228338076235,0.986111111111111,0.9583333333333333,1.0,0.09530980931609129,0.08401269734140515,0.11227657370921153
breast_cancer,1.5,immutable_l2,exact_leaf,10,1.0,1.0,1.0,1.0474488437396823,0.9623765523465309,1.1410318911528987,1.5909805475607524,1.3919900274699213,1.7770868287296286,1.0,1.0,1.0,0.33892602892743917,0.3059587009595164,0.3764543897865553
breast_cancer,1.5,immutable_l2,exact_leaf_cached,10,1.0,1.0,1.0,1.0474488437396823,0.9623765523465309,1.1410318911528987,1.5909805475607524,1.3919900274699213,1.7770868287296286,1.0,1.0,1.0,0.15259700671718457,0.1451288774051899,0.16098747012814135
breast_cancer,1.5,immutable_l2,leaf_centroid,10,0.8279342226401049,0.6032634032634032,0.9896103896103895,6.578521593845312,6.057591510681909,7.238597820655463,27.0,27.0,27.0,0.0,0.0,0.0,0.15536678190178727,0.14300355688690763,0.16952787804528135
breast_cancer,1.5,immutable_l2,metric_clbr,10,0.9876740906152671,0.974099429981783,1.0,1.0331772279083804,0.9488888864224385,1.1298343957705483,1.6210692137964773,1.4479292804284205,1.7870962280352727,0.99875,0.9962500000000001,1.0,0.0711907710368354,0.06664203294319408,0.07580239760067947
breast_cancer,1.5,immutable_l2,metric_leaf_projection,10,0.9864976200270318,0.9711312217194571,1.0,1.0310542505333165,0.9453001280694409,1.128816015070294,1.5887590872141988,1.390711188044427,1.7689939725922355,1.0,1.0,1.0,0.07169052378512933,0.06779240121619494,0.07620525075272491
breast_cancer,1.5,immutable_l2,native_exact_k_sparse,10,1.0,1.0,1.0,1.0474488437396823,0.9623765523465309,1.1410318911528987,1.5909805475607524,1.3919900274699213,1.7770868287296286,1.0,1.0,1.0,0.1445118369589811,0.1389805069556065,0.15048021494559732
breast_cancer,1.5,immutable_l2,nn_positive_train,10,0.7898679751620927,0.5819993731758438,0.9767207792207796,6.659092603720113,6.211227444159487,7.060096220594256,26.971558621292367,26.941846654912332,26.99393255950632,0.0,0.0,0.0,0.07403527558487802,0.07085875170323086,0.07747788005399486
breast_cancer,1.5,immutable_l2,raw_leaf_projection,10,0.9332500832500832,0.8127372627372627,1.0,1.253349290688865,1.0135303167115652,1.4836439725986925,1.6543636711916487,1.484982897864858,1.849386498419961,1.0,1.0,1.0,0.07400713488843098,0.07081454273771023,0.0777318715054943
breast_cancer,1.5,immutable_top3_l1,clbr,10,0.16614535305766148,0.09520515006860726,0.25444850011380293,0.9777402691320344,0.5999981681149005,1.4087591834963284,2.303018138459315,1.907965159343836,2.6575790486341955,1.0,1.0,1.0,0.19155356072927104,0.17200332478282418,0.21701223117945664
breast_cancer,1.5,immutable_top3_l1,clbr_uncached,10,0.16614535305766148,0.09520515006860726,0.25444850011380293,0.9777402691320344,0.5999981681149005,1.4087591834963284,2.303018138459315,1.907965159343836,2.6575790486341955,1.0,1.0,1.0,0.21832144012729798,0.19676566175420665,0.24656437379724933
breast_cancer,1.5,immutable_top3_l1,exact_leaf,10,0.3305545320278155,0.20259149667343115,0.48561349397413933,0.8743947934558565,0.6873565001565043,1.0653616297857356,1.0540338991529379,1.0183363962904912,1.0936173158585119,1.0,1.0,1.0,0.27085122059749767,0.24908618911025696,0.29499892195226646
breast_cancer,1.5,immutable_top3_l1,exact_leaf_cached,10,0.3305545320278155,0.20259149667343115,0.48561349397413933,0.8743947934558565,0.6873565001565043,1.0653616297857356,1.0540338991529379,1.0183363962904912,1.0936173158585119,1.0,1.0,1.0,0.10229813034515105,0.09393589925458426,0.11259796789947377
breast_cancer,1.5,immutable_top3_l1,leaf_centroid,10,0.24833152159953192,0.11789823584874268,0.4017241590337859,2.390597304962831,1.8514591989967966,2.918845685059694,3.0,3.0,3.0,1.0,1.0,1.0,0.15000213469009677,0.14271084837608952,0.15736515027147022
breast_cancer,1.5,immutable_top3_l1,metric_clbr,10,0.2743427609161281,0.17274249184637025,0.39423249764142754,0.8935712117464758,0.6579877254833898,1.1657385156497109,1.4496312288481736,1.1867214377406932,1.7721951219512195,1.0,1.0,1.0,0.15299542369084346,0.13618190373304068,0.1687307880827331
breast_cancer,1.5,immutable_top3_l1,metric_leaf_projection,10,0.232483770294755,0.1361601764367545,0.3486904248424609,0.6254232827069041,0.4597845744572855,0.7948297821860365,1.0424037169726827,1.0108766233766233,1.0802974324526047,1.0,1.0,1.0,0.065732340279247,0.06444350091144264,0.06725017660075665
breast_cancer,1.5,immutable_top3_l1,native_exact_k_sparse,10,1.0,1.0,1.0,1.233068514719351,1.0907164497964725,1.3779552928585412,1.5133787199106217,1.2834752047995852,1.7339081372182654,1.0,1.0,1.0,0.1459717041678807,0.1427089923219658,0.14902341669263613
breast_cancer,1.5,immutable_top3_l1,nn_positive_train,10,0.15760876769180784,0.08858281307502495,0.24676436422668818,1.5950308182948765,1.059808186723585,2.148861009163793,3.0,3.0,3.0,1.0,1.0,1.0,0.07186086220665042,0.06960053462970921,0.07409418391055397
breast_cancer,1.5,immutable_top3_l1,raw_leaf_projection,10,0.07062102438462765,0.028003804327074933,0.12540993292611977,0.624984378933804,0.3503749663081163,0.9031605598067285,1.0,1.0,1.0,1.0,1.0,1.0,0.07132417518364871,0.0692502181442339,0.07403317782319761
compas,0.0,free_l2,clbr,10,1.0,1.0,1.0,1.6259356720321558,1.1650348009621114,2.1132080598058978,1.6484999999999999,1.3529875,1.9400500000000003,0.999,0.9970000000000001,1.0,0.05125219999717956,0.049876116235668636,0.052689044996782286
compas,0.0,free_l2,clbr_uncached,10,1.0,1.0,1.0,1.6259356720321558,1.1650348009621114,2.1132080598058978,1.6484999999999999,1.3529875,1.9400500000000003,0.999,0.9970000000000001,1.0,0.06530540000539986,0.061836443754702944,0.0691048612610757
compas,0.0,free_l2,exact_leaf,10,1.0,1.0,1.0,0.9571211813831259,0.8011215914726897,1.1197090231337934,1.2704999999999997,1.0829875000000002,1.5145125000000002,1.0,1.0,1.0,0.27970369999093236,0.24626126623470554,0.3145153799843001
compas,0.0,free_l2,exact_leaf_cached,10,1.0,1.0,1.0,0.9571211813831259,0.8011215914726897,1.1197090231337934,1.2704999999999997,1.0829875000000002,1.5145125000000002,1.0,1.0,1.0,0.10946574999161385,0.10603364873925329,0.11332068125104797
compas,0.0,free_l2,leaf_centroid,10,1.0,1.0,1.0,3.756933430061715,3.075246246401664,4.449246087588767,6.6315,6.2229375000000005,7.010499999999999,0.0,0.0,0.0,0.2086764499927085,0.19262405000517901,0.22610697498695345
compas,0.0,free_l2,metric_clbr,10,1.0,1.0,1.0,0.9571211813831259,0.8011215914726897,1.1197090231337934,1.2704999999999997,1.0829875000000002,1.5145125000000002,1.0,1.0,1.0,0.05092444998535939,0.049599036237282235,0.05250636122402739
compas,0.0,free_l2,metric_leaf_projection,10,1.0,1.0,1.0,0.9571211813831259,0.8011215914726897,1.1197090231337934,1.2704999999999997,1.0829875000000002,1.5145125000000002,1.0,1.0,1.0,0.05078294999520949,0.049510862489671584,0.05214496749549653
compas,0.0,free_l2,native_exact_k_sparse,10,1.0,1.0,1.0,0.9571211813831259,0.8011215914726897,1.1197090231337934,1.2704999999999997,1.0829875000000002,1.5145125000000002,1.0,1.0,1.0,0.10160584998902777,0.09868489374761111,0.10500756873764203
compas,0.0,free_l2,nn_positive_train,10,1.0,1.0,1.0,2.850633854388705,2.484399318081792,3.25803683451657,4.283,4.1389875,4.4330125,0.18650000000000003,0.13300000000000003,0.236,0.0714045499967142,0.0689441550051015,0.07422474625143423
compas,0.0,free_l2,raw_leaf_projection,10,1.0,1.0,1.0,1.6259356720321558,1.1650348009621114,2.1132080598058978,1.6484999999999999,1.3529875,1.9400500000000003,0.999,0.9970000000000001,1.0,0.05546910000612115,0.05396226873798469,0.05704091376146607
compas,0.0,immutable_l2,clbr,10,0.6705,0.4405,0.882,1.352031206018531,0.9071829907605203,1.9049378597011564,1.4114396331066277,1.1987965558757352,1.6461276420336026,1.0,1.0,1.0,0.08278685000595942,0.06154537251633201,0.10745921875013664
compas,0.0,immutable_l2,clbr_uncached,10,0.6705,0.4405,0.882,1.352031206018531,0.9071829907605203,1.9049378597011564,1.4114396331066277,1.1987965558757352,1.6461276420336026,1.0,1.0,1.0,0.09682954999016147,0.07294451623298528,0.12439610624052193
compas,0.0,immutable_l2,exact_leaf,10,1.0,1.0,1.0,1.0129347919018303,0.8471425249563654,1.1710053290315303,1.1099999999999999,1.0074999999999998,1.2515125,1.0,1.0,1.0,0.2752693000061299,0.2389016150157886,0.31430127999785784
compas,0.0,immutable_l2,exact_leaf_cached,10,1.0,1.0,1.0,1.0129347919018303,0.8471425249563654,1.1710053290315303,1.1099999999999999,1.0074999999999998,1.2515125,1.0,1.0,1.0,0.1076418499983447,0.10296362749332957,0.11261644625071768
compas,0.0,immutable_l2,leaf_centroid,10,0.6745,0.45150000000000007,0.882,2.6895696684514867,1.9066388033309307,3.5291019600682847,2.8692444342193113,2.8001235823905164,2.9337013986629135,1.0,1.0,1.0,0.20500649999985399,0.18563791999087015,0.22610279247899143
compas,0.0,immutable_l2,metric_clbr,10,0.8795,0.7725,0.968,0.9652349698687557,0.7970537805603595,1.138179386897515,1.1494279545074852,1.016306098382749,1.3287802378121094,1.0,1.0,1.0,0.05955874999835942,0.05269057251800859,0.06685600250231119
compas,0.0,immutable_l2,metric_leaf_projection,10,0.8719999999999999,0.7619999999999999,0.9644999999999999,0.9458222090220498,0.7805908298902743,1.1152449432884828,1.1350194134005558,1.0036024096385543,1.3239285943682984,1.0,1.0,1.0,0.0505252499897324,0.04856776498472755,0.05244854373256658
compas,0.0,immutable_l2,native_exact_k_sparse,10,1.0,1.0,1.0,1.0129347919018303,0.8471425249563654,1.1710053290315303,1.1099999999999999,1.0074999999999998,1.2515125,1.0,1.0,1.0,0.10127004999276323,0.09820990749012708,0.10439314623179144
compas,0.0,immutable_l2,nn_positive_train,10,0.6705,0.4405,0.882,1.4522535571921322,1.095843076332137,1.8598199501648043,2.2238435110988304,2.126554999078935,2.315440470433821,1.0,1.0,1.0,0.07084945000951848,0.06867310251273011,0.07379445124684025
compas,0.0,immutable_l2,raw_leaf_projection,10,0.639,0.3964875,0.8690500000000003,1.1974590526927804,0.7009704438615273,1.8040887239554093,1.2463557895755528,1.0792797359357063,1.4453521497288093,1.0,1.0,1.0,0.053169799999068346,0.05079200750141126,0.05648292748943504
compas,0.0,immutable_top3_l1,clbr,10,0.6705,0.4405,0.882,1.4573159381128682,0.9506761094149602,2.084368574194756,1.4114396331066277,1.1987965558757352,1.6461276420336026,1.0,1.0,1.0,0.08233805000145367,0.06198839374982299,0.10604540625913617
compas,0.0,immutable_top3_l1,clbr_uncached,10,0.6705,0.4405,0.882,1.4573159381128682,0.9506761094149602,2.084368574194756,1.4114396331066277,1.1987965558757352,1.6461276420336026,1.0,1.0,1.0,0.10160780000887826,0.07714045001325757,0.12945847750811482
compas,0.0,immutable_top3_l1,exact_leaf,10,1.0,1.0,1.0,1.0208698751622995,0.8574299125512719,1.1777475692355737,1.105,1.0055,1.2430124999999999,1.0,1.0,1.0,0.2765634000038517,0.24324265875430912,0.3120260500031691
compas,0.0,immutable_top3_l1,exact_leaf_cached,10,1.0,1.0,1.0,1.0208698751622995,0.8574299125512719,1.1777475692355737,1.105,1.0055,1.2430124999999999,1.0,1.0,1.0,0.10385550000273724,0.10062462000447567,0.10727113625399624
compas,0.0,immutable_top3_l1,leaf_centroid,10,0.6745,0.45150000000000007,0.882,3.2768026843037346,2.350621906231133,4.254102242779708,2.8692444342193113,2.8001235823905164,2.9337013986629135,1.0,1.0,1.0,0.20567229998687253,0.189661928739838,0.22411108497725538
compas,0.0,immutable_top3_l1,metric_clbr,10,0.929,0.855475,0.9844999999999999,1.005805279041971,0.83853764258822,1.16775683254715,1.131112199051437,1.0115710772833724,1.3028017293750254,1.0,1.0,1.0,0.05381054999497792,0.04937248747057765,0.05867535500136683
compas,0.0,immutable_top3_l1,metric_leaf_projection,10,0.923,0.8465,0.9814999999999999,0.988487350531323,0.8278315490156906,1.1475658959230497,1.1209487387902048,1.0016100228807412,1.2972152874960223,1.0,1.0,1.0,0.048842099998182675,0.0468757374868801,0.051399956253328584
compas,0.0,immutable_top3_l1,native_exact_k_sparse,10,1.0,1.0,1.0,1.0208698751622995,0.8574299125512719,1.1777475692355737,1.105,1.0055,1.2430124999999999,1.0,1.0,1.0,0.10622525000462701,0.1035646537602588,0.10921259250170579
compas,0.0,immutable_top3_l1,nn_positive_train,10,0.6705,0.4405,0.882,1.7047640423692438,1.2751340548210663,2.2260364350458546,2.2238435110988304,2.126554999078935,2.315440470433821,1.0,1.0,1.0,0.07019075000107478,0.06772826500891824,0.07291333875562032
compas,0.0,immutable_top3_l1,raw_leaf_projection,10,0.639,0.3964875,0.8690500000000003,1.2768172022129032,0.7111573160568146,1.9771370079674,1.2463557895755528,1.0792797359357063,1.4453521497288093,1.0,1.0,1.0,0.05372314999658556,0.05129079000200818,0.0566065987386537
compas,0.5,free_l2,clbr,10,1.0,1.0,1.0,1.5628722529569612,1.0593575772311759,2.126545333670412,1.6195,1.346,1.8850000000000002,0.9995,0.9984999999999999,1.0,0.050603099998170364,0.04923649751436869,0.052032716248947966
compas,0.5,free_l2,clbr_uncached,10,1.0,1.0,1.0,1.5628722529569612,1.0593575772311759,2.126545333670412,1.6195,1.346,1.8850000000000002,0.9995,0.9984999999999999,1.0,0.06380684998885044,0.06034828872145681,0.0673856612366535
compas,0.5,free_l2,exact_leaf,10,1.0,1.0,1.0,0.9351808410377872,0.7732587573943608,1.1051556513549117,1.2995,1.105,1.5200250000000002,1.0,1.0,1.0,0.2752503500023522,0.24294087124710587,0.30884751999604987
compas,0.5,free_l2,exact_leaf_cached,10,1.0,1.0,1.0,0.9351808410377872,0.7732587573943608,1.1051556513549117,1.2995,1.105,1.5200250000000002,1.0,1.0,1.0,0.10729655000750427,0.10359840250744128,0.11149752500094792
compas,0.5,free_l2,leaf_centroid,10,1.0,1.0,1.0,3.7591914150480705,3.0664525868943526,4.518956601441526,7.2955,7.055487499999999,7.5530124999999995,0.0,0.0,0.0,0.20623649999379268,0.1906239399867445,0.22268142500129215
compas,0.5,free_l2,metric_clbr,10,1.0,1.0,1.0,0.9351808410377872,0.7732587573943608,1.1051556513549117,1.2995,1.105,1.5200250000000002,1.0,1.0,1.0,0.049165200000061304,0.04817538748793595,0.05044670499729591
compas,0.5,free_l2,metric_leaf_projection,10,1.0,1.0,1.0,0.9351808410377872,0.7732587573943608,1.1051556513549117,1.2995,1.105,1.5200250000000002,1.0,1.0,1.0,0.049933050009258295,0.04890222750468638,0.05099618250316098
compas,0.5,free_l2,native_exact_k_sparse,10,1.0,1.0,1.0,0.9351808410377872,0.7732587573943608,1.1051556513549117,1.2995,1.105,1.5200250000000002,1.0,1.0,1.0,0.10240239997983736,0.09901187245963002,0.10653805248488198
compas,0.5,free_l2,nn_positive_train,10,1.0,1.0,1.0,2.91288197787741,2.5932397005517185,3.276768000085265,6.141500000000001,6.025474999999999,6.261025000000001,0.0,0.0,0.0,0.07050515000037194,0.06883755249904197,0.07225231498900939
compas,0.5,free_l2,raw_leaf_projection,10,1.0,1.0,1.0,1.5628722529569612,1.0593575772311759,2.126545333670412,1.6195,1.346,1.8850000000000002,0.9995,0.9984999999999999,1.0,0.05483330000697606,0.053363421254402965,0.05626496249412867
compas,0.5,immutable_l2,clbr,10,0.6975,0.4834875,0.8934999999999998,1.3105956205787863,0.8139846335775959,1.9363375407852699,1.3373941965874585,1.1606330436203456,1.5323541877306481,1.0,1.0,1.0,0.07405244999245042,0.05761013499223964,0.09240542625384478
compas,0.5,immutable_l2,clbr_uncached,10,0.6975,0.4834875,0.8934999999999998,1.3105956205787863,0.8139846335775959,1.9363375407852699,1.3373941965874585,1.1606330436203456,1.5323541877306481,1.0,1.0,1.0,0.09049049999066483,0.07230754999091005,0.11023534498921209
compas,0.5,immutable_l2,exact_leaf,10,1.0,1.0,1.0,1.0014867396520413,0.8393752058295023,1.167168231837211,1.1239999999999999,1.0044999999999997,1.2994999999999999,1.0,1.0,1.0,0.26689655001518986,0.23433877500609696,0.29966740127864566
compas,0.5,immutable_l2,exact_leaf_cached,10,1.0,1.0,1.0,1.0014867396520413,0.8393752058295023,1.167168231837211,1.1239999999999999,1.0044999999999997,1.2994999999999999,1.0,1.0,1.0,0.10342909999189942,0.10117962250052415,0.10593952623333962
compas,0.5,immutable_l2,leaf_centroid,10,0.7075,0.499,0.8939999999999999,2.594948547172807,1.7507209543393807,3.5420787811811216,2.8692890090645506,2.7793815969848863,2.9507061380612853,1.0,1.0,1.0,0.19989475000420498,0.1853415100365396,0.21461197248399913
compas,0.5,immutable_l2,metric_clbr,10,0.8545,0.7219875,0.9640125000000002,0.9203360325811119,0.740314866239006,1.1039013408720988,1.1414737377063218,1.007719835938453,1.3299609415867482,1.0,1.0,1.0,0.05815600000687482,0.05091073000418191,0.06682113876445328
compas,0.5,immutable_l2,metric_leaf_projection,10,0.8505,0.7169749999999999,0.9625,0.9158050481913825,0.7358917716945952,1.0992833930181447,1.1355260656685875,1.0020151515151514,1.3274853136629452,1.0,1.0,1.0,0.04870730000675394,0.04753642124746875,0.05006270875792325
compas,0.5,immutable_l2,native_exact_k_sparse,10,1.0,1.0,1.0,1.0014867396520413,0.8393752058295023,1.167168231837211,1.1239999999999999,1.0044999999999997,1.2994999999999999,1.0,1.0,1.0,0.09974880000072517,0.09708104500132322,0.10335495997859426
compas,0.5,immutable_l2,nn_positive_train,10,0.6955,0.48197500000000004,0.8925000000000001,1.3923730886844505,1.0768415049899072,1.8056670950972504,2.1794078680784246,2.0894378395358193,2.264740270734453,1.0,1.0,1.0,0.06905624999217252,0.06715945624424649,0.07107445498950256
compas,0.5,immutable_l2,raw_leaf_projection,10,0.6755,0.45050000000000007,0.8805125,1.2641464643496232,0.7368026180834708,1.9137032813097148,1.2484132271490527,1.0714828263905674,1.457274512011397,1.0,1.0,1.0,0.05267064999407012,0.05161116749117127,0.05423775750389268
compas,0.5,immutable_top3_l1,clbr,10,0.6975,0.4834875,0.8934999999999998,1.4066868915953212,0.8473175791264584,2.1328867203358466,1.3373941965874585,1.1606330436203456,1.5323541877306481,1.0,1.0,1.0,0.07578169999214879,0.0594418899838729,0.09443553623698335
compas,0.5,immutable_top3_l1,clbr_uncached,10,0.6975,0.4834875,0.8934999999999998,1.4066868915953212,0.8473175791264584,2.1328867203358466,1.3373941965874585,1.1606330436203456,1.5323541877306481,1.0,1.0,1.0,0.09323075000156678,0.07466614249598251,0.11405591999823629
compas,0.5,immutable_top3_l1,exact_leaf,10,1.0,1.0,1.0,1.0116240583310574,0.8514507556897283,1.172986312657037,1.1215,1.0044999999999997,1.2925,1.0,1.0,1.0,0.2694972999956917,0.23746549749666884,0.30101674873735645
compas,0.5,immutable_top3_l1,exact_leaf_cached,10,1.0,1.0,1.0,1.0116240583310574,0.8514507556897283,1.172986312657037,1.1215,1.0044999999999997,1.2925,1.0,1.0,1.0,0.10225379999292272,0.10021694498774422,0.10413770874113197
compas,0.5,immutable_top3_l1,leaf_centroid,10,0.7075,0.499,0.8939999999999999,3.2083616960589674,2.253998541874764,4.28918659552549,2.8692890090645506,2.7793815969848863,2.9507061380612853,1.0,1.0,1.0,0.20118124999316933,0.18655502875307092,0.21619639249969397
compas,0.5,immutable_top3_l1,metric_clbr,10,0.8985,0.8094874999999999,0.974,0.9720765548617003,0.8074776518888654,1.1387879292295051,1.1318121639309247,1.0068936868686869,1.3092373406427196,1.0,1.0,1.0,0.054369100007079396,0.049344176263105055,0.060016157499637755
compas,0.5,immutable_top3_l1,metric_leaf_projection,10,0.8955,0.8055,0.9724999999999999,0.9681567956017305,0.8036666804220388,1.1348650121161032,1.1270320245990146,1.0020151515151514,1.3072021634965885,1.0,1.0,1.0,0.04724749998877087,0.04607782499479072,0.04841242372127681
compas,0.5,immutable_top3_l1,native_exact_k_sparse,10,1.0,1.0,1.0,1.0116240583310574,0.8514507556897283,1.172986312657037,1.1215,1.0044999999999997,1.2925,1.0,1.0,1.0,0.10426770000140095,0.10291544125841483,0.10557840124953373
compas,0.5,immutable_top3_l1,nn_positive_train,10,0.6955,0.48197500000000004,0.8925000000000001,1.6479845311810117,1.2470699793194087,2.2049604577108344,2.1794078680784246,2.0894378395358193,2.264740270734453,1.0,1.0,1.0,0.06914665000658715,0.06738212875411591,0.07083083502873251
compas,0.5,immutable_top3_l1,raw_leaf_projection,10,0.6755,0.45050000000000007,0.8805125,1.3481302131172452,0.7463446617862355,2.0835271072607378,1.2484132271490527,1.0714828263905674,1.457274512011397,1.0,1.0,1.0,0.052672700001949124,0.05102698874158022,0.054204911255487785
compas,1.0,free_l2,clbr,10,1.0,1.0,1.0,1.4645237871872299,0.9900856177682834,2.013362484298296,1.544,1.2989875,1.7885124999999997,0.9995,0.9984999999999999,1.0,0.049591700001656136,0.04878295625359215,0.05069109125028035
compas,1.0,free_l2,clbr_uncached,10,1.0,1.0,1.0,1.4645237871872299,0.9900856177682834,2.013362484298296,1.544,1.2989875,1.7885124999999997,0.9995,0.9984999999999999,1.0,0.06250019999879441,0.05963807373311738,0.06513781624947797
compas,1.0,free_l2,exact_leaf,10,1.0,1.0,1.0,0.9109388506259416,0.7411063805111229,1.0893642175853673,1.2845,1.1164999999999998,1.4620125000000002,1.0,1.0,1.0,0.27245415000243156,0.2365192912459179,0.3074337262421068
compas,1.0,free_l2,exact_leaf_cached,10,1.0,1.0,1.0,0.9109388506259416,0.7411063805111229,1.0893642175853673,1.2845,1.1164999999999998,1.4620125000000002,1.0,1.0,1.0,0.10378125000079308,0.10141814374680962,0.10585621375502115
compas,1.0,free_l2,leaf_centroid,10,1.0,1.0,1.0,3.9618382765618962,3.3699754790941507,4.653496269128909,7.303,7.055,7.5655125000000005,0.0,0.0,0.0,0.20494935000215264,0.1883398887428939,0.22109476749940313
compas,1.0,free_l2,metric_clbr,10,1.0,1.0,1.0,0.9109388506259416,0.7411063805111229,1.0893642175853673,1.2845,1.1164999999999998,1.4620125000000002,1.0,1.0,1.0,0.04825329999721362,0.04723573749887464,0.049316217495027105
compas,1.0,free_l2,metric_leaf_projection,10,1.0,1.0,1.0,0.9109388506259416,0.7411063805111229,1.0893642175853673,1.2845,1.1164999999999998,1.4620125000000002,1.0,1.0,1.0,0.04881035000744305,0.04758793875284937,0.05003163126330037
compas,1.0,free_l2,native_exact_k_sparse,10,1.0,1.0,1.0,0.9109388506259416,0.7411063805111229,1.0893642175853673,1.2845,1.1164999999999998,1.4620125000000002,1.0,1.0,1.0,0.09918829999514855,0.097383264993573,0.10090256124346979
compas,1.0,free_l2,nn_positive_train,10,1.0,1.0,1.0,3.18484998802039,2.9572364576572294,3.471763684296577,6.1725,6.067,6.272512500000001,0.0,0.0,0.0,0.06988489999957892,0.06890023373845225,0.07073031498000545
compas,1.0,free_l2,raw_leaf_projection,10,1.0,1.0,1.0,1.4645237871872299,0.9900856177682834,2.013362484298296,1.544,1.2989875,1.7885124999999997,0.9995,0.9984999999999999,1.0,0.053560699998797645,0.05253758499695778,0.05443500001047141
compas,1.0,immutable_l2,clbr,10,0.737,0.5469875,0.9094999999999999,1.2611498513751178,0.7855086163970518,1.8670560953428506,1.3267798264423096,1.154868926490363,1.5174050137093615,1.0,1.0,1.0,0.07412755000450488,0.057838797504916786,0.09214457625141677
compas,1.0,immutable_l2,clbr_uncached,10,0.737,0.5469875,0.9094999999999999,1.2611498513751178,0.7855086163970518,1.8670560953428506,1.3267798264423096,1.154868926490363,1.5174050137093615,1.0,1.0,1.0,0.08817489999591999,0.0700447037470667,0.10899090000566503
compas,1.0,immutable_l2,exact_leaf,10,1.0,1.0,1.0,0.9712972828704798,0.8129267447544107,1.1373744290483834,1.1344999999999998,1.0055,1.3205,1.0,1.0,1.0,0.26928824999322387,0.23374355249430892,0.30563800749174563
compas,1.0,immutable_l2,exact_leaf_cached,10,1.0,1.0,1.0,0.9712972828704798,0.8129267447544107,1.1373744290483834,1.1344999999999998,1.0055,1.3205,1.0,1.0,1.0,0.10276385000543087,0.10128927750379262,0.10454137126033629
compas,1.0,immutable_l2,leaf_centroid,10,0.7365,0.5485,0.9084999999999999,2.5692267445584758,1.7761455511567108,3.4772548448167657,2.877511492367512,2.7930017448831848,2.952082678915288,1.0,1.0,1.0,0.20164684999826932,0.18373303125570145,0.2201390849976633
compas,1.0,immutable_l2,metric_clbr,10,0.8685,0.7485,0.975,0.9083546147582588,0.7241917324338071,1.0970942151517546,1.1429010529172703,1.0141729096486702,1.3257432352249094,1.0,1.0,1.0,0.0590108500059614,0.052375753751834966,0.06608390000407098
compas,1.0,immutable_l2,metric_leaf_projection,10,0.8615,0.7404875,0.9660125,0.9004697223369984,0.7175789799027499,1.0859372117635921,1.132014426028238,1.002,1.3181774631675875,1.0,1.0,1.0,0.04905164999763656,0.0479133412532633,0.050154529999019815
compas,1.0,immutable_l2,native_exact_k_sparse,10,1.0,1.0,1.0,0.9712972828704798,0.8129267447544107,1.1373744290483834,1.1344999999999998,1.0055,1.3205,1.0,1.0,1.0,0.09981104999224044,0.09747949000010295,0.10198835249153718
compas,1.0,immutable_l2,nn_positive_train,10,0.7354999999999999,0.545,0.9080375000000002,1.3250967915115233,1.0153217803830203,1.738916472422506,2.2103086784881945,2.1168622422680414,2.290991691005418,1.0,1.0,1.0,0.06746284999690033,0.06595033622700157,0.06915005250517652
compas,1.0,immutable_l2,raw_leaf_projection,10,0.7145,0.508475,0.9025124999999999,1.2195647371145482,0.7287006672447035,1.8371478665996412,1.2332077793162894,1.0613125,1.4338585330851337,1.0,1.0,1.0,0.0530163999924298,0.051285722491400065,0.054587587492039805
compas,1.0,immutable_top3_l1,clbr,10,0.737,0.5469875,0.9094999999999999,1.3548660582591414,0.8086180510861551,2.0673660279766906,1.3267798264423096,1.154868926490363,1.5174050137093615,1.0,1.0,1.0,0.07616850001068087,0.05871670752379714,0.09607085123794833
compas,1.0,immutable_top3_l1,clbr_uncached,10,0.737,0.5469875,0.9094999999999999,1.3548660582591414,0.8086180510861551,2.0673660279766906,1.3267798264423096,1.154868926490363,1.5174050137093615,1.0,1.0,1.0,0.09167219999471854,0.07218885623111645,0.11379541750396811
compas,1.0,immutable_top3_l1,exact_leaf,10,1.0,1.0,1.0,0.9850700547739729,0.8289921718463269,1.1449635841390988,1.1295,1.004,1.3119999999999998,1.0,1.0,1.0,0.27947239999502926,0.2419494150053083,0.31703693622456514
compas,1.0,immutable_top3_l1,exact_leaf_cached,10,1.0,1.0,1.0,0.9850700547739729,0.8289921718463269,1.1449635841390988,1.1295,1.004,1.3119999999999998,1.0,1.0,1.0,0.10404230000358439,0.10142370626372213,0.106896720014754
compas,1.0,immutable_top3_l1,leaf_centroid,10,0.7365,0.5485,0.9084999999999999,3.1882274374870367,2.2655869184267035,4.212966208310873,2.877511492367512,2.7930017448831848,2.952082678915288,1.0,1.0,1.0,0.20468874998914544,0.18659750373561793,0.22310209999768632
compas,1.0,immutable_top3_l1,metric_clbr,10,0.9004999999999999,0.8039875,0.9834999999999999,0.9448490317348659,0.7683308970484971,1.1233860879198232,1.1347239206781192,1.0092744489383942,1.3154613486463556,1.0,1.0,1.0,0.05633104999014904,0.05044326500812986,0.06262465624660081
compas,1.0,immutable_top3_l1,metric_leaf_projection,10,0.8945000000000001,0.7980000000000002,0.977,0.9368868081098934,0.762798680374581,1.1132701019528748,1.1273176365699464,1.0015,1.3099617806775816,1.0,1.0,1.0,0.0505866000135029,0.049060023761842333,0.05240121251246137
compas,1.0,immutable_top3_l1,native_exact_k_sparse,10,1.0,1.0,1.0,0.9850700547739729,0.8289921718463269,1.1449635841390988,1.1295,1.004,1.3119999999999998,1.0,1.0,1.0,0.10450059998584038,0.10126501001413998,0.10824619748590295
compas,1.0,immutable_top3_l1,nn_positive_train,10,0.7354999999999999,0.545,0.9080375000000002,1.576390377298607,1.1945190654267868,2.1174582624906906,2.2103086784881945,2.1168622422680414,2.290991691005418,1.0,1.0,1.0,0.07117669999797727,0.06876595000994712,0.07397749999141752
compas,1.0,immutable_top3_l1,raw_leaf_projection,10,0.7145,0.508475,0.9025124999999999,1.3018553928547694,0.7352131650430792,2.026916723528869,1.2332077793162894,1.0613125,1.4338585330851337,1.0,1.0,1.0,0.05356335000078616,0.05219456999993781,0.05507985375163571
compas,1.5,free_l2,clbr,10,1.0,1.0,1.0,1.4103600304181174,0.9357818220627594,1.9522149648379212,1.5,1.2649875,1.7429999999999999,1.0,1.0,1.0,0.050141899996560824,0.048904831240599834,0.051376264997702495
compas,1.5,free_l2,clbr_uncached,10,1.0,1.0,1.0,1.4103600304181174,0.9357818220627594,1.9522149648379212,1.5,1.2649875,1.7429999999999999,1.0,1.0,1.0,0.06317949999538541,0.05993496750447776,0.0663091587306667
compas,1.5,free_l2,exact_leaf,10,1.0,1.0,1.0,0.8847192947855638,0.6985826973668359,1.0730154216461545,1.2775,1.1075000000000002,1.4705,1.0,1.0,1.0,0.2753876000110722,0.24426627002299028,0.30717775249457874
compas,1.5,free_l2,exact_leaf_cached,10,1.0,1.0,1.0,0.8847192947855638,0.6985826973668359,1.0730154216461545,1.2775,1.1075000000000002,1.4705,1.0,1.0,1.0,0.1057270499995866,0.10303990999831285,0.10825997998448429
compas,1.5,free_l2,leaf_centroid,10,1.0,1.0,1.0,4.451584082150193,3.841951538986723,5.125249454936067,7.3065,7.072462499999999,7.5595,0.0,0.0,0.0,0.20537044999946374,0.19016205749516074,0.22061415999855855
compas,1.5,free_l2,metric_clbr,10,1.0,1.0,1.0,0.8847192947855638,0.6985826973668359,1.0730154216461545,1.2775,1.1075000000000002,1.4705,1.0,1.0,1.0,0.048558899999079586,0.0477029287424557,0.049382522494670414
compas,1.5,free_l2,metric_leaf_projection,10,1.0,1.0,1.0,0.8847192947855638,0.6985826973668359,1.0730154216461545,1.2775,1.1075000000000002,1.4705,1.0,1.0,1.0,0.050508100002844,0.04926432375823424,0.05176267999579522
compas,1.5,free_l2,native_exact_k_sparse,10,1.0,1.0,1.0,0.8847192947855638,0.6985826973668359,1.0730154216461545,1.2775,1.1075000000000002,1.4705,1.0,1.0,1.0,0.10150405001422769,0.09857945876776739,0.10414071376790161
compas,1.5,free_l2,nn_positive_train,10,1.0,1.0,1.0,3.7421466089687043,3.4095861935557967,4.122749767034219,6.188,6.074487499999999,6.290012500000001,0.0,0.0,0.0,0.06980864999923142,0.06837349375891791,0.0710583449846581
compas,1.5,free_l2,raw_leaf_projection,10,1.0,1.0,1.0,1.4103600304181174,0.9357818220627594,1.9522149648379212,1.5,1.2649875,1.7429999999999999,1.0,1.0,1.0,0.05362524999463858,0.051997362479119145,0.05558170999862568
compas,1.5,immutable_l2,clbr,10,0.7705,0.585975,0.9209999999999999,1.234431188223452,0.7622304111625332,1.8121744317805155,1.2836968742896695,1.1189031946868333,1.4727499211053072,1.0,1.0,1.0,0.07222294999610313,0.05743496625633497,0.08940231372977224
compas,1.5,immutable_l2,clbr_uncached,10,0.7705,0.585975,0.9209999999999999,1.234431188223452,0.7622304111625332,1.8121744317805155,1.2836968742896695,1.1189031946868333,1.4727499211053072,1.0,1.0,1.0,0.08616224999059341,0.068501081240845,0.10626367874308472
compas,1.5,immutable_l2,exact_leaf,10,1.0,1.0,1.0,0.9469868246647885,0.7795523514594532,1.120122695636326,1.127,1.0039875,1.2999999999999998,1.0,1.0,1.0,0.2736094500151012,0.2397655650275965,0.30631450626339074
compas,1.5,immutable_l2,exact_leaf_cached,10,1.0,1.0,1.0,0.9469868246647885,0.7795523514594532,1.120122695636326,1.127,1.0039875,1.2999999999999998,1.0,1.0,1.0,0.10595440000406597,0.10422583625436346,0.10764099625251902
compas,1.5,immutable_l2,leaf_centroid,10,0.7754999999999999,0.5940000000000001,0.9239999999999998,2.5586350121130765,1.7900095169968187,3.4208335674661208,2.869379929541469,2.789386117467582,2.9406466359196965,1.0,1.0,1.0,0.203700949999984,0.1875142099974255,0.21976723374988297
compas,1.5,immutable_l2,metric_clbr,10,0.877,0.752,0.9719999999999999,0.8735408559292936,0.6875133328290505,1.0633874039439863,1.1435176061860843,1.0119011544011545,1.310352492314449,1.0,1.0,1.0,0.06043875000796106,0.051971878765903055,0.07022475251092146
compas,1.5,immutable_l2,metric_leaf_projection,10,0.8674999999999999,0.7395,0.9705125000000001,0.8639542816678165,0.6652886638882111,1.0590849510825682,1.1283215930018415,1.002,1.3048890193370168,1.0,1.0,1.0,0.04997334999825398,0.048894769989112775,0.05116608624709897
compas,1.5,immutable_l2,native_exact_k_sparse,10,1.0,1.0,1.0,0.9469868246647885,0.7795523514594532,1.120122695636326,1.127,1.0039875,1.2999999999999998,1.0,1.0,1.0,0.10072904999879029,0.09844902372827846,0.10272465376336867
compas,1.5,immutable_l2,nn_positive_train,10,0.7645,0.5799499999999999,0.9150125000000001,1.3693798425541153,1.0557514459512412,1.7651512662959405,2.197947388008735,2.0803912079048197,2.3019299664463517,1.0,1.0,1.0,0.06916594998983783,0.06807452500610225,0.07059323123378362
compas,1.5,immutable_l2,raw_leaf_projection,10,0.7505,0.5564875,0.9125,1.2028630533683171,0.7179107810096305,1.7906099289067077,1.2332403100775193,1.0615,1.4330936046511633,1.0,1.0,1.0,0.053415749994655926,0.0525612999886107,0.05426401500470775
compas,1.5,immutable_top3_l1,clbr,10,0.7705,0.585975,0.9209999999999999,1.3241755575215355,0.7845626368788791,2.0011585201642634,1.2836968742896695,1.1189031946868333,1.4727499211053072,1.0,1.0,1.0,0.07207729999981893,0.057468056256482214,0.08865667873668599
compas,1.5,immutable_top3_l1,clbr_uncached,10,0.7705,0.585975,0.9209999999999999,1.3241755575215355,0.7845626368788791,2.0011585201642634,1.2836968742896695,1.1189031946868333,1.4727499211053072,1.0,1.0,1.0,0.08920005000709352,0.07164916127470633,0.10913416625902528
compas,1.5,immutable_top3_l1,exact_leaf,10,1.0,1.0,1.0,0.960218752820051,0.7938814227651275,1.1286868962781211,1.1184999999999998,1.0025,1.2820125,1.0,1.0,1.0,0.272158250017128,0.23710008877013705,0.30762698627373763
compas,1.5,immutable_top3_l1,exact_leaf_cached,10,1.0,1.0,1.0,0.960218752820051,0.7938814227651275,1.1286868962781211,1.1184999999999998,1.0025,1.2820125,1.0,1.0,1.0,0.10121319999916523,0.10027042500225888,0.10215407248638257
compas,1.5,immutable_top3_l1,leaf_centroid,10,0.7754999999999999,0.5940000000000001,0.9239999999999998,3.168261198944061,2.2808396709031897,4.146375034340773,2.869379929541469,2.789386117467582,2.9406466359196965,1.0,1.0,1.0,0.20109269999875323,0.18462096374912562,0.21751814874992306
compas,1.5,immutable_top3_l1,metric_clbr,10,0.9120000000000001,0.8374875,0.9750125000000001,0.9194328557689083,0.7326189145889336,1.1033030889179993,1.132403774489028,1.0089188034188035,1.292411676258969,1.0,1.0,1.0,0.05606810000108453,0.049254853746379015,0.0639116949965569
compas,1.5,immutable_top3_l1,metric_leaf_projection,10,0.9040000000000001,0.8220000000000001,0.9745000000000001,0.9103753995704427,0.7161116248037138,1.0991176594525767,1.1206972789115646,1.0015,1.2879501700680274,1.0,1.0,1.0,0.047836299993377907,0.04671741749000376,0.049087049986894726
compas,1.5,immutable_top3_l1,native_exact_k_sparse,10,1.0,1.0,1.0,0.960218752820051,0.7938814227651275,1.1286868962781211,1.1184999999999998,1.0025,1.2820125,1.0,1.0,1.0,0.10342075000744444,0.10223434499916947,0.10448236499796622
compas,1.5,immutable_top3_l1,nn_positive_train,10,0.7645,0.5799499999999999,0.9150125000000001,1.6240775961512912,1.238753620803186,2.154509842006149,2.197947388008735,2.0803912079048197,2.3019299664463517,1.0,1.0,1.0,0.06884824999451666,0.06780736624870087,0.06994260625590414
compas,1.5,immutable_top3_l1,raw_leaf_projection,10,0.7505,0.5564875,0.9125,1.2858460754855112,0.7300406072983426,1.9856681780540315,1.2332403100775193,1.0615,1.4330936046511633,1.0,1.0,1.0,0.05235275001405171,0.05133824752164173,0.05337145501028999
credit_default,0.0,free_l2,clbr,10,1.0,1.0,1.0,0.719480190699306,0.6665162869257204,0.7715951521462184,1.219,1.1684875,1.2754999999999999,1.0,1.0,1.0,0.06491659999892363,0.06361808248744864,0.0661228025152127
credit_default,0.0,free_l2,clbr_uncached,10,1.0,1.0,1.0,0.719480190699306,0.6665162869257204,0.7715951521462184,1.219,1.1684875,1.2754999999999999,1.0,1.0,1.0,0.11552065001114897,0.11208368627547997,0.11844032375580582
credit_default,0.0,free_l2,exact_leaf,10,1.0,1.0,1.0,0.24736691263329535,0.1904460415782828,0.3035684515673891,1.2049999999999998,1.1185,1.3074999999999997,1.0,1.0,1.0,0.7755890500020541,0.7416717174934092,0.8082912775067825
credit_default,0.0,free_l2,exact_leaf_cached,10,1.0,1.0,1.0,0.24736691263329535,0.1904460415782828,0.3035684515673891,1.2049999999999998,1.1185,1.3074999999999997,1.0,1.0,1.0,0.14146185000936384,0.13857660877662284,0.14379848123994635
credit_default,0.0,free_l2,leaf_centroid,10,1.0,1.0,1.0,4.490605228543636,4.352144388412305,4.633753458158096,22.5575,22.33795,22.7480125,0.0,0.0,0.0,0.5277760499998294,0.5097003499963648,0.5459179699840775
credit_default,0.0,free_l2,metric_clbr,10,1.0,1.0,1.0,0.24736691263329535,0.1904460415782828,0.3035684515673891,1.2049999999999998,1.1185,1.3074999999999997,1.0,1.0,1.0,0.06321800000478106,0.062058514997647765,0.06445782875744044
credit_default,0.0,free_l2,metric_leaf_projection,10,1.0,1.0,1.0,0.24736691263329535,0.1904460415782828,0.3035684515673891,1.2049999999999998,1.1185,1.3074999999999997,1.0,1.0,1.0,0.06476474999226411,0.0629422312329666,0.06686287747089636
credit_default,0.0,free_l2,native_exact_k_sparse,10,1.0,1.0,1.0,0.24736691263329535,0.1904460415782828,0.3035684515673891,1.2049999999999998,1.1185,1.3074999999999997,1.0,1.0,1.0,0.13148204999197333,0.12913032124317853,0.13389329499883615
credit_default,0.0,free_l2,nn_positive_train,10,1.0,1.0,1.0,4.693695817045908,4.599800225642005,4.794721060333852,17.555,17.3565,17.746500000000005,0.002,0.0,0.005,0.15314459999217434,0.15075579748951212,0.15535837874540448
credit_default,0.0,free_l2,raw_leaf_projection,10,1.0,1.0,1.0,0.719480190699306,0.6665162869257204,0.7715951521462184,1.219,1.1684875,1.2754999999999999,1.0,1.0,1.0,0.07255290000148307,0.07064206250312281,0.07456420377627637
credit_default,0.0,immutable_l2,clbr,10,0.9984999999999999,0.9970000000000001,0.9995,0.7631775863938945,0.6863942797664812,0.8407558240396045,1.5082964824120604,1.2900396984924623,1.7928751256281406,0.9789949748743719,0.9599949748743718,0.9949899497487437,0.07459709998147446,0.06618389872467105,0.08524945373055744
credit_default,0.0,immutable_l2,clbr_uncached,10,0.9984999999999999,0.9970000000000001,0.9995,0.7631775863938945,0.6863942797664812,0.8407558240396045,1.5082964824120604,1.2900396984924623,1.7928751256281406,0.9789949748743719,0.9599949748743718,0.9949899497487437,0.1282387500027653,0.11672285250639333,0.1411853137490084
credit_default,0.0,immutable_l2,exact_leaf,10,1.0,1.0,1.0,0.254946313884676,0.1925693735856119,0.3197678659904167,1.2129999999999999,1.1245,1.315525,1.0,1.0,1.0,0.779862300007153,0.73201246251557,0.8285016725036712
credit_default,0.0,immutable_l2,exact_leaf_cached,10,1.0,1.0,1.0,0.254946313884676,0.1925693735856119,0.3197678659904167,1.2129999999999999,1.1245,1.315525,1.0,1.0,1.0,0.14245954999387322,0.13834829622516054,0.14702081749842363
credit_default,0.0,immutable_l2,leaf_centroid,10,0.873,0.7729875,0.9625125000000001,3.959356613142307,3.7959048036476304,4.108531761002886,18.58615853703236,18.34082203666962,18.785312945826558,0.0,0.0,0.0,0.5277152500043485,0.5067334400126811,0.5487328012384296
credit_default,0.0,immutable_l2,metric_clbr,10,0.9994999999999999,0.9984999999999999,1.0,0.2815305190879446,0.20781139088512643,0.3642133637455881,1.5934472361809044,1.2884736809045225,1.9430236809045227,0.9729748743718591,0.9464748743718593,0.9935,0.07707330000357615,0.06684574000252042,0.09089815000379531
credit_default,0.0,immutable_l2,metric_leaf_projection,10,0.9724999999999999,0.9460000000000001,0.9935,0.24727457792529145,0.19049348176647563,0.3035947673738707,1.2044730416586087,1.1160776034151034,1.3090469556884505,1.0,1.0,1.0,0.06503030000067156,0.06316806376270279,0.0670243387458072
credit_default,0.0,immutable_l2,native_exact_k_sparse,10,1.0,1.0,1.0,0.254946313884676,0.1925693735856119,0.3197678659904167,1.2129999999999999,1.1245,1.315525,1.0,1.0,1.0,0.13462540000000445,0.13117432999529227,0.1380963887415078
credit_default,0.0,immutable_l2,nn_positive_train,10,0.9879999999999999,0.9785,0.9964999999999999,3.700675975766847,3.6096851187239083,3.7984031318007414,15.060325092573697,14.898795270637239,15.211087202337302,0.008666086885357412,0.005035481978420019,0.013921754606365156,0.15497960000629973,0.15119896250323564,0.15939599875946442
credit_default,0.0,immutable_l2,raw_leaf_projection,10,0.977,0.9584999999999999,0.9924999999999999,0.7183943027407583,0.6690050547424499,0.7659559161205842,1.2110826055593968,1.1617962911367432,1.2683563837377603,1.0,1.0,1.0,0.0719702999999754,0.07017491749799092,0.07383010625113684
credit_default,0.0,immutable_top3_l1,clbr,10,0.053000000000000005,0.0359875,0.071,0.37550353271895437,0.25209590311092955,0.5274697921965545,2.5373287007110537,2.3223419386985564,2.7225075280112048,1.0,1.0,1.0,0.15264910001087628,0.144476458752888,0.16173109625874532
credit_default,0.0,immutable_top3_l1,clbr_uncached,10,0.053000000000000005,0.0359875,0.071,0.37550353271895437,0.25209590311092955,0.5274697921965545,2.5373287007110537,2.3223419386985564,2.7225075280112048,1.0,1.0,1.0,0.21206375001565902,0.20349836251084524,0.22131959001745827
credit_default,0.0,immutable_top3_l1,exact_leaf,10,0.312,0.24099999999999996,0.3815,0.6789126748749871,0.5381634901388455,0.8255111127222117,1.0609217271925606,1.0220735314068647,1.1222625238380448,1.0,1.0,1.0,0.6422019999945405,0.609195629992314,0.6770284537423776
credit_default,0.0,immutable_top3_l1,exact_leaf_cached,10,0.312,0.24099999999999996,0.3815,0.6789126748749871,0.5381634901388455,0.8255111127222117,1.0609217271925606,1.0220735314068647,1.1222625238380448,1.0,1.0,1.0,0.09510904999297054,0.09055843123968543,0.09988050000663407
credit_default,0.0,immutable_top3_l1,leaf_centroid,10,0.0645,0.0444875,0.08800000000000001,1.5040928117589694,1.0787256877166724,2.079032933892397,2.9833333333333334,2.95,3.0,1.0,1.0,1.0,0.5091668500167543,0.4918702762737894,0.5257406562531173
credit_default,0.0,immutable_top3_l1,metric_clbr,10,0.147,0.118,0.176,0.2951998302660651,0.20413002426677226,0.4115307656453391,1.278622693096377,1.163179226475279,1.3994869275461381,1.0,1.0,1.0,0.13106749999178646,0.12624579874558323,0.13564755623573319
credit_default,0.0,immutable_top3_l1,metric_leaf_projection,10,0.12800000000000003,0.0975,0.1595,0.2203228365164093,0.1453555023148222,0.31808065840872346,1.0228927203065132,1.0,1.05,1.0,1.0,1.0,0.05983074999267046,0.05815257622567742,0.0613917950029645
credit_default,0.0,immutable_top3_l1,native_exact_k_sparse,10,1.0,1.0,1.0,0.2669843549695189,0.20350006763652587,0.33338873079823117,1.1765,1.1035,1.268,1.0,1.0,1.0,0.13513950001606645,0.13298913376370364,0.1369820500044625
credit_default,0.0,immutable_top3_l1,nn_positive_train,10,0.052000000000000005,0.0355,0.06999999999999999,1.6815816950807239,1.2025120595141476,2.17235131981557,2.8636363636363638,2.6636363636363636,3.0,1.0,1.0,1.0,0.14627539999537476,0.14196650000531008,0.1507316449912537
credit_default,0.0,immutable_top3_l1,raw_leaf_projection,10,0.0105,0.0055,0.0175,0.4890170806365834,0.4410167651944998,0.5797283625929154,1.025,1.0,1.075,1.0,1.0,1.0,0.06602919999158985,0.06484080749745544,0.06734205749456805
credit_default,0.5,free_l2,clbr,10,1.0,1.0,1.0,0.70321621877266,0.6598667615047922,0.7482484217398605,1.198,1.1525,1.252,1.0,1.0,1.0,0.0621621000086634,0.06044327999932193,0.06408390876410977
credit_default,0.5,free_l2,clbr_uncached,10,1.0,1.0,1.0,0.70321621877266,0.6598667615047922,0.7482484217398605,1.198,1.1525,1.252,1.0,1.0,1.0,0.11062850000962499,0.10769996999478053,0.11353515752573458
credit_default,0.5,free_l2,exact_leaf,10,1.0,1.0,1.0,0.2590435356070473,0.1980219808827721,0.3210605895092382,1.2155,1.126,1.3155125,1.0,1.0,1.0,0.7503409500013731,0.7114377800049965,0.7879317274999039
credit_default,0.5,free_l2,exact_leaf_cached,10,1.0,1.0,1.0,0.2590435356070473,0.1980219808827721,0.3210605895092382,1.2155,1.126,1.3155125,1.0,1.0,1.0,0.1366897000029894,0.13306397375804407,0.1404350974811109
credit_default,0.5,free_l2,leaf_centroid,10,1.0,1.0,1.0,4.619139188724664,4.485264116027087,4.754160881471586,22.719,22.621500000000005,22.814999999999998,0.0,0.0,0.0,0.5134364000059577,0.49497586125756926,0.5304192462511764
credit_default,0.5,free_l2,metric_clbr,10,1.0,1.0,1.0,0.2590435356070473,0.1980219808827721,0.3210605895092382,1.2155,1.126,1.3155125,1.0,1.0,1.0,0.06202205000909089,0.060820506260563435,0.06339556250302394
credit_default,0.5,free_l2,metric_leaf_projection,10,1.0,1.0,1.0,0.2590435356070473,0.1980219808827721,0.3210605895092382,1.2155,1.126,1.3155125,1.0,1.0,1.0,0.06276730000035968,0.061775297492079065,0.06386816874712622
credit_default,0.5,free_l2,native_exact_k_sparse,10,1.0,1.0,1.0,0.2590435356070473,0.1980219808827721,0.3210605895092382,1.2155,1.126,1.3155125,1.0,1.0,1.0,0.12820550000469666,0.12561186376108252,0.1309397850144592
credit_default,0.5,free_l2,nn_positive_train,10,1.0,1.0,1.0,4.736276046838295,4.630152597823366,4.843255052732584,19.5,19.3289875,19.6605,0.0,0.0,0.0,0.1511312499937958,0.14876872123475096,0.15367464750509044
credit_default,0.5,free_l2,raw_leaf_projection,10,1.0,1.0,1.0,0.70321621877266,0.6598667615047922,0.7482484217398605,1.198,1.1525,1.252,1.0,1.0,1.0,0.06945360000190703,0.0680591274902099,0.07093645000077231
credit_default,0.5,immutable_l2,clbr,10,0.9964999999999999,0.9904999999999999,1.0,0.7489368625171766,0.6820068529522192,0.8249237016457663,1.5529076568409057,1.2731429020100504,1.9490571413769882,0.9751263534165673,0.9493840853753304,0.9949924623115578,0.07442124999488442,0.0643311249838689,0.08844599874971663
credit_default,0.5,immutable_l2,clbr_uncached,10,0.9964999999999999,0.9904999999999999,1.0,0.7489368625171766,0.6820068529522192,0.8249237016457663,1.5529076568409057,1.2731429020100504,1.9490571413769882,0.9751263534165673,0.9493840853753304,0.9949924623115578,0.12760164998462642,0.11473009124471219,0.14491688873681596
credit_default,0.5,immutable_l2,exact_leaf,10,1.0,1.0,1.0,0.26490080484759654,0.19984754792991585,0.33275704081717944,1.2185000000000001,1.1284875,1.322,1.0,1.0,1.0,0.7568649999980153,0.7193412287500109,0.7916378587452755
credit_default,0.5,immutable_l2,exact_leaf_cached,10,1.0,1.0,1.0,0.26490080484759654,0.19984754792991585,0.33275704081717944,1.2185000000000001,1.1284875,1.322,1.0,1.0,1.0,0.13889589999735108,0.13639183749492076,0.14166629374168452
credit_default,0.5,immutable_l2,leaf_centroid,10,0.9764999999999999,0.9584999999999999,0.9914999999999999,3.995052858383275,3.8559653349055982,4.1449272522250595,18.72570493964512,18.625072963025826,18.822930838522545,0.0,0.0,0.0,0.5174238999993577,0.5004048862431887,0.5334941524979854
credit_default,0.5,immutable_l2,metric_clbr,10,1.0,1.0,1.0,0.29384790131100247,0.21362083064550927,0.3843099273601945,1.5844999999999998,1.2890000000000001,1.8955375000000003,0.9755,0.9549999999999998,0.9934999999999998,0.07395179999866741,0.06517738625826723,0.08472513749707104
credit_default,0.5,immutable_l2,metric_leaf_projection,10,0.9755,0.9549999999999998,0.9934999999999998,0.2581310214483661,0.1967086510438888,0.3200647882828113,1.2120105028710273,1.1217811744004744,1.3160258688855484,1.0,1.0,1.0,0.06296475000408464,0.061676477511571196,0.06468635249776752
credit_default,0.5,immutable_l2,native_exact_k_sparse,10,1.0,1.0,1.0,0.26490080484759654,0.19984754792991585,0.33275704081717944,1.2185000000000001,1.1284875,1.322,1.0,1.0,1.0,0.13081010000632887,0.12870116874760243,0.13295362876450553
credit_default,0.5,immutable_l2,nn_positive_train,10,0.9914999999999999,0.9800000000000001,0.9995,3.762040648226981,3.624355028288535,3.896190848062954,16.080143987131425,15.929531378785459,16.222695460769454,0.002116402116402116,0.0,0.006349206349206349,0.15147159999469295,0.14936216875320268,0.15358742875868076
credit_default,0.5,immutable_l2,raw_leaf_projection,10,0.97,0.9349999999999999,0.994,0.7029457702874644,0.6616090286725143,0.7441268580264965,1.1925643846496623,1.1474124609792264,1.2468095238542936,1.0,1.0,1.0,0.07016369999973904,0.06902296124297891,0.07130178374954994
credit_default,0.5,immutable_top3_l1,clbr,10,0.0365,0.024,0.049,0.49240432228866,0.25246215080959084,0.7696800321683644,2.95,2.85,3.0,1.0,1.0,1.0,0.15422580000404196,0.1478820037643004,0.15979039250065624
credit_default,0.5,immutable_top3_l1,clbr_uncached,10,0.0365,0.024,0.049,0.49240432228866,0.25246215080959084,0.7696800321683644,2.95,2.85,3.0,1.0,1.0,1.0,0.21389570001292668,0.20858311125829232,0.2185956550117112
credit_default,0.5,immutable_top3_l1,exact_leaf,10,0.2675,0.17850000000000002,0.354,0.7858946783077994,0.633702102873007,0.9542744315286243,1.0396840455672884,1.0101400904998294,1.0852928125748782,1.0,1.0,1.0,0.6402288000031149,0.6173178962632277,0.6633398775063142
credit_default,0.5,immutable_top3_l1,exact_leaf_cached,10,0.2675,0.17850000000000002,0.354,0.7858946783077994,0.633702102873007,0.9542744315286243,1.0396840455672884,1.0101400904998294,1.0852928125748782,1.0,1.0,1.0,0.09114284999941447,0.08574396872432999,0.09668905750589829
credit_default,0.5,immutable_top3_l1,leaf_centroid,10,0.045000000000000005,0.028499999999999998,0.0635,1.5291879951408043,0.8648783589893134,2.519724229678977,3.0,3.0,3.0,1.0,1.0,1.0,0.5156706999900962,0.5008279549884833,0.5304698937446005
credit_default,0.5,immutable_top3_l1,metric_clbr,10,0.10250000000000001,0.076,0.13049999999999998,0.3421484491083615,0.21332693531204258,0.5141459849950679,1.292628205128205,1.1434583333333332,1.4806875000000002,1.0,1.0,1.0,0.1317494500099201,0.12666060125327477,0.13643993252148903
credit_default,0.5,immutable_top3_l1,metric_leaf_projection,10,0.0905,0.06100000000000001,0.121,0.217688981068552,0.13522176937318983,0.3172203220833496,1.0116666666666665,1.0,1.0283333333333335,1.0,1.0,1.0,0.05982505000747551,0.05901028750440673,0.06055136126175285
credit_default,0.5,immutable_top3_l1,native_exact_k_sparse,10,1.0,1.0,1.0,0.2769306039429221,0.21057899128367205,0.3455993439288056,1.182,1.1045000000000003,1.2725125,1.0,1.0,1.0,0.13674994999701084,0.1340747924981997,0.1398231524795392
credit_default,0.5,immutable_top3_l1,nn_positive_train,10,0.0365,0.024,0.049,1.5092581203218978,0.6425676364505237,2.577757374989682,2.95,2.85,3.0,1.0,1.0,1.0,0.14922785002181627,0.14702094626422876,0.15157445252797289
credit_default,0.5,immutable_top3_l1,raw_leaf_projection,10,0.0,0.0,0.0,nan,nan,nan,nan,nan,nan,nan,nan,nan,0.06670050000866468,0.06560707625504847,0.06773235000521254
credit_default,1.0,free_l2,clbr,10,1.0,1.0,1.0,0.6988972340556392,0.6571918658056719,0.7340429616114842,1.1955000000000002,1.1465,1.254,1.0,1.0,1.0,0.06327344999544948,0.06149639123193538,0.06528585622065748
credit_default,1.0,free_l2,clbr_uncached,10,1.0,1.0,1.0,0.6988972340556392,0.6571918658056719,0.7340429616114842,1.1955000000000002,1.1465,1.254,1.0,1.0,1.0,0.11390305000395529,0.10956100750328232,0.11836350000157836
credit_default,1.0,free_l2,exact_leaf,10,1.0,1.0,1.0,0.25533719166481567,0.19689930844391174,0.3148336191545452,1.2165000000000001,1.1265,1.3195,1.0,1.0,1.0,0.7661173499996039,0.7285860650031509,0.8035492500007422
credit_default,1.0,free_l2,exact_leaf_cached,10,1.0,1.0,1.0,0.25533719166481567,0.19689930844391174,0.3148336191545452,1.2165000000000001,1.1265,1.3195,1.0,1.0,1.0,0.1402338999910171,0.13689336000234106,0.14397473998969873
credit_default,1.0,free_l2,leaf_centroid,10,1.0,1.0,1.0,5.3074145578416045,5.11951438130068,5.483912166400026,22.7565,22.688,22.819512500000002,0.0,0.0,0.0,0.5165344499819184,0.4997243449792791,0.5329972262386604
credit_default,1.0,free_l2,metric_clbr,10,1.0,1.0,1.0,0.25533719166481567,0.19689930844391174,0.3148336191545452,1.2165000000000001,1.1265,1.3195,1.0,1.0,1.0,0.06311515000106738,0.061229788754587844,0.06513116123650206
credit_default,1.0,free_l2,metric_leaf_projection,10,1.0,1.0,1.0,0.25533719166481567,0.19689930844391174,0.3148336191545452,1.2165000000000001,1.1265,1.3195,1.0,1.0,1.0,0.06347084998378705,0.062141491238196525,0.0647939799802657
credit_default,1.0,free_l2,native_exact_k_sparse,10,1.0,1.0,1.0,0.25533719166481567,0.19689930844391174,0.3148336191545452,1.2165000000000001,1.1265,1.3195,1.0,1.0,1.0,0.13138410001101875,0.12828044626116936,0.1350365050090659
credit_default,1.0,free_l2,nn_positive_train,10,1.0,1.0,1.0,5.039056023090056,4.949938253201756,5.13642773552388,19.659,19.491987499999997,19.821012500000002,0.0,0.0,0.0,0.15208035000841846,0.14962385625185562,0.15460145001634373
credit_default,1.0,free_l2,raw_leaf_projection,10,1.0,1.0,1.0,0.6988972340556392,0.6571918658056719,0.7340429616114842,1.1955000000000002,1.1465,1.254,1.0,1.0,1.0,0.07028994999836868,0.06827229625087057,0.07267835500379079
credit_default,1.0,immutable_l2,clbr,10,0.9984999999999999,0.9964999999999999,1.0,0.7451598686631068,0.681254983541052,0.8096109298381254,1.4903985838282323,1.2477246859296482,1.830456555504797,0.9793914268311253,0.9572878787878789,0.9960000000000001,0.0736227500192399,0.06377836502101672,0.08730032501550795
credit_default,1.0,immutable_l2,clbr_uncached,10,0.9984999999999999,0.9964999999999999,1.0,0.7451598686631068,0.681254983541052,0.8096109298381254,1.4903985838282323,1.2477246859296482,1.830456555504797,0.9793914268311253,0.9572878787878789,0.9960000000000001,0.1267623500002628,0.11381891875344081,0.14463434625722585
credit_default,1.0,immutable_l2,exact_leaf,10,1.0,1.0,1.0,0.2608518818050653,0.19874961591885534,0.32558541787052786,1.2185000000000001,1.1274875,1.3235,1.0,1.0,1.0,0.7674851499859869,0.7255374374895383,0.8102459362364243
credit_default,1.0,immutable_l2,exact_leaf_cached,10,1.0,1.0,1.0,0.2608518818050653,0.19874961591885534,0.32558541787052786,1.2185000000000001,1.1274875,1.3235,1.0,1.0,1.0,0.14284714998711934,0.13983155749425577,0.14602762873222447
credit_default,1.0,immutable_l2,leaf_centroid,10,0.9795,0.9635000000000001,0.9935,4.608024091718919,4.393360618290833,4.803740329122071,18.761305001693984,18.688912466931214,18.82708329548258,0.0,0.0,0.0,0.5221005999937915,0.5021380400052863,0.5417766262384702
credit_default,1.0,immutable_l2,metric_clbr,10,1.0,1.0,1.0,0.2860175905648634,0.21161786530019835,0.36825878397784656,1.59,1.3019875,1.906,0.9754999999999999,0.9545,0.993,0.07514429999173444,0.06608630873475932,0.08608264250151479
credit_default,1.0,immutable_l2,metric_leaf_projection,10,0.9754999999999999,0.9545,0.993,0.2551412462050059,0.1960389463501137,0.31537021377866414,1.2140851978808638,1.1231276847421583,1.3205086120907594,1.0,1.0,1.0,0.06395119999979215,0.0623663862483113,0.06584760250257204
credit_default,1.0,immutable_l2,native_exact_k_sparse,10,1.0,1.0,1.0,0.2608518818050653,0.19874961591885534,0.32558541787052786,1.2185000000000001,1.1274875,1.3235,1.0,1.0,1.0,0.13248250000242479,0.12901046625181606,0.13612849750055603
credit_default,1.0,immutable_l2,nn_positive_train,10,0.9970000000000001,0.9935,1.0,3.9464509633036102,3.835180533320345,4.060172861822601,16.24050525895127,16.084995833333334,16.397065326633165,0.0035303030303030303,0.0,0.009590909090909091,0.1526371999989351,0.15072935375447968,0.1541810149985622
credit_default,1.0,immutable_l2,raw_leaf_projection,10,0.975,0.9450000000000001,0.9955,0.7057426872636763,0.6624682109107862,0.7439172601713274,1.1918018032156463,1.1408270181231803,1.2513725765030315,1.0,1.0,1.0,0.0707137500112367,0.06932734501750701,0.07220410001900746
credit_default,1.0,immutable_top3_l1,clbr,10,0.043500000000000004,0.031000000000000007,0.05700000000000001,0.3744370814504018,0.20388841132552082,0.6405770910241726,2.9311688311688315,2.822077922077922,3.0,1.0,1.0,1.0,0.15185705000158123,0.14647744125492182,0.15797510749425783
credit_default,1.0,immutable_top3_l1,clbr_uncached,10,0.043500000000000004,0.031000000000000007,0.05700000000000001,0.3744370814504018,0.20388841132552082,0.6405770910241726,2.9311688311688315,2.822077922077922,3.0,1.0,1.0,1.0,0.21143724999456026,0.20537138373798597,0.2174456775003364
credit_default,1.0,immutable_top3_l1,exact_leaf,10,0.28500000000000003,0.19748749999999998,0.36351250000000007,0.7231149238002681,0.5469925005047043,0.9241897040415201,1.0346906171050114,1.0062449610471962,1.0772698934837093,1.0,1.0,1.0,0.6318333500098561,0.6009445262605709,0.6607761125205116
credit_default,1.0,immutable_top3_l1,exact_leaf_cached,10,0.28500000000000003,0.19748749999999998,0.36351250000000007,0.7231149238002681,0.5469925005047043,0.9241897040415201,1.0346906171050114,1.0062449610471962,1.0772698934837093,1.0,1.0,1.0,0.09137375000909742,0.08600765127540626,0.09671855124723834
credit_default,1.0,immutable_top3_l1,leaf_centroid,10,0.053500000000000006,0.0325,0.08001250000000004,1.3340066042472964,0.7984445692982782,2.154116114888065,3.0,3.0,3.0,1.0,1.0,1.0,0.5061150000010457,0.4906100787493074,0.5216173724968598
credit_default,1.0,immutable_top3_l1,metric_clbr,10,0.1155,0.0904875,0.14251250000000007,0.28814498715363807,0.19767367796342272,0.42385039748647035,1.2713419350375872,1.1676967708217707,1.377146583488975,1.0,1.0,1.0,0.1305737500115356,0.12580075375012711,0.135396878763072
credit_default,1.0,immutable_top3_l1,metric_leaf_projection,10,0.1025,0.075,0.133,0.1794333309967302,0.13168584015971174,0.231760314180443,1.0298400673400674,1.0037037037037035,1.065909090909091,1.0,1.0,1.0,0.05892395000319084,0.05752149124555217,0.060240079995583076
credit_default,1.0,immutable_top3_l1,native_exact_k_sparse,10,1.0,1.0,1.0,0.2727117233278693,0.2095787263189088,0.3387842514849219,1.1854999999999998,1.1054875,1.2815125,1.0,1.0,1.0,0.1326845499902447,0.13008377873594554,0.1351233587477168
credit_default,1.0,immutable_top3_l1,nn_positive_train,10,0.043500000000000004,0.031000000000000007,0.05700000000000001,0.9306752451444333,0.48513525414620207,1.5333130922320615,2.9454545454545453,2.8363636363636364,3.0,1.0,1.0,1.0,0.14370834999590443,0.14185751500103833,0.1456432225065555
credit_default,1.0,immutable_top3_l1,raw_leaf_projection,10,0.0005,0.0,0.0015,0.4493930326104891,0.4493930326104891,0.4493930326104891,1.0,1.0,1.0,1.0,1.0,1.0,0.06437174999200579,0.06306708249314852,0.06538549373245814
credit_default,1.5,free_l2,clbr,10,1.0,1.0,1.0,0.7180669710451026,0.6659805552652803,0.7736701872701731,1.2045000000000001,1.154,1.2634999999999998,1.0,1.0,1.0,0.06161224999914339,0.06065528750169733,0.06271616000758513
credit_default,1.5,free_l2,clbr_uncached,10,1.0,1.0,1.0,0.7180669710451026,0.6659805552652803,0.7736701872701731,1.2045000000000001,1.154,1.2634999999999998,1.0,1.0,1.0,0.11046255000519523,0.10760586126707494,0.11315618625503703
credit_default,1.5,free_l2,exact_leaf,10,1.0,1.0,1.0,0.26170257904829675,0.19782445156572326,0.32962017845199293,1.2175,1.1285,1.3210125,1.0,1.0,1.0,0.7420609999921908,0.7132834262428105,0.7704822499899819
credit_default,1.5,free_l2,exact_leaf_cached,10,1.0,1.0,1.0,0.26170257904829675,0.19782445156572326,0.32962017845199293,1.2175,1.1285,1.3210125,1.0,1.0,1.0,0.1364208500017412,0.13376894749771964,0.13893240872660045
credit_default,1.5,free_l2,leaf_centroid,10,1.0,1.0,1.0,5.867551260474011,5.687374996416443,6.034456963443355,22.7315,22.610987499999997,22.850012500000002,0.0,0.0,0.0,0.506839499999387,0.4923942337434255,0.5206130725160847
credit_default,1.5,free_l2,metric_clbr,10,1.0,1.0,1.0,0.26170257904829675,0.19782445156572326,0.32962017845199293,1.2175,1.1285,1.3210125,1.0,1.0,1.0,0.061003749991414224,0.0596300624874516,0.06237897123963876
credit_default,1.5,free_l2,metric_leaf_projection,10,1.0,1.0,1.0,0.26170257904829675,0.19782445156572326,0.32962017845199293,1.2175,1.1285,1.3210125,1.0,1.0,1.0,0.061365299987301114,0.06055452622234725,0.06216788874137365
credit_default,1.5,free_l2,native_exact_k_sparse,10,1.0,1.0,1.0,0.26170257904829675,0.19782445156572326,0.32962017845199293,1.2175,1.1285,1.3210125,1.0,1.0,1.0,0.12658725000119375,0.12463196499124933,0.12851605001402505
credit_default,1.5,free_l2,nn_positive_train,10,1.0,1.0,1.0,5.401101154191335,5.305027314880226,5.485948179969098,19.910999999999998,19.7464875,20.0785125,0.0,0.0,0.0,0.14711704999990616,0.14429309374947935,0.14970690125242073
credit_default,1.5,free_l2,raw_leaf_projection,10,1.0,1.0,1.0,0.7180669710451026,0.6659805552652803,0.7736701872701731,1.2045000000000001,1.154,1.2634999999999998,1.0,1.0,1.0,0.06764275000432463,0.06603549499482142,0.06949901250978882
credit_default,1.5,immutable_l2,clbr,10,0.9995,0.9984999999999999,1.0,0.7449159624240902,0.6815731132954751,0.8126991434024237,1.4180778894472361,1.2615692839195978,1.5980903894472362,0.985997487437186,0.9744949748743718,0.9960000000000001,0.06767445000332373,0.06212295874648817,0.07408118999568387
credit_default,1.5,immutable_l2,clbr_uncached,10,0.9995,0.9984999999999999,1.0,0.7449159624240902,0.6815731132954751,0.8126991434024237,1.4180778894472361,1.2615692839195978,1.5980903894472362,0.985997487437186,0.9744949748743718,0.9960000000000001,0.11812624999629406,0.11060200124381936,0.1269833174930568
credit_default,1.5,immutable_l2,exact_leaf,10,1.0,1.0,1.0,0.26681378109122866,0.1994988720582108,0.3403529107349677,1.223,1.1309874999999998,1.3295125,1.0,1.0,1.0,0.7422228000164068,0.7063898275191149,0.7770478512618183
credit_default,1.5,immutable_l2,exact_leaf_cached,10,1.0,1.0,1.0,0.26681378109122866,0.1994988720582108,0.3403529107349677,1.223,1.1309874999999998,1.3295125,1.0,1.0,1.0,0.13826574999848162,0.13512931499521982,0.1418582087506252
credit_default,1.5,immutable_l2,leaf_centroid,10,0.9945,0.9834999999999999,1.0,4.957636741202067,4.746517700496897,5.147280834205993,18.737584656084657,18.62075396825397,18.85200423280423,0.0,0.0,0.0,0.5110875999862401,0.49406027122961405,0.5277723849733207
credit_default,1.5,immutable_l2,metric_clbr,10,0.999,0.9974999999999999,1.0,0.2884226464587966,0.21034646025111706,0.37810277452146895,1.5739924623115578,1.2726734924623115,1.9176054020100501,0.9769773869346734,0.9549710427135678,0.994997487437186,0.0710838999925727,0.0628110099890364,0.08146700375592673
credit_default,1.5,immutable_l2,metric_leaf_projection,10,0.976,0.9539875,0.9945,0.2623341357149268,0.19790488157326658,0.3307701883405274,1.2172611679233487,1.1263020210698933,1.3247071693245054,1.0,1.0,1.0,0.06119374998979765,0.059806048737743825,0.06272927374216124
credit_default,1.5,immutable_l2,native_exact_k_sparse,10,1.0,1.0,1.0,0.26681378109122866,0.1994988720582108,0.3403529107349677,1.223,1.1309874999999998,1.3295125,1.0,1.0,1.0,0.12952234999329448,0.1267138149930247,0.1326453462430436
credit_default,1.5,immutable_l2,nn_positive_train,10,0.9959999999999999,0.99,0.9995,3.974569080162322,3.8456600142033777,4.095147958633267,16.447140030047144,16.27364414728281,16.61933338859245,0.0005,0.0,0.0015,0.14887184999906822,0.14647982500216586,0.15143207875578354
credit_default,1.5,immutable_l2,raw_leaf_projection,10,0.9855,0.9739999999999999,0.9955,0.7211638791915098,0.6682010502916423,0.7771824757429484,1.2011435781347999,1.150902397267527,1.2607034429205999,1.0,1.0,1.0,0.06865434999735953,0.06677039001237972,0.07072546624117422
credit_default,1.5,immutable_top3_l1,clbr,10,0.0335,0.0245,0.0435,0.5535398218204606,0.3673321528178062,0.761646659903531,3.0,3.0,3.0,1.0,1.0,1.0,0.15058625000483516,0.1470482500090043,0.1555601775104037
credit_default,1.5,immutable_top3_l1,clbr_uncached,10,0.0335,0.0245,0.0435,0.5535398218204606,0.3673321528178062,0.761646659903531,3.0,3.0,3.0,1.0,1.0,1.0,0.20999035001204902,0.20347142374956775,0.21821679251372644
credit_default,1.5,immutable_top3_l1,exact_leaf,10,0.27,0.18250000000000002,0.3620125,0.7133895930031925,0.5554238746037006,0.879293389142096,1.0446261425417434,1.0043469735720374,1.1049465714379398,1.0,1.0,1.0,0.6426272500139021,0.6155165712766234,0.671169170025712
credit_default,1.5,immutable_top3_l1,exact_leaf_cached,10,0.27,0.18250000000000002,0.3620125,0.7133895930031925,0.5554238746037006,0.879293389142096,1.0446261425417434,1.0043469735720374,1.1049465714379398,1.0,1.0,1.0,0.09158759999763788,0.08636768373661426,0.09711970750705633
credit_default,1.5,immutable_top3_l1,leaf_centroid,10,0.07999999999999999,0.04,0.125,1.3732083963070483,0.9009224682649283,2.0170724743625783,3.0,3.0,3.0,1.0,1.0,1.0,0.5075915500092378,0.49472487125597125,0.5207038200179909
credit_default,1.5,immutable_top3_l1,metric_clbr,10,0.1,0.0735,0.1325,0.29478767397606787,0.21280340302909287,0.3873371767479282,1.278758463758464,1.17489121989122,1.378145535020535,1.0,1.0,1.0,0.132375350015991,0.12744952251622407,0.1372756337782562
credit_default,1.5,immutable_top3_l1,metric_leaf_projection,10,0.0905,0.06300000000000001,0.12451250000000005,0.20339738589459255,0.13634991254154002,0.2860618559361847,1.04875,1.0,1.1149999999999998,1.0,1.0,1.0,0.05951110000387416,0.058328952491228846,0.06070778875350698
credit_default,1.5,immutable_top3_l1,native_exact_k_sparse,10,1.0,1.0,1.0,0.27874836066670544,0.209791323717994,0.35334187700322656,1.186,1.108,1.2795250000000002,1.0,1.0,1.0,0.13596219999999448,0.132906056252466,0.1389705387678873
credit_default,1.5,immutable_top3_l1,nn_positive_train,10,0.0335,0.0245,0.0435,1.1051048960255012,0.7056234145279652,1.5956379381516685,3.0,3.0,3.0,1.0,1.0,1.0,0.14528335000159132,0.14264599999580696,0.14817869999561709
credit_default,1.5,immutable_top3_l1,raw_leaf_projection,10,0.0,0.0,0.0,nan,nan,nan,nan,nan,nan,nan,nan,nan,0.06657634999737638,0.06436721124408677,0.0690210624968131
german_credit,0.0,free_l2,clbr,10,1.0,1.0,1.0,0.7401049190904886,0.5837960512713933,0.8987288431340418,1.1064012059582402,1.063149341345105,1.1489573508737054,1.0,1.0,1.0,0.050376932259094453,0.04797854642472282,0.052964400121117576
german_credit,0.0,free_l2,clbr_uncached,10,1.0,1.0,1.0,0.7401049190904886,0.5837960512713933,0.8987288431340418,1.1064012059582402,1.063149341345105,1.1489573508737054,1.0,1.0,1.0,0.08191920132057298,0.07614662332786011,0.08764937628334027
german_credit,0.0,free_l2,exact_leaf,10,1.0,1.0,1.0,0.30937150548393155,0.2315092181468823,0.3957444233395401,1.0615196597834728,1.029622214050026,1.0982004891742299,1.0,1.0,1.0,0.5203377083852684,0.4623075063377079,0.574432226583028
german_credit,0.0,free_l2,exact_leaf_cached,10,1.0,1.0,1.0,0.30937150548393155,0.2315092181468823,0.3957444233395401,1.0615196597834728,1.029622214050026,1.0982004891742299,1.0,1.0,1.0,0.1102680525077226,0.10475501942686152,0.11607248583377906
german_credit,0.0,free_l2,leaf_centroid,10,1.0,1.0,1.0,2.9866129496771388,2.8761662057118937,3.0927434391297837,6.661929781659145,6.56980802703264,6.748519700277286,0.0,0.0,0.0,0.19002770910796646,0.17249190203318535,0.20592362428496244
german_credit,0.0,free_l2,metric_clbr,10,1.0,1.0,1.0,0.30937150548393155,0.2315092181468823,0.3957444233395401,1.0615196597834728,1.029622214050026,1.0982004891742299,1.0,1.0,1.0,0.04945996284757162,0.04754219441218427,0.05147332877948088
german_credit,0.0,free_l2,metric_leaf_projection,10,1.0,1.0,1.0,0.30937150548393155,0.2315092181468823,0.3957444233395401,1.0615196597834728,1.029622214050026,1.0982004891742299,1.0,1.0,1.0,0.0503660902192831,0.04808859396260051,0.053335894798447345
german_credit,0.0,free_l2,native_exact_k_sparse,10,1.0,1.0,1.0,0.30937150548393155,0.2315092181468823,0.3957444233395401,1.0615196597834728,1.029622214050026,1.0982004891742299,1.0,1.0,1.0,0.10101872902958313,0.09627228297301693,0.10736244229873335
german_credit,0.0,free_l2,nn_positive_train,10,1.0,1.0,1.0,3.028737303330054,2.9321454872588184,3.117946282416377,4.830549458103333,4.758811774600715,4.907156048819038,0.08843930801288032,0.07030144251345136,0.10903254392847828,0.05625153531881818,0.05372262503636159,0.05928770997751969
german_credit,0.0,free_l2,raw_leaf_projection,10,1.0,1.0,1.0,0.7401049190904886,0.5837960512713933,0.8987288431340418,1.1064012059582402,1.063149341345105,1.1489573508737054,1.0,1.0,1.0,0.053356465599050176,0.05085127448966334,0.05588745418096994
german_credit,0.0,immutable_l2,clbr,10,0.7149231924861932,0.6207318981558853,0.7993997425129142,0.8093734316296315,0.6478598065110167,1.0007651521688798,1.7192768235820974,1.4965323879551822,1.9784312781538946,0.9098743447222148,0.8749329739732885,0.9414023479689683,0.16298328573710433,0.13417866868046524,0.20027455961697077
german_credit,0.0,immutable_l2,clbr_uncached,10,0.7149231924861932,0.6207318981558853,0.7993997425129142,0.8093734316296315,0.6478598065110167,1.0007651521688798,1.7192768235820974,1.4965323879551822,1.9784312781538946,0.9098743447222148,0.8749329739732885,0.9414023479689683,0.2005657050457422,0.16759879365187777,0.24657300505119614
german_credit,0.0,immutable_l2,exact_leaf,10,1.0,1.0,1.0,0.5031889731076311,0.3881832680410884,0.630430288268667,1.0784543829760027,1.0424026343417194,1.1193300808845443,1.0,1.0,1.0,0.5248004493828377,0.468299643969449,0.577780100168848
german_credit,0.0,immutable_l2,exact_leaf_cached,10,1.0,1.0,1.0,0.5031889731076311,0.3881832680410884,0.630430288268667,1.0784543829760027,1.0424026343417194,1.1193300808845443,1.0,1.0,1.0,0.11130002663382448,0.1084961013853532,0.11422681749759331
german_credit,0.0,immutable_l2,leaf_centroid,10,0.6058255902830754,0.5148495760699958,0.6930814565198397,2.172032495288472,2.0418155589457543,2.315272132929063,3.8996868854011715,3.814954435418721,3.970749819624819,0.09031311459882888,0.026471861471861476,0.17033293358293358,0.19393413095448714,0.17890761197578514,0.20753453192728322
german_credit,0.0,immutable_l2,metric_clbr,10,0.8235470810085678,0.7666940603366406,0.8745054271087518,0.47557051665919053,0.3776595260371208,0.5829960215424025,1.3643051399755841,1.2465171226825984,1.500039121779688,0.9572463635970309,0.9318545209296762,0.9809810819262037,0.11657892608488743,0.09910495982389367,0.1357842082820609
german_credit,0.0,immutable_l2,metric_leaf_projection,10,0.680205123896315,0.5983470665714068,0.756931168894764,0.3069450184568515,0.216715286092682,0.4028169258926401,1.017556454477442,1.0081938360450562,1.0265620056670752,1.0,1.0,1.0,0.050274713193048125,0.04861072659386269,0.05239779047873528
german_credit,0.0,immutable_l2,native_exact_k_sparse,10,1.0,1.0,1.0,0.5031889731076311,0.3881832680410884,0.630430288268667,1.0784543829760027,1.0424026343417194,1.1193300808845443,1.0,1.0,1.0,0.10379127507779111,0.10039797284103887,0.10712533233396519
german_credit,0.0,immutable_l2,nn_positive_train,10,0.6420227447541766,0.5589291760334585,0.7208203777581642,2.067749226777483,1.9216738801069522,2.1962419344472206,2.992288221663222,2.9163954622235875,3.06109101491914,0.7299906074906075,0.6881771398021399,0.7699037418099918,0.05735950220679324,0.05523065361784482,0.05942229224875716
german_credit,0.0,immutable_l2,raw_leaf_projection,10,0.4614792022222797,0.3478834662810357,0.5751478387405775,0.6330092391799141,0.4300517910729693,0.9072274227542647,1.0100000000000002,1.0,1.025,1.0,1.0,1.0,0.05388479206856125,0.05228308671082874,0.0558405056291966
german_credit,0.0,immutable_top3_l1,clbr,10,0.6927500852994999,0.6019449133133548,0.7752032848646881,0.9496175814436315,0.7301750573451312,1.1986829829817696,1.7620610238230188,1.5879578005689077,1.955715838241455,1.0,1.0,1.0,0.18018422979187632,0.1526962562901922,0.21498676980596224
german_credit,0.0,immutable_top3_l1,clbr_uncached,10,0.6927500852994999,0.6019449133133548,0.7752032848646881,0.9496175814436315,0.7301750573451312,1.1986829829817696,1.7620610238230188,1.5879578005689077,1.955715838241455,1.0,1.0,1.0,0.22061095528651808,0.19408669782606514,0.2537622205056292
german_credit,0.0,immutable_top3_l1,exact_leaf,10,0.9898925790023538,0.9810916551798489,0.9979166666666666,0.555365525746927,0.41563893494063436,0.708984245605864,1.075098739607177,1.0354146772767463,1.1185154555031664,1.0,1.0,1.0,0.5084493910901688,0.4561490989423046,0.5595601250226253
german_credit,0.0,immutable_top3_l1,exact_leaf_cached,10,0.9898925790023538,0.9810916551798489,0.9979166666666666,0.555365525746927,0.41563893494063436,0.708984245605864,1.075098739607177,1.0354146772767463,1.1185154555031664,1.0,1.0,1.0,0.10789836167583251,0.10430400248036654,0.11075907809385382
german_credit,0.0,immutable_top3_l1,leaf_centroid,10,0.5627779394791909,0.4722941333034719,0.647344266221166,2.672523300370318,2.483106653455915,2.858915764350688,2.974925917735516,2.9489495798319334,2.995,1.0,1.0,1.0,0.19201918133562643,0.17698035019810351,0.20636009817300066
german_credit,0.0,immutable_top3_l1,metric_clbr,10,0.8202399601876724,0.7645031573618575,0.8694506733114122,0.5242673516149122,0.41379455712346574,0.6413216656411164,1.3115440839069177,1.2254803185974508,1.4071385334214437,1.0,1.0,1.0,0.10984744257296022,0.09158596743346083,0.1293103376511684
german_credit,0.0,immutable_top3_l1,metric_leaf_projection,10,0.6781675648907562,0.6040613064556727,0.7490883942735694,0.3148066858768374,0.22038438735371554,0.41489572701808164,1.0129709383753502,1.003125,1.0230549719887954,1.0,1.0,1.0,0.04894892891383525,0.04630049633528099,0.052466052608429736
german_credit,0.0,immutable_top3_l1,native_exact_k_sparse,10,1.0,1.0,1.0,0.5445873692685832,0.4068972102178484,0.6981768867670888,1.0784543829760027,1.0424026343417194,1.1193300808845443,1.0,1.0,1.0,0.10721992506368046,0.10281572317992287,0.11278423104261587
german_credit,0.0,immutable_top3_l1,nn_positive_train,10,0.6408551364679244,0.5571706432240359,0.7189290302376232,2.4771105548204018,2.280826731091054,2.6661615416723357,2.7222775559172616,2.6778617724867724,2.7648187052598816,1.0,1.0,1.0,0.05763130062305953,0.055856705902545226,0.05943887938299241
german_credit,0.0,immutable_top3_l1,raw_leaf_projection,10,0.38441438095601554,0.28954087512813664,0.4834768706337257,0.6100866630098473,0.4008426750515457,0.890367964144929,1.0,1.0,1.0,1.0,1.0,1.0,0.0543781318638344,0.05237454543443257,0.056543648509292624
german_credit,0.5,free_l2,clbr,10,1.0,1.0,1.0,0.8088612842192158,0.6079851982107457,1.020047786218278,1.1203818345950578,1.0728620480942943,1.1724498722366425,1.0,1.0,1.0,0.050571150473357515,0.04869744201541521,0.0526113669193859
german_credit,0.5,free_l2,clbr_uncached,10,1.0,1.0,1.0,0.8088612842192158,0.6079851982107457,1.020047786218278,1.1203818345950578,1.0728620480942943,1.1724498722366425,1.0,1.0,1.0,0.08363198319306202,0.07968793407709858,0.08734206052547523
german_credit,0.5,free_l2,exact_leaf,10,1.0,1.0,1.0,0.37904819918799826,0.2931435888717245,0.4854700064293388,1.0804075159372588,1.039610311670828,1.1263794445861994,1.0,1.0,1.0,0.527536516458016,0.47862085002461957,0.5705135651266243
german_credit,0.5,free_l2,exact_leaf_cached,10,1.0,1.0,1.0,0.37904819918799826,0.2931435888717245,0.4854700064293388,1.0804075159372588,1.039610311670828,1.1263794445861994,1.0,1.0,1.0,0.11365272710266221,0.10937664379625865,0.11895597705365807
german_credit,0.5,free_l2,leaf_centroid,10,1.0,1.0,1.0,3.078958431906213,2.9495957975895517,3.236773131675082,6.7240991879584815,6.639437107805902,6.805247445437307,0.0,0.0,0.0,0.191938054084945,0.18112391199558553,0.20225590885018702
german_credit,0.5,free_l2,metric_clbr,10,1.0,1.0,1.0,0.37904819918799826,0.2931435888717245,0.4854700064293388,1.0804075159372588,1.039610311670828,1.1263794445861994,1.0,1.0,1.0,0.052164578616713045,0.04943703300872381,0.055915397182901665
german_credit,0.5,free_l2,metric_leaf_projection,10,1.0,1.0,1.0,0.37904819918799826,0.2931435888717245,0.4854700064293388,1.0804075159372588,1.039610311670828,1.1263794445861994,1.0,1.0,1.0,0.051173185167414106,0.0489028202433637,0.05363328847476599
german_credit,0.5,free_l2,native_exact_k_sparse,10,1.0,1.0,1.0,0.37904819918799826,0.2931435888717245,0.4854700064293388,1.0804075159372588,1.039610311670828,1.1263794445861994,1.0,1.0,1.0,0.1032133564224906,0.09936709498100926,0.10832235713191479
german_credit,0.5,free_l2,nn_positive_train,10,1.0,1.0,1.0,3.3263101203352052,3.1514033568540736,3.4824208653083417,5.393994101136938,5.34426138409372,5.447598809758911,0.0059064746101439945,0.0014084507042253522,0.01093093649617,0.05829260017784206,0.05595420991697028,0.060256977130829406
german_credit,0.5,free_l2,raw_leaf_projection,10,1.0,1.0,1.0,0.8088612842192158,0.6079851982107457,1.020047786218278,1.1203818345950578,1.0728620480942943,1.1724498722366425,1.0,1.0,1.0,0.05481087984755935,0.05233304876402542,0.05801083819865655
german_credit,0.5,immutable_l2,clbr,10,0.6840551178959415,0.5895424507022223,0.7746736621098406,1.1249896022996364,0.9267218101893945,1.3333241308957842,2.269929203324862,1.787224008219757,2.7496207346575,0.7447729198109398,0.6140983496059178,0.8595668606799703,0.19198260863132768,0.14519541617155626,0.2365546123315807
german_credit,0.5,immutable_l2,clbr_uncached,10,0.6840551178959415,0.5895424507022223,0.7746736621098406,1.1249896022996364,0.9267218101893945,1.3333241308957842,2.269929203324862,1.787224008219757,2.7496207346575,0.7447729198109398,0.6140983496059178,0.8595668606799703,0.22267545920740733,0.1800694504388038,0.26492089788152845
german_credit,0.5,immutable_l2,exact_leaf,10,1.0,1.0,1.0,0.7151525624759951,0.5257475505758573,0.9167560221287245,1.1416716713189705,1.08336414736994,1.2024832363339095,1.0,1.0,1.0,0.5365410626043388,0.4755934042715648,0.5974489686738951
german_credit,0.5,immutable_l2,exact_leaf_cached,10,1.0,1.0,1.0,0.7151525624759951,0.5257475505758573,0.9167560221287245,1.1416716713189705,1.08336414736994,1.2024832363339095,1.0,1.0,1.0,0.11280186678540191,0.10803405361076918,0.11726174099366088
german_credit,0.5,immutable_l2,leaf_centroid,10,0.5686113537003848,0.4576775221204299,0.6837363063721014,2.4140105923168966,2.255216479884062,2.5698839365896355,3.9670862086723657,3.939198778910747,3.99018253968254,0.032913791327634154,0.009817460317460325,0.06080122108925282,0.19972689415211192,0.18356418120546122,0.217272357151331
german_credit,0.5,immutable_l2,metric_clbr,10,0.739339172024789,0.6562075390857103,0.8204033319817358,0.7743854998453304,0.5891650564934738,0.9656227618847687,1.7507059421674918,1.4875950184269604,2.001366137370062,0.8593311543838384,0.8080106273617577,0.9133325513129658,0.14234774062688532,0.11072735386280877,0.17272286918801916
german_credit,0.5,immutable_l2,metric_leaf_projection,10,0.535533290630935,0.4110127327885399,0.6751649996546167,0.37594059845174305,0.28053737849912286,0.49035311092391787,1.0364084946558063,1.0086755171349182,1.0688121660109624,1.0,1.0,1.0,0.053341215419203225,0.050585131570911546,0.05622170462328746
german_credit,0.5,immutable_l2,native_exact_k_sparse,10,1.0,1.0,1.0,0.7151525624759951,0.5257475505758573,0.9167560221287245,1.1416716713189705,1.08336414736994,1.2024832363339095,1.0,1.0,1.0,0.10560055146090568,0.10077069085042363,0.11111656601372216
german_credit,0.5,immutable_l2,nn_positive_train,10,0.6184208897916175,0.5185661338179304,0.713917094667309,2.5706037235002164,2.3872899577876217,2.751839899850314,3.480787804429833,3.4143692350026136,3.550785170405575,0.5192121955701676,0.44921482959442516,0.5856307649973864,0.05732107522346672,0.054285918190759466,0.0607857235267735
german_credit,0.5,immutable_l2,raw_leaf_projection,10,0.36561360308702573,0.21698798849837864,0.5319869023465388,0.6656999850099622,0.3415518708338795,1.106603374119695,1.017004203872472,1.004694835680751,1.0342155328485072,1.0,1.0,1.0,0.052969214698397604,0.05125517915405967,0.054967593867679056
german_credit,0.5,immutable_top3_l1,clbr,10,0.6430252729685693,0.5606858211879366,0.7227013840855572,1.4337728996107597,1.1525938523829065,1.709635756201792,2.1757232859133735,1.8197660803127222,2.4895196544748783,1.0,1.0,1.0,0.20696569181384827,0.16374512479563438,0.24558550330026707
german_credit,0.5,immutable_top3_l1,clbr_uncached,10,0.6430252729685693,0.5606858211879366,0.7227013840855572,1.4337728996107597,1.1525938523829065,1.709635756201792,2.1757232859133735,1.8197660803127222,2.4895196544748783,1.0,1.0,1.0,0.2435735736789763,0.20224701357272207,0.2816614853502206
german_credit,0.5,immutable_top3_l1,exact_leaf,10,0.9860625218167008,0.968421052631579,1.0,0.8156698519947515,0.5992458177974896,1.0547977078843107,1.1273736548238824,1.070905896312523,1.1857331018395594,1.0,1.0,1.0,0.5104184852301609,0.4644631867403605,0.5558181808572319
german_credit,0.5,immutable_top3_l1,exact_leaf_cached,10,0.9860625218167008,0.968421052631579,1.0,0.8156698519947515,0.5992458177974896,1.0547977078843107,1.1273736548238824,1.070905896312523,1.1857331018395594,1.0,1.0,1.0,0.10711618999779553,0.10381495693361875,0.11082673952883841
german_credit,0.5,immutable_top3_l1,leaf_centroid,10,0.5214568778360082,0.4050812724631217,0.6415331263531985,3.0330287446656174,2.801983253979901,3.2794068703842747,2.9985915492957744,2.995774647887324,3.0,1.0,1.0,1.0,0.1915738448060034,0.1804382998641168,0.20264588155351673
german_credit,0.5,immutable_top3_l1,metric_clbr,10,0.7203225939418255,0.6366930862083745,0.8023150905480245,0.9380253969862599,0.6857717951513023,1.2055555394558088,1.624707776672493,1.4081056783138364,1.8424858081240114,1.0,1.0,1.0,0.13693953625583935,0.10666882852538727,0.1667889670492061
german_credit,0.5,immutable_top3_l1,metric_leaf_projection,10,0.5141196870126119,0.3934689103151144,0.6508722179173482,0.39290256598703854,0.2967824328166565,0.5084997755356266,1.0322802942315135,1.0075447154471546,1.0632380952380953,1.0,1.0,1.0,0.04727828403081419,0.04601503318196275,0.04878293018614054
german_credit,0.5,immutable_top3_l1,native_exact_k_sparse,10,1.0,1.0,1.0,0.7827258166958905,0.555100316155667,1.0325214685611759,1.1312854817689428,1.0727340708863569,1.1906443452596518,1.0,1.0,1.0,0.1064871283324614,0.10412226450998563,0.10925360189461822
german_credit,0.5,immutable_top3_l1,nn_positive_train,10,0.5985825301418384,0.4963323977180605,0.6975771241181254,3.2446145303573517,3.010619999364393,3.47347345161225,3.0,3.0,3.0,1.0,1.0,1.0,0.05775905578952162,0.05435405144643759,0.061944602489029506
german_credit,0.5,immutable_top3_l1,raw_leaf_projection,10,0.2774840282796617,0.16734863855136925,0.41220274327746226,0.6383364833327954,0.3116370188224111,1.0885202118338324,1.0168091168091167,1.0,1.0396011396011398,1.0,1.0,1.0,0.05302478074832116,0.0509762832244199,0.05496452896346989
german_credit,1.0,free_l2,clbr,10,1.0,1.0,1.0,0.9986477886643055,0.7382664308723823,1.275273067690115,1.147834710304956,1.0961015472456168,1.2080595211086906,1.0,1.0,1.0,0.0500416461644327,0.04829624843203437,0.05182645264862296
german_credit,1.0,free_l2,clbr_uncached,10,1.0,1.0,1.0,0.9986477886643055,0.7382664308723823,1.275273067690115,1.147834710304956,1.0961015472456168,1.2080595211086906,1.0,1.0,1.0,0.08340721064765746,0.07993647524895904,0.08712939158669067
german_credit,1.0,free_l2,exact_leaf,10,1.0,1.0,1.0,0.4059783414530485,0.3224433288448539,0.4982477655121017,1.1027178216303648,1.0638615844855173,1.1442473782247131,1.0,1.0,1.0,0.5259616281707732,0.4703289482931177,0.5797386965691533
german_credit,1.0,free_l2,exact_leaf_cached,10,1.0,1.0,1.0,0.4059783414530485,0.3224433288448539,0.4982477655121017,1.1027178216303648,1.0638615844855173,1.1442473782247131,1.0,1.0,1.0,0.11129514339439991,0.10712524609563501,0.11585591370458069
german_credit,1.0,free_l2,leaf_centroid,10,1.0,1.0,1.0,3.255575804463798,3.141884405711658,3.353222958201732,6.701753477027891,6.605811639605255,6.801808292823142,0.0,0.0,0.0,0.19078846631187546,0.18038229629698327,0.2011484930187824
german_credit,1.0,free_l2,metric_clbr,10,1.0,1.0,1.0,0.4059783414530485,0.3224433288448539,0.4982477655121017,1.1027178216303648,1.0638615844855173,1.1442473782247131,1.0,1.0,1.0,0.049194194259553695,0.04752124443107484,0.05121800296499451
german_credit,1.0,free_l2,metric_leaf_projection,10,1.0,1.0,1.0,0.4059783414530485,0.3224433288448539,0.4982477655121017,1.1027178216303648,1.0638615844855173,1.1442473782247131,1.0,1.0,1.0,0.05023137067764466,0.04775248911916009,0.05322711204432806
german_credit,1.0,free_l2,native_exact_k_sparse,10,1.0,1.0,1.0,0.4059783414530485,0.3224433288448539,0.4982477655121017,1.1027178216303648,1.0638615844855173,1.1442473782247131,1.0,1.0,1.0,0.10671673174369523,0.10172138144770047,0.11209878257673656
german_credit,1.0,free_l2,nn_positive_train,10,1.0,1.0,1.0,3.626515312933654,3.4669777629025673,3.814583659136118,5.38680102974007,5.311812575161755,5.458663915144559,0.0013333333333333335,0.0,0.004,0.05547030334838372,0.05388397908865161,0.05785199002979091
german_credit,1.0,free_l2,raw_leaf_projection,10,1.0,1.0,1.0,0.9986477886643055,0.7382664308723823,1.275273067690115,1.147834710304956,1.0961015472456168,1.2080595211086906,1.0,1.0,1.0,0.054382758135664934,0.052086633229096874,0.05703376382337279
german_credit,1.0,immutable_l2,clbr,10,0.6628232119991818,0.5357410104224645,0.785537119608445,1.4134320626197248,1.1195510149975356,1.7417528168856555,2.3835169278057675,1.8715716443680492,2.883640497329372,0.721640298861886,0.6140265557141226,0.8317889512644139,0.19371390411454234,0.14375758515702367,0.24167563851182747
german_credit,1.0,immutable_l2,clbr_uncached,10,0.6628232119991818,0.5357410104224645,0.785537119608445,1.4134320626197248,1.1195510149975356,1.7417528168856555,2.3835169278057675,1.8715716443680492,2.883640497329372,0.721640298861886,0.6140265557141226,0.8317889512644139,0.23347757870218994,0.18194340574189913,0.2825612870289786
german_credit,1.0,immutable_l2,exact_leaf,10,1.0,1.0,1.0,0.7974119123291248,0.6051236695254105,0.996765934010428,1.162750984970272,1.0878556762455895,1.2439270707103995,1.0,1.0,1.0,0.5203661744852361,0.4704059527223663,0.5678860136336307
german_credit,1.0,immutable_l2,exact_leaf_cached,10,1.0,1.0,1.0,0.7974119123291248,0.6051236695254105,0.996765934010428,1.162750984970272,1.0878556762455895,1.2439270707103995,1.0,1.0,1.0,0.11122574721234349,0.10893464050858365,0.1135072797621869
german_credit,1.0,immutable_l2,leaf_centroid,10,0.507528712166314,0.3632916550736701,0.6621482844892599,2.8111075940024834,2.5539158419060137,3.1169203509119385,3.9578685897435895,3.8923076923076927,4.0,0.042131410256410255,0.0,0.10769230769230768,0.19645439939262083,0.18389689475426343,0.20839786501656268
german_credit,1.0,immutable_l2,metric_clbr,10,0.7309570867923425,0.60449746295641,0.8411652404952592,0.8365072300708528,0.5922981808881408,1.166994280093184,1.618604540634431,1.3598362459970117,1.8966609544343596,0.8833399101160199,0.8264881377122124,0.9331143509349273,0.12899272660648492,0.09606172447593454,0.16574843173921977
german_credit,1.0,immutable_l2,metric_leaf_projection,10,0.5681620081203796,0.42564334950980814,0.7190959003352903,0.4367138820280007,0.3178651014773795,0.5816652272307342,1.0518082985243626,1.0169601423393844,1.0941975723585,1.0,1.0,1.0,0.05250036173227997,0.05013646696814481,0.055047860412336946
german_credit,1.0,immutable_l2,native_exact_k_sparse,10,1.0,1.0,1.0,0.7974119123291248,0.6051236695254105,0.996765934010428,1.162750984970272,1.0878556762455895,1.2439270707103995,1.0,1.0,1.0,0.10452829429829436,0.10332275921609856,0.10582749329594827
german_credit,1.0,immutable_l2,nn_positive_train,10,0.6120474572299919,0.4903702111335239,0.7344890960072384,2.9525697243384292,2.7494651014069134,3.2256617489236152,3.5071040020569186,3.4681017062219675,3.547185787360664,0.49289599794308137,0.4528142126393355,0.5318982937780328,0.05613310661100981,0.05453426929468499,0.05796427073359778
german_credit,1.0,immutable_l2,raw_leaf_projection,10,0.3365274230466162,0.17044443919507904,0.5270003023620614,0.906747617486146,0.5383525177625226,1.396121153058252,1.0827752865396563,1.0058252427184466,1.2171795520876765,1.0,1.0,1.0,0.053768229016641425,0.05251442520273872,0.054941629892901946
german_credit,1.0,immutable_top3_l1,clbr,10,0.6389290163941328,0.5175786078648895,0.754206200780567,1.7914344262574766,1.3577235166877446,2.2981839031486144,2.2139059737372526,1.8046766264009901,2.5739803659025973,1.0,1.0,1.0,0.20991887591323297,0.15854003171848693,0.25462691853142766
german_credit,1.0,immutable_top3_l1,clbr_uncached,10,0.6389290163941328,0.5175786078648895,0.754206200780567,1.7914344262574766,1.3577235166877446,2.2981839031486144,2.2139059737372526,1.8046766264009901,2.5739803659025973,1.0,1.0,1.0,0.2501794152717636,0.20038562428873533,0.29585515345939584
german_credit,1.0,immutable_top3_l1,exact_leaf,10,0.9868348336290265,0.9755035639389872,0.996345126835781,0.9091703344957217,0.6868030852670326,1.1408182077597127,1.1432909442540666,1.0721729529929993,1.2207508556740687,1.0,1.0,1.0,0.5213575586284287,0.4650372136904561,0.5755770497546878
german_credit,1.0,immutable_top3_l1,exact_leaf_cached,10,0.9868348336290265,0.9755035639389872,0.996345126835781,0.9091703344957217,0.6868030852670326,1.1408182077597127,1.1432909442540666,1.0721729529929993,1.2207508556740687,1.0,1.0,1.0,0.11254305163826739,0.10891626266125497,0.11728613079953602
german_credit,1.0,immutable_top3_l1,leaf_centroid,10,0.4665995755804456,0.3194577639175471,0.6220893059741971,3.637699516127656,3.1687392276165443,4.171323480182343,2.9993421052631577,2.9980263157894735,3.0,1.0,1.0,1.0,0.196901106301366,0.1815282007999629,0.21150239148283848
german_credit,1.0,immutable_top3_l1,metric_clbr,10,0.7161194588824411,0.5908478812705904,0.8292678592676015,1.0143142204084732,0.6982607789595769,1.4490495193550241,1.5039089544502873,1.2933889921994006,1.718560869976917,1.0,1.0,1.0,0.1298502426331853,0.09915332323372138,0.16066408058728426
german_credit,1.0,immutable_top3_l1,metric_leaf_projection,10,0.5507803120503401,0.4151208373859283,0.70078861169026,0.4453787388677231,0.32188095980420073,0.5910687979565834,1.037157355223393,1.00914987135506,1.0738356560891937,1.0,1.0,1.0,0.05052086040875904,0.0487642302919275,0.05218898665063392
german_credit,1.0,immutable_top3_l1,native_exact_k_sparse,10,1.0,1.0,1.0,0.8763526045404468,0.6446299151262955,1.1189363518384685,1.1548599889165299,1.0803746723641736,1.2355594498241347,1.0,1.0,1.0,0.11077802500096574,0.1081437186307996,0.11341652648634716
german_credit,1.0,immutable_top3_l1,nn_positive_train,10,0.6035365967454472,0.48541797222259914,0.7227889583182019,3.7364642042122598,3.4561366000562765,4.132339371180924,3.0,3.0,3.0,1.0,1.0,1.0,0.05791925809115876,0.055438781218145876,0.06093959310235434
german_credit,1.0,immutable_top3_l1,raw_leaf_projection,10,0.27916634595212925,0.13643957526934022,0.45932539452639715,0.8940801269441536,0.5016655668599674,1.4072966633602284,1.071985815602837,1.0,1.2053191489361703,1.0,1.0,1.0,0.054114635282550595,0.05237228964018632,0.055779844218933186
german_credit,1.5,free_l2,clbr,10,1.0,1.0,1.0,1.0418091427660825,0.7883256408431509,1.3307576492734385,1.1536711062670137,1.0953964920056602,1.2163071167475874,1.0,1.0,1.0,0.05258059677305989,0.050923427626678806,0.05452873615430702
german_credit,1.5,free_l2,clbr_uncached,10,1.0,1.0,1.0,1.0418091427660825,0.7883256408431509,1.3307576492734385,1.1536711062670137,1.0953964920056602,1.2163071167475874,1.0,1.0,1.0,0.08670785754017923,0.08174283028049505,0.09178536151140125
german_credit,1.5,free_l2,exact_leaf,10,1.0,1.0,1.0,0.4637261227433993,0.4098075866795702,0.5214301252386796,1.1117636714643806,1.0701677025652112,1.1525836088878876,1.0,1.0,1.0,0.5293112913848705,0.4805310869757686,0.576275563971668
german_credit,1.5,free_l2,exact_leaf_cached,10,1.0,1.0,1.0,0.4637261227433993,0.4098075866795702,0.5214301252386796,1.1117636714643806,1.0701677025652112,1.1525836088878876,1.0,1.0,1.0,0.10962719366724638,0.10673294374109626,0.11288364453216468
german_credit,1.5,free_l2,leaf_centroid,10,1.0,1.0,1.0,3.4575388181318027,3.3808922558188437,3.5342081468133046,6.7205423475624375,6.618450824797651,6.819306229739603,0.0,0.0,0.0,0.19444700614539526,0.18069545890320565,0.2080697081742539
german_credit,1.5,free_l2,metric_clbr,10,1.0,1.0,1.0,0.4637261227433993,0.4098075866795702,0.5214301252386796,1.1117636714643806,1.0701677025652112,1.1525836088878876,1.0,1.0,1.0,0.050402330483022104,0.0488923231823552,0.05184862319962093
german_credit,1.5,free_l2,metric_leaf_projection,10,1.0,1.0,1.0,0.4637261227433993,0.4098075866795702,0.5214301252386796,1.1117636714643806,1.0701677025652112,1.1525836088878876,1.0,1.0,1.0,0.053176942926501894,0.05145917730110432,0.0551081272851285
german_credit,1.5,free_l2,native_exact_k_sparse,10,1.0,1.0,1.0,0.4637261227433993,0.4098075866795702,0.5214301252386796,1.1117636714643806,1.0701677025652112,1.1525836088878876,1.0,1.0,1.0,0.1050431070979491,0.10180977728981717,0.10831413223886698
german_credit,1.5,free_l2,nn_positive_train,10,1.0,1.0,1.0,3.8606229711370394,3.687164402846012,4.054418256017485,5.406940324796666,5.34834115307185,5.46051833033848,0.00745225369180279,0.0022222222222222222,0.013198197883885853,0.05680776875350644,0.05489825025588313,0.05879198472103179
german_credit,1.5,free_l2,raw_leaf_projection,10,1.0,1.0,1.0,1.0418091427660825,0.7883256408431509,1.3307576492734385,1.1536711062670137,1.0953964920056602,1.2163071167475874,1.0,1.0,1.0,0.057094899262867774,0.0556031437702265,0.058723223537935715
german_credit,1.5,immutable_l2,clbr,10,0.6784481924345134,0.5716998529332149,0.7860352751987515,1.7350168940566923,1.3943384327025494,2.1479770632033657,2.4652020119943088,1.9997666109425805,2.895507512146652,0.7238395549469738,0.6346015393393929,0.8196553354333485,0.2083222497374851,0.1582555761394263,0.2554750564163308
german_credit,1.5,immutable_l2,clbr_uncached,10,0.6784481924345134,0.5716998529332149,0.7860352751987515,1.7350168940566923,1.3943384327025494,2.1479770632033657,2.4652020119943088,1.9997666109425805,2.895507512146652,0.7238395549469738,0.6346015393393929,0.8196553354333485,0.240496341084475,0.19517131326988926,0.284451847514659
german_credit,1.5,immutable_l2,exact_leaf,10,1.0,1.0,1.0,0.9976434014886773,0.7804843936289366,1.2363977760183937,1.1915957446324588,1.1032307836518103,1.2865165570018346,1.0,1.0,1.0,0.5224657141970213,0.4676706880370775,0.5736645851618222
german_credit,1.5,immutable_l2,exact_leaf_cached,10,1.0,1.0,1.0,0.9976434014886773,0.7804843936289366,1.2363977760183937,1.1915957446324588,1.1032307836518103,1.2865165570018346,1.0,1.0,1.0,0.11491703847228434,0.11272715049301603,0.11710458920981918
german_credit,1.5,immutable_l2,leaf_centroid,10,0.4646950453956789,0.3331694649848662,0.6090173375964015,3.1001970459922203,2.848592591702566,3.3935486359125617,3.957189332189332,3.9030952380952377,3.996296296296296,0.042810667810667814,0.0037037037037037034,0.09690476190476191,0.1948857445539667,0.18069790287580223,0.20813267477256195
german_credit,1.5,immutable_l2,metric_clbr,10,0.7133315039499377,0.5985739377892686,0.8252461839258969,1.220210975292457,0.8984793680224507,1.6381993316397525,1.925693942191441,1.5836465470885812,2.264588940366396,0.828566890938004,0.7548256765872127,0.9010539722824572,0.15744155327919698,0.12057955916422747,0.19256468877699048
german_credit,1.5,immutable_l2,metric_leaf_projection,10,0.4746061591593527,0.32331733589251244,0.6552017759344401,0.5165378585243928,0.430014698226556,0.6367242349809235,1.0626291989664083,1.0154040404040405,1.1195889123796103,1.0,1.0,1.0,0.05095417815445823,0.04955219662255202,0.05258431552612594
german_credit,1.5,immutable_l2,native_exact_k_sparse,10,1.0,1.0,1.0,0.9976434014886773,0.7804843936289366,1.2363977760183937,1.1915957446324588,1.1032307836518103,1.2865165570018346,1.0,1.0,1.0,0.10442782912065218,0.10307435121337029,0.10583776733378261
german_credit,1.5,immutable_l2,nn_positive_train,10,0.6161171410261257,0.5083404718334754,0.7299389411929735,3.305036512689572,3.1022432943328626,3.5702617985949936,3.50019442366944,3.451745367872252,3.5462596881927566,0.49980557633056,0.4537403118072431,0.5482546321277479,0.05765143860411768,0.05588761971461611,0.05960955813879389
german_credit,1.5,immutable_l2,raw_leaf_projection,10,0.315553124889834,0.1625394614499737,0.49964657200120205,1.0859989292262888,0.6596950786310465,1.6485752324370444,1.0769330654541611,1.008,1.1714285714285715,1.0,1.0,1.0,0.05346860759879163,0.05208147680268679,0.054907278013846206
german_credit,1.5,immutable_top3_l1,clbr,10,0.6521697321560531,0.5529533785574343,0.7531082610496581,2.2905294692353166,1.7901514924978181,2.9144574966445815,2.327871643828879,1.9520269108633796,2.6401179181793393,1.0,1.0,1.0,0.2240762009609631,0.1739255599171403,0.26717476498074616
german_credit,1.5,immutable_top3_l1,clbr_uncached,10,0.6521697321560531,0.5529533785574343,0.7531082610496581,2.2905294692353166,1.7901514924978181,2.9144574966445815,2.327871643828879,1.9520269108633796,2.6401179181793393,1.0,1.0,1.0,0.26559445882124466,0.21709697427095145,0.30804245290030324
german_credit,1.5,immutable_top3_l1,exact_leaf,10,0.9876124330681921,0.974389349591307,0.9969780608634112,1.136142051886963,0.8727761908701012,1.43129244343515,1.1766669749891614,1.0927382956353202,1.2682931562726232,1.0,1.0,1.0,0.5266187409216807,0.4768253627138446,0.5745547230209938
german_credit,1.5,immutable_top3_l1,exact_leaf_cached,10,0.9876124330681921,0.974389349591307,0.9969780608634112,1.136142051886963,0.8727761908701012,1.43129244343515,1.1766669749891614,1.0927382956353202,1.2682931562726232,1.0,1.0,1.0,0.1110283663439318,0.1067817490652892,0.11498561397315013
german_credit,1.5,immutable_top3_l1,leaf_centroid,10,0.40674148093089874,0.26360300865319597,0.5627395985418997,4.103596192305654,3.637292486177587,4.642697066294835,2.998882681564246,2.9966480446927375,3.0,1.0,1.0,1.0,0.19694666298158653,0.18507228875263135,0.20870336476483278
german_credit,1.5,immutable_top3_l1,metric_clbr,10,0.6962634279080999,0.5797659873531573,0.8129101838393026,1.5102625631884634,1.0827681219866785,2.0771633693441873,1.7331109332728218,1.4647084069282092,2.0002536823641477,1.0,1.0,1.0,0.15218308268712583,0.1146367518560093,0.1894602262294928
german_credit,1.5,immutable_top3_l1,metric_leaf_projection,10,0.4666042135644264,0.31720063736259696,0.6452776395951151,0.5544528875885475,0.4551929461066129,0.6986858919543175,1.0457442511888477,1.0069767441860464,1.0941484593837538,1.0,1.0,1.0,0.050339780592750405,0.04864490877105021,0.052200267871506625
german_credit,1.5,immutable_top3_l1,native_exact_k_sparse,10,1.0,1.0,1.0,1.110046354562701,0.8356672838915189,1.4183114710255642,1.17665883911912,1.0912703318546648,1.2681610182141403,1.0,1.0,1.0,0.11240603475423054,0.10823861034983284,0.11646404495306685
german_credit,1.5,immutable_top3_l1,nn_positive_train,10,0.6054562658652507,0.49661643943973893,0.7216615730648173,4.2900604350242695,4.009658951562118,4.673651783597647,3.0,3.0,3.0,1.0,1.0,1.0,0.058719979171867644,0.056289305119325,0.061278004045672886
german_credit,1.5,immutable_top3_l1,raw_leaf_projection,10,0.2483818906557688,0.11896529730013862,0.42300076497851735,1.1152979363140205,0.6393056752266423,1.7138387351975015,1.0723529411764705,1.0,1.1723529411764706,1.0,1.0,1.0,0.054770034683047565,0.05303615718125158,0.05635192431394201
synthetic_overlap,0.0,free_l2,clbr,10,1.0,1.0,1.0,0.4635266926381309,0.4222384185849671,0.5143054757104442,1.3114029974143904,1.2470844003061548,1.3757067130150598,0.9984999999999999,0.9954999999999998,1.0,0.050740941169544716,0.04994135676108617,0.05155065779472138
synthetic_overlap,0.0,free_l2,clbr_uncached,10,1.0,1.0,1.0,0.4635266926381309,0.4222384185849671,0.5143054757104442,1.3114029974143904,1.2470844003061548,1.3757067130150598,0.9984999999999999,0.9954999999999998,1.0,0.08099005024913988,0.07549915582341706,0.08655190808770519
synthetic_overlap,0.0,free_l2,exact_leaf,10,1.0,1.0,1.0,0.44265761091227984,0.40860179548063247,0.4829385176774853,1.3123012820050806,1.2363007978774432,1.385677001839361,0.9984999999999999,0.9954999999999998,1.0,0.49614467976027693,0.43565804061984154,0.5519700729258554
synthetic_overlap,0.0,free_l2,exact_leaf_cached,10,1.0,1.0,1.0,0.44265761091227984,0.40860179548063247,0.4829385176774853,1.3123012820050806,1.2363007978774432,1.385677001839361,0.9984999999999999,0.9954999999999998,1.0,0.10968394151794854,0.10665156818189986,0.11295062311008874
synthetic_overlap,0.0,free_l2,leaf_centroid,10,1.0,1.0,1.0,3.6866715277576025,3.596670372092567,3.7980631288036366,16.0,16.0,16.0,0.0,0.0,0.0,0.19041395582338425,0.17429974580211038,0.2058081080093531
synthetic_overlap,0.0,free_l2,metric_clbr,10,1.0,1.0,1.0,0.44265761091227984,0.40860179548063247,0.4829385176774853,1.3123012820050806,1.2363007978774432,1.385677001839361,0.9984999999999999,0.9954999999999998,1.0,0.05027892188473547,0.04923967110934928,0.05163706363423561
synthetic_overlap,0.0,free_l2,metric_leaf_projection,10,1.0,1.0,1.0,0.44265761091227984,0.40860179548063247,0.4829385176774853,1.3123012820050806,1.2363007978774432,1.385677001839361,0.9984999999999999,0.9954999999999998,1.0,0.05096190320487989,0.05022271170829613,0.05169784900480493
synthetic_overlap,0.0,free_l2,native_exact_k_sparse,10,1.0,1.0,1.0,0.44265761091227984,0.40860179548063247,0.4829385176774853,1.3123012820050806,1.2363007978774432,1.385677001839361,0.9984999999999999,0.9954999999999998,1.0,0.10336626633899418,0.1012833428073881,0.10537066163659681
synthetic_overlap,0.0,free_l2,nn_positive_train,10,1.0,1.0,1.0,3.12859301987303,3.036949986925245,3.235707647442062,16.0,16.0,16.0,0.0,0.0,0.0,0.0566177174371892,0.05582689551514338,0.05767192150704735
synthetic_overlap,0.0,free_l2,raw_leaf_projection,10,1.0,1.0,1.0,0.4635266926381309,0.4222384185849671,0.5143054757104442,1.3114029974143904,1.2470844003061548,1.3757067130150598,0.9984999999999999,0.9954999999999998,1.0,0.05371394081380613,0.05279442648062251,0.05470740500395
synthetic_overlap,0.0,immutable_l2,clbr,10,0.8146149427654297,0.7486582963155893,0.8839211650648262,0.7300076043144891,0.6241445173101345,0.8323471767221534,3.01881994131927,2.399203835728395,3.6344095699137573,0.8300258641758408,0.7720635113709523,0.8880452159107555,0.11308181951147267,0.09367327135999906,0.13157044338545007
synthetic_overlap,0.0,immutable_l2,clbr_uncached,10,0.8146149427654297,0.7486582963155893,0.8839211650648262,0.7300076043144891,0.6241445173101345,0.8323471767221534,3.01881994131927,2.399203835728395,3.6344095699137573,0.8300258641758408,0.7720635113709523,0.8880452159107555,0.14372236298717928,0.1233530602435916,0.1646414412263402
synthetic_overlap,0.0,immutable_l2,exact_leaf,10,1.0,1.0,1.0,0.6006955418716288,0.5150407910601225,0.7182159538170545,1.2756899838818092,1.2050852331024113,1.3430132346019257,0.9979413407821228,0.9947653631284915,1.0,0.4830958475579468,0.42870186839864094,0.5361093464567622
synthetic_overlap,0.0,immutable_l2,exact_leaf_cached,10,1.0,1.0,1.0,0.6006955418716288,0.5150407910601225,0.7182159538170545,1.2756899838818092,1.2050852331024113,1.3430132346019257,0.9979413407821228,0.9947653631284915,1.0,0.11223133771100854,0.10931168742396458,0.11501078367751714
synthetic_overlap,0.0,immutable_l2,leaf_centroid,10,0.7508078761342825,0.6744691597238316,0.8320075457993575,3.218056050235206,3.106041096421187,3.334829886431965,12.0,12.0,12.0,0.0,0.0,0.0,0.1876263925892731,0.17330218375390036,0.20159163546960218
synthetic_overlap,0.0,immutable_l2,metric_clbr,10,0.8150068386335775,0.7397172705859087,0.8880383637285733,0.7284157670318409,0.6090129529990365,0.8535743376157626,3.053165511441075,2.3852222983359397,3.7420168377406977,0.8269192812582524,0.7633689657760372,0.8893611003173828,0.11066333585050814,0.0908995229259876,0.12985289741905687
synthetic_overlap,0.0,immutable_l2,metric_leaf_projection,10,0.6836926296512142,0.5826117908419646,0.7921673149084079,0.40853194546416305,0.3820249840165462,0.4341317348230482,1.199197981821297,1.138853906704918,1.2553394714221755,0.9981818181818183,0.9945454545454545,1.0,0.05287341596900309,0.05117779787584684,0.05509005364575419
synthetic_overlap,0.0,immutable_l2,native_exact_k_sparse,10,1.0,1.0,1.0,0.6006955418716288,0.5150407910601225,0.7182159538170545,1.2756899838818092,1.2050852331024113,1.3430132346019257,0.9979413407821228,0.9947653631284915,1.0,0.10626419911469018,0.10294373233905577,0.10950138266290416
synthetic_overlap,0.0,immutable_l2,nn_positive_train,10,0.7112050304167663,0.6175794154897148,0.8148342974534014,2.7586604934356576,2.647800787002237,2.872127591441682,12.0,12.0,12.0,0.0,0.0,0.0,0.05582044665032354,0.055115242383161095,0.05641722296824773
synthetic_overlap,0.0,immutable_l2,raw_leaf_projection,10,0.6836868833232741,0.5954312102951723,0.785704273928303,0.42947426234907116,0.39492094463225447,0.46763855602389015,1.198206730411681,1.1447728813884264,1.2444215148668032,0.9981818181818183,0.9945454545454545,1.0,0.05389466503746526,0.05241890269309589,0.055189011752060826
synthetic_overlap,0.0,immutable_top3_l1,clbr,10,0.4201731615893848,0.36025611962703685,0.4797791067516437,1.6982725646303378,1.5472590757015383,1.8646776503328018,2.093494523339414,1.9771506867300879,2.2041175251833995,1.0,1.0,1.0,0.16989013573982165,0.1576396125917806,0.18142200412676773
synthetic_overlap,0.0,immutable_top3_l1,clbr_uncached,10,0.4201731615893848,0.36025611962703685,0.4797791067516437,1.6982725646303378,1.5472590757015383,1.8646776503328018,2.093494523339414,1.9771506867300879,2.2041175251833995,1.0,1.0,1.0,0.20339317793661937,0.18763481981054106,0.21886888186462572
synthetic_overlap,0.0,immutable_top3_l1,exact_leaf,10,0.6446136211600815,0.5866917288019602,0.6982679993112545,1.1431171027047295,1.0452976671787946,1.2443918219873304,1.0911752417550153,1.058138778770393,1.130161867587399,1.0,1.0,1.0,0.43197521132073546,0.38072583882502514,0.47909012087593345
synthetic_overlap,0.0,immutable_top3_l1,exact_leaf_cached,10,0.6446136211600815,0.5866917288019602,0.6982679993112545,1.1431171027047295,1.0452976671787946,1.2443918219873304,1.0911752417550153,1.058138778770393,1.130161867587399,1.0,1.0,1.0,0.09012436074743198,0.08772436639178123,0.09250154615266329
synthetic_overlap,0.0,immutable_top3_l1,leaf_centroid,10,0.29140987534021023,0.250457845600618,0.3348981920104079,3.187713828237487,2.962758669608185,3.453566357308354,3.0,3.0,3.0,1.0,1.0,1.0,0.18434343644050638,0.1705106764288198,0.19766072748828104
synthetic_overlap,0.0,immutable_top3_l1,metric_clbr,10,0.42974328402061734,0.36679007991252566,0.4931718663840454,1.6559712030192884,1.5039977238686557,1.8158348435126304,2.0232657842815183,1.8967177393149188,2.1435121524581406,1.0,1.0,1.0,0.15810739269532703,0.14621246522839723,0.1692426081556907
synthetic_overlap,0.0,immutable_top3_l1,metric_leaf_projection,10,0.2148260350242362,0.17192850128483303,0.2593810959735792,0.5111878591726676,0.4582867923240259,0.5674012041589431,1.0314536229164712,1.0136455108359133,1.0499153297682708,1.0,1.0,1.0,0.04885863081131023,0.04789847970718612,0.04974976282518695
synthetic_overlap,0.0,immutable_top3_l1,native_exact_k_sparse,10,1.0,1.0,1.0,0.6546179311696119,0.5578912906498021,0.7856258394888044,1.20800735017184,1.1550765925336433,1.2597315490907972,1.0,1.0,1.0,0.10792629433946646,0.10524754569968452,0.11058871971628478
synthetic_overlap,0.0,immutable_top3_l1,nn_positive_train,10,0.3977817308017631,0.3377883523222072,0.45728438347390393,3.569343475460196,3.420418885596706,3.7120793543474244,3.0,3.0,3.0,1.0,1.0,1.0,0.05523556515208926,0.053686151730957574,0.05672630795894799
synthetic_overlap,0.0,immutable_top3_l1,raw_leaf_projection,10,0.19538870089308247,0.1577021062035555,0.23652789088211043,0.5044199518014401,0.4556382142872285,0.5541568649873782,1.0415010955842872,1.0213227112446128,1.0607693305327008,1.0,1.0,1.0,0.05144051997310256,0.05042651305350136,0.05249957312089156
synthetic_overlap,0.5,free_l2,clbr,10,1.0,1.0,1.0,0.46182937218422415,0.411461025820178,0.5152071841842957,1.3013136774957166,1.230377236309347,1.3758770873799568,0.9995,0.9984999999999999,1.0,0.049177176946715515,0.04753812975637749,0.050858788115710984
synthetic_overlap,0.5,free_l2,clbr_uncached,10,1.0,1.0,1.0,0.46182937218422415,0.411461025820178,0.5152071841842957,1.3013136774957166,1.230377236309347,1.3758770873799568,0.9995,0.9984999999999999,1.0,0.08115063297742561,0.07670396404973459,0.08565979288544814
synthetic_overlap,0.5,free_l2,exact_leaf,10,1.0,1.0,1.0,0.4435546014391861,0.3975041959276273,0.4910271408380617,1.2931587315812747,1.2122153742520836,1.3841939056300443,0.9995,0.9984999999999999,1.0,0.48667622398374977,0.431128154483632,0.539617833887571
synthetic_overlap,0.5,free_l2,exact_leaf_cached,10,1.0,1.0,1.0,0.4435546014391861,0.3975041959276273,0.4910271408380617,1.2931587315812747,1.2122153742520836,1.3841939056300443,0.9995,0.9984999999999999,1.0,0.10996215834116599,0.10540519737721177,0.11420240649289466
synthetic_overlap,0.5,free_l2,leaf_centroid,10,1.0,1.0,1.0,3.752466620789403,3.660542898110059,3.8642545707982943,16.0,16.0,16.0,0.0,0.0,0.0,0.1840182014686303,0.16983266988192056,0.19762795891566237
synthetic_overlap,0.5,free_l2,metric_clbr,10,1.0,1.0,1.0,0.4435546014391861,0.3975041959276273,0.4910271408380617,1.2931587315812747,1.2122153742520836,1.3841939056300443,0.9995,0.9984999999999999,1.0,0.04957227956683549,0.047445045535618235,0.05152555254877539
synthetic_overlap,0.5,free_l2,metric_leaf_projection,10,1.0,1.0,1.0,0.4435546014391861,0.3975041959276273,0.4910271408380617,1.2931587315812747,1.2122153742520836,1.3841939056300443,0.9995,0.9984999999999999,1.0,0.04967168867009727,0.04815171406053567,0.051133618090510216
synthetic_overlap,0.5,free_l2,native_exact_k_sparse,10,1.0,1.0,1.0,0.4435546014391861,0.3975041959276273,0.4910271408380617,1.2931587315812747,1.2122153742520836,1.3841939056300443,0.9995,0.9984999999999999,1.0,0.10090002490228611,0.09804812993957375,0.10340758368277297
synthetic_overlap,0.5,free_l2,nn_positive_train,10,1.0,1.0,1.0,3.2001397115161,3.098551902739202,3.308088559368857,16.0,16.0,16.0,0.0,0.0,0.0,0.056615201756555864,0.05439408629555126,0.05899762498373712
synthetic_overlap,0.5,free_l2,raw_leaf_projection,10,1.0,1.0,1.0,0.46182937218422415,0.411461025820178,0.5152071841842957,1.3013136774957166,1.230377236309347,1.3758770873799568,0.9995,0.9984999999999999,1.0,0.05319668080362119,0.051200279995340596,0.05504235309798621
synthetic_overlap,0.5,immutable_l2,clbr,10,0.8039853574666731,0.7331945048984436,0.8767299195275511,0.7082890174736942,0.6069036256542439,0.812093362013719,2.839041937377519,2.203238216194236,3.542992274037659,0.8475322498992941,0.7819905472723618,0.9079774244046176,0.10417780632642695,0.08333263100839514,0.1255316477797158
synthetic_overlap,0.5,immutable_l2,clbr_uncached,10,0.8039853574666731,0.7331945048984436,0.8767299195275511,0.7082890174736942,0.6069036256542439,0.812093362013719,2.839041937377519,2.203238216194236,3.542992274037659,0.8475322498992941,0.7819905472723618,0.9079774244046176,0.1362700267382522,0.11461441491274671,0.1598982067922332
synthetic_overlap,0.5,immutable_l2,exact_leaf,10,1.0,1.0,1.0,0.6019872565423875,0.518087542560652,0.713042179859628,1.273980352067499,1.2020663403591718,1.3424223363183714,0.9984535519125683,0.9960000000000001,1.0,0.46505390564546606,0.4110905251895541,0.5156750417199929
synthetic_overlap,0.5,immutable_l2,exact_leaf_cached,10,1.0,1.0,1.0,0.6019872565423875,0.518087542560652,0.713042179859628,1.273980352067499,1.2020663403591718,1.3424223363183714,0.9984535519125683,0.9960000000000001,1.0,0.10941539788234012,0.105652334637731,0.1124796439434934
synthetic_overlap,0.5,immutable_l2,leaf_centroid,10,0.7385636723671366,0.6705689259699078,0.8153626988516389,3.2024745496552347,3.0922956734485467,3.316076315208399,12.0,12.0,12.0,0.0,0.0,0.0,0.1817560045228241,0.1680517764586012,0.19554310099528707
synthetic_overlap,0.5,immutable_l2,metric_clbr,10,0.8102104886247016,0.7259202882084898,0.886909313394673,0.6884248478090818,0.5888215599951964,0.7914219054043917,2.7917280303858925,2.1899269368430576,3.408207921547029,0.8518831425088944,0.7943660356770665,0.9091628867125516,0.1009650133183891,0.0810893423160577,0.11997882502742481
synthetic_overlap,0.5,immutable_l2,metric_leaf_projection,10,0.6989452092576903,0.5945351937621045,0.8059609294438411,0.41009201442100246,0.3732266518167647,0.44286809120265286,1.1967716181664758,1.131856832246333,1.2623341846168041,0.9991379310344828,0.9974137931034482,1.0,0.04982693052555113,0.047913558005710254,0.052203943906672635
synthetic_overlap,0.5,immutable_l2,native_exact_k_sparse,10,1.0,1.0,1.0,0.6019872565423875,0.518087542560652,0.713042179859628,1.273980352067499,1.2020663403591718,1.3424223363183714,0.9984535519125683,0.9960000000000001,1.0,0.10360861417624453,0.09974112606085177,0.10688811758205419
synthetic_overlap,0.5,immutable_l2,nn_positive_train,10,0.6838077482958241,0.5894627489690435,0.7864839791640198,2.766874636504607,2.6484751150921255,2.884542311852801,12.0,12.0,12.0,0.0,0.0,0.0,0.05504588006131561,0.0530816214838321,0.05720538421121615
synthetic_overlap,0.5,immutable_l2,raw_leaf_projection,10,0.6888127172974057,0.5933527754433926,0.793895657843069,0.4300776087704371,0.38058588516477765,0.4797506173494388,1.197914852824731,1.13857646778272,1.252829611601216,0.9991304347826088,0.9973913043478261,1.0,0.05282531330540792,0.051073950953596896,0.0543602807945301
synthetic_overlap,0.5,immutable_top3_l1,clbr,10,0.40955997334615607,0.35648503660837305,0.46384063068279996,1.70923612968331,1.5519542190993927,1.898668689449501,2.0751181614294554,1.9506750667201331,2.2073202531850487,1.0,1.0,1.0,0.16185137072852257,0.1523790617024831,0.17194260587386048
synthetic_overlap,0.5,immutable_top3_l1,clbr_uncached,10,0.40955997334615607,0.35648503660837305,0.46384063068279996,1.70923612968331,1.5519542190993927,1.898668689449501,2.0751181614294554,1.9506750667201331,2.2073202531850487,1.0,1.0,1.0,0.19623186131352566,0.18357819740640993,0.20954000748977872
synthetic_overlap,0.5,immutable_top3_l1,exact_leaf,10,0.6334573839131921,0.5710721580206494,0.6893932852570552,1.1440592783953725,1.0511371462236385,1.2595442406623962,1.1042253398409851,1.0727543549628176,1.1345419250147935,1.0,1.0,1.0,0.43171481400405165,0.3822625623510528,0.47828156040794334
synthetic_overlap,0.5,immutable_top3_l1,exact_leaf_cached,10,0.6334573839131921,0.5710721580206494,0.6893932852570552,1.1440592783953725,1.0511371462236385,1.2595442406623962,1.1042253398409851,1.0727543549628176,1.1345419250147935,1.0,1.0,1.0,0.08965013199702165,0.08600583084422482,0.09319945298357282
synthetic_overlap,0.5,immutable_top3_l1,leaf_centroid,10,0.28081383164449614,0.24890373568551732,0.3173828756200045,3.2160935061092815,3.0363477660943374,3.407496897550934,3.0,3.0,3.0,1.0,1.0,1.0,0.18271398021608723,0.1683676316432721,0.1967336770370528
synthetic_overlap,0.5,immutable_top3_l1,metric_clbr,10,0.4199580383970651,0.36545955233504507,0.4754940444220411,1.6581393194393397,1.51295018678214,1.8225104484104053,2.014918491062215,1.8946362572991127,2.128779994317827,1.0,1.0,1.0,0.1553258499589336,0.14488960104811688,0.16690409076600454
synthetic_overlap,0.5,immutable_top3_l1,metric_leaf_projection,10,0.2123572480314399,0.17414061048628762,0.2541113298915909,0.5414996132367296,0.47616707048876983,0.6077299666745266,1.040650504466294,1.0160931174089067,1.069444765760555,1.0,1.0,1.0,0.047590366195525494,0.046354792379153444,0.04857502524990345
synthetic_overlap,0.5,immutable_top3_l1,native_exact_k_sparse,10,1.0,1.0,1.0,0.6555526454977495,0.561402100340881,0.7799881201149942,1.2077737774596549,1.150773275801321,1.2631093807580553,1.0,1.0,1.0,0.10653400300071136,0.10418383248700222,0.10857351415828989
synthetic_overlap,0.5,immutable_top3_l1,nn_positive_train,10,0.3834771260989842,0.3317764934193835,0.43699756142754476,3.5869402091973455,3.424419975904299,3.7592247710170286,3.0,3.0,3.0,1.0,1.0,1.0,0.054415531741598876,0.05210898686831802,0.05666717410720423
synthetic_overlap,0.5,immutable_top3_l1,raw_leaf_projection,10,0.196186038941546,0.15584363405640694,0.2372253999946941,0.50880931024189,0.428429755821008,0.5739383807476405,1.0514683146617936,1.0261158194124422,1.0802058305524658,1.0,1.0,1.0,0.05137720994349647,0.04999459714939205,0.05268618627337929
synthetic_overlap,1.0,free_l2,clbr,10,1.0,1.0,1.0,0.4627479075804361,0.4056649553404886,0.5200474847915864,1.2779610100446854,1.208306264372139,1.3523079134531657,1.0,1.0,1.0,0.04990533118485378,0.04835148670753674,0.05151305418188879
synthetic_overlap,1.0,free_l2,clbr_uncached,10,1.0,1.0,1.0,0.4627479075804361,0.4056649553404886,0.5200474847915864,1.2779610100446854,1.208306264372139,1.3523079134531657,1.0,1.0,1.0,0.07848554487527412,0.07364335320996916,0.0833760309665123
synthetic_overlap,1.0,free_l2,exact_leaf,10,1.0,1.0,1.0,0.44323513594175845,0.3886690308309156,0.49628183540699033,1.2775490960609983,1.1954862011912195,1.3674012118265242,1.0,1.0,1.0,0.47942571677830603,0.42504323955132894,0.5299848296195895
synthetic_overlap,1.0,free_l2,exact_leaf_cached,10,1.0,1.0,1.0,0.44323513594175845,0.3886690308309156,0.49628183540699033,1.2775490960609983,1.1954862011912195,1.3674012118265242,1.0,1.0,1.0,0.10575436541317593,0.1032932206183395,0.1081725849942563
synthetic_overlap,1.0,free_l2,leaf_centroid,10,1.0,1.0,1.0,3.9843093277462165,3.8777610681148866,4.0985299501698975,16.0,16.0,16.0,0.0,0.0,0.0,0.18141441627456065,0.1673144489576778,0.19554183731625824
synthetic_overlap,1.0,free_l2,metric_clbr,10,1.0,1.0,1.0,0.44323513594175845,0.3886690308309156,0.49628183540699033,1.2775490960609983,1.1954862011912195,1.3674012118265242,1.0,1.0,1.0,0.04883699916435957,0.04733800383333642,0.050345294045254015
synthetic_overlap,1.0,free_l2,metric_leaf_projection,10,1.0,1.0,1.0,0.44323513594175845,0.3886690308309156,0.49628183540699033,1.2775490960609983,1.1954862011912195,1.3674012118265242,1.0,1.0,1.0,0.05000516880220275,0.04880426112969535,0.0513171046572165
synthetic_overlap,1.0,free_l2,native_exact_k_sparse,10,1.0,1.0,1.0,0.44323513594175845,0.3886690308309156,0.49628183540699033,1.2775490960609983,1.1954862011912195,1.3674012118265242,1.0,1.0,1.0,0.10016574106959,0.0966166760961911,0.10411857334781972
synthetic_overlap,1.0,free_l2,nn_positive_train,10,1.0,1.0,1.0,3.4128427991794767,3.293190548191145,3.5347055170409676,16.0,16.0,16.0,0.0,0.0,0.0,0.05447494205211114,0.05272209312350984,0.05601184790304999
synthetic_overlap,1.0,free_l2,raw_leaf_projection,10,1.0,1.0,1.0,0.4627479075804361,0.4056649553404886,0.5200474847915864,1.2779610100446854,1.208306264372139,1.3523079134531657,1.0,1.0,1.0,0.05353544552872959,0.050958032981970006,0.05639442341167684
synthetic_overlap,1.0,immutable_l2,clbr,10,0.8024758169687649,0.7308218218608873,0.8726942624284011,0.6581247619835981,0.5652553599634141,0.7599871272307847,2.474734566641068,1.8955759187412617,3.172448423050868,0.8828418495387235,0.8166117048367515,0.9384326856164465,0.09318538923831869,0.07509054047602524,0.11304821746439209
synthetic_overlap,1.0,immutable_l2,clbr_uncached,10,0.8024758169687649,0.7308218218608873,0.8726942624284011,0.6581247619835981,0.5652553599634141,0.7599871272307847,2.474734566641068,1.8955759187412617,3.172448423050868,0.8828418495387235,0.8166117048367515,0.9384326856164465,0.12649491428804965,0.10484983393217835,0.15134231809412926
synthetic_overlap,1.0,immutable_l2,exact_leaf,10,1.0,1.0,1.0,0.5864405595779079,0.5038006702825539,0.6918313318843274,1.2652269700212366,1.193025564919507,1.3338540344967156,0.9985000000000002,0.9964999999999999,1.0,0.4659489260103342,0.41026991782004024,0.5180769183826628
synthetic_overlap,1.0,immutable_l2,exact_leaf_cached,10,1.0,1.0,1.0,0.5864405595779079,0.5038006702825539,0.6918313318843274,1.2652269700212366,1.193025564919507,1.3338540344967156,0.9985000000000002,0.9964999999999999,1.0,0.10838036960554605,0.10432823952493074,0.1128361836709076
synthetic_overlap,1.0,immutable_l2,leaf_centroid,10,0.7299032898949713,0.6522129194630872,0.8175079117337619,3.237731145296513,3.119660253805858,3.3608411349585188,12.0,12.0,12.0,0.0,0.0,0.0,0.1816694513172974,0.16694372264284363,0.19614999492675675
synthetic_overlap,1.0,immutable_l2,metric_clbr,10,0.8049980356844685,0.7208549209880623,0.8806750018834716,0.6383257082392901,0.5465276639069623,0.7404134451550376,2.411678616268232,1.8597570747647296,3.023681415610907,0.8884530947730026,0.831024668694011,0.9407443222078434,0.08933665787777631,0.07241952260439201,0.10717703180244335
synthetic_overlap,1.0,immutable_l2,metric_leaf_projection,10,0.7232284230228847,0.6167281831290505,0.8258697368421053,0.4165096402302713,0.3637130433815018,0.46405659264581883,1.2038137337645305,1.1328217605685098,1.273608414187497,1.0,1.0,1.0,0.049184261813929334,0.04818941295375147,0.0501954960867399
synthetic_overlap,1.0,immutable_l2,native_exact_k_sparse,10,1.0,1.0,1.0,0.5864405595779079,0.5038006702825539,0.6918313318843274,1.2652269700212366,1.193025564919507,1.3338540344967156,0.9985000000000002,0.9964999999999999,1.0,0.10293841093304515,0.0992102014755644,0.10624398047101928
synthetic_overlap,1.0,immutable_l2,nn_positive_train,10,0.661316246458965,0.5721809894976561,0.7619869295713084,2.818611638026842,2.686490716465473,2.9590818464040014,12.0,12.0,12.0,0.0,0.0,0.0,0.05623732901467188,0.05331587091697331,0.05912981994377736
synthetic_overlap,1.0,immutable_l2,raw_leaf_projection,10,0.7142047244537416,0.6186553424421967,0.814234001812532,0.4381611636656618,0.36642627706392666,0.5049694781329414,1.2055205723425186,1.1383238757604233,1.2696534698394342,1.0,1.0,1.0,0.05272629829158485,0.05021986289992863,0.055468132323293985
synthetic_overlap,1.0,immutable_top3_l1,clbr,10,0.39277404404857325,0.3427153439112325,0.4485222562384981,1.7057454817098385,1.5049179799737338,1.9459895389117605,2.029066094208133,1.88736191938752,2.1773539313959596,1.0,1.0,1.0,0.1545791771986323,0.14123368916690088,0.1682408423800235
synthetic_overlap,1.0,immutable_top3_l1,clbr_uncached,10,0.39277404404857325,0.3427153439112325,0.4485222562384981,1.7057454817098385,1.5049179799737338,1.9459895389117605,2.029066094208133,1.88736191938752,2.1773539313959596,1.0,1.0,1.0,0.19099310995019034,0.17555539810224594,0.20683011704941093
synthetic_overlap,1.0,immutable_top3_l1,exact_leaf,10,0.6065882349872642,0.5495063728953254,0.6603383668903803,1.1224186347897311,1.0322139855348196,1.2361807013616837,1.090324389574224,1.059419626996412,1.1222915933775324,1.0,1.0,1.0,0.4235338890391251,0.36971221520400066,0.47390898074337034
synthetic_overlap,1.0,immutable_top3_l1,exact_leaf_cached,10,0.6065882349872642,0.5495063728953254,0.6603383668903803,1.1224186347897311,1.0322139855348196,1.2361807013616837,1.090324389574224,1.059419626996412,1.1222915933775324,1.0,1.0,1.0,0.08573733509528123,0.08238214092682045,0.08875310578295009
synthetic_overlap,1.0,immutable_top3_l1,leaf_centroid,10,0.2918147400902826,0.2541599396101523,0.3282778790992193,3.2834032459581564,3.1048563070190185,3.4764020266436164,3.0,3.0,3.0,1.0,1.0,1.0,0.17963104585710277,0.16552161294480022,0.19315801876238237
synthetic_overlap,1.0,immutable_top3_l1,metric_clbr,10,0.4011384570205704,0.3505270311204813,0.45772144962642347,1.6426885528646302,1.4661054692279671,1.8422910853125642,1.9521613013900652,1.8312422146453315,2.067489151118537,1.0,1.0,1.0,0.14592161727573427,0.13677358554326066,0.15598199566419324
synthetic_overlap,1.0,immutable_top3_l1,metric_leaf_projection,10,0.21415342632947737,0.17736446808608075,0.2549810217306236,0.5317396359397905,0.4675784814012576,0.597307193622539,1.0299279711884755,1.0081632653061223,1.0544177671068424,1.0,1.0,1.0,0.047422142659143234,0.04645571137348393,0.04833979489360097
synthetic_overlap,1.0,immutable_top3_l1,native_exact_k_sparse,10,1.0,1.0,1.0,0.6375509572427236,0.5468012445065721,0.7524412485643515,1.2016569050668249,1.1463885675804786,1.2578756154499149,1.0,1.0,1.0,0.10534858868988875,0.10280625944429123,0.10768401025443465
synthetic_overlap,1.0,immutable_top3_l1,nn_positive_train,10,0.3640199944882911,0.3163549352787685,0.4155892432822563,3.64764927569488,3.4506689799831,3.8684585411157415,3.0,3.0,3.0,1.0,1.0,1.0,0.05432313622404992,0.05266817975949242,0.05584947602467101
synthetic_overlap,1.0,immutable_top3_l1,raw_leaf_projection,10,0.19619517516815543,0.1580530836073442,0.235515836571294,0.5297427259969806,0.4579519483444384,0.5944443520158497,1.052234664745425,1.0245578898225958,1.082183621933622,1.0,1.0,1.0,0.050560514131731994,0.04904467905309079,0.052176011494480305
synthetic_overlap,1.5,free_l2,clbr,10,1.0,1.0,1.0,0.46235720497129246,0.40206156073841204,0.518990395337553,1.2602505312397496,1.1926920089419415,1.3337758911635933,1.0,1.0,1.0,0.05013393643459283,0.0484320559750292,0.05176140266293582
synthetic_overlap,1.5,free_l2,clbr_uncached,10,1.0,1.0,1.0,0.46235720497129246,0.40206156073841204,0.518990395337553,1.2602505312397496,1.1926920089419415,1.3337758911635933,1.0,1.0,1.0,0.078952264898331,0.0746592491377098,0.08301598601084585
synthetic_overlap,1.5,free_l2,exact_leaf,10,1.0,1.0,1.0,0.44475243170992496,0.38715128795124243,0.4967339082717995,1.261913989075714,1.1755278478372482,1.3551722090303628,0.999,0.9970000000000001,1.0,0.49292703058125936,0.4332964621930002,0.5514743674355816
synthetic_overlap,1.5,free_l2,exact_leaf_cached,10,1.0,1.0,1.0,0.44475243170992496,0.38715128795124243,0.4967339082717995,1.261913989075714,1.1755278478372482,1.3551722090303628,0.999,0.9970000000000001,1.0,0.10725843366330176,0.10350429880297461,0.11098595406063623
synthetic_overlap,1.5,free_l2,leaf_centroid,10,1.0,1.0,1.0,4.349408359082651,4.241827209334313,4.458308573930979,16.0,16.0,16.0,0.0,0.0,0.0,0.18192473342581067,0.1682311867808166,0.19538274190127725
synthetic_overlap,1.5,free_l2,metric_clbr,10,1.0,1.0,1.0,0.44475243170992496,0.38715128795124243,0.4967339082717995,1.261913989075714,1.1755278478372482,1.3551722090303628,0.999,0.9970000000000001,1.0,0.05068817612823658,0.048789418344574086,0.05251909125089316
synthetic_overlap,1.5,free_l2,metric_leaf_projection,10,1.0,1.0,1.0,0.44475243170992496,0.38715128795124243,0.4967339082717995,1.261913989075714,1.1755278478372482,1.3551722090303628,0.999,0.9970000000000001,1.0,0.04948500098172133,0.04806190899425014,0.050854880649269185
synthetic_overlap,1.5,free_l2,native_exact_k_sparse,10,1.0,1.0,1.0,0.44475243170992496,0.38715128795124243,0.4967339082717995,1.261913989075714,1.1755278478372482,1.3551722090303628,0.999,0.9970000000000001,1.0,0.10055589572020755,0.09820242902152225,0.10287624488627943
synthetic_overlap,1.5,free_l2,nn_positive_train,10,1.0,1.0,1.0,3.7369314337059834,3.6047150782812603,3.88119507270677,16.0,16.0,16.0,0.0,0.0,0.0,0.056089611680893506,0.05482903341424628,0.05745024567635053
synthetic_overlap,1.5,free_l2,raw_leaf_projection,10,1.0,1.0,1.0,0.46235720497129246,0.40206156073841204,0.518990395337553,1.2602505312397496,1.1926920089419415,1.3337758911635933,1.0,1.0,1.0,0.053238707967387444,0.05185531140489129,0.05470376638095147
synthetic_overlap,1.5,immutable_l2,clbr,10,0.8258304953008457,0.7581032951125943,0.8905335058971179,0.6499225171948808,0.557335285362594,0.7464421627111841,2.3635547966567536,1.8310804346576732,2.9558591869216317,0.8925872493941374,0.8346916835465487,0.9453531098410531,0.09202199923790733,0.07520328582259544,0.1101936374464854
synthetic_overlap,1.5,immutable_l2,clbr_uncached,10,0.8258304953008457,0.7581032951125943,0.8905335058971179,0.6499225171948808,0.557335285362594,0.7464421627111841,2.3635547966567536,1.8310804346576732,2.9558591869216317,0.8925872493941374,0.8346916835465487,0.9453531098410531,0.12436122772596396,0.10510598206168928,0.1458675000318104
synthetic_overlap,1.5,immutable_l2,exact_leaf,10,1.0,1.0,1.0,0.575592197169898,0.4908994542020037,0.6775297782517052,1.2549927480426133,1.1700933390022676,1.338555649146451,0.999,0.9970000000000001,1.0,0.48460592846680656,0.4234295027447102,0.5429141575789482
synthetic_overlap,1.5,immutable_l2,exact_leaf_cached,10,1.0,1.0,1.0,0.575592197169898,0.4908994542020037,0.6775297782517052,1.2549927480426133,1.1700933390022676,1.338555649146451,0.999,0.9970000000000001,1.0,0.1124473013047929,0.11002463791190922,0.11506652711765089
synthetic_overlap,1.5,immutable_l2,leaf_centroid,10,0.736850903464111,0.6500186732554657,0.831781920734751,3.2802982637477323,3.1571828773588027,3.4043588818192867,12.0,12.0,12.0,0.0,0.0,0.0,0.18816912755232548,0.17513782284992416,0.20074122239631695
synthetic_overlap,1.5,immutable_l2,metric_clbr,10,0.832159143741354,0.7584099837419245,0.9001430945963292,0.6412111834206253,0.54155829897349,0.7614292626377411,2.3533587313899953,1.8212658841969138,2.9418231993232835,0.8935510526440499,0.8380096776113526,0.9441862665286584,0.09040616891445077,0.0731798845279201,0.1083712282178044
synthetic_overlap,1.5,immutable_l2,metric_leaf_projection,10,0.7506514140247293,0.6501297148419116,0.8486922025413938,0.4220675043551477,0.36984930982878406,0.4679648080207122,1.200468604229518,1.1204388832306527,1.2834709380036022,1.0,1.0,1.0,0.05077507020625575,0.0496193824778872,0.05186526413045967
synthetic_overlap,1.5,immutable_l2,native_exact_k_sparse,10,1.0,1.0,1.0,0.575592197169898,0.4908994542020037,0.6775297782517052,1.2549927480426133,1.1700933390022676,1.338555649146451,0.999,0.9970000000000001,1.0,0.10654384312368499,0.10474924561382061,0.10908434012650284
synthetic_overlap,1.5,immutable_l2,nn_positive_train,10,0.660535097477146,0.5633705957015929,0.7648589907870906,2.95288875484553,2.8052040693710114,3.1133471044466483,12.0,12.0,12.0,0.0,0.0,0.0,0.05640750920165126,0.05554191002336833,0.057503749900675735
synthetic_overlap,1.5,immutable_l2,raw_leaf_projection,10,0.7424894322508878,0.6493758551533821,0.8370000475976553,0.44311139379905723,0.37356303098798477,0.5070148198716352,1.1973852088169568,1.117908063827291,1.2725332829537885,1.0,1.0,1.0,0.0545860838238047,0.05344650714677061,0.055729539277260896
synthetic_overlap,1.5,immutable_top3_l1,clbr,10,0.3867634236084371,0.3293872235057545,0.45009981121379383,1.7918548319647196,1.6011738586869502,1.987141654634699,2.023274093004235,1.9300240721153687,2.109611862721939,1.0,1.0,1.0,0.1556083930382599,0.1446887891138572,0.16636773741232325
synthetic_overlap,1.5,immutable_top3_l1,clbr_uncached,10,0.3867634236084371,0.3293872235057545,0.45009981121379383,1.7918548319647196,1.6011738586869502,1.987141654634699,2.023274093004235,1.9300240721153687,2.109611862721939,1.0,1.0,1.0,0.19452785108340848,0.18174541329482857,0.20616428062646752
synthetic_overlap,1.5,immutable_top3_l1,exact_leaf,10,0.5948918338823999,0.5323330300988321,0.6532340296495958,1.1254348406361283,1.0173967108696493,1.2557880879836318,1.1074562170384792,1.0669171377037228,1.1566021385460303,1.0,1.0,1.0,0.4280454016004489,0.37757748291698395,0.47420187570396655
synthetic_overlap,1.5,immutable_top3_l1,exact_leaf_cached,10,0.5948918338823999,0.5323330300988321,0.6532340296495958,1.1254348406361283,1.0173967108696493,1.2557880879836318,1.1074562170384792,1.0669171377037228,1.1566021385460303,1.0,1.0,1.0,0.0873533165386579,0.0829629861190552,0.09169746822520021
synthetic_overlap,1.5,immutable_top3_l1,leaf_centroid,10,0.27340184543419044,0.21667710053623127,0.33094748677248675,3.35139684605848,3.191314708363474,3.5230514794976466,3.0,3.0,3.0,1.0,1.0,1.0,0.18260177497630065,0.17000074527498626,0.1944480988877532
synthetic_overlap,1.5,immutable_top3_l1,metric_clbr,10,0.3923724382834895,0.33342076594788855,0.4580379540495443,1.7548679832723981,1.5607250833130912,1.9433352181853327,1.9825805545503687,1.872751698207194,2.0743746286393345,1.0,1.0,1.0,0.1517132913006912,0.14305445398849725,0.15979076341452428
synthetic_overlap,1.5,immutable_top3_l1,metric_leaf_projection,10,0.20348132460531382,0.1635008102297523,0.24121698220168572,0.5352102634039138,0.45914214679755777,0.6082199579346892,1.0196800862468027,1.0054054054054054,1.0363298694633027,1.0,1.0,1.0,0.04875953208550995,0.0477115958413897,0.0498301376133227
synthetic_overlap,1.5,immutable_top3_l1,native_exact_k_sparse,10,1.0,1.0,1.0,0.6238397834393702,0.5285562510043691,0.7356242988175004,1.1982483563656072,1.133682881244741,1.262136338938091,1.0,1.0,1.0,0.10712538444977934,0.10553639786611448,0.10852833051404627
synthetic_overlap,1.5,immutable_top3_l1,nn_positive_train,10,0.3523867211454813,0.29445838057445195,0.4147134696016772,3.8523451624708853,3.650457030175925,4.076751020866355,3.0,3.0,3.0,1.0,1.0,1.0,0.055900307978066985,0.05404315029333717,0.058554443435220004
synthetic_overlap,1.5,immutable_top3_l1,raw_leaf_projection,10,0.19342780843993784,0.16034655139833712,0.22477531179138324,0.5407286102011142,0.46686648697323324,0.5993460272187509,1.0496573208436535,1.0220675869475742,1.0813306451612903,1.0,1.0,1.0,0.051094158629603384,0.04958521573525962,0.052606480422484364
wine_binary,0.0,free_l2,clbr,10,1.0,1.0,1.0,0.8972541764357768,0.7962443162147732,1.0148367617307488,1.1584761904761904,1.0,1.3630380952380972,1.0,1.0,1.0,0.058845965276930534,0.05649486268935046,0.06129643186079642
wine_binary,0.0,free_l2,clbr_uncached,10,1.0,1.0,1.0,0.8972541764357768,0.7962443162147732,1.0148367617307488,1.1584761904761904,1.0,1.3630380952380972,1.0,1.0,1.0,0.06072036714539828,0.05731033039309433,0.06435498516534502
wine_binary,0.0,free_l2,exact_leaf,10,1.0,1.0,1.0,0.7911422610875751,0.7029433775757895,0.8872927675319415,1.106095238095238,1.0,1.2502857142857144,1.0,1.0,1.0,0.17678677909089352,0.15850092085927145,0.19426915231031056
wine_binary,0.0,free_l2,exact_leaf_cached,10,1.0,1.0,1.0,0.7911422610875751,0.7029433775757895,0.8872927675319415,1.106095238095238,1.0,1.2502857142857144,1.0,1.0,1.0,0.1225079150651166,0.11593326236950179,0.13027725561044956
wine_binary,0.0,free_l2,leaf_centroid,10,1.0,1.0,1.0,4.243587281040118,3.891305223888459,4.6707915091407175,12.97305194805195,12.93733766233766,13.0,0.0,0.0,0.0,0.09459911355884398,0.08852091309820989,0.10136451192851456
wine_binary,0.0,free_l2,metric_clbr,10,1.0,1.0,1.0,0.7911422610875751,0.7029433775757895,0.8872927675319415,1.106095238095238,1.0,1.2502857142857144,1.0,1.0,1.0,0.058947417772199785,0.05623437208488921,0.06209238844742061
wine_binary,0.0,free_l2,metric_leaf_projection,10,1.0,1.0,1.0,0.7911422610875751,0.7029433775757895,0.8872927675319415,1.106095238095238,1.0,1.2502857142857144,1.0,1.0,1.0,0.05923206240982322,0.05634211764407804,0.062296418671618184
wine_binary,0.0,free_l2,native_exact_k_sparse,10,1.0,1.0,1.0,0.7911422610875751,0.7029433775757895,0.8872927675319415,1.106095238095238,1.0,1.2502857142857144,1.0,1.0,1.0,0.11710441216384226,0.11182797058240389,0.12226080775050713
wine_binary,0.0,free_l2,nn_positive_train,10,1.0,1.0,1.0,4.582420547049663,4.010490250466262,5.220446605430438,12.844891707879324,12.810982874968168,12.879220268250842,0.0,0.0,0.0,0.05671455706067383,0.0550669344927565,0.058283197585336795
wine_binary,0.0,free_l2,raw_leaf_projection,10,1.0,1.0,1.0,0.8972541764357768,0.7962443162147732,1.0148367617307488,1.1584761904761904,1.0,1.3630380952380972,1.0,1.0,1.0,0.061112586576358895,0.058540099131549186,0.06401643636142071
wine_binary,0.0,immutable_l2,clbr,10,0.631406162464986,0.34255070028011203,0.9095238095238095,0.7272419493776003,0.5550683853299926,0.869869616798652,1.0,1.0,1.0,1.0,1.0,1.0,0.09232031550113874,0.06974898190930938,0.11816698873974403
wine_binary,0.0,immutable_l2,clbr_uncached,10,0.631406162464986,0.34255070028011203,0.9095238095238095,0.7272419493776003,0.5550683853299926,0.869869616798652,1.0,1.0,1.0,1.0,1.0,1.0,0.10484338800066154,0.0786516263486299,0.13261081303171865
wine_binary,0.0,immutable_l2,exact_leaf,10,0.631406162464986,0.34255070028011203,0.9095238095238095,0.7272419493776003,0.5550683853299926,0.869869616798652,1.0,1.0,1.0,1.0,1.0,1.0,0.16819531942056454,0.13894794054904278,0.1996359076991149
wine_binary,0.0,immutable_l2,exact_leaf_cached,10,0.631406162464986,0.34255070028011203,0.9095238095238095,0.7272419493776003,0.5550683853299926,0.869869616798652,1.0,1.0,1.0,1.0,1.0,1.0,0.11341853111586304,0.09466706571874837,0.1317533094854387
wine_binary,0.0,immutable_l2,leaf_centroid,10,0.6268607079195314,0.34032838044308633,0.9004555003819711,4.148039969141055,3.7909240660582424,4.574458457783142,11.989658489658488,11.974506974506973,12.0,0.0,0.0,0.0,0.10168297327332873,0.09328654317872279,0.11047458442087696
wine_binary,0.0,immutable_l2,metric_clbr,10,0.6215975500247947,0.33640924101698094,0.891847537292429,1.3705230139548465,0.947456741494324,1.7933428620637075,5.362650312650313,3.090117845117845,8.069701779701779,0.5989658489658489,0.35031565656565655,0.8082076719576721,0.18303763330663964,0.14833321336615318,0.21695379065664674
wine_binary,0.0,immutable_l2,metric_leaf_projection,10,0.43819609183386266,0.21180290297937354,0.6613526999316472,0.6525770512621899,0.47309390952367464,0.7933748422429768,1.0,1.0,1.0,1.0,1.0,1.0,0.06276899216948703,0.05878554063648165,0.06696882228753452
wine_binary,0.0,immutable_l2,native_exact_k_sparse,10,0.631406162464986,0.34255070028011203,0.9095238095238095,0.7272419493776003,0.5550683853299926,0.869869616798652,1.0,1.0,1.0,1.0,1.0,1.0,0.1056994527931681,0.08768608814708746,0.12359190937062685
wine_binary,0.0,immutable_l2,nn_positive_train,10,0.6215975500247947,0.33640924101698094,0.891847537292429,4.3585184482899395,3.8544782472660604,4.869321303565984,11.862602212602212,11.812862554112554,11.92053872053872,0.0,0.0,0.0,0.06261402217955145,0.057456434776127906,0.06838160826304941
wine_binary,0.0,immutable_l2,raw_leaf_projection,10,0.631406162464986,0.34255070028011203,0.9095238095238095,0.7272419493776003,0.5550683853299926,0.869869616798652,1.0,1.0,1.0,1.0,1.0,1.0,0.06285742876707194,0.058380585587009926,0.0675586115715461
wine_binary,0.0,immutable_top3_l1,clbr,10,0.20743381180223283,0.06098409090909091,0.4106415869218503,0.9401946918930553,0.8494305449205681,1.0409080612472947,1.0,1.0,1.0,1.0,1.0,1.0,0.1301829880196842,0.11613587030309973,0.14231492856151798
wine_binary,0.0,immutable_top3_l1,clbr_uncached,10,0.20743381180223283,0.06098409090909091,0.4106415869218503,0.9401946918930553,0.8494305449205681,1.0409080612472947,1.0,1.0,1.0,1.0,1.0,1.0,0.14363431216705816,0.12751400059264142,0.15772494967944722
wine_binary,0.0,immutable_top3_l1,exact_leaf,10,0.20743381180223283,0.06098409090909091,0.4106415869218503,0.9401946918930553,0.8494305449205681,1.0409080612472947,1.0,1.0,1.0,1.0,1.0,1.0,0.15526992443551343,0.12785287431170628,0.19037571729813582
wine_binary,0.0,immutable_top3_l1,exact_leaf_cached,10,0.20743381180223283,0.06098409090909091,0.4106415869218503,0.9401946918930553,0.8494305449205681,1.0409080612472947,1.0,1.0,1.0,1.0,1.0,1.0,0.0917778237238179,0.08050338514257685,0.10638445368879426
wine_binary,0.0,immutable_top3_l1,leaf_centroid,10,0.20743381180223283,0.06098409090909091,0.4106415869218503,4.176746070585832,3.4506782689518922,5.016894692707332,3.0,3.0,3.0,1.0,1.0,1.0,0.10903299714518326,0.09973023067676468,0.11931403374645438
wine_binary,0.0,immutable_top3_l1,metric_clbr,10,0.20743381180223283,0.06098409090909091,0.4106415869218503,1.2446620515407336,1.0911980642866626,1.4445564571621015,1.6865079365079365,1.26984126984127,2.242063492063492,1.0,1.0,1.0,0.16036146253278777,0.1420698023191026,0.18416361546355625
wine_binary,0.0,immutable_top3_l1,metric_leaf_projection,10,0.14900205058099794,0.04,0.2899367737525634,0.8596915088514123,0.6728147580057777,1.0414397348495128,1.0,1.0,1.0,1.0,1.0,1.0,0.06305400715715384,0.06035703673710861,0.06605540735164238
wine_binary,0.0,immutable_top3_l1,native_exact_k_sparse,10,0.631406162464986,0.34255070028011203,0.9095238095238095,0.7272419493776003,0.5550683853299926,0.869869616798652,1.0,1.0,1.0,1.0,1.0,1.0,0.11986226598245726,0.0988319643043518,0.14036233825290498
wine_binary,0.0,immutable_top3_l1,nn_positive_train,10,0.20743381180223283,0.06098409090909091,0.4106415869218503,4.519134348945421,3.522652395766477,5.6462911131909665,3.0,3.0,3.0,1.0,1.0,1.0,0.06504594745737055,0.06081009501005896,0.06963683233651172
wine_binary,0.0,immutable_top3_l1,raw_leaf_projection,10,0.20743381180223283,0.06098409090909091,0.4106415869218503,0.9401946918930553,0.8494305449205681,1.0409080612472947,1.0,1.0,1.0,1.0,1.0,1.0,0.06670388940979075,0.06334061715068721,0.06993574457555865
wine_binary,0.5,free_l2,clbr,10,1.0,1.0,1.0,0.9327434180055022,0.7930950351981546,1.107124161122927,1.1684761904761904,1.0,1.384952380952381,1.0,1.0,1.0,0.06619270130394843,0.06223161949346891,0.06979075945961376
wine_binary,0.5,free_l2,clbr_uncached,10,1.0,1.0,1.0,0.9327434180055022,0.7930950351981546,1.107124161122927,1.1684761904761904,1.0,1.384952380952381,1.0,1.0,1.0,0.07160771199684127,0.06802942062862402,0.07518519854085394
wine_binary,0.5,free_l2,exact_leaf,10,1.0,1.0,1.0,0.8129661177712524,0.7089251445261538,0.929006231689935,1.1206406926406927,1.009090909090909,1.2719999999999998,1.0,1.0,1.0,0.20439196853786462,0.1826053285868588,0.22763580003273484
wine_binary,0.5,free_l2,exact_leaf_cached,10,1.0,1.0,1.0,0.8129661177712524,0.7089251445261538,0.929006231689935,1.1206406926406927,1.009090909090909,1.2719999999999998,1.0,1.0,1.0,0.14263509886099493,0.136860826000419,0.14826971053534227
wine_binary,0.5,free_l2,leaf_centroid,10,1.0,1.0,1.0,4.446368939457692,4.098230065200569,4.856215937470662,12.97305194805195,12.93733766233766,13.0,0.0,0.0,0.0,0.11325990524159069,0.1037248131051322,0.12184478886012114
wine_binary,0.5,free_l2,metric_clbr,10,1.0,1.0,1.0,0.8129661177712524,0.7089251445261538,0.929006231689935,1.1206406926406927,1.009090909090909,1.2719999999999998,1.0,1.0,1.0,0.06654882184458426,0.06300499793643508,0.07062937166575955
wine_binary,0.5,free_l2,metric_leaf_projection,10,1.0,1.0,1.0,0.8129661177712524,0.7089251445261538,0.929006231689935,1.1206406926406927,1.009090909090909,1.2719999999999998,1.0,1.0,1.0,0.06930649460212983,0.06506186107656257,0.07364323385853117
wine_binary,0.5,free_l2,native_exact_k_sparse,10,1.0,1.0,1.0,0.8129661177712524,0.7089251445261538,0.929006231689935,1.1206406926406927,1.009090909090909,1.2719999999999998,1.0,1.0,1.0,0.1430023245434544,0.1364388023520475,0.15026480016617383
wine_binary,0.5,free_l2,nn_positive_train,10,1.0,1.0,1.0,4.804271802307367,4.22360085834666,5.414065385528519,12.856010480747324,12.817878246753247,12.890691387559807,0.0,0.0,0.0,0.06674060770050137,0.06433549886366738,0.06938391317334235
wine_binary,0.5,free_l2,raw_leaf_projection,10,1.0,1.0,1.0,0.9327434180055022,0.7930950351981546,1.107124161122927,1.1684761904761904,1.0,1.384952380952381,1.0,1.0,1.0,0.0720723219406177,0.06669486885876703,0.07804116762829764
wine_binary,0.5,immutable_l2,clbr,10,0.6455238095238095,0.3635666666666667,0.916,0.7938091742619987,0.6145406788078945,1.0066744576439215,1.0,1.0,1.0,1.0,1.0,1.0,0.09981977168998188,0.07579755158478302,0.12496855964355172
wine_binary,0.5,immutable_l2,clbr_uncached,10,0.6455238095238095,0.3635666666666667,0.916,0.7938091742619987,0.6145406788078945,1.0066744576439215,1.0,1.0,1.0,1.0,1.0,1.0,0.10412819612304328,0.08088107392596508,0.12959303652344742
wine_binary,0.5,immutable_l2,exact_leaf,10,0.6455238095238095,0.3635666666666667,0.916,0.7938091742619987,0.6145406788078945,1.0066744576439215,1.0,1.0,1.0,1.0,1.0,1.0,0.17642875920479634,0.1483707975997448,0.20479269345123638
wine_binary,0.5,immutable_l2,exact_leaf_cached,10,0.6455238095238095,0.3635666666666667,0.916,0.7938091742619987,0.6145406788078945,1.0066744576439215,1.0,1.0,1.0,1.0,1.0,1.0,0.12523256047566306,0.10280389794416545,0.14639393274738322
wine_binary,0.5,immutable_l2,leaf_centroid,10,0.640978354978355,0.36097835497835506,0.9063636363636365,4.3920280943280625,4.034639438104503,4.82382652854307,11.989658489658488,11.974506974506973,12.0,0.0,0.0,0.0,0.11793907083032443,0.11022609892846233,0.12678507271835696
wine_binary,0.5,immutable_l2,metric_clbr,10,0.6357151970836181,0.35808095238095244,0.8971047846889952,1.4936905881301572,1.0427796917276837,1.9529938929140256,5.542303992303992,3.2600589225589225,8.167757335257335,0.5830928330928331,0.341029341029341,0.7923346560846561,0.20654809872848814,0.16941436309349855,0.24528585694494542
wine_binary,0.5,immutable_l2,metric_leaf_projection,10,0.43867737525632255,0.21997727272727277,0.6496854921394396,0.7404032737733898,0.5473674688455088,0.9824742321493546,1.0,1.0,1.0,1.0,1.0,1.0,0.07115306452566332,0.06755952593004168,0.07598222327454836
wine_binary,0.5,immutable_l2,native_exact_k_sparse,10,0.6455238095238095,0.3635666666666667,0.916,0.7938091742619987,0.6145406788078945,1.0066744576439215,1.0,1.0,1.0,1.0,1.0,1.0,0.11942537697078767,0.09799904354098714,0.14076177682444654
wine_binary,0.5,immutable_l2,nn_positive_train,10,0.6357151970836181,0.35808095238095244,0.8971047846889952,4.5432411247915985,4.0243319837135925,5.075201799301007,11.878876062209395,11.826314333814334,11.932627865961198,0.0,0.0,0.0,0.0676515073495846,0.06384907832202771,0.07154242413424339
wine_binary,0.5,immutable_l2,raw_leaf_projection,10,0.6455238095238095,0.3635666666666667,0.916,0.7938091742619987,0.6145406788078945,1.0066744576439215,1.0,1.0,1.0,1.0,1.0,1.0,0.07266156088243,0.06950685262779842,0.07727041933632653
wine_binary,0.5,immutable_top3_l1,clbr,10,0.19223900660742765,0.047047619047619046,0.4001446172248805,1.0932053859170499,0.8716498386646235,1.3400749946700146,1.0,1.0,1.0,1.0,1.0,1.0,0.13883880815197974,0.11812896577426148,0.15776175573476084
wine_binary,0.5,immutable_top3_l1,clbr_uncached,10,0.19223900660742765,0.047047619047619046,0.4001446172248805,1.0932053859170499,0.8716498386646235,1.3400749946700146,1.0,1.0,1.0,1.0,1.0,1.0,0.15126253532681172,0.1300894501031315,0.16742195134583635
wine_binary,0.5,immutable_top3_l1,exact_leaf,10,0.19223900660742765,0.047047619047619046,0.4001446172248805,1.0932053859170499,0.8716498386646235,1.3400749946700146,1.0,1.0,1.0,1.0,1.0,1.0,0.16251205828720655,0.13871948914016413,0.1877628647935642
wine_binary,0.5,immutable_top3_l1,exact_leaf_cached,10,0.19223900660742765,0.047047619047619046,0.4001446172248805,1.0932053859170499,0.8716498386646235,1.3400749946700146,1.0,1.0,1.0,1.0,1.0,1.0,0.09012887466011012,0.07928196098706242,0.10372428116937545
wine_binary,0.5,immutable_top3_l1,leaf_centroid,10,0.19223900660742765,0.047047619047619046,0.4001446172248805,4.476360443052647,3.883910432650588,5.156322527639554,3.0,3.0,3.0,1.0,1.0,1.0,0.11705057171520483,0.11022288123692854,0.12495965125080284
wine_binary,0.5,immutable_top3_l1,metric_clbr,10,0.19223900660742765,0.047047619047619046,0.4001446172248805,1.460365222052025,1.2208806966721106,1.74274551143997,1.7722222222222221,1.3333333333333333,2.327777777777778,1.0,1.0,1.0,0.17083839458944183,0.1510948074231545,0.19230817148560786
wine_binary,0.5,immutable_top3_l1,metric_leaf_projection,10,0.12471633629528367,0.02996428571428573,0.2640191387559808,1.0472945615016762,0.7160991875443605,1.3784899354589917,1.0,1.0,1.0,1.0,1.0,1.0,0.07094772148273587,0.06674212327116397,0.07507141128891297
wine_binary,0.5,immutable_top3_l1,native_exact_k_sparse,10,0.6455238095238095,0.3635666666666667,0.916,0.7938091742619987,0.6145406788078945,1.0066744576439215,1.0,1.0,1.0,1.0,1.0,1.0,0.11908969505991027,0.099715151822596,0.13725745817611668
wine_binary,0.5,immutable_top3_l1,nn_positive_train,10,0.19223900660742765,0.047047619047619046,0.4001446172248805,4.862758661296454,4.033588947215639,5.787478375320558,3.0,3.0,3.0,1.0,1.0,1.0,0.06679268227834931,0.062331149869696706,0.07257320711313078
wine_binary,0.5,immutable_top3_l1,raw_leaf_projection,10,0.19223900660742765,0.047047619047619046,0.4001446172248805,1.0932053859170499,0.8716498386646235,1.3400749946700146,1.0,1.0,1.0,1.0,1.0,1.0,0.066583669580082,0.06330807748614076,0.07023305707432324
wine_binary,1.0,free_l2,clbr,10,1.0,1.0,1.0,0.9584492966833318,0.7900393798895626,1.1845177388917627,1.1815531135531134,1.0,1.3855824175824174,1.0,1.0,1.0,0.06959560314519957,0.06377595324462472,0.07594332994180807
wine_binary,1.0,free_l2,clbr_uncached,10,1.0,1.0,1.0,0.9584492966833318,0.7900393798895626,1.1845177388917627,1.1815531135531134,1.0,1.3855824175824174,1.0,1.0,1.0,0.0707537227510554,0.06732512549127362,0.0743242499374791
wine_binary,1.0,free_l2,exact_leaf,10,1.0,1.0,1.0,0.8188633136686331,0.7075662907090098,0.9477777146148276,1.1375054945054945,1.0166666666666666,1.2818388278388277,1.0,1.0,1.0,0.21427434753780425,0.1938759835958041,0.23600986920685504
wine_binary,1.0,free_l2,exact_leaf_cached,10,1.0,1.0,1.0,0.8188633136686331,0.7075662907090098,0.9477777146148276,1.1375054945054945,1.0166666666666666,1.2818388278388277,1.0,1.0,1.0,0.1401212402426877,0.13413056612440366,0.1464929363535789
wine_binary,1.0,free_l2,leaf_centroid,10,1.0,1.0,1.0,4.7902919265880515,4.439142096258963,5.179260305991314,12.973430735930737,12.937337662337663,13.0,0.0,0.0,0.0,0.11395580687561627,0.10711268768107689,0.12053293512636133
wine_binary,1.0,free_l2,metric_clbr,10,1.0,1.0,1.0,0.8188633136686331,0.7075662907090098,0.9477777146148276,1.1375054945054945,1.0166666666666666,1.2818388278388277,1.0,1.0,1.0,0.0676603547665966,0.06412274404526512,0.07161235447093794
wine_binary,1.0,free_l2,metric_leaf_projection,10,1.0,1.0,1.0,0.8188633136686331,0.7075662907090098,0.9477777146148276,1.1375054945054945,1.0166666666666666,1.2818388278388277,1.0,1.0,1.0,0.0699968723731165,0.06553671424838903,0.0750153595406795
wine_binary,1.0,free_l2,native_exact_k_sparse,10,1.0,1.0,1.0,0.8188633136686331,0.7075662907090098,0.9477777146148276,1.1375054945054945,1.0166666666666666,1.2818388278388277,1.0,1.0,1.0,0.1367486351197238,0.13040694426579788,0.1433279489394545
wine_binary,1.0,free_l2,nn_positive_train,10,1.0,1.0,1.0,5.164966352232552,4.592188842453444,5.745920175616114,12.849448709185548,12.810160293653713,12.887256979862242,0.0,0.0,0.0,0.06452167227726376,0.0606527070666244,0.06843365423786917
wine_binary,1.0,free_l2,raw_leaf_projection,10,1.0,1.0,1.0,0.9584492966833318,0.7900393798895626,1.1845177388917627,1.1815531135531134,1.0,1.3855824175824174,1.0,1.0,1.0,0.07224594433548737,0.06904362203775637,0.07689536632640837
wine_binary,1.0,immutable_l2,clbr,10,0.663985347985348,0.379985347985348,0.916,0.8448885515360041,0.6586503053042773,1.1031159615823498,1.0,1.0,1.0,1.0,1.0,1.0,0.09244208018662547,0.07603509914266608,0.11205080898449653
wine_binary,1.0,immutable_l2,clbr_uncached,10,0.663985347985348,0.379985347985348,0.916,0.8448885515360041,0.6586503053042773,1.1031159615823498,1.0,1.0,1.0,1.0,1.0,1.0,0.10801885628000144,0.08627516381470547,0.1332085792057001
wine_binary,1.0,immutable_l2,exact_leaf,10,0.663985347985348,0.379985347985348,0.916,0.8448885515360041,0.6586503053042773,1.1031159615823498,1.0,1.0,1.0,1.0,1.0,1.0,0.17919294532675636,0.15058559863689805,0.20750282022782288
wine_binary,1.0,immutable_l2,exact_leaf_cached,10,0.663985347985348,0.379985347985348,0.916,0.8448885515360041,0.6586503053042773,1.1031159615823498,1.0,1.0,1.0,1.0,1.0,1.0,0.12462219519303272,0.10075170449304048,0.14636467420586285
wine_binary,1.0,immutable_l2,leaf_centroid,10,0.651485347985348,0.37350915750915753,0.8970982142857145,4.773863615297539,4.398150864453183,5.217243557593824,11.989658489658488,11.974506974506973,12.0,0.0,0.0,0.0,0.11224157995221125,0.10512265330002843,0.11942471983268063
wine_binary,1.0,immutable_l2,metric_clbr,10,0.6503888567572778,0.37290677655677656,0.8947421052631579,1.6793395429671218,1.1490353001830318,2.2240819496253605,5.963179413179413,3.480114838864839,8.613649591149592,0.5448532948532948,0.30311868686868687,0.7731361231361231,0.21975883030578017,0.16344747956700745,0.28503723987862445
wine_binary,1.0,immutable_l2,metric_leaf_projection,10,0.4234267925057399,0.21178773857721228,0.631399465665913,0.8201787984166146,0.6121071070633244,1.1483445426572112,1.0,1.0,1.0,1.0,1.0,1.0,0.06784763592137959,0.06169154665288854,0.07653428024363701
wine_binary,1.0,immutable_l2,native_exact_k_sparse,10,0.663985347985348,0.379985347985348,0.916,0.8448885515360041,0.6586503053042773,1.1031159615823498,1.0,1.0,1.0,1.0,1.0,1.0,0.12451310800100535,0.099502947438087,0.14730157891029766
wine_binary,1.0,immutable_l2,nn_positive_train,10,0.6503888567572778,0.37290677655677656,0.8947421052631579,4.952057473086876,4.4097577181870955,5.481546105903185,11.857375340708673,11.811913780663781,11.907602613435946,0.0,0.0,0.0,0.06750555303842361,0.0626364293412052,0.07223900581151192
wine_binary,1.0,immutable_l2,raw_leaf_projection,10,0.663985347985348,0.379985347985348,0.916,0.8448885515360041,0.6586503053042773,1.1031159615823498,1.0,1.0,1.0,1.0,1.0,1.0,0.07178614164862787,0.06597122868775858,0.07751582210021207
wine_binary,1.0,immutable_top3_l1,clbr,10,0.18559398496240603,0.031,0.4080170426065164,1.2352481423454638,0.89517737006917,1.6356669579809286,1.0,1.0,1.0,1.0,1.0,1.0,0.13509149605493836,0.11482499403981956,0.15372700751047183
wine_binary,1.0,immutable_top3_l1,clbr_uncached,10,0.18559398496240603,0.031,0.4080170426065164,1.2352481423454638,0.89517737006917,1.6356669579809286,1.0,1.0,1.0,1.0,1.0,1.0,0.1456603401480824,0.1271329079669808,0.1607684836827144
wine_binary,1.0,immutable_top3_l1,exact_leaf,10,0.18559398496240603,0.031,0.4080170426065164,1.2352481423454638,0.89517737006917,1.6356669579809286,1.0,1.0,1.0,1.0,1.0,1.0,0.15255344033876003,0.12861183638756743,0.1811463056758701
wine_binary,1.0,immutable_top3_l1,exact_leaf_cached,10,0.18559398496240603,0.031,0.4080170426065164,1.2352481423454638,0.89517737006917,1.6356669579809286,1.0,1.0,1.0,1.0,1.0,1.0,0.0934721618187915,0.07899968539142928,0.11161893568892903
wine_binary,1.0,immutable_top3_l1,leaf_centroid,10,0.18559398496240603,0.031,0.4080170426065164,4.736275435031636,4.053084846978112,5.594713971952685,3.0,3.0,3.0,1.0,1.0,1.0,0.1025130947866911,0.09341196925676787,0.11330795986841351
wine_binary,1.0,immutable_top3_l1,metric_clbr,10,0.18559398496240603,0.031,0.4080170426065164,1.8229180609272433,1.383658092931818,2.540228599937379,2.015873015873016,1.5158730158730158,2.5,1.0,1.0,1.0,0.17525390480619885,0.14582087666670548,0.21354536699679474
wine_binary,1.0,immutable_top3_l1,metric_leaf_projection,10,0.09458646616541354,0.014523809523809522,0.23067011278195493,1.2140755541376156,0.5864655203014759,1.750450484346132,1.0,1.0,1.0,1.0,1.0,1.0,0.0610826946547797,0.05734893665564228,0.06498979941070429
wine_binary,1.0,immutable_top3_l1,native_exact_k_sparse,10,0.663985347985348,0.379985347985348,0.916,0.8448885515360041,0.6586503053042773,1.1031159615823498,1.0,1.0,1.0,1.0,1.0,1.0,0.11958290776615696,0.10107573186655237,0.13695652961186106
wine_binary,1.0,immutable_top3_l1,nn_positive_train,10,0.18559398496240603,0.031,0.4080170426065164,5.314928242635151,4.5444104688179765,6.348839228899745,3.0,3.0,3.0,1.0,1.0,1.0,0.06265509953888407,0.057902924095986276,0.06728844330980757
wine_binary,1.0,immutable_top3_l1,raw_leaf_projection,10,0.18559398496240603,0.031,0.4080170426065164,1.2352481423454638,0.89517737006917,1.6356669579809286,1.0,1.0,1.0,1.0,1.0,1.0,0.06541473923878419,0.060318379086016435,0.07090655802186037
wine_binary,1.5,free_l2,clbr,10,1.0,1.0,1.0,1.0092500001967855,0.7985467560075432,1.3154960886585916,1.1878879551820727,1.0,1.3982521008403361,1.0,1.0,1.0,0.06657333814644498,0.06553037214040201,0.06753683285032437
wine_binary,1.5,free_l2,clbr_uncached,10,1.0,1.0,1.0,1.0092500001967855,0.7985467560075432,1.3154960886585916,1.1878879551820727,1.0,1.3982521008403361,1.0,1.0,1.0,0.07353271476053228,0.06824246247354011,0.07980662539689042
wine_binary,1.5,free_l2,exact_leaf,10,1.0,1.0,1.0,0.8327215621049449,0.7145410921930275,0.971412950710462,1.152173669467787,1.0294117647058822,1.3009187675070026,1.0,1.0,1.0,0.21894052362905744,0.20034034491726527,0.2433214644766176
wine_binary,1.5,free_l2,exact_leaf_cached,10,1.0,1.0,1.0,0.8327215621049449,0.7145410921930275,0.971412950710462,1.152173669467787,1.0294117647058822,1.3009187675070026,1.0,1.0,1.0,0.14562569711184511,0.14025422943316773,0.1499532100439382
wine_binary,1.5,free_l2,leaf_centroid,10,1.0,1.0,1.0,5.2692298482178375,4.9213444102193185,5.625773658794457,12.970489559460148,12.933170995670995,12.995833333333334,0.0,0.0,0.0,0.11320453524790897,0.10745070174534677,0.11937946134788273
wine_binary,1.5,free_l2,metric_clbr,10,1.0,1.0,1.0,0.8327215621049449,0.7145410921930275,0.971412950710462,1.152173669467787,1.0294117647058822,1.3009187675070026,1.0,1.0,1.0,0.06848792386553412,0.06373472193955458,0.07399799253616994
wine_binary,1.5,free_l2,metric_leaf_projection,10,1.0,1.0,1.0,0.8327215621049449,0.7145410921930275,0.971412950710462,1.152173669467787,1.0294117647058822,1.3009187675070026,1.0,1.0,1.0,0.07053039966191817,0.06715850443713499,0.07389097177216256
wine_binary,1.5,free_l2,native_exact_k_sparse,10,1.0,1.0,1.0,0.8327215621049449,0.7145410921930275,0.971412950710462,1.152173669467787,1.0294117647058822,1.3009187675070026,1.0,1.0,1.0,0.14063764474338333,0.13509542400215857,0.14598905867437464
wine_binary,1.5,free_l2,nn_positive_train,10,1.0,1.0,1.0,5.6178354266640635,5.058246400414564,6.1770842926496785,12.840172691086002,12.789131270690094,12.885828463203465,0.0,0.0,0.0,0.06975640626744704,0.06464213046749917,0.07810004034311943
wine_binary,1.5,free_l2,raw_leaf_projection,10,1.0,1.0,1.0,1.0092500001967855,0.7985467560075432,1.3154960886585916,1.1878879551820727,1.0,1.3982521008403361,1.0,1.0,1.0,0.07396801218701425,0.07139796055820286,0.0761454570750966
wine_binary,1.5,immutable_l2,clbr,10,0.6784649859943978,0.39743641456582635,0.916,0.9104651022544162,0.6918312619729031,1.2550697012561813,1.0,1.0,1.0,1.0,1.0,1.0,0.09512506055357903,0.07459706288156573,0.11863311271854597
wine_binary,1.5,immutable_l2,clbr_uncached,10,0.6784649859943978,0.39743641456582635,0.916,0.9104651022544162,0.6918312619729031,1.2550697012561813,1.0,1.0,1.0,1.0,1.0,1.0,0.09892123325116821,0.07802960060623511,0.1235495351027528
wine_binary,1.5,immutable_l2,exact_leaf,10,0.6784649859943978,0.39743641456582635,0.916,0.9104651022544162,0.6918312619729031,1.2550697012561813,1.0,1.0,1.0,1.0,1.0,1.0,0.18856666277727843,0.15976961828241343,0.21444195555720139
wine_binary,1.5,immutable_l2,exact_leaf_cached,10,0.6784649859943978,0.39743641456582635,0.916,0.9104651022544162,0.6918312619729031,1.2550697012561813,1.0,1.0,1.0,1.0,1.0,1.0,0.13141869420550506,0.10601561066836267,0.15502513914052038
wine_binary,1.5,immutable_l2,leaf_centroid,10,0.6659649859943977,0.3914887955182073,0.9035,5.266684752174974,4.866691420390406,5.718285899898817,11.983485650152318,11.966971300304634,12.0,0.0,0.0,0.0,0.11211794076203366,0.10407917691360025,0.11900061687389574
wine_binary,1.5,immutable_l2,metric_clbr,10,0.6648684947663275,0.3903625423853752,0.8953703191803039,1.8899395174073643,1.2538509259091308,2.570827737681824,6.18035113035113,3.5784908609908608,8.990552549302551,0.5246512746512746,0.26513888888888887,0.7645526695526697,0.220891973426021,0.16545329357170405,0.2910265180915332
wine_binary,1.5,immutable_l2,metric_leaf_projection,10,0.421239763848123,0.20155053157626687,0.6382985873775346,0.9015588337719114,0.6525849435251956,1.3402737307006138,1.0,1.0,1.0,1.0,1.0,1.0,0.06716108104803784,0.06226179798523929,0.07271999282165026
wine_binary,1.5,immutable_l2,native_exact_k_sparse,10,0.6784649859943978,0.39743641456582635,0.916,0.9104651022544162,0.6918312619729031,1.2550697012561813,1.0,1.0,1.0,1.0,1.0,1.0,0.12042872923534079,0.09997804780800913,0.1391304549601352
wine_binary,1.5,immutable_l2,nn_positive_train,10,0.6648684947663275,0.3903625423853752,0.8953703191803039,5.420727115011782,4.896207001252571,5.955513751871757,11.861079044412376,11.815958994708994,11.909732243065575,0.0,0.0,0.0,0.065500048394098,0.061781856686903565,0.06935591219033166
wine_binary,1.5,immutable_l2,raw_leaf_projection,10,0.6784649859943978,0.39743641456582635,0.916,0.9104651022544162,0.6918312619729031,1.2550697012561813,1.0,1.0,1.0,1.0,1.0,1.0,0.07169809583367057,0.06699628177020488,0.07823475228047477
wine_binary,1.5,immutable_top3_l1,clbr,10,0.1632469408816158,0.018579481792717092,0.36645062656641614,1.1702778862846486,0.6904343165927601,1.811495781761337,1.0,1.0,1.0,1.0,1.0,1.0,0.14167520204477269,0.12237441231105152,0.15874251390980695
wine_binary,1.5,immutable_top3_l1,clbr_uncached,10,0.1632469408816158,0.018579481792717092,0.36645062656641614,1.1702778862846486,0.6904343165927601,1.811495781761337,1.0,1.0,1.0,1.0,1.0,1.0,0.1571504277744477,0.1340075147208219,0.17815186833984684
wine_binary,1.5,immutable_top3_l1,exact_leaf,10,0.1632469408816158,0.018579481792717092,0.36645062656641614,1.1702778862846486,0.6904343165927601,1.811495781761337,1.0,1.0,1.0,1.0,1.0,1.0,0.16263346098331904,0.13949057921328537,0.1849709350522738
wine_binary,1.5,immutable_top3_l1,exact_leaf_cached,10,0.1632469408816158,0.018579481792717092,0.36645062656641614,1.1702778862846486,0.6904343165927601,1.811495781761337,1.0,1.0,1.0,1.0,1.0,1.0,0.09065255571110145,0.08163736528578833,0.10095794331799424
wine_binary,1.5,immutable_top3_l1,leaf_centroid,10,0.1632469408816158,0.018579481792717092,0.36645062656641614,4.504968293988135,3.634415064349658,5.260686084448104,3.0,3.0,3.0,1.0,1.0,1.0,0.11583450186620459,0.1115282447929422,0.1207562477604935
wine_binary,1.5,immutable_top3_l1,metric_clbr,10,0.1632469408816158,0.018579481792717092,0.36645062656641614,2.027509922067744,1.097029390247154,3.271006793876266,2.4345238095238098,1.767857142857143,2.9761904761904763,1.0,1.0,1.0,0.19069281088478687,0.1589147932948633,0.23544524310600604
wine_binary,1.5,immutable_top3_l1,metric_leaf_projection,10,0.059739422084623316,0.0,0.1679437564499484,1.1347284469008125,0.4421423738574756,2.183763520171096,1.0,1.0,1.0,1.0,1.0,1.0,0.06880402326815652,0.06362308755282332,0.07418605581015203
wine_binary,1.5,immutable_top3_l1,native_exact_k_sparse,10,0.6784649859943978,0.39743641456582635,0.916,0.9104651022544162,0.6918312619729031,1.2550697012561813,1.0,1.0,1.0,1.0,1.0,1.0,0.1264206411218681,0.10936276668347959,0.14269602352136032
wine_binary,1.5,immutable_top3_l1,nn_positive_train,10,0.1632469408816158,0.018579481792717092,0.36645062656641614,5.067456216428535,4.587761960914316,5.549311697855228,3.0,3.0,3.0,1.0,1.0,1.0,0.06506703212273393,0.06096036505345007,0.0695335087493504
wine_binary,1.5,immutable_top3_l1,raw_leaf_projection,10,0.1632469408816158,0.018579481792717092,0.36645062656641614,1.1702778862846486,0.6904343165927601,1.811495781761337,1.0,1.0,1.0,1.0,1.0,1.0,0.07110895023381267,0.06694610973748885,0.07536768126944404
